# file written from a CGAL tool in Wavefront obj format
# 2020 vertices
# 12120 halfedges
# 4040 facets


# 2020 vertices
# ------------------------------------------

v 4880.4947532405458 1633.6105030834599 848.01656844167951
vn 0.12312259953080722 0.81265529028778671 -0.56958950539142639
v 4738.6763589294733 1444.5552021460821 1013.7315630285489
vn 0 0 0
v 4884.3818304724209 1629.8442371629208 848.99616422231884
vn 0.96688803002167323 0.20634099469566128 -0.15016967506395221
v 4856.676948439479 1618.053472735935 765.46889136539744
vn 0.74008059083800604 0.074120391096817798 -0.66842118958671759
v 4951.3999999999996 1859.3 1322.0999999999999
vn -0.15078682482802228 0.98507095518618648 0.083057490371775539
v 4881.6288106175762 1615.1656926578908 848.27641096176922
vn 0.50389951450749848 -0.71760070532355291 -0.48076450263954251
v 4829 1788.5999999999999 1099.4000000000001
vn 0.78021182826554092 0.5256772845547667 0.33901754458680883
v 4953.5 1814.9000000000001 1343
vn -0.0055809839970857771 -0.020893342092454342 0.99976613309005025
v 4852.6358845434252 1616.9184519572864 848.76377763685582
vn 0.21642136277932378 -0.9199865372144026 -0.32678213702250147
v 4839.1858411570665 1791.8077645267699 1085.5
vn 0.92726872292415263 0.12183092709960788 0.3540196896906459
v 4842.7195584370347 1609.2593292684708 849.32726929789078
vn 0.45796721562091003 -0.81144364433997862 -0.36307745933434793
v 4839.1999999999998 1791.7 1085.5
vn 0.48943163443686699 -0.86052525483547593 0.14125495036562816
v 4830.2782540825192 1598.7006182901996 848.20676637370707
vn 0.46648112309107587 -0.88232329587206648 -0.062457692569789142
v 4823 1594.7 848.94000000000005
vn 0.2891670445229419 -0.94722418038644718 -0.13837908965262871
v 4811 1594.7 848.94000000000005
vn -0.1641297270292881 -0.97910708287726822 -0.12004479565919428
v 4824.8999999999996 1725.9000000000001 1224.7
vn 0.94792920443918705 -0.28194520505634485 -0.14811186555109532
v 4945.1177018633553 1846.3577639751584 1335.9352484472015
vn 0.30072623803607607 0.62453501182477045 0.7207771838520578
v 4796.6291146463909 1606.0675781729697 849.19594003897009
vn -0.71956270426706459 -0.64532595342592525 -0.25648377816694246
v 4948.8999999999996 1858.7 1322.0999999999999
vn 0.9587010457369175 0.28438724564944462 0.0040248496696356243
v 4789.3641078565606 1628.2421838628898 848.78535443760779
vn -0.89059586063688012 0.18196879646155165 -0.41680495454203642
v 4837.3999999999996 1805.4000000000001 1085.5
vn 0.60647464678800644 0.52485686696663381 0.59725519838786845
v 4792.9385862977451 1641.0205010327286 848.51906823740012
vn -0.71078730468993201 0.58892724030881427 -0.38463763871189971
v 4839.1858411570665 1791.8077645267699 1085.5
vn -0.84794932262939593 0.52883351197858763 0.036291360690135582
v 4945.1177018633553 1846.3577639751584 1335.9352484472015
vn 0.76509248723470902 0.35652848810820464 0.53620977531585956
v 4951.2236983270323 1851.2018441113246 1335.994291040372
vn -0.2768447414667074 0.56730825727556777 0.77557612801657971
v 4802.6937025094094 1646.7043573262188 848.57383070764604
vn -0.39338630410763986 0.81094292912631438 -0.43314983717019329
v 4817.6999999999998 1648 848.94000000000005
vn 0.0060594461184074059 0.94480524436931457 -0.32757645416753911
v 4825.6999999999998 1645.3 848.94000000000005
vn 0.36707018398291158 0.81582076297673167 -0.44687354220944309
v 4829.6999999999998 1642.7 848.94000000000005
vn 0.38545075085425601 0.85917904924246657 -0.33651014844830673
v 4841.6999999999998 1638.7 848.94000000000005
vn 0.24167059291897933 0.93131959141640386 -0.27246860949873075
v 4847 1638.7 848.94000000000005
vn 0.16960064095666955 0.94636430637037849 -0.27500949477281567
v 4865.6999999999998 1633.3 848.94000000000005
vn 0.15153899424898504 0.98688102697267233 -0.055693552798953737
v 4945.0969357495887 1846.3049423393741 1336
vn -0.77893365388585445 0.32544007937452829 0.53605141318788896
v 4839.1853523917343 1791.8222898386639 1085.4822954995752
vn -0.88940909873960794 0.3410503158655917 0.30436185228635115
v 4801.4702430308389 1597.7792363804604 849.03977268242772
vn -0.58960740980610826 -0.79158385988108448 -0.16049328670538013
v 4827.6999999999998 1809.3 1071.5999999999999
vn -0.14059404285888785 0.65405323460045151 0.74326824324820984
v 4803.7622527447375 1615.909414024643 835.22101483981078
vn -0.97806423162733791 -0.010773320367464522 -0.20802474463266396
v 4759.6000000000004 1452.5999999999999 1002
vn 0 1 0
v 4804.1647923532355 1626.9099157534874 834.8545843458005
vn -0.72951828794981199 0.31875977855816645 -0.60514070357258565
v 4741.8000000000002 1419.2 1022.9
vn -0.1494195686630258 -0.40956191175118012 0.89996268419489145
v 4811.90725470092 1635.5448804063635 834.94864316269377
vn -0.35599895669246545 0.69658712445441318 -0.62292144037447306
v 4823.8999999999996 1640.4000000000001 835.01999999999998
vn 0.12404587513770739 0.82795938275815606 -0.54689659110663102
v 4845 1640.5999999999999 835.01999999999998
vn -0.045871618713169117 0.99072131577150835 -0.12793384646998268
v 4724 1451.2 1015.9
vn -0.96149467199441851 0.25825761480908532 0.093973401127487269
v 4732.4809425311378 1449.5377658432544 1015.8818962357598
vn 0.11660436170140846 0.58619931741177411 0.80173174010898252
v 4724 1451.2 1015.9
vn 0.31839328639647313 0.30291075365592957 0.89825986802108126
v 4855.4262981700103 1637.9220906783846 833.56894822734284
vn 0.056331102609970311 0.99802747714841034 -0.027712122537333399
v 4866.0753025069916 1638.2724997048147 834.97934532723207
vn 0.28830262056921707 0.9536459304031728 -0.086261453722906292
v 4936.2257521280817 1857.4062420232931 1335.9376423224257
vn 0.39844631084802434 -0.0088652792743954805 0.9171488124590178
v 4874.8795135499895 1640.83583802936 834.77327261062544
vn 0.19533582070454131 0.97155563876119788 -0.13387889281363266
v 4927.6693136682261 1859.413202936179 1336.0042884099544
vn -0.14424166898398827 0.82840477291348236 0.54123920140994541
v 4880.8426527533793 1637.652201856971 835.03704324681269
vn 0.72100884901248707 0.64081788471876044 -0.26362601971402982
v 4912.8666249068156 1857.5297774550854 1335.9770857790177
vn -0.6695793437823776 0.66003764377596874 0.34060800222341808
v 4904.4101566765021 1849.3693145406069 1336.0106312757771
vn -0.91388989862180503 0.28036449383306755 0.29360007458233811
v 4882.5969501897844 1630.482165397573 835.12013704463925
vn 0.90553888254763215 0.20967502888205494 -0.36883019732350436
v 4901.8995165150818 1837.2091531007818 1335.9985451070022
vn -0.87598801088070077 -0.42545669513960743 0.22722589058942264
v 4879.9387808929105 1623.7380754509031 835.37456658586598
vn 0.71404704842971112 -0.5027043930164361 -0.48726287142649638
v 4870 1621.2 835.01999999999998
vn 0.59168595659734413 -0.70734082037075363 -0.38675146102208208
v 4906.3000000000002 1834.5 1336
vn -0.94363817580593123 -0.31438094132990285 0.10349694145325447
v 4859.1434855201778 1619.7607785038756 836.00088694077567
vn 0.3883080103438144 -0.90449389869506158 -0.17637368376896786
v 4851 1616.0999999999999 835.01999999999998
vn 0.4988500201182729 -0.83395763803933032 0.23593074276969528
v 4839.5 1610 835.01999999999998
vn 0.36897937931477576 -0.89132909451053732 0.26341348279749949
v 4828.3999999999996 1606.2 835.01999999999998
vn 0.17292983780503862 -0.98485367138389024 0.012590359740510457
v 4911.3999999999996 1829.0999999999999 1336
vn -0.89480965500886955 -0.034982660485013223 0.4450751563144118
v 4915.5145822360209 1819.4907037862044 1336.0357939566786
vn -0.65208694348954743 -0.0917261302622044 0.7525748701342484
v 4811.9762566577056 1606.4252836784956 835.21778722204374
vn -0.75253554296969249 -0.655414408446233 0.064204437295131811
v 4914.8999999999996 1805.3 1336
vn -0.49907574020933709 0.11163166821480834 0.85933798716574916
v 4803.8999999999996 1612.3 821.10000000000002
vn -0.93099341065589092 0.27438130682095474 0.24076164101147104
v 4805.300553122057 1614.3304283912862 807.14793224715436
vn -0.68398814566474686 0.69439740080497736 -0.22354522214843442
v 4911.5759352943996 1798.4204417061737 1335.9959326086789
vn -0.59617216407298734 0.086639422911996153 0.79816812839276374
v 4807.4730878246155 1618.158809514169 821.59727957877772
vn -0.78613083428950192 0.49454234458433394 -0.3707103731922286
v 4819.1000000000004 1625 821.10000000000002
vn -0.34640599835402242 0.88758783915062167 -0.30362923458765123
v 4838.3999999999996 1630.5999999999999 821.10000000000002
vn -0.26540764280115159 0.91470848322537779 -0.3047411587860509
v 4846 1634.5 821.10000000000002
vn -0.23597427140015692 0.94044793527503101 -0.24469128360874684
v 4855.6000000000004 1636.5999999999999 821.10000000000002
vn 0.052649378631716648 0.99831566153419082 0.024369712046827717
v 4860.8248157821463 1635.1620768692512 813.39618940638684
vn 0.53388004456909544 0.83035070447025716 -0.15965527112077477
v 4908.7524661569569 1790.0515862032016 1336.0979410679249
vn -0.65232785592759912 -0.30936101644656355 0.69192783574882333
v 4918.5177652546481 1779.8928629192887 1335.9752919485923
vn -0.42524321825834532 -0.5193133452637132 0.74127043294353567
v 4932.0697277838244 1779.0433904569095 1335.9731574497364
vn -0.03702304923209631 -0.59266475548494257 0.80459790046428226
v 4867.1074572042744 1629.6395621916254 819.32701034760464
vn 0.23629494941059789 0.076574809204147304 -0.96865938052464629
v 4943.9174187604767 1784.1693255533903 1336.032990707864
vn 0.68069606964200913 -0.35725140665972782 0.63955007091983551
v 4866.0821019457135 1622.211583364433 821.40533758258243
vn 0.64301805682821622 -0.72757031742653433 -0.239100840217505
v 4946.3709073366954 1791.8416779433337 1335.7988289209084
vn 0.72149521338569611 -0.39965680793170183 0.56543708132326409
v 4860.3156588587426 1619.2566324682466 820.73189290025118
vn 0.69771795834634465 -0.70685944262708322 -0.11635883709429971
v 4952.4447040816058 1796.0297985159195 1335.8465229711437
vn 0.077435722966598147 -0.41112495486202411 0.90828408567933139
v 4856.603605434264 1612.3896435272336 821.08537213358738
vn 0.66331325997092061 -0.74659706028805739 0.051071995418044892
v 4849.8999999999996 1604.0999999999999 821.10000000000002
vn 0.61167465416398825 -0.77634694894336431 0.15211683772579151
v 4840.8999999999996 1598.7 821.10000000000002
vn 0.37637155818359719 -0.89322143077409788 0.24596732668451016
v 4962.269878530501 1792.0796246228047 1335.9587308494954
vn -0.92282359402184255 -0.37782448885804015 0.075135011384642944
v 4832.1184486003331 1596.6519057028647 821.56963952182525
vn 0.036533817007095723 -0.96471759333494322 0.26073980387529455
v 4959.0285852710786 1775.279883090438 1336.0003867519874
vn -0.92164371470574846 0.27812972921287377 -0.27058587707299625
v 4823.8858229301131 1598.9501420112683 819.65504969752158
vn -0.073851617118187579 -0.9537253190147601 0.29146861669693114
v 4953.5704448520064 1766.8427169044712 1335.9982523719536
vn -0.99712491771169742 -0.012354072665402113 0.074761456426546927
v 4961.9304694038401 1762.5959954551072 1335.9440692074286
vn -0.21763655528177689 -0.52457297359880584 0.8230780796344831
v 4801.8000000000002 1597.0999999999999 807.19000000000005
vn -0.61510609795732019 -0.73184327322164933 -0.29334265236399232
v 4809.858096540489 1598.7732279353609 823.75993154669754
vn -0.31777021009770262 -0.84959020373004446 0.42097337124859058
v 4972.8999999999996 1764.4000000000001 1336
vn 0.10169506211071644 -0.44615295507156055 0.88916008402492486
v 4980.5 1769.5999999999999 1336
vn 0.31523185264729636 -0.31119235427683301 0.89654235690021655
v 4995.1893557103895 1785.6226874264594 1336.0326294003498
vn 0.44252511903170949 -0.27922689985295807 0.85217595449794137
v 4794.8137702646363 1603.0134357637621 806.93717352935028
vn -0.96931002478752659 -0.19935508599797327 -0.14385974257291415
v 4999.1999999999998 1792.4000000000001 1336
vn 0.59913463658281274 -0.23326330863366176 0.76591508412620901
v 4798.3944522218899 1612.2179298113606 807.3371339900666
vn -0.9133802913318062 0.37797462737906651 -0.15123367503396998
v 5001.6999999999998 1799.2 1336
vn 0.61193047443153792 -0.19919779899344653 0.76541578984115521
v 5002.5002180221254 1815.5866082317916 1336.022814705495
vn 0.68856854526204991 0.18124593658232835 0.70215615709619661
v 4996.3088926424571 1834.7161807224738 1336.0397761393647
vn 0.75696887406898639 0.39854882340671721 0.51783873846193884
v 4819.1207452891485 1622.8931943241914 807.23110570937138
vn -0.49115792330409624 0.804429895434145 -0.33415032202201783
v 4992.2557784571636 1841.9091553744984 1336.0157795737409
vn 0.70321018281518943 0.48861267680355208 0.51648145257297995
v 4986.0993667936318 1845.1326791379915 1335.980577112412
vn 0.38146174119781584 0.73465736971217699 0.56103965022974667
v 4840.8011959774876 1633.72501783295 805.56257573567018
vn -0.25672690080325095 0.94396885166931499 -0.20739842208192566
v 4965.2091536456546 1852.9965909269972 1336.0141475957862
vn 0.19706377805549474 0.67959583392927181 0.70662250875872357
v 4829.7693851901513 1693.1527922023806 1293.6962466927807
vn 0.88040348689151349 0.34224402416601662 0.32826624589183045
v 4845.7246848259419 1632.2718732107373 793.54001157554808
vn -0.29333724891907387 0.94933426317086012 -0.11277284764707077
v 4822.025176936213 1705.0365294718003 1294.6771685730446
vn 0.48729356658149825 0.41188619604564641 0.76999658536601967
v 4816.3000000000002 1707.3 1294.3
vn 0.025317168757272704 0.53552295253463611 0.8441411068504493
v 4852.8375903217548 1638.5576214149646 805.26018816602095
vn -0.077515268456167935 0.99242928729450797 -0.095265381310753586
v 4808.098038685378 1703.8760077822171 1294.2823433544186
vn -0.46645344440557474 0.24655044952504887 0.8494904708360016
v 4808.0871438449722 1695.1830449395652 1294.4428389090544
vn -0.47704082202513404 -0.10613493697068729 0.87244909838672691
v 4861.1753461421758 1630.904732681636 802.5872467772482
vn 0.94165129284462445 0.29002761873157984 -0.17081224504389797
v 4861.6000000000004 1626 807.19000000000005
vn 0.89317947579106893 -0.41101462369653219 -0.18247576039898952
v 4852.8000000000002 1613.8 807.19000000000005
vn 0.80889879585249258 -0.58580033346362603 0.050206646793946007
v 4813.258140877826 1686.1952034320884 1294.2826685011637
vn -0.47405425316667171 -0.20679582708749183 0.85586684183568495
v 4839.4471194010239 1600.6746799755438 807.28730734380201
vn 0.46966241665315611 -0.8810486082119745 0.056307764573457146
v 4826.8999999999996 1598.2 807.19000000000005
vn 0.043202770641875603 -0.99016879105244682 0.13303866293150116
v 4818.007998890248 1669.1550925489273 1294.3441291201211
vn -0.43056153293280824 -0.26863948389764092 0.86165514798541043
v 4808.6000000000004 1596.7 807.19000000000005
vn -0.38981988454913569 -0.91683329594060547 -0.086354878639164703
v 4858.4537677611897 1634.1040829105846 793.27314722948813
vn 0.58058560705566897 0.80402689349186318 -0.12830084731452265
v 4823.1201338863293 1663.5895296210656 1294.1835656108788
vn -0.25887602610201621 -0.43479007975658879 0.86252002275592843
v 4833.7058777738994 1663.6131981931462 1294.3571309124941
vn 0.090662032321524033 -0.44917682833412176 0.88883101475085236
v 4842.1999999999998 1667.4000000000001 1294.3
vn 0.34113441256055732 -0.33888457415939116 0.87680360284602588
v 4848.3999999999996 1673.3 1294.3
vn 0.52625353103965944 -0.28169918033641639 0.80231090785684911
v 4855.7182141174244 1684.5489114436027 1294.3928344110759
vn 0.72498315771285815 -0.053074805364418873 0.68671863675614786
v 4859.6000000000004 1619.2 793.26999999999998
vn 0.86708158688472625 -0.43459133714354886 0.24351569018288571
v 4856.8000000000002 1692.4000000000001 1294.3
vn 0.64644005200468024 0.5564475429492467 0.52199750105717213
v 4853.7740836331568 1697.8246227404547 1294.2739170009104
vn 0.43342837636536924 0.78246604911621898 0.44708693175011782
v 4845.3523779621437 1699.3519681249306 1294.3843350523557
vn -0.32494030279966352 0.89450987366181089 0.30702749964456649
v 4855.9713447117865 1607.5376720742968 793.07948394548464
vn 0.81222424617609168 -0.57511169315272337 0.097664294000864321
v 4840.5 1694.3 1294.3
vn -0.29616941459138557 0.93869859755106888 -0.17643304910433402
v 4842.1746036304539 1594.3028919788085 793.14437952805292
vn 0.39675758025693786 -0.91327880961619312 0.092223849489645723
v 4837.6999999999998 1688 1294.3
vn 0.044918061400673275 0.99415543765681325 -0.098169921755063047
v 4832.5853345747737 1680.9395774556465 1294.2579820948586
vn 0.16528416135548415 0.9850046901149454 0.049466215304736771
v 4810.8000000000002 1600.2 793.26999999999998
vn -0.69982622586065046 -0.67812683171078891 -0.22447105317061558
v 4810.3999999999996 1605.0999999999999 793.26999999999998
vn -0.87074077439646413 0.16386705549387118 -0.46363573193533564
v 4831 1684.5 1301.2
vn -0.11399378459784865 0.89158095980706176 0.43827937343956508
v 4815.051842798629 1773.6246669678785 1293.6265723980232
vn 0.25528380811265111 0.46784056959799286 0.84614146497718024
v 4813.7226175343012 1611.274353653781 793.56952103445451
vn -0.65511491189518356 0.75378588322015916 -0.051296144792472971
v 4807.4186340558535 1780.8383133327575 1294.0565256152881
vn 0.039329710169779972 0.82072645258453292 0.56996601997484886
v 4823.8733695562987 1615.8264442483587 793.12252791724495
vn -0.47537043997321216 0.87901681703974477 -0.036774721766324694
v 4797.2134613013723 1785.1599211222829 1294.23617249584
vn -0.33143230645898453 0.87926269032143201 0.34212533908495468
v 4791.4266676885009 1783.5232205275452 1294.3021519300451
vn -0.56663662342311549 0.77403397605425805 0.28247892117693796
v 4833.7751087374718 1623.2515470813173 793.18964703305596
vn -0.59652200560556201 0.79639178158183377 -0.099607364472867277
v 4786.743352815698 1777.2920175032968 1294.1027802241549
vn -0.8893310316464178 0.33458742553195031 0.31167542544547844
v 4790.1999999999998 1769.9000000000001 1294.3
vn -0.90657544181979732 -0.17739580233996771 0.38295129925539917
v 4851.2594706943437 1633.4248561545558 778.72462813941183
vn -0.088175221455108477 0.90749068010856848 -0.41071376387629205
v 4797.3000000000002 1765.7 1294.3
vn -0.80987528226112249 -0.059742251298314987 0.58355196049047442
v 4815.6896632381631 1594.1989454979612 793.80388633599591
vn -0.30853054003133207 -0.94632344017504255 -0.096337181001144856
v 4800.5 1773.9000000000001 1301.2
vn -0.11990906458300871 0.022313576644546231 0.99253409036070683
v 4810.5891207052964 1601.8726160892938 779.72202611173509
vn -0.79116933827708325 -0.47625154199963698 -0.38371284434218544
v 4804.727072831819 1753.6690753990479 1294.1624520479097
vn -0.5669389422310166 0.012175394143362729 0.82366983407153493
v 4814.3944200969199 1750.4101984570734 1300.8647416250342
vn -0.072692852417668 -0.081655860374464262 0.9940060712459905
v 4807.5381056325332 1611.7257054366951 779.12812998154777
vn -0.89912087703580523 0.28844360135616248 -0.32921412077104389
v 4743.883342287716 1575.3174626074324 1241.7554180216011
vn -0.088467827239327515 -0.300556404976069 0.94965219473837559
v 4814.9339633378559 1619.8724117113964 779.23602269031869
vn -0.51867196298514762 0.83836000924937615 -0.16772563818486297
v 4822.6999999999998 1621.0999999999999 779.35000000000002
vn -0.52362112829357577 0.843889510965528 -0.11692479329434197
v 4749.9789887750585 1570.008108636368 1239.0390455226363
vn 0.18272881829297435 -0.52835561540773335 0.82912636107674709
v 4839.0444739004524 1628.5204806246325 779.08246681668629
vn -0.41535184754379884 0.90594311013979889 -0.082157920690466416
v 4758.8000000000002 1580.3 1238.5999999999999
vn 0.45914923107341593 -0.27900932525687477 0.84340724446995019
v 4764.3298902302722 1588.907766399856 1237.5764561451344
vn 0.46231935451989892 -0.19629503344365307 0.8647132902191681
v 4762.1000000000004 1599.2 1238.5999999999999
vn 0.4271517586945035 0.077325982776944968 0.90086739725209963
v 4760.1455031993319 1609.4805635958364 1238.6443040366885
vn 0.42950872200772949 0.1390036326827955 0.89230053671410137
v 4861.2365513932573 1632.5048512486919 779.25735786141581
vn 0.6272792695227094 0.72097046419385835 -0.29448651545894033
v 4751.6332648178868 1630.2390273738347 1238.5077263225994
vn 0.091979534654644854 0.42629822618742758 0.89989420909025064
v 4745.2607329567618 1640.8213545409908 1238.5944430755499
vn 0.047612704975607857 0.70609041775189707 0.70651918040762152
v 4738.3749048327318 1642.1451299624068 1238.5552886002274
vn -0.25636615284353415 0.76217086892410069 0.59445097547206283
v 4859.2145498927875 1611.7436748398181 778.86486138525402
vn 0.8881300526697482 -0.44666032379511234 -0.10825693830917094
v 4852.1000000000004 1606.4000000000001 779.35000000000002
vn 0.75009225232429655 -0.65453430678396163 0.094585697892982434
v 4732.3780362535881 1637.0367128098987 1238.7328509116808
vn -0.55335506556951863 0.59159725907041205 0.58635386454676797
v 4731.6999999999998 1631.7 1238.5999999999999
vn -0.70594990827869741 0.34479456532615987 0.61866908337401449
v 4839.6389470116073 1596.6152683772204 778.86757659716113
vn 0.23923010720119919 -0.96953705309641691 -0.052600936128726614
v 4735.4459693164426 1620.8265721841763 1241.2849692192303
vn -0.57822402370196646 0.30437827260317435 0.75697479851116278
v 4819.8000000000002 1598.3 779.35000000000002
vn -0.48096900246663549 -0.73364621376772388 -0.48003338601656936
v 4743.5 1622.0999999999999 1245.5999999999999
vn 0.014628497793054911 0.14777175480061969 0.98891330031275448
v 4852.8999999999996 1622 765.42999999999995
vn 0.46423100382713961 0.5477572661754454 -0.69602554007568473
v 4726.6999999999998 1610.4000000000001 1238.5999999999999
vn -0.34529866740751097 0.18783402726487849 0.91950378383563702
v 4863.7217951313241 1624.3115603251385 779.09360514209959
vn 0.94999880202477227 0.071957610347085643 -0.30384926931726308
v 4856.6999999999998 1610 765.42999999999995
vn 0.79877654255360031 -0.35902393537359145 -0.4827606538389137
v 4726.6389198134066 1595.7030403390688 1238.6820933908029
vn -0.30331523988800918 -0.21437708337430353 0.92846234785025406
v 4852.4915076226334 1601.0288419363833 765.39883008086133
vn 0.66247485571501907 -0.63412242384503081 -0.39876787373391548
v 4731.4729475770064 1582.9435095348153 1238.9950041677416
vn -0.39600456318077121 -0.29700855174055041 0.86888797099107518
v 4843.628099358245 1596.4464322566464 765.38522127690078
vn 0.20198643491233631 -0.85390404247246532 -0.47963461755860221
v 4745.3228915128448 1585.9774849798814 1245.5641588248372
vn -0.019373063214073817 -0.12887912663523229 0.99147105612793518
v 4829.9222530102234 1600.7686935803204 765.43505611114699
vn -0.38507653679911624 -0.70750833240903988 -0.59257743829695242
v 4826.6999999999998 1605.5999999999999 765.42999999999995
vn -0.47861963077097169 -0.42357126277608032 -0.76909728538783395
v 4826.3999999999996 1611.7 765.42999999999995
vn -0.42244799108601994 0.35588900901858289 -0.83359505042146032
v 4868.1999999999998 1744.9000000000001 981.14999999999998
vn -0.0049119254754469138 -0.057883056514657964 -0.99831128650168255
v 4708.5599401132367 1415.9710428838735 1015.9403351860799
vn -0.75025711978016552 -0.5965936967810771 0.2849389674654178
v 4830.3201050481366 1619.0985536818794 765.61506218322143
vn -0.47735787311116523 0.59219389056710547 -0.6491809123455341
v 4727.1999999999998 1409.0999999999999 1015.9
vn -0.33474130057637236 -0.90954653368191973 0.24631963940303886
v 4736.3416297123085 1405.6158024201395 1015.6752566686689
vn -0.30102475633415471 -0.78625502671072267 0.53961757666525612
v 4843.8241184645285 1626.4652595688535 765.16157406659795
vn -0.14874942272767044 0.70389739553539044 -0.69455170131292532
v 4748.8554978315296 1401.2000036717041 1015.8798384133081
vn -0.29633864855590114 -0.82098538802738485 0.48802294824893894
v 4888.6956945030051 1636.9630305314849 862.95380300249235
vn 0.93357072807898467 0.34947175846188289 -0.079468142746851128
v 4757.1999999999998 1398.2 1015.9
vn -0.22339294308130933 -0.80921657145681913 0.54338212471624581
v 4775.2759053561394 1398.1606032608183 1016.1056789461848
vn -0.072779644339747818 -0.73464712906695862 0.67453444620972125
v 4888.8498327500029 1620.0380333535968 862.36315365994096
vn 0.97628721786432249 -0.20342320355985302 0.074042342535791172
v 4886.2176781989037 1613.6636194610737 862.69046344130447
vn 0.85304662829762479 -0.51263455930490942 0.097556437800460721
v 4782.0386619737938 1403.7970463925431 1015.9224842973732
vn 0.43909004624835535 -0.1510420657630242 0.88565581670062732
v 4877.799804784182 1606.3504848965517 864.81727377821244
vn 0.66074134000233353 -0.65984389342168592 -0.35780849336765497
v 4781.7152666848415 1415.7484609602782 1015.9265989999702
vn 0.42451404594303344 0.25087791204752291 0.86997017077814309
v 4771.8999999999996 1425.8 1015.9
vn 0.33815730312359199 0.42218359209763145 0.8410770790526394
v 4869.3999999999996 1607.7 862.85000000000002
vn 0.033890879806488111 -0.59015187193524932 -0.80658054546168123
v 4861.5900407087302 1610.1992743946028 858.36626854481665
vn 0.014986785138002744 -0.87541612456319173 -0.4831376668466138
v 4858.8000000000002 1605.7 862.85000000000002
vn 0.28881505976451188 -0.7992472767534925 -0.5270575413134202
v 4850.8999999999996 1601.0999999999999 862.85000000000002
vn 0.3190487853848854 -0.81560863005410522 -0.48269082767926602
v 4843.2813502723884 1599.5458165440086 862.95263800993598
vn 0.3270431257913573 -0.91508190771824904 -0.23594045019739285
v 4752.6059977994191 1438.9056787423197 1015.8953774802542
vn 0.29299147537940601 0.46239447435706343 0.83686757939297307
v 4818.6072794836373 1599.6271249613662 862.74436393285384
vn 0.10074906346741595 -0.99425732425535018 -0.03608322844522107
v 4716.3282754567417 1454.3839284886526 1016.4520380858344
vn -0.23834778774468049 0.54010384205871431 0.80714197751735861
v 4802.1999999999998 1603.4000000000001 862.85000000000002
vn -0.52853267266463677 -0.84337975382213548 -0.096766754460868729
v 4794.3372954397091 1606.0718581446949 863.28054379598211
vn -0.50590925655366581 -0.81221720404578235 -0.29044627314766708
v 4713 1454.5999999999999 1015.9
vn -0.70538089571835538 0.42735283153001347 0.56551511857672776
v 4789.0113317704499 1610.6648010197296 865.63102805376002
vn -0.91277492305472208 -0.38514985935230217 -0.13602031349525737
v 4706.9578453634585 1447.644839463429 1015.8492062662374
vn -0.89718782024755184 0.060001887449472012 0.43755432657208099
v 4789.1960889864476 1631.4032660568992 860.42649568193883
vn -0.94559303653334448 0.324834804513847 -0.018334640331886091
v 4707.5 1432.2 1015.9
vn -0.91863395214128896 0.2855872473634638 0.2730413633804149
v 4791.8999999999996 1635.7 862.85000000000002
vn -0.81771551939706633 0.55045172181842084 0.16835745093200383
v 4801.7737699211384 1646.420108200934 863.49448948865881
vn -0.49162210700188452 0.82696707715489026 0.27282440728227619
v 4704.2692777158427 1421.8074742023909 1015.9004455571313
vn -0.96402883177202037 -0.075090021006834803 0.25497039094268686
v 4813.3999999999996 1650 862.85000000000002
vn -0.097993420105034743 0.98806479588483109 0.11884968973112724
v 4849.8675082657837 1649.7221483281451 862.80265160061197
vn 0.31050570567469571 0.92083472374789521 -0.23590171318495498
v 4746.8000000000002 1469.7 939.39999999999998
vn -0.066999671507536079 -0.13590744062266871 -0.98845344432668036
v 4779.8608761795585 1515.8448185670713 946.37400368766077
vn 0.25748410068833949 0.68655997770175281 -0.67995392116737285
v 4863.8000000000002 1643.8 862.85000000000002
vn 0.23805529728713146 0.93978113415336051 -0.24523681477901904
v 4875.1000000000004 1638.8 862.85000000000002
vn -0.50818257824767599 0.84878437043862387 -0.14599849199445042
v 4875.7728836522238 1642.2323080100166 862.85002909622654
vn -0.69429241270669162 0.71543767181614548 -0.07814719063545697
v 4841.6000000000004 1611 758.48000000000002
vn -0.02562382919145207 0.01159013474351845 -0.99960446585346663
v 4883.8729538805528 1643.3494846136809 862.65301410051359
vn 0.39254637488719157 0.91352866842093272 -0.10664293476832833
v 4788.083432753413 1604.035053208554 876.067215420401
vn -0.90082876776717824 -0.33341026737346219 -0.27810991491319337
v 4987.1187322147416 1841.2878408983511 1322.3512644501263
vn 0.58454154538988057 0.67034820529710659 -0.45710443595327149
v 4977.3999999999996 1851 1322.0999999999999
vn 0.52513155360228314 0.81280466625575065 -0.25216150761789585
v 4788 1616.8 876.76999999999998
vn -0.91459206680190608 0.38198405180294998 -0.13270092505788655
v 4793 1627.2 876.76999999999998
vn -0.78494011627648796 0.6150019413268476 -0.075110758377626263
v 4804.7082756105137 1638.9145470319258 876.78972963236652
vn -0.48724547893712244 0.87249022764438677 -0.036778334932137301
v 4966.4445206406781 1858.0438630407571 1321.9898200257169
vn 0.3051897019483184 0.91978988320307109 -0.24666944801085008
v 4955.8000000000002 1859.2 1322.0999999999999
vn 0.034207148265116151 0.99893339678806781 0.031015154183413121
v 4822.5 1645.7 876.76999999999998
vn -0.35520814424362374 0.93112950538051131 -0.082613670011962057
v 4844.6999999999998 1645.8 876.76999999999998
vn 0.17921665575541526 0.98334567624652902 -0.030210450296240161
v 4851.6000000000004 1643.2 876.76999999999998
vn 0.19657425329467806 0.97102850298712973 0.13587571279744451
v 4863.1613454795961 1641.1751399791146 877.3404873605009
vn 0.11093459913581995 0.98549697780528134 0.12841036348843438
v 4955.1000000000004 1860.9000000000001 1322.0999999999999
vn 0.94219867611610131 -0.32573411420066634 0.078478924374466394
v 4870.1999999999998 1640.5999999999999 876.76999999999998
vn 0.030376731051685701 0.97913315369426579 -0.20093661076900529
v 4953.1712837968444 1865.3944589578205 1322.1000000000092
vn 0.79271774520811522 0.6008670325339418 0.10274913939307125
v 4880.8420294821835 1637.9252484800838 877.3040861908155
vn 0.2723241458340977 0.5514113907235233 0.78853347283173658
v 4944.1111158083613 1867.7044624668476 1322.0999999998573
vn 0.16836390661549905 0.96519081037305565 0.20015067954061913
v 4883.9609886774315 1629.6079540057863 876.79870200727817
vn 0.95073170720406186 0.0046570937403872916 0.30997989030700596
v 4937.6000000000004 1866.9000000000001 1322.0999999999999
vn 0.09632604527332575 0.96263162656610501 0.25310401920296738
v 4879.935055854141 1618.5991038101347 876.95085412211483
vn 0.95996965483976027 -0.2557439371246964 0.1142510411803352
v 4928.4893509346048 1863.4723976508001 1321.6374408499441
vn -0.3559832201576581 0.86202858408150518 0.36080835244298287
v 4878.9444163438466 1612.8496818736689 877.24543483223658
vn 0.91656308249297103 -0.3904014557553066 0.086595722498981662
v 4922.3000000000002 1854.7 1322.0999999999999
vn -0.77935719727061725 0.60090592171618484 0.17752304726122334
v 4877.6762256011643 1599.0954608882057 875.23340819104487
vn 0.66750432247766645 -0.52467572276063235 -0.52834966207923284
v 4920.6999999999998 1846.7 1322.0999999999999
vn -0.9785254161265059 -0.18150445935493281 0.097694120747984919
v 4921 1839.3 1322.0999999999999
vn -0.95613806627720344 0.23569514807043226 0.17391893339066705
v 4913 1830.2 1322.0999999999999
vn -0.95706995526673699 0.12503986215471946 0.26149977743404457
v 4871.3507457785727 1592.7104867403123 874.8991298746223
vn -0.028715569942881051 -0.65419434480696592 -0.75578116890105174
v 4907.6999999999998 1824.7 1322.0999999999999
vn -0.86735250515150497 0.26528230313025103 0.42109966926289338
v 4866.3999999999996 1592 876.76999999999998
vn -0.67186366762983363 -0.67408449305067997 -0.3069353488075236
v 4861.1486914422376 1596.0921915845211 877.18540655729407
vn -0.19247253138553019 -0.90430554282170594 -0.38103255751180332
v 4903.8999999999996 1817.8 1322.0999999999999
vn -0.66607165093819143 0.23089143590377303 0.70925150732498687
v 4902.1000000000004 1805.9000000000001 1322.0999999999999
vn -0.770401611274662 0.085769271064447636 0.63176339676058957
v 4851.8749456475807 1596.163632554666 876.85933374928436
vn 0.20980549759653078 -0.90612484117115 -0.36731379689691807
v 4903.3421547410835 1797.8722743882322 1322.1307063260879
vn -0.85832242917626611 -0.18801076891061488 0.4774249243039087
v 4911.4158216575006 1782.2353864265751 1322.2193049584407
vn -0.77654299868111498 -0.27023361115354916 0.56917024395364713
v 4916 1776.0999999999999 1322.0999999999999
vn -0.48669677799670935 -0.6010653420520079 0.63391379608865162
v 4826.6999999999998 1591.4000000000001 876.76999999999998
vn 0.00073702945370239688 -0.95383679868846061 -0.30032452156847489
v 4808.814432013236 1591.8524986919238 877.16017328964847
vn -0.16950410446441461 -0.9290585945230404 -0.32881375657443207
v 4920.8000000000002 1772.4000000000001 1322.0999999999999
vn -0.32251507681158487 -0.73051302251834849 0.60194247994332861
v 4943.1000000000004 1763.9000000000001 1322.0999999999999
vn 0.077058826752715248 0.020901841061156199 0.99680742887467955
v 4794.3000000000002 1596.8 876.76999999999998
vn -0.51482079139990544 -0.79630519338753447 -0.31758084282024368
v 4950 1760.5999999999999 1322.0999999999999
vn -0.30698254253114071 -0.79756031017616347 0.51928727137569841
v 4882.1999999999998 1639.5 890.69000000000005
vn 0.97375630932641666 0.17990637871326773 0.13939994600169067
v 4881.2837781133567 1630.0004702630004 891.27764694071243
vn 0.98333644529435371 0.0011488902202974819 0.18179140630713603
v 4967.1302695118784 1750.5202024595744 1322.048375397072
vn -0.061622880348323243 -0.93877742929749519 0.33896837442328265
v 4881.1639240863014 1603.6200949263521 891.32807673167304
vn 0.97469107570438074 -0.089027949394186623 0.20506421230654417
v 4980.5814483549711 1749.4885820895115 1322.1361226026181
vn 0.18263065623248331 -0.89454962902816315 0.40795465999258795
v 4882.0953816192878 1587.9704425918999 890.65578352320472
vn 0.92981993841612187 -0.36624225734345411 0.036076184108223851
v 4991.71233832901 1757.6585297802148 1322.1061600486228
vn 0.74419232401388069 -0.59435354295619425 0.30483052808772043
v 4996.6999999999998 1766.8 1322.0999999999999
vn 0.80289500606538799 -0.52513358050779235 0.28212467431673971
v 4877.7609360748738 1580.5954509672952 890.71100094847509
vn 0.45405463624678316 -0.88936080702678788 0.053588638977510518
v 5004.3216105529473 1777.0844311184446 1322.2378149547478
vn 0.89898733303228207 -0.43231397129766724 0.07018835564639371
v 5006.8000000000002 1786.4000000000001 1322.0999999999999
vn 0.97615944514296071 -0.21698456217964598 0.0055170131316113966
v 4869.0880835761254 1581.6196259563139 890.59865627450836
vn -0.43158308538986961 -0.90172719802318246 -0.024982008538560089
v 5008.0445828876636 1803.4904919939736 1322.012526957707
vn 0.98697705931299684 0.094885728176559159 -0.12989604681541736
v 4865.5022840050033 1586.3670367808932 891.10603504421488
vn -0.32510765641611666 -0.94375932618521641 -0.060194235422060711
v 5001.7508238169421 1823.7492329817101 1321.9407387458252
vn 0.83841510267326247 0.43582036252269912 -0.32729302959269657
v 4865.0517749158025 1592.5799091394088 891.1887074597563
vn -0.6635198295077992 -0.69244546689974851 -0.28330321427744237
v 4972.3421885877597 1835.7173091073037 1308.3594186044311
vn 0.49222700156052701 0.47618111982373634 -0.72867284844307556
v 4844.0378073574893 1592.4068137323129 890.87255384865091
vn -0.031913135044331145 -0.95530120948846642 -0.29390670451950518
v 4956.3000000000002 1852.2 1308.2
vn 0.31911097589592358 0.80720341006010776 -0.49657913755018418
v 4836.8999999999996 1590.3 890.69000000000005
vn -0.095084359883172251 -0.97790310836852867 -0.18618398198764874
v 4808.7548314968699 1590.302557447339 890.65702134204935
vn -0.19222350971771723 -0.97057354347084024 0.14504178372544865
v 4940.3999999999996 1864.0999999999999 1308.2
vn 0.26361700199692922 0.20628738168283217 -0.94231183395763018
v 4930.6581982089538 1869.7812675194245 1310.0898907726023
vn 0.071435858884538628 0.99078980964312624 0.11503247877345829
v 4795.3999999999996 1595.5999999999999 890.69000000000005
vn -0.4879124207878528 -0.86872567914894838 -0.085188990064066467
v 4786.5395027301483 1602.9182743245246 890.8129593866903
vn -0.73067818266052709 -0.59392803503959757 -0.33668810875632665
v 4917.5 1871.2 1308.2
vn -0.27437191817205164 0.84382793640082276 0.46116641710787887
v 4782.5 1611.9000000000001 890.69000000000005
vn -0.88211058256438835 -0.21755655184340009 -0.41779189422238122
v 4782.654354761351 1626.3369916943193 890.51031677371202
vn -0.80388314345005707 0.19275891846275867 -0.56268631672533365
v 4902.3289936909578 1866.8361717559039 1308.3770440200851
vn -0.47086928986561521 0.63192375403050993 0.61559278825652186
v 4788.3000000000002 1636.0999999999999 890.69000000000005
vn -0.57093670935095953 0.51882995472375426 -0.63627568867342787
v 4801 1648.5999999999999 890.69000000000005
vn -0.37987229999884642 0.71904426311174963 -0.58195565413497563
v 4810.8999999999996 1652.5 890.69000000000005
vn -0.16189713235836523 0.86005381357678035 -0.48383546406415345
v 4830.0804883715873 1652.6296299927508 891.64455046697731
vn 0.2853742755099552 0.93976858253367246 -0.18813966663045828
v 4895.9981403033762 1861.3145725223822 1308.1932992198315
vn -0.67824438422081934 0.45158490686972991 0.57970305084618878
v 4846.1187735319827 1643.3293653875703 890.52915348566648
vn 0.27666719870053164 0.96077837603984106 -0.018978232200236783
v 4890.945627724047 1851.9950925057469 1308.1019306743358
vn -0.51164404813740416 0.56513184297341668 0.64718341145539215
v 4862.1152475153967 1643.2716337525976 889.96916054846827
vn -0.09094104125246659 0.99498894273577809 -0.041553951069127931
v 4889.1000000000004 1835.8 1308.2
vn -0.56588978185304828 0.39017566231027367 0.7263137802183357
v 4888.3800956187151 1784.4030157659981 1307.9118246919506
vn -0.40859320038506003 0.093568576951565133 0.90790776954840147
v 4871.4418565221049 1647.4346696611228 890.72063301835658
vn -0.062807301775899105 0.9976592482076333 -0.027041954615210022
v 4887.3460628548182 1776.1488258033205 1308.2074877225532
vn -0.18177664214001318 0.099058095941927563 0.97833774638447912
v 4879.2691712119058 1646.1114856485042 890.68903570759403
vn 0.61658135848802709 0.78696050610448209 -0.022816445753810668
v 4888.5193974507702 1769.1585459123562 1308.204700118547
vn 0.29109412855770272 0.64967292122392128 0.7022743792476045
v 4867.6480451526159 1641.4988042886725 904.83642382252856
vn 0.017716587036662877 0.85597274786968169 0.51671730902709145
v 4892.8489396958867 1761.1250097340176 1308.0229178438958
vn -0.29720620545991566 -0.65695466743058761 0.6928773602718481
v 4874.8578443456836 1640.9271009327772 904.35964246801541
vn 0.50761416240154011 0.6950627559055198 0.50913222986018736
v 4900.0638871238361 1756.4187117772776 1308.056812142476
vn -0.27380897792786502 -0.79826522866568084 0.5364711253268214
v 4877.9763329402858 1633.8062304810192 904.60630192026747
vn 0.88087367322235477 0.13606751133218994 0.45337314012149016
v 4911.6000000000004 1754 1308.2
vn -0.28395156107850694 -0.81363241234730332 0.50732022287603185
v 4919.1000000000004 1753.8 1308.2
vn -0.13179735484146635 -0.76553204711857825 0.62975403300910382
v 4878.1987898169791 1611.6308421423382 904.43611641476309
vn 0.8775647176465684 -0.19369512636165223 0.43859134096062818
v 4942.6000000000004 1751.4000000000001 1308.2
vn 0.020349069572091802 -0.70790568764235329 0.70601377661569553
v 4872.5 1601 904.60000000000002
vn 0.67108687627305375 -0.36868387847785383 0.64320650046824179
v 4958.0185875398965 1747.9225728251752 1307.3693359130139
vn 0.023225113754147077 -0.98343433714091633 0.1797706834367416
v 4868.6000000000004 1590.9000000000001 904.60000000000002
vn 0.043013819801439243 -0.88378187582754797 0.46591781170591645
v 4970.6999999999998 1751.2 1308.2
vn 0.15936294727529263 -0.95572479934761834 -0.24737331898910769
v 4982.0247188857875 1749.7420442913935 1307.9450343238093
vn 0.27453975700125866 -0.86851254434717995 -0.41269102502632354
v 4844.3000000000002 1584.8 904.60000000000002
vn -0.17309323724385695 -0.98094232804627612 0.088265963245146545
v 4839.5 1586.8 904.60000000000002
vn -0.17535005524500127 -0.9790556534110384 0.10345233515711301
v 4828.1504782275506 1592.6644481850924 905.95022835606233
vn -0.29147218154839866 -0.95172307010643153 0.096266116627844373
v 4988.8360226193463 1753.2204444087172 1308.0427889591567
vn 0.70075161722526336 -0.61741147364903404 -0.35742166017563382
v 4994.3476811087321 1770.0443395130997 1308.3611402234553
vn 0.86074231223255382 -0.28200707112905254 -0.42378612974679858
v 4812.1999999999998 1595.3 904.60000000000002
vn -0.16939565424536471 -0.9798329122512297 0.10598384967559277
v 4781.8045258058264 1595.7080079281141 904.52422140684621
vn -0.23224267401158577 -0.8872051086074022 -0.39866080272441656
v 4997 1786.3 1308.2
vn 0.75297622937084019 -0.10800736522906836 -0.64912341435103582
v 4997.8707093694593 1798.9458390754526 1309.0576554382474
vn 0.71156167358897049 0.095074913865692862 -0.69616143632974559
v 4989.5661440912882 1816.7381232817029 1308.0432612619215
vn 0.58622665418451581 0.3334046149125427 -0.73836283267689418
v 4772.1554340065886 1613.1201316226479 902.49931604619428
vn -0.63226360164229412 -0.12115200205517904 -0.76522214450206305
v 4862.1633327386226 1740.6687649550172 1294.6734146769693
vn 0.10210018158212641 -0.76740226302851888 0.63298445448494589
v 4770.6839787942499 1634.2511940043405 904.77209652817373
vn -0.78510307413709823 0.29597684294876275 -0.54406881129004414
v 4868.3999999999996 1745.2 1294.3
vn 0.40548505263951379 -0.76229054077021041 0.50447497810911379
v 4778.7385159317892 1646.8446922944513 904.45873174216774
vn -0.60570308650249383 0.55663992296483256 -0.56857344922451103
v 4884.0197678233908 1752.3282962658191 1293.4334651019431
vn -0.16834434347754088 -0.77329033213798637 0.61129554573956968
v 4789.6710197146585 1653.1983533836387 903.76657269729913
vn -0.29708546737084512 0.76977868458066512 -0.5649610622355381
v 4894.671115491079 1753.6192669779425 1294.2580757804521
vn -0.21871090697033552 -0.90542842165901471 0.36381989008887161
v 4804.5186434540519 1657.6578627335621 905.37764329063566
vn -0.010899997439067954 0.95188957985592881 -0.30624731479236117
v 4907.7378285546438 1754.0174853576946 1294.2548103431045
vn -0.22623406372509375 -0.90029028136725986 0.37188110692275073
v 4927.0143569208494 1746.8143768214652 1294.4418384046376
vn -0.37037016588068034 -0.82233042482636842 0.43197061547100829
v 4826.2536126723717 1657.5830992328365 903.26570763296888
vn 0.30104269567928293 0.93113136778522354 -0.20583408683833032
v 4930.8999999999996 1744 1294.3
vn -0.5356544644371074 -0.81896290735199839 0.20584958370168666
v 4935.7951858582583 1739.6726296915526 1294.299999999989
vn -0.40236314217736358 -0.89359661636436372 0.19896981941821951
v 4943.3988894803415 1739.7120126228576 1294.4778409222613
vn 0.26591171489988502 -0.90114455271182781 0.34238787215204031
v 4839.8000000000002 1649.7 904.60000000000002
vn 0.45349986090710298 0.89062716557350685 0.033483251033010676
v 4853.063533399225 1643.8219509545331 903.9494870966912
vn 0.33127640770351696 0.93240748732005418 0.14447220939874938
v 4950.6000000000004 1745.5 1294.3
vn 0.27454811891227127 -0.91744515886565869 0.28795435554215837
v 4962.6300032711242 1752.899440786477 1291.2819457924511
vn 0.44451150757998753 -0.88929037666927546 -0.10757390758164748
v 4863.3370526038989 1640.4719722100945 903.66370456186814
vn 0.0018770833828756855 0.94316564307724493 0.33231768878087237
v 4757.4044997961319 1607.2562766973142 918.59372174373493
vn -0.61604357658195086 -0.25539424822744139 -0.74516044562527473
v 4973.3000000000002 1758.0999999999999 1294.3
vn 0.39032465451776166 -0.81876751775574186 -0.42103018412423954
v 4757.3999999999996 1621 918.51999999999998
vn -0.6542440824736856 0.13187058419537456 -0.74469781090865039
v 4761.6000000000004 1629.8 918.51999999999998
vn -0.700440893561741 0.23605706523301995 -0.67354258705742098
v 4765.1000000000004 1638 918.51999999999998
vn -0.63114967996212179 0.50450052914070209 -0.58917679653942823
v 4771.1999999999998 1645.5999999999999 918.51999999999998
vn -0.5775289499704539 0.70546670142908574 -0.41082483508277617
v 4779.9160980243432 1658.85097054475 921.49087610672177
vn -0.42954095017516064 0.89908607543623598 -0.084491426069673248
v 4977.3918754423985 1764.141412508965 1293.6938304364994
vn 0.61534382929783216 -0.51789032654331157 -0.59425716774637427
v 4982.4790798866752 1774.1631902907338 1294.7786938783006
vn 0.79023333567090814 -0.20907864906567214 -0.5760359309099593
v 4785.3000000000002 1660.5 918.51999999999998
vn -0.28386952132339682 0.95068339347002007 -0.12497671880775332
v 4801.3000000000002 1660.5999999999999 918.51999999999998
vn 0.13577542790808036 0.99072651508697274 -0.005099556843516824
v 4808.3000000000002 1658.3 918.51999999999998
vn 0.18730494003246281 0.95555261820058124 0.22767532428756929
v 4818.4997198110013 1657.9060101477305 918.41369206262812
vn 0.16476882941219315 0.94587502704213899 0.27959196353287508
v 4982.3000000000002 1785.4000000000001 1294.3
vn 0.73146386282224374 0.1389216323133205 -0.66757875749649509
v 4827.3999999999996 1654.7 918.51999999999998
vn 0.45082167494387088 0.73106868539152559 0.51215075382226039
v 4975.5569091215802 1807.7164917334503 1294.7726984188298
vn 0.67813515834601135 0.38474532038404025 -0.62618187889591004
v 4839.2141522264756 1649.8918791497472 918.78723293578457
vn 0.48802900386919346 0.72907158665491767 0.47987739362770948
v 4849.5 1640.4000000000001 918.51999999999998
vn 0.5647538397879166 0.64874324205958478 0.51008362679743313
v 4861.2765757146153 1632.2554105960253 918.09394340676158
vn 0.14373768478517876 0.78291382915755714 0.60529778959322811
v 4971.6391748472697 1812.1904152804659 1294.5356140987824
vn 0.71148835957805012 0.50060526284400542 -0.49313150882682355
v 4957.4852340240541 1833.8164442878485 1294.1870002256594
vn 0.78343415762882984 0.5039759995660813 -0.36364696138119329
v 4941.3999999999996 1858.7 1294.3
vn 0.78369189992150878 0.59441450873458412 -0.18027312002414272
v 4934.7635414699189 1863.9732276699126 1294.7071929058502
vn 0.50320323596167982 0.85521816721867283 0.12404994871755624
v 4870.0175489356643 1625.3037573016245 918.80664787081969
vn 0.52117969001282161 0.28808854705315906 0.8033534214621475
v 4913.5 1872.5999999999999 1294.3
vn 0.15130682835035786 0.9815386387466416 0.11699634328450247
v 4909.8640897294026 1876.8818639466126 1280.8461817977222
vn -0.020662122634743471 0.99869233648209932 0.046762097259982878
v 4904 1871.5 1294.3
vn -0.64655518891895269 0.73821242928341713 0.19237670579738425
v 4867.7738617974883 1616.324020051278 919.11157975386175
vn 0.56876453498384116 -0.25794857946136568 0.78100539953221737
v 4896.5 1865.5999999999999 1294.3
vn -0.19862898269543031 0.79996515830477422 -0.56621751362157269
v 4857.6000000000004 1606 918.51999999999998
vn 0.56504835805772191 -0.22832804057939951 0.79283457224155196
v 4869.1477611310675 1595.5566695296693 906.44810835551652
vn 0.64046936325426684 -0.25859192369741729 0.72313844575651154
v 4863.528207235453 1585.3590148295816 904.31488686076909
vn -0.34719525636850496 -0.9166911890218411 0.19781991286251049
v 4847.6000000000004 1595.5999999999999 918.51999999999998
vn 0.17612489289017794 -0.6688801363365835 0.72220453149975239
v 4830.1102227928495 1594.5969158715004 917.58988406607045
vn 0.3188214164740536 -0.932879174325009 0.16759877836120307
v 4891.3000000000002 1856.3 1294.3
vn -0.54448057241760028 0.83209040813541901 0.10567146705158451
v 4805.6592254089628 1593.9854876734394 918.5301308710209
vn 0.22646827501991049 -0.91084173051248474 -0.34507892193892142
v 4884.432440120745 1855.2019254045199 1280.4895998275492
vn -0.75059162503762544 0.59201535261435223 0.29347918953868068
v 4796.6000000000004 1592.5 918.51999999999998
vn 0.17177957391661208 -0.92733934334303292 -0.33246581820262333
v 4786.5321633340172 1589.7114760666477 918.76977408320568
vn 0.05621191637554919 -0.85154956093128198 -0.52125192156492739
v 4882.8000000000002 1852.0999999999999 1294.3
vn -0.74497852958963828 0.66428041480485978 0.061143445741500796
v 4775.1216758636365 1591.9157661935794 918.70567225286959
vn -0.19657249921866321 -0.71752745701707921 -0.66821673203948739
v 4878.3761569527724 1849.1505492700617 1294.4089134304259
vn -0.80639014051473312 0.55188887414291399 0.21249379256320822
v 4764.3619989203398 1600.4964296297367 918.3507246252974
vn -0.51326699886985339 -0.51544830723446444 -0.686199701574009
v 4875.7672950819397 1839.9657442250091 1294.0722281028061
vn -0.82502009953660183 0.52142422148765855 0.21784998647373088
v 4823.3171436240318 1635.982710443388 932.17070261587025
vn 0.50979534132329773 0.48479378223857378 0.7106924079149014
v 4867.6229660958834 1834.9495848963213 1295.0767916832694
vn -0.62859793108721085 0.69011342949384025 0.35861970869589516
v 4829.3999999999996 1623.0999999999999 932.44000000000005
vn 0.51494795043172725 0.30068315918971844 0.80275665436410681
v 4835.5372771595548 1618.135362269993 933.46421199561109
vn 0.33839011786327972 0.048304763748447992 0.93976527810495436
v 4866.3999999999996 1828.7 1294.3
vn -0.6561593702817321 0.51304557916581528 0.5533887552976603
v 4865.8736246014814 1806.5184447177071 1293.9839475291587
vn -0.58844245792685879 0.41197171497392965 0.6957117073691057
v 4837.5752277461743 1608.5776847478483 932.96355725721355
vn 0.46111071890737437 -0.2926515259523641 0.83769444863057141
v 4854.2423410359697 1801.4516182971074 1294.1203684615532
vn -0.30643597642991166 0.64168676316523354 0.70308967445694437
v 4847.3999999999996 1800.3 1294.3
vn -0.24853590190864558 0.71446823879229571 0.6540374922124047
v 4832.6000000000004 1600.0999999999999 932.44000000000005
vn 0.55829274767417025 -0.70537793069697552 0.43675071010826988
v 4829.0930464032626 1593.4186921622786 932.84276856959946
vn 0.69313713958214962 -0.57746170934199592 0.43139179405233907
v 4835.6381206309543 1793.8373965294963 1294.3771042660803
vn -0.56059848431436365 0.51520382970169598 0.64830112852373156
v 4817.8000000000002 1586.4000000000001 932.44000000000005
vn 0.59571167514691192 -0.80293824134806779 -0.020439683816830621
v 4810.5 1583.7 932.44000000000005
vn 0.57634970230781557 -0.78522185946188416 -0.22637944269061561
v 4801.8841400644978 1582.5613835735649 932.44547476684829
vn 0.12984299496119117 0.054849699478069031 -0.99001631659618294
v 4834.4331166431584 1782.4180513573092 1294.3157543759235
vn -0.81189232936583466 -0.010330755441274177 0.58371578787020262
v 4789.5893678019384 1580.2595002685598 932.05615596480357
vn 0.12444577082165573 -0.69686657465631718 -0.70632161743173016
v 4838.6000000000004 1777.9000000000001 1294.3
vn -0.75601489243923603 0.64910004830848278 0.084324431192957836
v 4782 1576.5 932.44000000000005
vn 0.10419274369157769 -0.73219406667243436 -0.67307928276816242
v 4771.2620465951277 1575.0235778318511 930.9655814404025
vn -0.027918398961633496 -0.68900268558814171 -0.72422086565615296
v 4833.0927357421679 1780.5758660082111 1294.299999999987
vn -0.21485818100139004 0.93470714844640801 0.28312278025612553
v 4760.9071689084667 1576.2497023723245 932.63538738152874
vn -0.19578345076534648 -0.62754757554663765 -0.75356013750194506
v 4833.3459119385161 1750.3827423162115 1294.3537967756934
vn -0.61358816315249587 -0.22617945058994796 0.75653976906040799
v 4745.9113939001309 1585.3004563056456 932.23528874053954
vn -0.22270652741853672 -0.4668024008763354 -0.85586057344713895
v 4842.6996969417669 1740.1817429168148 1294.1694282662374
vn 0.096675375909496097 -0.71187565568621791 0.69561981177513565
v 4743.1999999999998 1588.3 932.44000000000005
vn 0.59721401481812508 0.38360374346314202 -0.7044030014884094
v 4739.0289285384279 1599.976415241423 933.62804156550897
vn -0.70054026902765021 0.054189925530056235 -0.71155237575438857
v 4851.5 1743 1294.3
vn -0.035814986807403248 -0.6332845473103843 0.77308988407420465
v 4943.6000000000004 1859.3 1280.4000000000001
vn 0.76955162386547316 0.61608122012135647 -0.16803043896804545
v 4739.6999999999998 1616.5999999999999 932.44000000000005
vn -0.87402464896742793 0.13053279150720154 -0.468019340774184
v 4740.1000000000004 1626.5 932.44000000000005
vn -0.85689340768963229 0.27033352261107291 -0.4389230848460105
v 4745.850064053313 1637.8387770944901 932.20449763204556
vn -0.76782591904462083 0.53782006606200061 -0.34812775612459951
v 4933.035988527492 1872.6468445890687 1280.954590683531
vn 0.57593218794616263 0.81511227777824424 -0.062402640190206242
v 4752.5537869308791 1645.6116166323784 932.07195121120435
vn -0.68268163310467644 0.65989660024323704 -0.3138188407488457
v 4919.0226353997114 1878.3915435344222 1280.4682417739623
vn 0.15498490440614637 0.98708160248201471 0.040615138159997059
v 4760.8999999999996 1651.2 932.44000000000005
vn -0.53443426318648435 0.81521445726877761 -0.22317125037130542
v 4775.3000000000002 1656.5999999999999 932.44000000000005
vn -0.40960432564680099 0.91222589883051575 -0.0082586872011946068
v 4792.1999999999998 1656.5 932.44000000000005
vn 0.082729783678541849 0.92142889864336708 0.37963741601345508
v 4904.8399497848304 1877.6190618385795 1266.8054240744291
vn -0.23368369002450365 0.93282666843868134 0.27427420525109908
v 4805.7443795985373 1652.83477387281 933.70199474733363
vn 0.31410450736693457 0.84660869809806893 0.42964179354023285
v 4902.5 1869.5999999999999 1280.4000000000001
vn -0.69889412775465454 0.69916301441733919 0.15072517195518531
v 4814.2074699396417 1647.8755468196036 933.64741001542097
vn 0.42413316414192459 0.69749564470259928 0.57759058570570954
v 4900.4296922333833 1855.0752379986807 1280.4003409464599
vn -0.28386227026980704 0.95558251918952319 0.079273328028256623
v 4895.452588248053 1860.8463758977305 1279.8969431254109
vn -0.079201498568135256 0.99652049358926009 0.025962058492712128
v 4689.1999999999998 1490.7 946.36000000000001
vn -0.25048396956153479 0.3942117561003094 -0.88422557774869093
v 4888.8699493151935 1860.1933562309569 1280.3576112254027
vn -0.36119598662908731 0.75362171600444416 0.54917371423763295
v 4696.3954910907778 1492.1020917973995 946.34128493525964
vn -0.095741567175728973 0.36456221797786714 -0.9262439967620808
v 4882.6999999999998 1846.2 1280.4000000000001
vn -0.83995018100708829 0.51200032433356391 0.17983148030443691
v 4703.5988599432321 1495.9204652679259 946.35043442054575
vn -0.26346645568524291 0.21606969288046549 -0.94015919638495116
v 4710.5 1505 946.36000000000001
vn -0.22059602752518306 0.31037233870887221 -0.92466556332789529
v 4719.6000000000004 1510.5999999999999 946.36000000000001
vn -0.22790357686453017 0.4599530066988326 -0.85819764115328168
v 4732 1516.5 946.36000000000001
vn -0.034552604007113144 0.68753475014382603 -0.72532894944362614
v 4751.5 1516.4000000000001 946.36000000000001
vn -0.41301197250082616 0.80457977903909461 -0.42669953097276619
v 4876.4555189744351 1836.5622843453348 1280.5875373707161
vn -0.83955523897029927 0.54220811640751687 0.034019982647503229
v 4758.2436682894904 1520.5751021086799 946.36001951943888
vn -0.22517734534333328 0.88398807292877968 -0.40970751770475461
v 4873.8000000000002 1831.3 1280.4000000000001
vn -0.61038763718818856 0.78865223023975906 -0.073855210416558806
v 4767.1966912556909 1520.0408044670185 946.35685493639983
vn 0.20200619552043503 0.88131038000620832 -0.42718322891315941
v 4864.040889973523 1829.4700705337104 1278.6951289506915
vn -0.6983275238593103 0.71071025573370594 -0.085027065193705606
v 4858.3409164252971 1826.3504501712505 1280.3975211398206
vn -0.82484302364785844 0.56507320842662534 -0.018062542952151327
v 4856.1641084932471 1819.0486392104513 1280.2940920504361
vn -0.90460175334609849 0.37236723550775913 0.20745676601035098
v 4771.2983616216625 1515.9105214632318 946.36908885863113
vn 0.17638277065157673 0.88998090007482811 -0.42050340750019166
v 4851 1809.5999999999999 1280.4000000000001
vn -0.73474999539288322 0.59332869044403713 0.32879098127248269
v 4846.4656005499064 1803.2663650378902 1279.5970825786471
vn -0.52590334558263774 0.79471786853254722 0.30306629726855772
v 4831.670433423059 1791.2087632926882 1284.7054538541538
vn -0.59690567570583764 0.6938600580912222 0.40281737064804318
v 4824.3000000000002 1792.5 1280.4000000000001
vn -0.21274027647060795 -0.031736104464405439 0.97659325946917819
v 4798.616929079054 1529.3665582344256 946.32695227826741
vn -0.78550308861005025 -0.081874712050240606 -0.61341782604580519
v 4822.7099727494751 1751.6700001067575 1295.5105773545224
vn 0.74790262376983829 0.078859467238550293 0.65910761623959679
v 4816.8000000000002 1791.3 1280.4000000000001
vn 0.17888437640734783 0.81583214025152972 0.54992572117510785
v 4798.202933748903 1561.1862412664923 946.37437860820955
vn -0.55942901180675042 -0.38275121053162114 -0.73521472481547956
v 4809.4418665706871 1790.2790313261526 1280.354386184049
vn -0.34186409205929091 0.85937241547560006 0.38027357794107797
v 4801.7638265754777 1784.2912486590085 1280.6045205767437
vn -0.2833672803903185 0.95720784821945593 0.058788771983035858
v 4786.7448025127587 1563.784438534894 945.61613118126127
vn -0.070546996039284396 -0.53768047255837348 -0.84019213920343083
v 4796.3999999999996 1777.5999999999999 1280.4000000000001
vn -0.57769953007455066 0.81479841594284219 -0.04864971046860004
v 4768.8873374664818 1564.4500152493054 946.16194387041287
vn -0.10541450814376664 -0.70360436564312201 -0.70272944873596088
v 4790.3000000000002 1772.8 1280.4000000000001
vn -0.9575698048553507 0.28541398010389962 0.039986607639763354
v 4752.5 1564.9000000000001 946.36000000000001
vn -0.15772018348450997 -0.64927476433147246 -0.74402058044379615
v 4734.6000000000004 1564.8 946.36000000000001
vn -0.13699878329690393 -0.57102016219203899 -0.80942405928249095
v 4724.58699742514 1561.4505628911047 947.28526545305067
vn 0.64464352164129413 -0.66010130338978013 -0.38561768536858337
v 4787.1000000000004 1768.2 1280.4000000000001
vn -0.80987528226112249 -0.059742251298314987 0.58355196049047442
v 4780.7491060294333 1763.476489059557 1282.2686600217669
vn -0.57204020118487586 0.41276800315812845 0.70879657434077514
v 4778.6999999999998 1753.5999999999999 1280.4000000000001
vn -0.66578827963781295 0.053529828575265698 0.74421806223016662
v 4719.6999999999998 1551.5 946.36000000000001
vn 0.80956388871128349 -0.58477173505060986 -0.05146190805405372
v 4707.2553316883805 1536.8616227870448 946.25336139423143
vn 0.21276210352574784 -0.82004225073070158 -0.53128428766511071
v 4781 1747.5 1280.4000000000001
vn -0.67433059322359168 -0.15559193815542302 0.72185136962103069
v 4781.1000000000004 1738.4000000000001 1280.4000000000001
vn -0.61131767575334739 -0.034184289287351698 0.79064665538876711
v 4778.3999999999996 1730 1280.4000000000001
vn -0.74924887257029926 -0.034141582200908939 0.66140795226316573
v 4774.3245978846617 1723.1237309294702 1280.3939720697817
vn -0.72863406928576102 0.090945922712033195 0.6788381487645857
v 4776.1668752700552 1712.205378736835 1280.4826992919807
vn -0.58876666249655685 -0.54276901947617984 0.59896210951072004
v 4783.8999999999996 1710.0999999999999 1280.4000000000001
vn -0.31913192396396106 -0.71574500548129405 0.62117944447288576
v 4786.3934584182516 1710.4102518851423 1280.4679481978583
vn -0.40994767902789403 -0.22578412024488625 0.88372191978296288
v 4792.2272155086121 1693.4547898592753 1280.4548433117993
vn -0.84557043532491771 -0.4186546514633972 0.33126865488978957
v 4689.2898953845679 1546.3182184176476 946.35446110609064
vn -0.68912008719198037 -0.32517785474878463 -0.6475900464101465
v 4797.2284079806268 1679.9388165285243 1280.2770291379015
vn -0.8936953832712865 -0.36662841873544511 0.25863519577802108
v 4801.3999999999996 1668.3 1280.4000000000001
vn -0.92502840440210754 -0.36071393177491301 0.11919693986329663
v 4804.9236985463103 1660.0077042860376 1280.4181071133098
vn -0.84696879771398481 -0.51570702959546577 0.12919022921548148
v 4686.6999999999998 1567.5 946.36000000000001
vn -0.80383142761022119 0.20145160361649694 -0.5597073229701891
v 4689.1787848368713 1575.5580429039073 946.31142487902798
vn -0.66269005323134467 0.55920110876494189 -0.49813252584457596
v 4815.9495707872256 1643.8057359084232 1280.4550494336238
vn -0.53082754934169385 -0.82738728019496177 0.18344590873463365
v 4696.3999999999996 1582.3 946.36000000000001
vn -0.62349148221889772 0.67070756153890299 -0.40175830855754663
v 4704.1000000000004 1585.8 946.36000000000001
vn -0.31898990156736462 0.91001175554795888 -0.26480945500975789
v 4712.1000000000004 1585.9000000000001 946.36000000000001
vn -0.33859572675406197 0.93655101442013045 -0.090692509131202859
v 4717.0195902829673 1585.4042698251537 946.36000413274314
vn -0.28366630001026139 0.89370508686978312 -0.34759840037255896
v 4830.8999999999996 1643.5 1280.4000000000001
vn 0.052161964492936315 -0.97790111148111958 0.2024562807724884
v 4722.5 1594.8 946.36000000000001
vn -0.63277046949705495 0.31778438399316289 -0.70612648882658602
v 4731.70305371831 1612.5029701503076 945.09766993609981
vn -0.8250281397144118 0.28531431722089362 -0.48777485489532191
v 4850.9176730083609 1649.7407697796093 1280.3663486223254
vn 0.48699978227752944 -0.85281553280116495 0.18851227831285736
v 4858.6000000000004 1657.2 1280.4000000000001
vn 0.77740199987771552 -0.59418387285851937 0.20637745957584455
v 4861.7264237801683 1664.2583262591943 1280.5180960763471
vn 0.73290483464022316 -0.56700168265151407 0.37597818451519088
v 4739.1000000000004 1624.3 946.36000000000001
vn -0.85219596663390462 0.46220927584887184 -0.24520322137395853
v 4748.6999999999998 1636.5999999999999 946.36000000000001
vn -0.62773124772954692 0.77830258072724035 -0.014091609461798436
v 4862.8032535392604 1677.2043537626234 1279.7638636118186
vn 0.77070412801506394 -0.21703980167471509 0.59909003626294799
v 4861.9225209573597 1686.0003254938849 1280.57200350568
vn 0.64911340538211226 -0.027194901134223647 0.76020538297590168
v 4859.6249636424327 1691.1017947155715 1280.0505686957063
vn 0.74176776328837113 0.57951761955940428 0.33754986885846738
v 4852.7396408558698 1692.6865134157183 1280.7472202599652
vn 0.12072387801633643 0.9822169127377024 0.14379040861167838
v 4795.0318199404919 1649.0389577934707 945.66860010042001
vn 0.3836308512482241 0.77933789131884679 0.49543901857368505
v 4845.4333324785921 1687.52427110083 1280.3868256782057
vn -0.25480928189027202 0.90860727029084576 0.33091548503686169
v 4808.6650558211541 1642.4549286108122 946.66576512370284
vn 0.51436099251838041 0.56717304173770211 0.64323208105745899
v 4838.4993386803508 1692.1761742536792 1280.4153165003931
vn 0.025838689532592073 0.95689062459436069 0.28929689712586348
v 4815.9346577122951 1631.2203778040512 945.99888678499224
vn 0.71773692088449637 0.24373294526385775 0.65226372257871856
v 4835.797574821986 1700.1481041153284 1279.6618769392821
vn 0.21365334254740462 0.76521823333377903 0.60728354546443231
v 4815.6000000000004 1606.2 946.36000000000001
vn 0.48513669526754821 0.095033416819434655 0.86925890078417134
v 4813.8000000000002 1597 946.36000000000001
vn 0.76202275450765045 -0.18990409196252428 0.61907815134154298
v 4812.1145087407604 1588.7027562288858 944.51895290507173
vn 0.87176961347725024 -0.39087887742905869 0.29534969815038686
v 4834.3000000000002 1714.7 1280.4000000000001
vn 0.40899065905515081 0.30862794925987397 0.85876389638903539
v 4809.1000000000004 1580.9000000000001 946.36000000000001
vn 0.79568813183750442 -0.41791349560121271 -0.43843894335165717
v 4814.6000000000004 1723.4000000000001 1283.8
vn 0.067570924236294488 0.014168180261828735 0.99761386962387466
v 4812.2406095588312 1744.7061853503437 1297.8110597509203
vn -0.18386367200200504 -0.20778529629689266 0.96073899721035139
v 4838.5822344886064 1725.6434175200829 1279.8635926280449
vn 0.030644750320925975 -0.13904051199424353 0.98981242430176974
v 4818.1581431350796 1575.3815213629653 946.32333324560022
vn 0.60504668121606908 0.79268526823077612 -0.074622912562582452
v 4828.3000000000002 1751.4000000000001 1283.8
vn 0.030644750320925975 -0.13904051199424353 0.98981242430176974
v 4842.8999999999996 1731 1280.4000000000001
vn 0.42783874422579427 -0.68135706505640381 0.59389103279727906
v 4830 1566.5 946.36000000000001
vn 0.57937804607996757 0.80664785364167868 -0.11679178025799528
v 4843.0653100048639 1557.0587148247832 946.47478523125528
vn 0.62907891021328521 0.7292946864846267 -0.26905201168204523
v 4855.1470865897409 1732.9654574719764 1280.431547010204
vn 0.29666506409631915 -0.71016987690990563 0.63847363741543495
v 4876.8483135074066 1742.5356006212105 1277.2892335649792
vn 0.42831629227374446 -0.86260492119974785 0.26918005812996126
v 4852.8877870796232 1548.6328612799844 946.60183484612844
vn 0.67823422113948983 0.70854911917144592 -0.19482424642912791
v 4891.1757480901315 1748.7704152792851 1280.3074545659388
vn -0.017790117235479234 -0.96829009901244412 0.24919429344031738
v 4901.1999999999998 1744.5999999999999 1280.4000000000001
vn -0.2993120279661064 -0.9430715128015984 0.14501183281691657
v 4859.7746810363224 1541.9680230416589 946.33781173126272
vn 0.6731933141197386 0.55688241701415164 -0.4865107762886241
v 4912.8371081731166 1739.4397789121117 1280.0336284299374
vn -0.34036615662457781 -0.93214449952194978 0.12352129952193258
v 4864.6999999999998 1530.0999999999999 946.36000000000001
vn 0.82718757126285691 0.11171403274986479 -0.55070926706840329
v 4864.8783505034817 1514.3999427208259 946.35828647642688
vn 0.81989818128944703 -0.035400542870603464 -0.57141383767172071
v 4943.3999999999996 1739.5999999999999 1280.4000000000001
vn -0.18529948034343266 -0.96379032146587496 -0.19176109833112465
v 4859.1422583541698 1496.4001315193709 946.34016737581032
vn 0.68244723822404607 -0.34084299076430646 -0.64660020312958078
v 4948.3999999999996 1741.2 1280.4000000000001
vn 0.038926389200174209 -0.98324621746024676 0.17807754511435137
v 4952.5 1743.0999999999999 1280.4000000000001
vn 0.33540344057158605 -0.73858339279967278 0.58480689456714419
v 4851.8000000000002 1492.9000000000001 946.36000000000001
vn 0.2678744175643677 -0.56633906831591363 -0.77942501635090833
v 4829.5904639159789 1493.1208128263074 946.35873468180455
vn 0.094776327722549028 -0.50451402803204415 -0.85818590248401871
v 4962.999128430165 1751.9651744110529 1280.1849871446311
vn 0.84917180475631782 -0.23662195330588146 0.47214118356759249
v 4813.6242169714051 1496.3448593557287 946.40519902890799
vn -0.27580486516368363 -0.57447980160731682 -0.77065208356122694
v 4972.8000000000002 1767.5 1280.4000000000001
vn 0.93999524198838902 -0.29385112014856413 -0.17337953808516163
v 4972.6999999999998 1787.3 1280.4000000000001
vn 0.860483708354425 0.11590830662738889 -0.49611798204800828
v 4803.2656831932054 1510.3685309792363 946.51989095728277
vn -0.57387813590310466 -0.41813412703073893 -0.70415036529467179
v 4969.2022278693867 1806.4778817518641 1283.1583910349523
vn 0.8229565315877887 0.38256846674768863 -0.41998085119124123
v 4795.8999999999996 1506.5 956.78999999999996
vn -0.087487521992985096 0.11126740020656421 -0.98993206794547239
v 4962.9730040431059 1821.7313469070796 1279.3984407735588
vn 0.89577381550556645 0.38213162742558165 -0.22707860043534667
v 4955.7911728385643 1836.9492549434513 1279.1302220694015
vn 0.84020998652130863 0.49499133644187715 -0.22142889467580076
v 4950.1702131231832 1845.5754147141342 1280.3552926419804
vn 0.85063809090374631 0.50542501616682656 -0.1447770400871389
v 4788.0749876098125 1503.1383521214593 946.33832822912871
vn 0.54839371178658458 0.35663341046725777 -0.75635768483662857
v 4963.8012167920224 1799.6645711341116 1267.1756357208758
vn 0.91520364040384961 0.25099492541886592 -0.31528375157232436
v 4957.6999999999998 1820.5999999999999 1266.4000000000001
vn 0.67631980120330382 0.55084955161942284 -0.48903609067327991
v 4952.8000000000002 1828.9000000000001 1266.4000000000001
vn 0.77367885033700168 0.37711574764803685 -0.50912154680103416
v 4805.0944569209414 1476.5417259678848 946.38127428026837
vn 0.45406894308653578 0.06580595659509747 -0.88853304440571068
v 4942.8738806416814 1832.6921404811528 1252.3278873079803
vn 0.8081377566540755 0.37566504247323013 -0.45363988155110935
v 4804.5248814330316 1467.3471768702802 946.34540606289193
vn 0.41176482915910212 -0.021953690688750256 -0.91102566425579801
v 4798.5 1442 946.36000000000001
vn 0.39165350128552429 -0.093620851647042619 -0.91533746294340657
v 4940.8683720301487 1850.8096644246325 1267.6700614312667
vn 0.76529575858769205 0.53085806619472542 -0.3640221359253934
v 4798.3449354981412 1425.4376111768074 946.40152372008515
vn 0.38144277096872597 -0.062387318438023719 -0.92228479060093616
v 4793.8000000000002 1416 946.36000000000001
vn 0.27892874745306662 -0.27025899883771515 -0.92149814291266985
v 4927.7232819338933 1862.1965009554574 1265.8035376609575
vn 0.61810178733081533 0.64336546637548075 -0.45169797118640193
v 4916.6831543986 1872.9385863673319 1266.3578099181616
vn 0.34128065684265857 0.90741317966948576 -0.24521181583919849
v 4787.3528891585102 1410.1368354489882 946.31593621508182
vn 0.14415757074712701 -0.38635317649870754 -0.91101581644099106
v 4890.4513495796018 1877.8641511179117 1266.2263774824296
vn -0.1376332932998304 0.6549385951948189 0.74304273975302393
v 4879.8000000000002 1871.5999999999999 1266.4000000000001
vn -0.61326138698828236 0.74188011406910426 0.27115377109312183
v 4773.0709272223767 1411.5978713221966 946.36089601320509
vn -0.042389924311557324 -0.38601379175089762 -0.92151855482944844
v 4761.3999999999996 1415.9000000000001 946.36000000000001
vn -0.20476076960127476 -0.30307791959609642 -0.93070768874313903
v 4873.5710605130344 1864.9889896136249 1266.4100166888343
vn -0.87950981448563559 0.41535581237568014 0.23225424721451687
v 4872.2397947006466 1858.6801252718565 1266.3840369372833
vn -0.8910802932305798 0.41050854457428443 0.19354236189425458
v 4752.5035992532157 1422.3802509866455 946.23690318117758
vn -0.32119351863809836 -0.23962517264493141 -0.91619566699464605
v 4871.8000000000002 1843.0999999999999 1266.4000000000001
vn -0.81410917585020248 0.24212600399243103 0.52782691101076074
v 4747.5945811627771 1432.3937158153276 946.41967183470058
vn -0.42112247684292714 -0.25650722696056111 -0.86997695487563431
v 4868.5 1829 1266.4000000000001
vn -0.62825065826543058 0.71773817778738447 0.30025492258329078
v 4862.5638468737743 1819.8090924917922 1266.3672139557962
vn -0.75673035308118963 0.64528077382528237 0.10474681693045768
v 4737.0185699583735 1450.0386451038503 946.33661693561135
vn -0.23024737630027134 -0.52242884146622115 -0.82100807018634314
v 4853.6039501086452 1810.4319379327608 1266.4090785324302
vn -0.64767749879728376 0.74257200513808741 0.17058919876971906
v 4716.5 1447.4000000000001 946.36000000000001
vn -0.027633036187745149 -0.79634893892777869 -0.60420591091088127
v 4846.8999999999996 1806.2 1266.4000000000001
vn -0.56313326405870334 0.75834564718038133 0.32831814801067455
v 4837.7233096153632 1801.9168420136104 1267.5466026579866
vn -0.41729429027183834 0.81230248370570146 0.4074679745355102
v 4823.3999999999996 1796.3 1266.4000000000001
vn -0.33218755471112682 0.90505953416551876 0.26555351270720656
v 4692.7992198137335 1448.2421848216518 946.33393525575616
vn -0.065679000143369012 -0.75294856934156573 -0.65479364754604685
v 4806.4901047148987 1793.0240255211929 1266.3205126532494
vn -0.41034956558396163 0.91183445762013893 0.013082657285157539
v 4793.444922677123 1783.5715439201399 1266.2118903836431
vn -0.64707662565568513 0.75999664288118141 0.060802494516148185
v 4676.1787618755188 1455.1545310649435 946.34854921497129
vn -0.27762999569199226 -0.59659201940976825 -0.75299372365819817
v 4781.6000000000004 1774.7 1266.4000000000001
vn -0.65767741995748041 0.74237504450138114 0.12782685390654183
v 4669.4551507035321 1461.8617778783864 946.35961184556868
vn -0.54708238230784845 -0.2061100127414566 -0.81130729666143508
v 4772.9383850577942 1764.5010350705204 1266.3855145804878
vn -0.86674805912787833 0.49064007576170193 0.089555111828456227
v 4669.1054073648093 1471.9546739664811 946.35983386182215
vn -0.569496324329545 0.020921143887432641 -0.82172759617380453
v 4769.1616495692242 1752.9149544855904 1266.3178637862679
vn -0.97884364122762346 0.048384737549137066 0.19880654717727186
v 4673.2064201092935 1482.6162505070242 946.36137765098965
vn -0.47184974050364098 0.29289855700285067 -0.83160583072288197
v 4678.8999999999996 1486.2 946.36000000000001
vn -0.30236745743534821 0.43405660253638279 -0.84862758998199883
v 4668 1452.5 960.26999999999998
vn -0.6818481883219345 -0.55174057947030575 -0.48027635903494886
v 4662.826111293989 1458.1253161356708 959.91710160187449
vn -0.8721500233191265 -0.33870932482188076 -0.35303021131788836
v 4769.3000000000002 1739.3 1266.4000000000001
vn -0.90894594015125441 0.053772698651090696 0.41343170507634169
v 4662.5377110353693 1475.6611452772213 959.87761935288472
vn -0.92364690868641641 0.13342562769643437 -0.35926868768073739
v 4773.3999999999996 1724.3 1266.4000000000001
vn -0.99762125613338992 0.035674739627513122 0.058984254367978627
v 4667.9125824374787 1490.1403263267675 959.94475663665071
vn -0.67141615551653044 0.53058397834295545 -0.51737895979365478
v 4778.6999999999998 1712.2 1266.4000000000001
vn -0.66792278642813219 -0.74183731216186632 0.059636848127121465
v 4783.8999999999996 1701.8 1266.4000000000001
vn -0.4579609679061688 -0.76468660588669513 0.45334991634710964
v 4672.1000000000004 1498 960.26999999999998
vn -0.55103115304936912 0.52488903092827555 -0.6487342858060291
v 4677.8308364172717 1507.3420489512064 959.54595441389176
vn -0.4716657713423007 0.57267399444614531 -0.67050421044850195
v 4788.9400981713443 1694.455765696458 1264.2606897719979
vn -0.76132986115311174 -0.63365027011820374 0.13734692459502429
v 4798.1911099021581 1689.2173940526295 1266.7354100446291
vn -0.78521704238884404 -0.61922042617878958 0.000510044189040501
v 4802.8999999999996 1680 1266.4000000000001
vn -0.80796528010034763 -0.56533415493658123 -0.1661005701811655
v 4686.5 1516.7 960.26999999999998
vn -0.46315811369622317 0.48182081018958967 -0.74386374329281835
v 4694.847251669692 1520.6393935955687 960.02767486605057
vn -0.37456770081282548 0.55059446561610459 -0.74601928389332539
v 4812.1390729761724 1667.7079514843795 1266.7278581970609
vn -0.53258157345050972 -0.66871171370996518 -0.51882705362004866
v 4709.4093574309936 1525.4871939502186 960.08079502263081
vn 0.060247144561521804 0.68918831549623383 -0.72207322852716715
v 4824.387683512784 1650.7709371815208 1267.8191531901039
vn -0.21007739936358497 -0.75525051028121271 -0.62085759478047842
v 4727.9682846854093 1525.8494184893693 960.23011956406754
vn 0.071454582899890443 0.89585492882961082 -0.43856377993889972
v 4834.3347670659696 1654.25302701235 1263.858488461864
vn 0.14794200667162105 -0.74625570266679431 -0.64901123942445194
v 4740.4280438647602 1519.1922949517152 961.1092118490011
vn 0.2926459195492625 0.93436840477915417 -0.20325857896193547
v 4847.9932534134068 1657.1517122258772 1267.9441591889151
vn 0.32120260814044621 -0.78067509745219521 -0.53607394708359069
v 4760.5 1511.8 960.26999999999998
vn -0.15119759664745491 0.97563134373345872 0.15900555931438115
v 4767.3932538877716 1511.3080783939051 960.04747255227358
vn 0.052543483959892445 0.99803244943109826 -0.034211287259017079
v 4857.18814959476 1661.8919224775223 1266.0465151947742
vn 0.61496116377039922 -0.74851607971889622 -0.24808556075759669
v 4774.4795753405224 1517.6025709726014 960.45771452303688
vn -0.39083816232943691 0.89140261594918047 -0.22944913847279266
v 4869.8275454117693 1666.4314931856716 1267.4762040383112
vn 0.7687886400862538 -0.60823579952506801 0.19751769300604374
v 4782.8198973031413 1518.9436041154731 961.14432666778521
vn 0.040555498540827344 0.28836957018687454 -0.95665994090290118
v 4882.4681246034961 1678.2785941234997 1265.6171959293963
vn 0.79874899491708673 -0.50471349431226142 0.32751233836002352
v 4892.2871060279977 1685.9690583355568 1266.3899856354519
vn 0.90559508819960643 -0.29482378186216396 0.30492043860200374
v 4783.6000000000004 1525.9000000000001 960.26999999999998
vn -0.73875651599188286 -0.23946872013058912 -0.62999487470816184
v 4774.3000000000002 1539.5 960.26999999999998
vn -0.42725624048661542 -0.38646395719729087 -0.81737244555505661
v 4770.8399959333747 1545.1156548958929 959.73343909929145
vn -0.37372212423668977 -0.60758188235139121 -0.70083951807411393
v 4891.8705613563789 1696.2255116156557 1266.5426651768062
vn 0.88051034887669266 0.35908715416890552 0.30944780049617721
v 4762.4829838048427 1546.5629117228241 960.72236250882679
vn -0.29922938018610251 -0.82697536186887777 -0.47599740429468684
v 4870.1301968497555 1711.1848046967543 1266.3798509728072
vn 0.58480139613154547 0.71878069746818674 0.37598089849052502
v 4743.8000000000002 1549.8 960.26999999999998
vn -0.14204859850879809 -0.88249445067541954 -0.44835894123879788
v 4723.8833557733578 1549.1009278605186 960.50785874530118
vn 0.4692559294764711 -0.76929746774026309 -0.43356692537553171
v 4860.3593389795406 1719.8740288911722 1266.2715347192841
vn 0.49903846193087464 0.66321739950061054 0.55776634401271863
v 4859.8015071578639 1722.6191173011543 1267.0473185236278
vn 0.91114204773170349 -0.22910070536907212 0.34253910091356271
v 4716.3999999999996 1542.9000000000001 960.26999999999998
vn 0.31066014313954593 -0.94973693210721966 0.038600974807421209
v 4713.6058623151594 1538.1423784626809 960.58631056719605
vn 0.51203884690175827 -0.85849405386542976 0.028358045440725232
v 4865.4433346297192 1731.9413484583326 1266.7577236677514
vn 0.69905693564397042 -0.71316907586816258 0.052050647963427427
v 4884.3413812533709 1743.1754079806733 1266.2064762279601
vn 0.50679780624133508 -0.85708194350097566 -0.092555527730981565
v 4892.8000000000002 1746 1266.4000000000001
vn -0.013727447353519259 -0.99913091395171838 -0.039357006684456929
v 4911.1999999999998 1746.2 1266.4000000000001
vn -0.17460772319877499 -0.95858039779392545 -0.22502391864995058
v 4698.1397527729832 1535.7958673615776 946.26198603228841
vn -0.31623348831123171 -0.77818468055696266 -0.54260942105437893
v 4699.6123632598456 1538.8912458271252 960.39017630034095
vn -0.29478326642055991 -0.95520259629126081 0.026283566669303999
v 4922.8000000000002 1746.0999999999999 1266.4000000000001
vn -0.14028630381684365 -0.97846681653628065 -0.15140159146708054
v 4688.5322276998395 1545.6625848919962 959.83079828852897
vn -0.75868458599893218 -0.6364136036448238 -0.13919563234325313
v 4932.7175792195922 1744.6873313204696 1266.3402178949436
vn -0.19143923986661063 -0.97024495121155818 -0.14824220751113795
v 4943.3999999999996 1742.0999999999999 1266.4000000000001
vn -0.13763631713505164 -0.9879145492121304 0.071281748438802806
v 4686.5566585880806 1558.98842121898 946.34584512122387
vn -0.75469082441701463 -0.10051157242978455 -0.64833570266371943
v 4953.6000000000004 1735.0999999999999 1266.4000000000001
vn -0.43048438871909683 -0.79782986970167646 0.42207900928730346
v 4685.6000000000004 1564.5 960.26999999999998
vn -0.89359265659097475 0.3439321685748376 -0.28844900330230594
v 4689.8999999999996 1571 960.26999999999998
vn -0.77839816129873118 0.59873625443789247 -0.18870930053507662
v 4696.3116187626965 1577.0612512531634 959.92489753194718
vn -0.78831014921158094 0.54840357015766716 -0.27896349741200843
v 4955.3000000000002 1729.5 1266.4000000000001
vn -0.78264128490043006 -0.59112967797379845 0.19503415851587949
v 4961.2995592037169 1724.3325918352316 1266.9239659857235
vn -0.29274718328299637 -0.81749020647595838 0.49599279127399282
v 4701.1000000000004 1583.3 960.26999999999998
vn -0.6900999733172466 0.69606990502920763 -0.19811288231754468
v 4707.1000000000004 1589.5999999999999 960.26999999999998
vn -0.42966885016515211 0.84573463372428426 -0.31641366676710841
v 4711.3000000000002 1595.0999999999999 960.26999999999998
vn -0.34757925787910648 0.69614105333726539 -0.62815308114399326
v 4716.1999999999998 1599 960.26999999999998
vn -0.68741451687750277 0.54786806789797193 -0.47676185057511961
v 4724.1644712992784 1613.063319709292 960.89767645947336
vn -0.7807065260262539 0.4970989229184184 -0.3786686956342793
v 4971.4552258553704 1727.1706918303119 1266.3151555536429
vn 0.21580732264163383 -0.79031059985573571 0.5734425474709014
v 4730.3128248430212 1625.0808151196643 961.31908159771729
vn -0.70286497537783288 0.66763744171155015 -0.24544056879818119
v 4990.0993438470623 1728.0812931441053 1266.53910277724
vn 0.067947186940691157 -0.88651595433601571 0.45768181359384408
v 5006.9269195059032 1729.3331932751016 1266.4657833035585
vn 0.25247632587212865 -0.80072613032061124 0.5432249709796948
v 4736.8999999999996 1631.2 960.26999999999998
vn -0.59521395449981185 0.79969439041827406 -0.078798669419228681
v 4744.1000000000004 1636.2 960.26999999999998
vn -0.54060708875287888 0.83757694768145785 -0.078796143958630438
v 4757.4664757993696 1641.2748865918561 959.35800395399156
vn -0.39619402190466974 0.87619183095783137 0.27444156458117852
v 4761.3356586503432 1643.1859182000885 959.92184718445151
vn -0.3265328965354431 0.85395063461341569 0.40514760411918793
v 4775.7502740563086 1646.3841995022392 959.0290666378736
vn -0.02220566250523576 0.86682478827033305 0.49811815364709994
v 5020.5583859640283 1736.5752851670422 1266.4486938722082
vn 0.75280692117821624 -0.35760407992658727 0.55263103554363813
v 4783.760205356306 1644.4815064194461 961.56547811412111
vn 0.3393187045118366 0.73509261235022105 0.58694264458849532
v 5020.0262851964553 1745.8617188939388 1266.4378342257517
vn 0.72555431140885285 0.39449435787925125 0.56386624548509978
v 4793.6897952365434 1634.2003379689631 960.60265303505912
vn 0.46420764210507354 0.47579228471449403 0.74708297184275974
v 5012.95696864621 1750.6861848072795 1266.3450425822477
vn -0.064113262145739092 0.96709386217568161 0.24620916180994437
v 4800.8999999999996 1617.0999999999999 960.26999999999998
vn 0.67188206523209448 0.16919418940651759 0.72107407156999259
v 5003.1041717911721 1747.3584483892337 1266.6102694678284
vn -0.14736743817390718 0.95829328453876683 -0.24486081551355232
v 4979.8000000000002 1747.3 1266.4000000000001
vn 0.45399810771963867 0.79893553106836068 0.39444611214144815
v 4977.1263433329177 1748.9998909588048 1265.9226139175553
vn 0.56206287137894706 0.079470097900190745 0.82326777670268825
v 4804.1999999999998 1604.7 960.26999999999998
vn 0.79325096172520515 0.14851162234597545 0.59050589306983514
v 4807.6999999999998 1596.5 960.26999999999998
vn 0.91186686530961925 0.099679575573501877 0.39819945023052872
v 4810.5 1588.2 960.26999999999998
vn 0.96432864029612109 0.22134877580413656 0.14517228714408348
v 4817.6244447788222 1576.2501952473899 960.32485619394129
vn 0.78811380197283576 0.6153085657938856 -0.016492543787825775
v 4821 1572.4000000000001 960.26999999999998
vn 0.601273312865098 0.79028251748197698 0.11799977033273713
v 4837.3000000000002 1564.4000000000001 960.26999999999998
vn 0.63404818770119686 0.75400371250757747 0.17164293518120249
v 4849.5 1552.3 960.26999999999998
vn 0.77954892522960306 0.50407146917279499 0.37177335453115895
v 4859.327058807321 1538.0688811713953 960.24347394516553
vn 0.76137836146791471 0.36153490865936871 0.53814078131014687
v 4969.7868622639071 1755.8959371009321 1266.533090060369
vn 0.93474361954861251 0.13867348344276112 0.32714527461513043
v 4862.1999999999998 1530.8 960.26999999999998
vn 0.78818673126457761 0.21198351437025573 0.57777561933132504
v 4862.2234768911658 1506.3955697811944 960.32925508778806
vn 0.79784866687030354 -0.27346827198467399 0.53726400306645872
v 4966.8163153801179 1773.0521994628639 1267.0615924015665
vn 0.98789609677557699 0.12237362786365136 0.095320497161253501
v 4855.2668188950884 1488.8789494900116 960.30506894048767
vn 0.57143463635568303 -0.71776171014022716 0.39784492434819962
v 4965.6559685066359 1789.0698467494237 1267.0422837467383
vn 0.95494858702469065 0.25413750743350788 -0.15325574525945354
v 4883.091103394916 1699.3788710964827 1251.4910347838234
vn 0.72468422396672993 0.48963337622871472 -0.48486279751761557
v 4842.3999999999996 1482.0999999999999 960.26999999999998
vn 0.42318453261810302 -0.89339291286910605 0.15087728320741858
v 4833.6000000000004 1478.8 960.26999999999998
vn 0.93098713538173228 -0.3591960178828203 0.065124300309797475
v 4829.1999999999998 1475.3 960.26999999999998
vn 0.43995006203826209 -0.84389363570728981 -0.30706265569955143
v 4825.8000000000002 1471.9000000000001 960.26999999999998
vn 0.47719798564789728 -0.50869974642706606 -0.71659378344961089
v 4819.7246047937269 1461.5873401046981 960.23427964613836
vn 0.77147651420227292 -0.21971274348927064 -0.59711832862735681
v 4872.4110057065818 1707.3179827332287 1252.5823955488056
vn 0.43791547328483332 0.70063514904699753 -0.5633297668130206
v 4815.4651736305323 1451.1475310499318 958.64443090602435
vn 0.73086164390408781 -0.13081603915525403 -0.66987194400836447
v 4859.7416917814753 1714.8757190510269 1252.5638023683255
vn 0.67934684588431604 0.48132948004865367 -0.55390413847806219
v 4815.0876652330398 1440.9691229618911 959.81748231021231
vn 0.67776849767185166 0.021112619622291058 -0.7349721905326253
v 4852.9348279631467 1724.9445303239261 1252.472642186563
vn 0.74979583175940723 0.11618807273859988 -0.65138816571189606
v 4816.8999999999996 1433.5 960.26999999999998
vn 0.69146734562594536 0.0066717177470865061 -0.7223769086254852
v 4816.6897753508511 1420.1324760224147 960.2379064851026
vn 0.73716668577160649 -0.28331902123573227 -0.61344568593684989
v 4853.3102173903953 1728.3809202538705 1252.6178357548993
vn 0.71723395401275647 -0.26237073467719141 -0.64555174292707007
v 4810.2731110259247 1408.8887671276536 960.13354513291358
vn 0.6701861464975194 -0.49075470796317144 -0.55678572687775296
v 4861.0446547234906 1737.7634185071752 1252.1626014264025
vn 0.57444571234575126 -0.54432418109326786 -0.61132913348271389
v 4873.3642706176024 1745.4222167990247 1252.6964717808141
vn 0.29526888198802781 -0.75889683052883605 -0.58042388643372278
v 4798.8999999999996 1397.0999999999999 960.26999999999998
vn 0.4925306643987028 -0.67142359369919957 -0.55371825186734147
v 4793.2518654812111 1394.5195618024641 960.51105839908246
vn 0.44871631459200667 -0.66053044245484882 -0.60195780882830063
v 4887.7917983490761 1748.4064798889767 1253.3586708398329
vn 0.10709163398267819 -0.92046034840986579 -0.37587781117819169
v 4783.8999999999996 1392.8 960.26999999999998
vn 0.11494230916351894 -0.21473978770742372 -0.96988405963781499
v 4762.1004288964414 1392.6116857380548 960.33821757271699
vn -0.33446825814599429 -0.62504778598271893 -0.70529869525675848
v 4907.9038418134178 1748.7759551406921 1252.6479164044226
vn -0.15347368470587444 -0.90782638869049614 -0.39025257987612866
v 4750.6734566217565 1396.5820938334077 960.16918216270756
vn -0.40513521049961776 -0.66652381992340171 -0.62578866935104149
v 4914.6328103357228 1746.1845802456696 1252.054504205511
vn -0.31937768190129873 -0.90713132056177659 -0.27406324737038351
v 4931.2051262694804 1741.8127617806354 1253.1810938970332
vn -0.33209016362901495 -0.93409195468441353 -0.13110432263928509
v 4739.9634906584342 1408.5937238042752 959.92609985523359
vn -0.50369099394075334 -0.58013176541932077 -0.64011133201532866
v 4950.8999999999996 1731.8 1252.5
vn -0.70460782858177373 -0.70238077129372456 -0.10094087387233194
v 4731.2374212473114 1422.0730572713574 960.41402811544003
vn -0.72795098047005713 -0.26917873545390081 -0.63057924039102442
v 4965.1369952080886 1722.254798362067 1253.3962037162551
vn -0.14351518238843272 -0.97955012349927595 -0.14101399922194999
v 4723.5800856571996 1437.8014429638388 960.60580495945851
vn -0.47081447031332885 -0.60242501046114239 -0.64452916250117975
v 4976.5554156765638 1720.5281353637401 1252.459183312674
vn 0.035772427818604791 -0.99653918590144186 -0.075033221781118653
v 4727.3697708278105 1450.1026869375562 946.33986296526609
vn -0.33633477354700581 -0.76520274641134445 -0.54894779076668121
v 4719.4067688088371 1444.6350199015631 960.30119407860911
vn -0.16804398908202298 -0.88158480918056858 -0.4411002629283523
v 4997.9530732054272 1728.164079103477 1252.9758106651095
vn 0.14362492990400616 -0.94453492692980923 -0.29533989117586079
v 5013.2465986734433 1732.0625510374164 1251.2285352947438
vn 0.49861688207009164 -0.83353022723592562 -0.23792554549422973
v 4706.8000000000002 1447.5 960.26999999999998
vn -0.11386775956317893 -0.94587909416215865 -0.30388628228177111
v 4685.8999999999996 1447.4000000000001 960.26999999999998
vn -0.12477205733617165 -0.95312799020228389 -0.27564282686305097
v 4676.7573331903404 1449.4529549893264 959.35934105406
vn -0.058829537035105572 -0.83519973465586728 -0.54679108332433879
v 5019.5017688530388 1738.5423817876147 1252.5009204234182
vn 0.91312369895022349 -0.30185786303013157 -0.27401996449591787
v 4707.1999999999998 1437.7 974.19000000000005
vn -0.22953741653212484 -0.97145549525305286 -0.059889858527161888
v 4692.1655724830825 1440.0085337552848 973.68274613009055
vn -0.21648780435822704 -0.97377334084671063 0.069989365052056329
v 5019.0034617042338 1745.6417432661092 1252.3127461765664
vn 0.8117928667514237 0.48221383904573889 -0.32933593020542923
v 4684.3000000000002 1440.4000000000001 974.19000000000005
vn -0.099643600280795774 -0.98611487514083651 0.1328480558723143
v 4677.9608001295328 1438.1636133963598 974.22141849842853
vn 0.12796797742856067 -0.97585882285326997 0.17698518190027596
v 5011.1216324928009 1750.2888167504843 1250.162572577161
vn 0.31761595807403414 0.94399004299393219 -0.08945893977142462
v 4665.9493769328328 1438.5567974528349 974.2674525990999
vn -0.50652441333450815 -0.84360909101770598 0.17820415328609016
v 5001.6000000000004 1748.5 1252.5
vn 0.003159964406018964 0.97771430119293767 0.20991607815448127
v 4661.329802797005 1443.6558801269439 974.18999999998289
vn -0.8351093263711391 -0.50724680437644265 0.21282173868716739
v 4988.9580953084051 1748.362468924722 1253.7072595702175
vn 0.48993021068102899 0.80160435295085108 0.34263515580320997
v 4660.4448081327391 1453.051290716314 973.64754365559838
vn -0.92827596002465729 -0.26851371463539314 0.25730162668161183
v 4986.5 1756.2 1252.5
vn 0.71006525843399626 0.70081977348458391 0.068256676289419435
v 4979.4646840771411 1767.0254354440958 1252.3699847227203
vn 0.81047838246035642 0.57408237444392496 0.11642258765922213
v 4658.3999999999996 1469.5999999999999 974.19000000000005
vn -0.93431539633633898 -0.096682545340608009 0.34308486646212077
v 4658.9520727295794 1485.9031781136359 974.40841094018003
vn -0.93663386686378691 0.21762697065038922 0.27450956465909271
v 4972 1777.9000000000001 1252.5
vn 0.77543640803865099 0.60750161703233496 -0.17216318535393413
v 4968.3000000000002 1785.9000000000001 1252.5
vn 0.87634980912237992 0.45186252845068525 -0.16682705845672019
v 4663.8309962596222 1498.4140046555149 974.23019796440656
vn -0.86859549809112979 0.4337128899255499 0.23965598220835246
v 4960.1739799613179 1798.3102210100342 1252.7794917874955
vn 0.83810990488629022 0.4022819065618643 -0.36843052938708132
v 4955.2721782558529 1809.9424341044551 1251.0377405317249
vn 0.67496689998169923 0.54503720163123015 -0.49734709486141832
v 4678 1520.3 974.19000000000005
vn -0.81318048409459232 0.57559006612994468 0.08621818868551212
v 4946.9295812022765 1813.4764259112944 1250.9692228450185
vn 0.66028746926033954 0.5358343764521426 -0.52621476504362708
v 4932.9279415604242 1852.4765385941892 1251.2315712629324
vn 0.66204579935318142 0.67240806526510533 -0.3310026485169642
v 4702.5670633129012 1535.096993867176 973.50031016230241
vn -0.13642914917928886 0.73312459311412159 -0.66626977886248817
v 4923.9883149333727 1855.8707778273274 1251.6827268625784
vn 0.71927925173396079 0.64528496915919442 -0.25738039280848685
v 4714.6495099538115 1534.6763671797244 974.22573014624322
vn 0.34955082802524617 0.87465525716787951 -0.33584579755515059
v 4920.8611565409083 1866.3203065389243 1254.4013076334177
vn 0.84680591706213515 0.49074294633017423 -0.20516115484110539
v 4913.3071941871613 1874.9034694087159 1252.3554164123273
vn 0.66129991377863906 0.73984312902798988 -0.12375204429195413
v 4907.2299013871179 1880.3840358016428 1253.2215659955302
vn 0.38558710940878221 0.92241659140988919 0.021684394147432805
v 4719.2664013141293 1531.4913241552954 974.30002270586238
vn 0.36571449990609634 0.88375032986083035 -0.291955919668205
v 4897.6999999999998 1880.5 1252.5
vn 0.26618290351832591 0.9583283195489386 0.103699054118449
v 4888.4729877423642 1877.4712115554053 1253.4777988456799
vn -0.092928411701882832 0.94267315738869795 0.32051775089281476
v 4728.8575940392875 1528.3973502860513 974.25280031301418
vn 0.40701706423382411 0.88151492302426682 -0.23930848273306143
v 4878.8000000000002 1865.2 1252.5
vn -0.8747028816158362 0.4695106131527923 0.1202275052965899
v 4747.4890417510396 1517.2532691066444 974.47789181058761
vn 0.31842246769691995 0.78375472918815348 -0.5332313349204153
v 4869.1000000000004 1856 1252.5
vn -0.74874562351268492 0.62593712417582925 0.21813460947106342
v 4866 1853.9000000000001 1252.5
vn -0.84596928091897716 0.48940694962186848 0.21169981909119953
v 4762.7021351500152 1516.6193131122177 974.1867223268365
vn -0.1342965222702337 0.64282392477928141 -0.75414975027343312
v 4859.3999999999996 1844.0999999999999 1252.5
vn -0.88257556728600306 0.33212929809980812 0.33279197312062458
v 4772.567284632365 1526.0141799553271 974.2249431856967
vn -0.54309227812111704 0.24840882534654224 -0.80208717290277509
v 4855.3000000000002 1831.9000000000001 1252.5
vn -0.87612744968093592 0.34902919407801464 0.33253468029189176
v 4849.9933028870564 1819.6937750405768 1252.6574169328455
vn -0.64201358706731537 0.64079470769406721 0.42095213102232121
v 4762.992601629996 1538.3166575528958 974.26329199045063
vn -0.44353654006344378 -0.5096587563544297 -0.73724032018047214
v 4838.5 1814 1252.5
vn -0.56714522466170247 0.77642487289286033 0.27479212306165646
v 4825.8000000000002 1802.9000000000001 1252.5
vn 0.65160654441133581 0.75805211854469423 -0.027674841466908962
v 4755.2807910797064 1546.859775657201 974.15721642830113
vn -0.18346472553439375 -0.74569582826038439 -0.64052980117996772
v 4816.3682766036509 1794.6875595093179 1252.3994386274226
vn -0.46054228797074725 0.8857698812306849 0.057554482842327219
v 4808.5 1790.3 1252.5
vn -0.61941187987803081 0.77848773675350136 -0.10141876941856008
v 4794.3630680106917 1778.724780781859 1250.2359786393918
vn -0.51715276288926348 0.85423181085501365 -0.053301342941481047
v 4743 1547.4000000000001 974.19000000000005
vn 0.17829736394995144 -0.97499492774702412 0.13264592295307812
v 4719.6041677845351 1543.1453274039832 974.36438162121408
vn 0.055430940816553878 -0.99831679569203702 -0.017058318773409197
v 4784.5 1771 1252.5
vn -0.6581281368541515 0.73804174680625645 -0.14886818146283884
v 4775.9072669404441 1762.1385243521304 1253.0921492392883
vn -0.73245056451724755 0.67745478455418329 -0.06761054224757003
v 4767.8227123213137 1744.4761196028965 1251.5164550601446
vn -0.97283354388323673 0.23149735310150604 -0.0019675880105033544
v 4767.8999999999996 1729.0999999999999 1252.5
vn -0.96560765507465807 -0.26000036514235797 0.0012909636171352489
v 4713.0451082392365 1546.3991310907584 974.20042777380695
vn 0.11042783214346101 -0.95297157960928802 0.28222484360005251
v 4774.7384206087154 1710.4753542135659 1252.1352440063602
vn -0.82795662218355537 -0.55149057646702615 -0.1017151702081082
v 4777.6000000000004 1705.3 1252.5
vn -0.79576448098157604 -0.58670789143916247 -0.15010909676343653
v 4788 1690.8 1252.5
vn -0.59527661917273245 -0.77132522027584072 -0.22517360243311704
v 4798.0494290063443 1683.7469139224775 1252.356722684458
vn -0.65751893315555998 -0.72789327766849565 -0.19452565092292745
v 4708.5441760886069 1539.8963040058009 974.32543761946727
vn 0.26873683147291755 -0.82169570568084715 0.50258997470657063
v 4809.9629895033022 1675.2966989993929 1252.405863251031
vn -0.47318098408622283 -0.7706522182644675 -0.42684296267274846
v 4693.1999999999998 1539.4000000000001 974.19000000000005
vn -0.26236106099829615 -0.94751453735756563 0.18270981136197034
v 4686.5247472508063 1542.104850586592 974.36795658263895
vn -0.73009717380227279 -0.66426598243673551 0.16033970619685134
v 4814.5 1674.3 1252.5
vn -0.32468877397479018 -0.75886973880027997 -0.56452982169938781
v 4824 1667.9000000000001 1252.5
vn -0.43980884025343642 -0.60021533195776111 -0.66806417305357868
v 4682.6999999999998 1557.8 974.19000000000005
vn -0.8513836672621844 -0.1944047605952072 0.48718850579330603
v 4682.3999999999996 1578.9000000000001 974.19000000000005
vn -0.91332432541477915 0.32570443100388063 -0.24444897265089302
v 4683.9630782307759 1585.2352044380893 974.05022963570696
vn -0.80625256101582365 0.51931941587865571 -0.28330928708194086
v 4834.6999999999998 1666.0999999999999 1252.5
vn 0.098375297526955618 -0.72117670300570458 -0.68573060590752744
v 4695.3071651507671 1592.3350715815504 974.12621466133101
vn -0.49715912605520851 0.79800070605133655 -0.34062835542800862
v 4857.1000000000004 1666.3 1252.5
vn 0.20544278341482194 -0.87278633443807596 -0.442760970683864
v 4706.8268193319182 1600.7236538393579 973.60872493421903
vn -0.6798032064909465 0.65016180914354038 -0.33934823172638789
v 4864.6547041569629 1667.9105775833846 1252.6233799701195
vn 0.24035856063194672 -0.88023533274651811 -0.40916197442524521
v 4710.6999999999998 1607.7 974.19000000000005
vn -0.76448501645309652 0.53675564711297308 -0.35700985268062563
v 4726.5 1623.7 974.19000000000005
vn -0.66330133469831665 0.74147241714038614 -0.10124225406136045
v 4734.3000000000002 1628.5999999999999 974.19000000000005
vn -0.52310977567715888 0.85226417131927068 0.0013945882794408105
v 4749.3518492623471 1634.6834366689338 973.7929134215874
vn -0.28487880513435498 0.94576750690542988 0.15610217572830204
v 4879.1631732211317 1675.9116997348453 1251.7336958714927
vn 0.68417157305637832 -0.63369765055158533 -0.36102153163898909
v 4885.1251279193566 1686.4284987713909 1252.2118269267846
vn 0.76365977099196003 -0.29981226420559731 -0.57178349084283664
v 4765 1635.3 974.19000000000005
vn -0.090572647080322727 0.91765403800764334 0.38692074398916626
v 4774.8701311496543 1634.2593138266607 973.69738956604124
vn 0.3910724355832591 0.75042558727218589 0.53284499443475364
v 4812.0670166093814 1689.1210216817617 1237.6225856317405
vn -0.33417083978250006 -0.68235550663418865 -0.65016983350895197
v 4779.83340258727 1627.2239881133519 974.71714241965151
vn 0.75399720557776961 0.44739879675550692 0.48096000940061473
v 4826.9781990205483 1679.8936442194481 1238.6668917336337
vn -0.24470808976374728 -0.57204125133069339 -0.78287084348581537
v 4847.1314258799539 1676.0917315541312 1238.3470320931224
vn -0.011652471906803031 -0.64213808767771308 -0.76650042156026943
v 4863.1000000000004 1675.5 1238.5999999999999
vn 0.11635104043539381 -0.59734891288687841 -0.79349651017661438
v 4788.7886223638907 1611.2469109576768 974.15122579108322
vn 0.86388338753510785 0.25957794431579773 0.43165354575822856
v 4870.0257407395547 1678.5849376544065 1238.586807529319
vn 0.31360084178242004 -0.49162937324675238 -0.81237618834771563
v 4780.8999999999996 1605.9000000000001 988.11000000000001
vn 0.58696386553391633 0.15508002472811427 0.79462167506795955
v 4793.1999999999998 1604.0999999999999 974.19000000000005
vn 0.7534956736125128 0.037074717847421786 0.65640668426194415
v 4801.8999999999996 1587 974.19000000000005
vn 0.61456215302795325 0.30892759988437918 0.72586300229128875
v 4807.8958276020321 1580.4317213967961 973.85320079941187
vn 0.63953932800593216 0.39306086207604107 0.66067587108790338
v 4873.1566558878594 1684.5803618738628 1238.5825767273618
vn 0.53047063727256039 -0.11324629937377854 -0.84010486171060095
v 4871.5 1690.2 1238.5999999999999
vn 0.46299048251500025 0.21399140391505525 -0.86014387874993969
v 4821.730905870927 1568.3670150898922 974.30400877323132
vn 0.46028751123069689 0.44214541807356633 0.7698329924610936
v 4866.8884412285788 1693.871344329496 1238.6019056427726
vn 0.30476166643090358 0.95164007998412092 -0.038748997949296843
v 4848.7589198440128 1693.7917767462573 1238.5999992320528
vn 0.24015993422669615 0.97071496693258608 0.0059715128147851751
v 4832.5154729982578 1557.629992509128 974.3014593253572
vn 0.45301315163079081 0.36469198865583813 0.81349790279987089
v 4827.4135130067807 1704.9994767101134 1238.5806543979356
vn 0.38583324294233279 0.04374911683700286 -0.92153064160481679
v 4836.7097289349213 1542.0585497799475 974.19120672955182
vn 0.42887979214531763 0.14111192790992361 0.89227212647876297
v 4824.8486248923191 1709.5129647234062 1238.4628351378524
vn 0.34662345784962079 -0.46613418114296423 -0.81398470725103333
v 4825.0375684395794 1719.0289288610827 1238.6601962004343
vn 0.87445351648727632 -0.20476918609047848 -0.43977338247201792
v 4836.8000000000002 1519.7 974.19000000000005
vn 0.34441127451103876 -0.015046173993937718 0.93869829372265612
v 4832 1509.3 974.19000000000005
vn 0.24051851977106822 -0.22043191146131899 0.94528335120039186
v 4827.1999999999998 1503.9000000000001 974.19000000000005
vn -0.16213010697924946 -0.36300426944404618 0.91757382742550553
v 4823.2286856801011 1496.9673163988732 973.1640052495311
vn 0.25011664830215219 -0.13614132889313837 0.95859647444026619
v 4839.7265430681064 1740.0063927507363 1238.5113727602366
vn 0.76885213798758634 -0.53534592472441 -0.34967289113238942
v 4854.7808302936728 1753.7557610058682 1238.7515804800021
vn 0.44955452273089286 -0.72758051146237601 -0.51819622772878859
v 4816.8999999999996 1491.2 974.19000000000005
vn 0.23349782977119574 0.12546347266036303 0.96422906019272425
v 4816.3999999999996 1487.5 974.19000000000005
vn 0.43097931871101419 0.27654360684675977 0.85894147667671439
v 4816.5919912530717 1482.1627072580484 973.58935162146679
vn 0.46437316766104519 0.33319232557249678 0.82057323581508446
v 4864.3000000000002 1755.5 1238.5999999999999
vn 0.19837666363899145 -0.78731544083253013 -0.58376458949660626
v 4822.285271064372 1476.4834391933084 972.85931359673941
vn 0.83717230578665469 -0.11335161922436278 0.53506442681519284
v 4882 1755.4000000000001 1238.5999999999999
vn 0.14038258898290079 -0.77286365037846771 -0.61884934082062937
v 4827.3999999999996 1464.8 974.19000000000005
vn 0.99163292252700297 0.068158164437602836 0.10962942844442616
v 4828.5308546727183 1457.0702672087236 974.19150079760198
vn 0.99120304075163834 0.021769227108369905 -0.13054743488789963
v 4899.5206202138979 1757.5216394964521 1239.3698139988855
vn 0.05709258784439461 -0.78146371688372596 -0.62133315991302285
v 4829 1435.7 974.19000000000005
vn 0.9837211234346781 -0.058139423200925668 -0.17003693357114652
v 4826.7823149232045 1424.3153236862113 973.86677002943009
vn 0.93666305441708397 -0.32725617093043624 -0.1247626589890088
v 4911.200912088254 1770.0213417517807 1225.4268211868484
vn -0.15445401970324943 -0.89313263172125801 -0.42244296414092164
v 4816.6122252409259 1410.3592850753766 974.43181975655637
vn 0.8082459437826166 -0.58883260701991491 0.0038282200926521978
v 4922.5 1755.3 1238.5999999999999
vn -0.29610853688650118 -0.76590861268062072 -0.570704592065442
v 4800.0772548547175 1392.2087647098301 974.60563307060625
vn 0.67860162272273994 -0.72813755298056926 -0.096517053299056632
v 4944.7171245069158 1743.5927324804816 1238.8850922501765
vn -0.27589540281640823 -0.74872589512218701 -0.6027364769766731
v 4952.9837873514662 1740.7136271459426 1238.2407932925776
vn -0.36611401888579886 -0.68277077282082888 -0.63228521804399085
v 4971.9406775063962 1730.0463592365154 1238.6487566294568
vn -0.16427508629819712 -0.6632776216793026 -0.73012087533583625
v 4987.484576055007 1730.6326812138254 1238.4380925272387
vn 0.30092508417598363 -0.61250973457750291 -0.730941802581761
v 4994.3245906685079 1735.7348412235001 1238.7780584873058
vn -0.020519504412913794 -0.71505571113803112 -0.69876625555870475
v 5002.7869633321161 1732.393557780093 1238.3708836559285
vn -0.012342457381182765 -0.7284746216586786 -0.6849615969855819
v 5010.941863187606 1737.2771501409406 1238.479313411766
vn 0.56983218846901118 -0.36472782179198721 -0.73638637480298996
v 4783.5425800605135 1361.3369905375744 974.19000000003541
vn 0.47717399155966594 -0.87279627093077494 -0.10262383362722927
v 5011.1572021762167 1746.9452296409331 1238.5188470323947
vn 0.57996679270922147 0.42275589924096924 -0.69635908051201467
v 4775.6020832407467 1356.9957729033454 974.19000000002575
vn -0.19753439098221404 -0.97821226003114492 -0.063882225259030548
v 5007.8972067372451 1751.9551066083363 1238.9078578121544
vn 0.29815550092004589 0.84665048872029935 -0.44077913655343842
v 4994.8000000000002 1754.4000000000001 1238.5999999999999
vn 0.59522662032410623 0.8035281384413745 0.0069138405016084059
v 4768.1813603305345 1362.9396213120981 974.19000000007884
vn -0.71815204026250712 -0.69222934614509635 -0.071247311544581915
v 4972.6552340204735 1760.8270230405119 1238.4305055906977
vn 0.73580535544938863 0.46947162403849024 -0.48804392539469366
v 4767.6999999999998 1370.5999999999999 974.19000000000005
vn -0.76375495085837408 -0.64480312999443989 -0.030121397522297449
v 4764.4347975222636 1377.7766902874309 974.06015945377362
vn -0.65570357072378138 -0.71295437346450907 -0.24849323672468893
v 4963.4792162113063 1767.3456506243683 1238.4880791136429
vn 0.75717179173075766 0.3606911463997981 -0.54460331867886524
v 4952.3913665244945 1786.2525063839157 1238.4830351984986
vn 0.80705444104074253 0.47419639958803966 -0.35185352607889936
v 4755.1406828369554 1387.7332463478233 974.24340911546778
vn -0.57303597105102611 -0.78689943583195909 -0.22895207745061416
v 4946 1797.0999999999999 1238.5999999999999
vn 0.84605591479245779 0.38943166084487346 -0.3640499561547848
v 4744.6281532723615 1400.3548097796768 961.37268352112767
vn -0.40966452432177908 -0.69780503344982525 -0.58757392114039464
v 4943.3000000000002 1806.2 1238.5999999999999
vn 0.75999282912731403 0.55704772841951422 -0.3348264146355846
v 4738.6000000000004 1397.5999999999999 974.19000000000005
vn -0.50916559929860628 -0.82681590175809017 -0.23901016106192538
v 4726.8413696201533 1401.2717682153725 974.4562285927401
vn -0.76533356944582398 -0.63519644197405378 -0.10387496128912295
v 4939.6375237859575 1817.5308635088504 1237.65316043045
vn 0.90173271222150442 0.37589009785035682 -0.21350585483236445
v 4934.3952901197272 1832.7332246132628 1236.9827150407104
vn 0.80003751015925928 0.52864331811117582 -0.28368331737093616
v 4719.942340075002 1412.0347099288101 974.16395005390495
vn -0.88516929935321864 -0.46526208616297537 0.0025500317268483245
v 4925.1000000000004 1852.4000000000001 1238.5999999999999
vn 0.73103994266575478 0.66292641951224474 -0.16158330526364781
v 4719.6999999999998 1431.5 974.19000000000005
vn -0.96578801192753738 -0.24755827836212227 -0.077255516511360242
v 4716.7254532162979 1434.662088606419 974.33921815442397
vn -0.63245105071576324 -0.73846188546805991 -0.23383693497710115
v 4910.9763294433096 1866.5353734425498 1238.4857792834755
vn 0.71861894346380883 0.55920799683371591 -0.41336815355344197
v 4760.6999999999998 1623.0999999999999 991.59000000000003
vn -0.22007973408318918 -0.24536276242792179 0.94411970928458644
v 4758.9380932655313 1611.531489693255 1002.0464317602672
vn 0.54054622675273856 0.035880576382040709 0.8405488450898434
v 4779.0223156686889 1601.1923357050189 987.5678697674831
vn 0.64810963286431333 -0.14831260257445952 0.74696537784965333
v 4900.5394129524211 1880.4274214747122 1238.8825908024628
vn 0.45922383005694117 0.87149897786177244 -0.17205523965784855
v 4775.8827052991792 1596.5784256119678 988.2362573952264
vn 0.64254531138291138 -0.051684091412554437 0.76450263407963237
v 4896.6999999999998 1885 1238.5999999999999
vn 0.43295101868063668 0.9014158703901195 0.0016864258721564428
v 4892.1883433861831 1891.2063296349233 1238.5996116361878
vn 0.34997494690429831 0.93626891790353606 -0.030299338393360162
v 4775.6000000000004 1577.4000000000001 988.11000000000001
vn 0.54148665338971125 0.070311244065461562 0.83776400803494655
v 4773.5005602909678 1567.5825131359318 988.00534076676672
vn 0.42872903147969427 -0.04923438901391182 0.90209056779511343
v 4881.9994792526923 1890.4402482462438 1238.4270434127527
vn -0.51717664476026293 0.85472958418830181 -0.0443357195476691
v 4768.6000000000004 1561.5 988.11000000000001
vn 0.34005835436766529 -0.20888088595440993 0.91691280452813839
v 4747.6889311100776 1547.7593927019152 988.17819854813069
vn 0.16849620826187398 -0.46808054402247984 0.86747313048243202
v 4877.3999999999996 1882 1238.5999999999999
vn -0.83363731600842939 0.54964468059210581 -0.054217621259735484
v 4870.262172012177 1869.4893017432832 1238.7789211229604
vn -0.86830514465016084 0.49567102262001994 0.018878906453678047
v 4734.1000000000004 1547.7 988.11000000000001
vn 0.45875313863062556 -0.82341169951612181 0.33397414704812423
v 4727.5250819069061 1550.7213137634353 988.13301777867298
vn 0.64179519584769407 -0.70595544429376589 0.29954271357990248
v 4865.9839998719399 1856.3953523045657 1238.5359756291027
vn -0.811000274833095 0.56464411940763026 -0.15315212254169416
v 4727.6268380773345 1532.2763125235997 988.08437028837727
vn 0.63085299558355257 0.65822203315648287 0.41081413440947284
v 4860.6990450650646 1845.4214392871454 1239.0556010136238
vn -0.90791759812387685 0.36446414722309017 -0.20700608784747382
v 4858.4448721763674 1837.3392806367797 1238.5904505834112
vn -0.7978419841997707 0.53052460336879359 -0.28634212660479608
v 4736.5039739222211 1527.5650245526253 988.00396089903495
vn 0.4595771406765134 0.86231929440353761 0.21258947826029662
v 4849 1825.9000000000001 1238.5999999999999
vn -0.76418254389689289 0.60545444567286999 -0.2223734557410825
v 4745.5360970836218 1522.9875753960646 988.27286694252371
vn 0.4889004715245458 0.64815925088360371 0.58383723282870748
v 4843.8987185598453 1819.4639542803832 1238.6070949770972
vn -0.72325651528136681 0.65393010039083344 -0.22198071291418206
v 4753.5 1516.3 988.11000000000001
vn 0.57193821185384996 0.41621390927444241 0.70686113455749344
v 4759.0602364293154 1513.331066486382 988.20128566046901
vn 0.3824599927468853 0.41442665636141551 0.82581771623352196
v 4835.1014728396203 1808.3241420271029 1238.6365326068931
vn -0.64651144166513441 0.71462880243295879 -0.26707420416300887
v 4768.5541310235303 1501.6705081029093 988.2787271252754
vn 0.38050752602186516 0.064171743044015836 0.92254864914291246
v 4820.5 1794.5999999999999 1238.5999999999999
vn 0.57528054338692802 0.58685988779233933 -0.56977870134009345
v 4824.4644012433164 1800.379139935736 1238.0582946366885
vn 0.65942245935385435 0.7278760341084084 -0.18803855740334061
v 4777.3170169075211 1492.2653002526342 988.12254084407448
vn 0.33752808441596749 0.055597260046537075 0.93967214330627313
v 4808.7932832192491 1790.8883769237541 1239.6612305691906
vn -0.6187931847650181 0.77816732145170275 -0.10747378430598002
v 4799.0594427122833 1780.1193113187608 1227.1559854966229
vn -0.53628545446216136 0.84392188179607364 -0.013920084701145906
v 4788.8707888608369 1469.0224910857214 987.62298483825361
vn 0.16165637048555778 0.36890041829873338 0.91530306415987461
v 4781.7713084317129 1769.5974728117008 1220.4368279814626
vn -0.65997546729786705 0.75033226405398579 -0.037866556280995681
v 4793.1999999999998 1468.5999999999999 988.11000000000001
vn 0.2873824274275299 0.26546535963760487 0.92029315070706552
v 4801.1302794405156 1467.5267905139058 988.28222570326557
vn 0.46437316766104519 0.33319232557249678 0.82057323581508446
v 4777 1764.8 1238.5999999999999
vn -0.64514257801487318 0.76338504546646502 0.03216094511183433
v 4816.4159701693106 1465.065307131697 988.15601105731309
vn 0.40331492173231515 0.45247588132988847 0.79536321936760257
v 4769.7017275698581 1756.0809917176866 1236.1102392537741
vn -0.92352929723600297 0.35739068916004652 -0.13916009646619801
v 4821.8886987596925 1458.9424861026564 988.14367650127667
vn 0.62960879703994832 0.19496004264127467 0.75205275377676895
v 4768.5915917783395 1735.4385626382264 1243.6212594880908
vn -0.94896207843576474 -0.29235407678599079 -0.11832188080606358
v 4822.3000000000002 1432.7 988.11000000000001
vn 0.6768491279041341 0.03441387371124368 0.73531689994967453
v 4820.4258568330415 1425.6150878223395 988.0914589582602
vn 0.73786022705969256 -0.16350033734540101 0.65485107086371863
v 4775.2944181402509 1729.1713449328381 1227.0710929247089
vn -0.8026574597062609 -0.52903406138071563 -0.27543413782049092
v 4813.1999999999998 1411.8 988.11000000000001
vn 0.77098943291891897 -0.27687959112432947 0.5735093602951814
v 4803.5 1401.8 988.11000000000001
vn 0.8228083867400211 -0.35846049054827567 0.44101296514521376
v 4786.2137519421885 1719.6192359996521 1225.0742728844525
vn -0.58402594915267114 -0.74826454013660482 -0.31466469247514395
v 4925.905868069769 1840.7655929997636 1226.2371812620549
vn 0.71788511115571774 0.56111870929944641 -0.41205189145915383
v 4794.7013152896407 1385.3438138238744 973.93655857775548
vn 0.64942695247237936 -0.70637466691415196 -0.28156609054422549
v 4789.7772579945758 1380.5522185852546 973.94347178451994
vn 0.76609530612337162 -0.6342072021926406 -0.10430343533518212
v 4919.8000000000002 1844.5 1224.7
vn 0.75296499065228328 0.54250257100375832 -0.37247105029293082
v 4782.8999999999996 1380.8 988.11000000000001
vn 0.11714944146282033 -0.46478126825426352 0.87764137382242158
v 4771.3000000000002 1381 988.11000000000001
vn -0.48272749419471145 -0.7890900480856653 0.37988295876579831
v 4758.5816453578345 1385.6728787969457 988.10241660271629
vn -0.52747876200386035 -0.76884575101120634 0.36144483228687757
v 4912.8103936428297 1852.64169741554 1223.9862783323524
vn 0.81329232163914078 0.53087857997999577 -0.2381670272754807
v 4902.3859472010718 1871.3636372429173 1224.7823444442708
vn 0.72306068357198738 0.68121932375827021 -0.11455776189650098
v 4744.4618341257756 1391.1793940500911 989.35766279650625
vn -0.37069372221040786 -0.90251558040828073 0.21920718837231837
v 4895.9829089008499 1877.039257738651 1225.8609871685148
vn 0.32414599204688233 0.8872156140051658 -0.32829533975580449
v 4733.9448383893168 1401.1386303261991 988.08464968692999
vn -0.76795092065195958 -0.62919502745988665 0.11985408165582027
v 4890.2113746033619 1875.8690463685239 1224.229217143705
vn -0.023928405382047404 0.72971179529635544 -0.68333602804275029
v 4731.8000000000002 1411.8 988.11000000000001
vn -0.94393698981383689 -0.18999189344186196 0.26997414633177103
v 4731.2897961457329 1420.9630434301234 987.33644473040317
vn -0.88864712162255444 -0.43523344802145653 0.14449269516243074
v 4882.6999999999998 1870.5 1224.7
vn -0.6401945994413395 0.62779638354489398 -0.44274436829178904
v 4727.8376823688841 1426.767642601324 987.8426191537983
vn -0.80411438905461574 -0.57975106185321545 0.1314867126191504
v 4879.243179522673 1863.9767016879614 1221.9717868732605
vn -0.7811849640305355 0.45122221520655276 -0.43144937649358384
v 4720.8999999999996 1432.5999999999999 988.11000000000001
vn -0.75880257854512223 -0.62256396703643313 -0.19139684882759372
v 4872.6577099765545 1855.9690111549312 1224.5451828769815
vn -0.83000640987686025 0.43552186430701384 -0.34843947146365123
v 4711.2677522320591 1438.1873954292728 986.7478162584656
vn -0.66813873758760645 -0.71635521940204783 0.20106174914757746
v 4868.4783491257085 1844.4396793854685 1224.750277985981
vn -0.88828009061639435 0.32141035563117026 -0.3281064825747505
v 4698.0184548326069 1447.3379307330381 988.22827541571814
vn -0.50539162241439362 -0.6171370979400097 0.60309295331609514
v 4862.6383233936322 1825.2459374534201 1224.4603579324894
vn -0.8124953020001735 0.4083920544576683 -0.41601359843578661
v 4691.6999999999998 1452.7 988.11000000000001
vn -0.30059109862388655 -0.55259019742669868 0.77736031873
v 4684.0763057046124 1460.5333818899753 988.39263446769974
vn -0.50125281194066762 -0.56736133814472134 0.65333508286346043
v 4856.9327000997409 1815.7904287105009 1225.6369616510153
vn -0.63583913586198337 0.57940638684158652 -0.50989884505994321
v 4681.3000000000002 1469.8 988.11000000000001
vn -0.82587278516435469 -0.12382967583083965 0.55009122344253103
v 4679.8125315645593 1484.3407729806149 987.97529124112032
vn -0.89354364192439328 -0.1401764323943058 0.4265329152336268
v 4844.3000000000002 1808.0999999999999 1224.7
vn -0.54911338368252194 0.70939204783324761 -0.44185678033915332
v 4841.8102636966187 1800.6238572250168 1210.4279348286836
vn 0.10792040358691059 0.78382450090386813 -0.61153277775802051
v 4679.7546060534432 1499.759071128261 987.95419772507194
vn -0.97010789261433894 0.12701209225609492 0.20678153957279516
v 4832.8232420242621 1796.4039829168848 1211.1750548604614
vn -0.072968879564866126 0.94439625399090721 -0.3206107578715815
v 4680.0159968956286 1537.5266458241695 987.94087440850853
vn -0.84232745767101636 0.44789467788177251 -0.29979128002439509
v 4827.5 1796.9000000000001 1224.7
vn -0.46970383915121744 0.86422663744467143 -0.18025155371780721
v 4684.7443900400449 1543.1288727249603 987.98853829247037
vn -0.60962084513568393 0.73824918077554702 -0.28870499174813108
v 4693.8999999999996 1548.3 988.11000000000001
vn -0.88238127575759262 0.44923878293173758 0.13995642215494897
v 4697.8503157594241 1554.6441570780603 987.35282399898028
vn -0.90927269288406898 0.10419484418245226 0.4029473965930887
v 4811.8941600414946 1787.4441930426174 1224.6849070272362
vn 0.59261347744010817 0.74809194583562888 -0.29860962297321397
v 4772.1470740242421 1755.3643064601169 1224.7356751219068
vn -0.89107146559678496 0.35730470821646432 -0.2798660191690745
v 4693.5 1561.5 988.11000000000001
vn -0.71860137688988435 -0.18336705074605147 0.67081188557795945
v 4685.3760863140051 1565.5730824903367 987.93924753610099
vn -0.76325349084455174 -0.37837325467218536 0.52371537008415492
v 4771.3834548250643 1734.8742871788763 1226.4907000638459
vn -0.92720798347767641 -0.29565202851666511 -0.22994615328211504
v 4792.8999999999996 1717 1224.7
vn -0.27686796221291521 -0.8606611124311061 -0.42732491274078382
v 4685.3354101784353 1577.426934972679 988.17205670348699
vn -0.79748554549927975 0.093537594201770616 0.59604322258596421
v 4787.2781830958957 1707.7862449741642 1239.3986342175795
vn -0.50466099918282958 -0.62276637965072412 -0.59789573696466369
v 4806.3999999999996 1716.7 1224.7
vn 0.56570728355716449 -0.59178729317877665 -0.57425000562691353
v 4689 1587.3 988.11000000000001
vn -0.65794469104275632 0.56675176154833806 0.49588428520221089
v 4697.1000000000004 1595.3 988.11000000000001
vn -0.78350970130948139 0.47228145497563051 0.4038103208686335
v 4710.3999999999996 1611.5999999999999 988.11000000000001
vn -0.73141531793636549 0.5967990017517274 0.32994330451789333
v 4719.4675599393086 1620.6202724646446 988.01873170235808
vn -0.61503510263819416 0.74457593594956573 0.25949662450146499
v 4811.3999999999996 1718.3 1224.7
vn 0.12863944319030818 -0.91980824206204725 -0.37068138810899837
v 4726.9375594455078 1623.5746824880259 988.01310962948241
vn -0.47094581455804596 0.81868568810638609 0.32857842875032395
v 4819.1833584823798 1716.7966228629543 1223.1144226105753
vn 0.53064496705959752 -0.71730607163134874 -0.45153949831118984
v 4830.8999999999996 1731.7 1224.7
vn 0.84610187075970722 -0.52583362992605454 -0.087238855653388347
v 4834.5 1734.0999999999999 1224.7
vn 0.74088876001249615 -0.6549768960099317 -0.14862405922440988
v 4746.0430777988568 1635.056480744538 988.37972721236201
vn -0.17535466578064021 0.94100965657866276 0.2893986306371667
v 4847.6293651583292 1751.6835555737375 1224.737841005109
vn 0.70314908542353582 -0.65725558599695255 -0.27128667188759498
v 4858.5 1760.7 1224.7
vn 0.4057218499270735 -0.85749153518912402 -0.31638275485675965
v 4754.1000000000004 1635.0999999999999 988.11000000000001
vn 0.10763881785002712 0.82301058172695141 0.55773422636351955
v 4767 1630.9000000000001 988.11000000000001
vn -0.40620637931757314 0.87958767166951624 0.24763260134462714
v 4772.8999999999996 1627.5999999999999 988.11000000000001
vn 0.79483929943712583 0.60017710020161685 -0.08954293084256959
v 4782.0782896682758 1618.8097417688341 988.50033278154069
vn 0.63281721296884808 0.27676534211236176 0.72314820083836673
v 4873.8000000000002 1768.2 1224.7
vn 0.22050490170971548 -0.84707324885467195 -0.48357470921955753
v 4885.175634449788 1772.5416064352853 1224.3318897423319
vn 0.092571772294014296 -0.90962817411946484 -0.40497784114989999
v 4898 1772.5999999999999 1224.7
vn -0.0057224430680939253 -0.92314755178189256 -0.38440324047077257
v 4923.2431783920783 1767.7470500125808 1224.3211297102748
vn -0.29849466533751307 -0.88641605422955994 -0.35379021123985854
v 4715.5873360643982 1436.9815255016201 1001.970234399023
vn -0.78573093051659515 -0.55529313842113048 -0.27253703464288476
v 4710.4008886821912 1450.4909174198824 1002.2976512623252
vn -0.9234815874648642 -0.048704930341244235 0.38053854912982066
v 4945.7754523177018 1757.9553035158829 1223.8603583355709
vn -0.26207094751462373 -0.88486801362510104 -0.38513298603463608
v 4955.7683636527145 1755.5461219984727 1224.5864739811004
vn -0.1032116635503811 -0.18629040676770467 -0.97705846132843355
v 4706.3999999999996 1462.0999999999999 1002
vn -0.61497334843844764 0.33204016914175094 0.7152322048025529
v 4716.3000000000002 1475.4000000000001 1005.5
vn -0.25749184299370881 -0.050797883802591919 0.96494431227552269
v 4701.9573949756013 1471.2980690020058 1002.0222940283593
vn -0.27340781469359854 -0.41082521548990114 0.86975330363393677
v 4960.2809960246468 1760.366443528178 1226.4120127117199
vn 0.86467200769788932 0.042247196332677033 -0.50055718305277519
v 4959.3999999999996 1765.8 1224.7
vn 0.98638774554482256 0.11755670034406886 -0.11497668304146354
v 4690.8000000000002 1495.4000000000001 1015.9
vn -0.30986961826890352 -0.39974075176659501 0.86266340542007547
v 4689.6999999999998 1471.4000000000001 1002
vn -0.28028479316769461 -0.54342002555410795 0.79128699632037136
v 4682.8156581927542 1473.1769923574466 1002.2823444653009
vn -0.6515353335326044 -0.59259831551621911 0.47363376738351048
v 4954.7729000854961 1776.2841162326004 1224.1006288033132
vn 0.9186342289008389 0.37607392450996951 -0.12115922084361047
v 4945.829106482377 1798.8315113954045 1223.7624678899519
vn 0.94948878967697126 0.28245499329068735 0.13671216128391137
v 4677.4487052350596 1484.2347363818226 1001.891485242189
vn -0.81428362820791211 -0.49650411630184466 0.30070888800945483
v 4942.6622453936798 1812.9539054473862 1210.8279437422154
vn 0.74385745322104857 0.37078937505364512 -0.55604975374045684
v 4934.2165055330188 1826.0511656881572 1210.800934922579
vn 0.63420547732070587 0.40761119833204268 -0.65699050490150313
v 4925.3000000000002 1833.0999999999999 1210.8
vn 0.42769133695125716 0.54091711023238653 -0.7242159899882703
v 4677.5046699722097 1501.0150303404318 1015.900091939311
vn -0.57285204995827721 -0.47481825962653845 0.66812285485816492
v 4675.8999999999996 1495.8 1002
vn -0.83864107302369839 -0.53889873800254917 0.079178916492456522
v 4675.8999999999996 1513.8 1002
vn -0.952911287745276 0.021321363216266011 -0.30249872257290616
v 4677.0585930186153 1522.5092362851628 1003.4784335689073
vn -0.92920854699931044 0.36274300189233155 -0.070632788148071529
v 4917.6403860949176 1838.1611649943134 1210.8215807963838
vn 0.57194989563823628 0.3228723399911072 -0.75407345063201736
v 4914.7497656973201 1846.2244196494526 1210.8297005245661
vn 0.68386774219829283 0.28324854915725284 -0.67238022768439631
v 4904.9875729993328 1869.5027384659625 1210.7070041032794
vn 0.64275396270096896 0.43972652416566765 -0.62730210216241256
v 4896.0375638841397 1874.3644531005684 1210.8071147815374
vn 0.19560720922022792 0.72752853092301439 -0.65760174603940535
v 4687.3999999999996 1541.4000000000001 1002
vn -0.85667789221458068 0.50995842999137508 -0.077752097537720014
v 4693.0636291048677 1548.5662977677221 1001.6821176970516
vn -0.76273879017350354 0.61286585610815947 -0.20645818070852218
v 4889.6212542606936 1871.7478131761973 1210.6770683773721
vn -0.38085000073454206 0.5886854658038827 -0.71302363165028759
v 4702.2448438464671 1559.8568797881317 1001.5728243198346
vn -0.99291892058798881 0.049061120572724153 -0.10818975730877477
v 4877.5272329536856 1856.0469009521871 1210.6140001338674
vn -0.8631893289690582 0.50461194773882223 -0.016461000977441992
v 4866.8000000000002 1830.5 1210.8
vn -0.90019703106028215 0.33325790700157321 0.28032922197156729
v 4707.6000000000004 1567.2 1002
vn -0.97269896354003604 -0.022013451768573427 0.23102409889310713
v 4718.6999999999998 1579.9000000000001 1002
vn -0.6052876706780207 0.71083326904340238 0.35824977229057092
v 4718.5 1590.9000000000001 1002
vn -0.75639263758854802 0.19091402843513539 0.62563728433374854
v 4722.6000000000004 1601 1002
vn -0.25680575372909542 0.49285301424940658 0.83135233878116044
v 4730.567578928596 1612.9937881249239 1002.5323328104562
vn -0.39313928141030752 0.53736125707837035 0.74611284991168769
v 4861.817853681986 1814.4889903561184 1210.704939264087
vn -0.79798616883816031 0.53472258553526997 0.2780104869631197
v 4852.4192762652565 1805.7443814585104 1210.934511738702
vn -0.51013557525517295 0.74149664654538328 -0.4358261327880934
v 4742.0586431941947 1624.0811960942738 1002.2468114004907
vn -0.24548363152910543 0.5630021224736238 0.7891554959204663
v 4824.8242568313635 1793.9992420720855 1208.2351323172425
vn -0.32346214885269164 0.93862923859509662 0.11978059406259549
v 4751.3424945879415 1623.3526989046911 1002.2715587474518
vn 0.31066808565734771 0.51462605191717081 0.79915290604623612
v 4813.8425419595669 1791.579146127056 1212.1251361047171
vn -0.33561997170418106 0.92859195054214583 0.15835474095087182
v 4807.8000000000002 1786.3 1210.8
vn -0.42483977868195283 0.89678609794399422 0.1236359857964265
v 4796.5957847503441 1784.2445491514675 1197.6880016985724
vn -0.46287198684047304 0.88474534063128685 0.054545449210555069
v 4791.3999999999996 1777.9000000000001 1210.8
vn -0.51244307017552726 0.85775601041974237 0.040702904293015055
v 4785.5 1771.9000000000001 1210.8
vn -0.74420444523075646 0.66561596596164796 -0.055813345677574053
v 4777.2027362707304 1757.4586540750688 1210.1618508142956
vn -0.97099182674696705 0.19836329851999826 -0.1335173179436063
v 4760.8999999999996 1599.0999999999999 1002
vn 0.51083402568665337 -0.12322988819408505 0.85080138273068229
v 4760.8121374467173 1577.7692870358878 1002.0166816457311
vn 0.53452792215785272 -0.14646954319983274 0.83236204463468966
v 4778.6999999999998 1734.9000000000001 1210.8
vn -0.97237219780718842 -0.19649011719295709 -0.12603151501555435
v 4754.8902309131936 1568.8960607466806 1002.1069599741206
vn 0.36764853584124885 -0.44858555304584097 0.81461988417441844
v 4781.4340202776766 1726.7962243709328 1210.2590799235213
vn -0.71235005567843224 -0.66992082010032417 -0.20919725851703588
v 4747.7936203477057 1565.7673189199049 1001.8705883789253
vn 0.064972936881884699 -0.76923352080200669 0.63565580933984356
v 4788.6999999999998 1719.5999999999999 1210.8
vn -0.36244730213827592 -0.88375428767832465 -0.29599039204484706
v 4737.5 1567.0999999999999 1002
vn 0.5045984439414789 -0.54318154073340352 0.6710694630053764
v 4733.3999999999996 1560.9000000000001 1002
vn 0.41349182209563895 -0.67173499401593229 0.61465161748298025
v 4799.0491663252287 1716.1386565468606 1210.295326977493
vn 0.0027012207084380689 -0.92039864498535495 -0.39097191422889538
v 4825.9105728348959 1726.9725560386398 1210.5579661599518
vn 0.89552240736177258 -0.24181643589929167 -0.37358322933710392
v 4730.1762815080237 1550.1600192268261 1001.7560636306383
vn 0.66672716461334558 -0.74529481252054008 0.0032450572601521854
v 4826.6000000000004 1732.4000000000001 1210.8
vn 0.73577500337707191 -0.48302851087554133 -0.47467736630981966
v 4732.7035043142032 1543.0035665859959 1005.4929275822228
vn 0.76700386101500662 0.42175275175371035 -0.4835594002563135
v 4831.6999999999998 1743.2 1210.8
vn 0.66823930526716047 -0.48907028737855246 -0.56059475996438179
v 4740.8000000000002 1525 1002
vn 0.80429959681436414 0.52960950750319147 0.26947342749606712
v 4743.3999999999996 1518 1002
vn 0.76243387215445024 0.40473291926313382 0.50486221353584482
v 4743.8999999999996 1507.5999999999999 1002
vn 0.6059313677261039 0.25047849578127207 0.75505476672670857
v 4746.1999999999998 1501.2 1002
vn 0.57701933205598044 0.023151217738426755 0.81640229761490646
v 4844.1999999999998 1756 1210.8
vn 0.52530290462250995 -0.63962628962729839 -0.56119075902296311
v 4746.7082422822741 1485.6905505940622 1001.6904521178467
vn 0.30786801965481081 -0.10918014303626679 0.94514389319320335
v 4852.392796733785 1761.2235046605379 1210.9825825553896
vn 0.57785386627774471 -0.57230759272285137 -0.58184957552587191
v 4750.0623223971561 1471.2344340674817 1001.9374019153369
vn 0.20565947742557356 0.24610152726555654 0.94717380539297047
v 4766.7663373382638 1443.6322578686941 1002.1826344965916
vn 0.39294339432297931 0.45446873522910086 0.7994083171678894
v 4863.3000000000002 1767.8 1210.8
vn 0.50368644216566616 -0.54874100032845419 -0.66722056513346495
v 4877.2046299736448 1772.5074494633857 1210.8913675011001
vn 0.088983590224472164 -0.84740556181254312 -0.52343646651712294
v 4905.3136317415656 1772.4539865143258 1210.7156195672076
vn -0.13524595070274217 -0.93138583204047187 -0.33797775768945126
v 4784.5622608358171 1430.6757583331682 1001.9831564341805
vn 0.24566864043436823 0.46674638194603379 0.84958503638389038
v 4933.0266982176254 1765.6954677631982 1210.7020927013193
vn -0.37858606426194774 -0.80961440734949808 0.44855000095727282
v 4788.6999999999998 1427.8 1002
vn 0.36562690728647201 0.31732465205829008 0.87499830277790525
v 4793.1999999999998 1422.8 1002
vn 0.5279631664633897 0.19016923029068228 0.82770197457092032
v 4794.8999999999996 1418.2 1002
vn 0.62520581952871102 -0.010149780891380758 0.78039391666983782
v 4796.8999999999996 1410.5999999999999 1002
vn 0.69874143542593947 -0.19803543286371403 0.68741717591967333
v 4796.8489551574257 1398.0136886955734 1002.0270962722152
vn 0.81448054628343614 -0.31001127058045247 0.49042272769410777
v 4793.902525265994 1390.7506007916677 1002.0359027148029
vn 0.73757039117359502 -0.46482186757630123 0.48982706079483745
v 4948.363012430309 1757.59616939849 1210.7311759513325
vn -0.23649005864606021 -0.95783338239030458 -0.16317985090179432
v 4786.4046415931043 1383.8764178056249 1002.0904374927286
vn 0.34829128187703629 -0.7972383747453532 0.49305593678794568
v 4956.8554121322659 1760.9403542654545 1210.8004217857601
vn 0.65543702498629297 -0.34618723882074209 -0.67123520613477072
v 4772.6148544068255 1383.4077827517337 1002.08596081452
vn -0.28470859325040149 -0.84001471858070342 0.46186176448928873
v 4958.5913071532086 1768.8075109400233 1210.8157270983097
vn 0.72372160021517407 0.23592734605249568 -0.6485100868657433
v 4768.3964309624262 1386.6891254779923 1001.8151447560673
vn -0.54437689167711523 -0.67590110965673678 0.49680125782122786
v 4948.9247257549123 1793.2796467794144 1210.7518447512643
vn 0.81455305565814284 0.063049017031186774 -0.57665253053236798
v 4761.9810467041316 1398.0264487226304 1001.4226679831031
vn -0.41594808563575142 -0.82426466774178531 0.38415484842505609
v 4948.6000000000004 1801 1210.8
vn 0.78100865777773198 0.28009694267637525 -0.55818561355482199
v 4717.3999999999996 1554.8 1224.7
vn -0.84494476991576162 -0.38570439946606011 0.37054075622598731
v 4743.6474792645995 1399.9885179933246 1002.2153596558537
vn -0.36443493988165671 -0.8626367697547993 0.35077767611474175
v 4721.8383730792284 1547.0846642520173 1224.7129872386827
vn -0.63916867031303215 -0.67413040131206448 0.37015079753676799
v 4731.6999999999998 1542.3 1224.7
vn -0.33655442032038646 -0.85577126841215356 0.3929206768841037
v 4729.8000000000002 1407.7 1002
vn -0.79803182702552078 -0.59727952342297264 -0.080014835836462808
v 4744.4624719802414 1542.1731377122373 1224.6851901311522
vn 0.17102845594818442 -0.76360356272353325 0.62262257126762366
v 4720.3000000000002 1422.3 1002
vn -0.69067617247025226 -0.36089497012614208 -0.62667475241906256
v 4794.6633519893849 1635.2336885709306 1000.8267681001801
vn 0.65400822229902333 0.012943379302537862 -0.75637670118632139
v 4754.4244487143133 1549.8829616829107 1224.9105098207276
vn 0.28448656488039775 -0.64874459553075603 0.70583131424738244
v 4774.4947104074372 1573.1723742128106 1224.5040863753909
vn 0.59529648443520411 -0.49978908541327988 0.62915257745704589
v 4786.9028360268985 1587.1020169011299 1224.8700482860233
vn 0.75040664494503684 -0.24518118053350846 0.61382086632382293
v 4794.2180937644998 1627.74586790274 1002.086854353642
vn 0.63872499428504081 -0.58699111436845153 -0.4974653890755194
v 4787.6034880670022 1599.4297923705931 1224.6972369567247
vn 0.75310277011471505 0.078675523190878699 0.65318173558067594
v 4785.6999999999998 1623.0999999999999 1002
vn 0.28563729864562609 -0.92291158552588148 -0.25815797280838126
v 4773.7979611505361 1620.4509739601085 1000.5201041530887
vn -0.20110351685351627 -0.95395064972941945 -0.22256579564246995
v 4782.1487474503865 1616.0949461695777 1224.8338810765506
vn 0.73254309842000731 0.23676000610229259 0.63822042310447702
v 4777.2878757741673 1630.9396140634067 1224.771404355655
vn 0.75516554129762337 0.13344025826314154 0.64180893006511963
v 4767 1626.2 1002
vn -0.66618277058471131 -0.50107487284229479 0.55238074548463034
v 4767.6086407580451 1634.5672010695453 1000.3715674562118
vn -0.38667138623835134 0.42033545485950691 -0.82085525182736285
v 4776.8999999999996 1637.0999999999999 1224.7
vn 0.7668113689897772 0.33442278771719863 0.5478701702442661
v 4773.5057777661032 1647.9828128584386 1224.8623524887662
vn 0.62010967882198864 0.60639313299401154 0.49774627521358433
v 4773.2898369789282 1638.4737823787464 1002.683022339862
vn -0.48775220365882904 0.51036268181919964 -0.70825681841565813
v 4765.6999999999998 1649.8 1224.7
vn 0.27814552246010893 0.74847857552266861 0.60200904504745612
v 4783.766333593725 1641.9431046447778 1002.0862871613896
vn -0.024453971946552949 0.6511663036268559 -0.75854099973368261
v 4763.0075050416253 1652.0925864364544 1221.000598337374
vn 0.13555356665089402 0.57552239539332584 0.80647331200043448
v 4790.3000000000002 1641.3 1002
vn 0.38928221849782207 0.47790086049893787 -0.78744531359059378
v 4758.8554913174712 1633.2631101088555 1015.4046245852451
vn -0.87265791359693234 -0.34699934854146991 -0.34359804706727376
v 4755 1651.3 1224.7
vn -0.27862261114763942 -0.073713879311445143 0.95756759790321277
v 4758.6000000000004 1643 1015.9
vn -0.73599831602107291 0.44366193038661444 -0.51134193094226854
v 4762.3657509596378 1655.7724843834321 1015.8974971569128
vn -0.62660165019016423 0.5768905558690387 -0.52399204051977244
v 4748.8000000000002 1649.2 1224.7
vn -0.47315836243761888 0.73459245554285457 0.48630760668004164
v 4778.7448441444139 1667.3245126553215 1016.2035205275613
vn -0.11255661832697708 0.9203282592673131 -0.37460232629388823
v 4740.8999999999996 1644.5 1224.7
vn -0.2086005699768802 0.95351599009343413 0.21746967338334511
v 4732.6999999999998 1639.2 1224.7
vn -0.48677904954441714 0.8560194986178008 0.17400222674081764
v 4726 1637.0999999999999 1224.7
vn -0.72356845037332684 0.6360216940651332 0.26818855736749964
v 4786.7849981769186 1666.5091795106384 1015.9000682378586
vn 0.16798541399196923 0.9022464296980528 -0.39715523511979978
v 4720.3000000000002 1633.3 1224.7
vn -0.81300661529953611 0.55372149099772139 0.18003542397665118
v 4711.8999999999996 1630.0999999999999 1224.7
vn -0.58192969230585034 0.74798940429299621 0.31917030607220809
v 4698.3094742459198 1619.3875586439954 1224.7394719469344
vn -0.775530703995848 0.5515477127328815 0.30715997092530062
v 4690.9499244076869 1609.156886192912 1224.528334809411
vn -0.89179337368648548 0.30892886485778431 0.3305564023076204
v 4690.4415145343737 1590.0115991885777 1224.7031231565641
vn -0.92070320702127229 -0.21122748143816517 0.32815934493174775
v 4799.8999999999996 1658.7 1015.9
vn 0.65629990051123988 0.58097617013129743 -0.48139082908641539
v 4803.3651324405409 1647.8024963127718 1015.9295497271223
vn 0.84489886048709595 0.2789852572100055 -0.45641334534287425
v 4698.8144098657849 1581.6169636270542 1224.4310078185781
vn -0.57890836550076386 -0.72726482080239796 0.36871531670991092
v 4803.3000000000002 1632.4000000000001 1015.9
vn 0.93267633833977326 -0.2849368626967429 -0.22119184473585457
v 4800.5103452076291 1627.8120909059928 1015.6160070249016
vn 0.76494037818928118 -0.62212442617664887 -0.16681551537556313
v 4710.3344756461047 1576.3638442172587 1224.8054325099054
vn -0.60928431019646068 -0.70715348000310985 0.35875700002636118
v 4790.1999999999998 1623.5999999999999 1015.9
vn 0.25102099530803917 -0.9677895201193466 -0.019284829833996122
v 4777.8999999999996 1623.5 1015.9
vn -0.070872985982296938 -0.99192972469742002 0.10513059078904551
v 4763.7689255063669 1627.6181303410533 1015.0271844483864
vn -0.81262971947019069 -0.58268920219565767 0.010306923808153167
v 4714.3999999999996 1567.3 1224.7
vn -0.82149991187339477 -0.44210135790059329 0.3601170422716149
v 4725.4722895182849 1550.7062975365159 1210.4042225864309
vn -0.66489780668661524 -0.70358950323457214 0.25074432715707906
v 4674.4928342074481 1508.2415661237146 1016.0069488581582
vn -0.7675464155768168 -0.31171329123853708 0.56009581680317855
v 4731.8999999999996 1539.0999999999999 1210.8
vn -0.12532157022516374 -0.090030086171466989 0.98802281735811026
v 4672.8816755608468 1518.7417875512633 1016.0545619069444
vn -0.91473222222436779 0.061820016169454595 0.39930345255867516
v 4736.6000000000004 1534.3 1210.8
vn -0.38981401853688052 -0.85084863862667592 0.35228060562463653
v 4675.2891835756909 1527.5187704233704 1015.9077342424755
vn -0.92175563882369438 -0.12881522163944634 0.36575016195581295
v 4736.2537690324425 1524.7921269751766 1198.230946908322
vn 0.40192886634047309 -0.6883522147980522 0.60384138214010985
v 4680.1733959728572 1539.5438586961545 1016.142805266335
vn -0.99072780350444045 -0.10025463946335918 0.09169202053253471
v 4747 1533.7 1210.8
vn 0.35598898037210835 -0.71907291997495504 0.59682994362910347
v 4682.6000000000004 1546.0999999999999 1015.9
vn -0.94183547761833841 0.30852708263899803 -0.13325529024284577
v 4690.6000000000004 1562.3 1015.9
vn -0.76531821844756942 0.55573625507164315 -0.32472332732833364
v 4708.7414547615926 1580.8026543889353 1016.1348941413298
vn -0.3756454959553015 0.89732053608713913 -0.2317462338092787
v 4751.8000000000002 1538 1210.8
vn 0.77739079118727894 -0.58018494780341856 0.24299996732419751
v 4768.1999999999998 1554.4000000000001 1210.8
vn 0.87291279406128153 -0.4851612643937232 0.051398458109272002
v 4723.6610912708111 1578.4576578577598 1015.6916143560843
vn -0.13417019403957428 0.97828750779283868 0.1579617394430036
v 4774.7949448268264 1562.8374602744516 1210.5203844812652
vn 0.77833116184709072 -0.62785239884165811 -0.0014027710196036977
v 4727.8396072158457 1575.2892771275788 1015.8925757292642
vn 0.7450391699605402 0.085634796898287388 0.66150080633714914
v 4785.5527654318512 1576.4108770939838 1210.7519677311302
vn 0.68873039133357916 -0.72501653523171217 0.0012131339985675181
v 4728.8999999999996 1566.0999999999999 1015.9
vn 0.94009769661086462 -0.33827381149264862 0.042274688469379311
v 4730.3575313929032 1558.7824039279367 1002.4992073487374
vn 0.91314263905381365 -0.21306621538450135 0.34752454388656029
v 4793.1122595120569 1591.4325445168888 1210.0597985816876
vn 0.90851784158510795 -0.39370120844260537 0.13998103440241125
v 4734.1999999999998 1540.2 1015.9
vn 0.9861683474221512 0.041718812225380549 0.16041050853721112
v 4734.1999999999998 1517.5 1015.9
vn 0.6653311283044171 -0.11134049207289699 0.7381990141785183
v 4732 1510.7 1015.9
vn 0.47117026964645864 -0.20866703690608898 0.85700446014598797
v 4723.7729091667625 1500.3901776401799 1016.724730432974
vn 0.40805534398138454 -0.25877256595280085 0.87551561685582591
v 4792.9112607046736 1606.8919955157226 1210.6100198353702
vn 0.93583328884564498 0.15581001076884118 0.316131770046222
v 4716.2042076634953 1495.4609465950273 1015.8936757835332
vn 0.088471705462766267 -0.45789074211279207 0.88459528916895436
v 4685.4911565670254 1497.8159720918829 1016.0076237743637
vn -0.51755512432605544 -0.51003733377762073 0.68702155092606609
v 4786.6014137683796 1622.8814093094797 1210.5292610694296
vn 0.84868213176205987 0.41588587391695869 0.32676838755322285
v 4685.5377393608796 1543.4888735070051 1031.0175195979205
vn -0.96349543536000226 -0.23009970338161861 0.1368600472896708
v 4783.4181751518236 1632.8702708492101 1206.0837004484729
vn 0.89777030016732706 0.37635933213924033 0.22882775454295864
v 4685.3786093304861 1554.6501354670154 1029.6808995327065
vn -0.95629796220190222 0.27977504109729617 0.084971370869814544
v 4776.8000000000002 1639.7 1210.8
vn 0.87153873544978233 0.48306273886196632 0.084086996222781873
v 4695.8863141206512 1571.5947139347056 1029.5464198469153
vn -0.8408799076951794 0.51534095556618276 -0.16536227003364576
v 4771.1000000000004 1650.7 1210.8
vn 0.67537225162381365 0.69087812325228903 0.25799174511595335
v 4764.4357521046677 1659.8610931588883 1211.3108783779608
vn 0.42665275893162757 0.50328327158903174 0.75144751768481566
v 4704.8840419625958 1585.7241633802623 1029.0072614116361
vn -0.67784085479398148 0.57737012665198073 -0.45516536821471848
v 4758.3368597041363 1673.8012707194339 1210.4930481300889
vn -0.1918972650183452 0.67314083531354918 0.71418264856537672
v 4711.6753989679291 1590.3860577562691 1030.3625238346758
vn -0.38201683596170588 0.6245518451528278 -0.68117408183077932
v 4750.7307591423405 1675.4229113251813 1210.7999999999167
vn -0.26091870954031665 0.90644325401237813 0.33208741961608085
v 4724.3402919945811 1588.3140736348651 1029.3309817556651
vn 0.40944752878339458 0.47177741394168743 -0.78088334139464433
v 4745.0680515518752 1671.749442920662 1210.9923811783376
vn -0.75268701166471685 0.61487855748073894 0.23534362541110782
v 4727.3590108513936 1578.8854181933852 1027.7265292962461
vn 0.66435361271278737 0.68356072855915428 -0.30228960889707429
v 4743.9416114802234 1662.3443583915691 1211.0510908223641
vn -0.97191189413888712 -0.13357122634294699 0.19376789601118644
v 4746.698031949134 1658.3773051615399 1210.6095148042032
vn -0.924963112828731 0.20544063771730151 0.31974581198272611
v 4740.5869919332172 1652.1254236239074 1210.1111690441217
vn -0.64700071910547508 0.71342185684258563 0.26910838644731089
v 4725.2904486993048 1637.3906303429549 1210.4805579722661
vn -0.59146112275268292 0.80577537335089411 0.029996466014567989
v 4716.6964885513789 1625.8965116189065 1210.8853728895956
vn -0.60367226068666457 0.79059273068456737 -0.10267879949712531
v 4707.6535867898547 1621.0445206265049 1210.8667766765343
vn -0.69535636083075203 0.69788246491748818 -0.17157970921092033
v 4734.1999999999998 1575.4000000000001 1029.9000000000001
vn 0.96423797108505616 0.22378639796932961 -0.14200275772564117
v 4735.6281776087162 1570.1306201260506 1030.1952240222649
vn 0.99922569368635339 0.039074094351338823 0.0046074100803652485
v 4698.6778827881326 1606.3892296537242 1209.9593766029564
vn -0.93403231832581812 0.28227380919604445 -0.21887239425028626
v 4698.5 1589.0999999999999 1210.8
vn -0.94740602811168662 -0.30887129535704622 -0.08378747401669448
v 4731.8999999999996 1556.9000000000001 1029.9000000000001
vn 0.97692686367276471 -0.16255186872512559 0.13853083775270042
v 4732.3398030967755 1547.1511262124081 1028.7004107199734
vn 0.9461267096804713 0.037399838669424867 0.32162944718527586
v 4726.5977146862042 1532.4970283264302 1029.21167801509
vn 0.68088155669936534 -0.31923838169012192 0.6591564013210528
v 4701.6047124724682 1583.4523977296963 1211.0176417013629
vn -0.58516038128710823 -0.80592930706904287 0.089806904963585371
v 4708.6000000000004 1582.2 1210.8
vn -0.72725560514931897 -0.61291210480477076 0.30893047205266705
v 4720.6999999999998 1528.9000000000001 1029.9000000000001
vn 0.337402398254946 -0.4919799502651786 0.80256797231691435
v 4713.3999999999996 1528.9000000000001 1029.9000000000001
vn 0.081539537042555441 -0.62490950068179563 0.77642734357859555
v 4704.3000000000002 1531.8 1029.9000000000001
vn 0.14313266476146247 -0.66187726540733394 0.73582030810191168
v 4696.6999999999998 1533.5 1029.9000000000001
vn -0.13420110578978089 -0.71025393586744467 0.69103502790350935
v 4691.3000000000002 1537 1029.9000000000001
vn -0.87637828953051844 -0.37825687292028054 0.29813223865951444
v 4720.5 1561 1210.8
vn -0.90617433381958823 -0.13806813105697444 0.39973149477250286
v 4754.6000000000004 1645.7 1029.9000000000001
vn -0.88021568416985529 -0.22017082354745712 -0.42041070133837943
v 4758.691804055652 1657.7245880694384 1029.7847830890573
vn -0.6552228877070928 0.42895140736813009 -0.62183893215339847
v 4721.6999999999998 1556.7 1210.8
vn -0.82471965569450134 -0.46814625627448997 0.31729571734790663
v 4769.9653434109332 1663.1997397577506 1029.9181981108447
vn -0.15765013145639564 0.95018632997830421 -0.26887241281719904
v 4837.6000000000004 1787.3 1196.9000000000001
vn 0.47833759952314153 0.25263244025027298 -0.84105290619296424
v 4784.0577982509749 1673.8176332543212 1043.9056296522879
vn 0.81516551824988626 0.37983053630006419 -0.43730303171873819
v 4789.3035804112069 1662.6704534932103 1029.8942023425029
vn 0.2553609411988384 0.95117756156823019 -0.17335523089644347
v 4835.8000000000002 1790.0999999999999 1196.9000000000001
vn 0.19046522327560983 0.78169532067144842 -0.59386481994047569
v 4826.0247139084295 1795.8845326989945 1196.6915415532276
vn 0.18117161702310103 0.96644087264941803 -0.18212326830437145
v 4794.1859538137242 1662.613284145817 1015.9292889372124
vn 0.28305047339104555 0.86285282242380146 -0.41876895341988368
v 4812.5309814112352 1791.9043732269379 1193.4600827721063
vn 0.048548956104183999 0.99832952969073474 -0.031323298176762757
v 4797.6999999999998 1661.4000000000001 1029.9000000000001
vn 0.86624868906784924 0.49233898586047059 0.084944285800258784
v 4804.5526572722893 1653.8305524392854 1030.3069922943414
vn 0.91094940291151161 0.32604331881656651 0.25271909225509509
v 4808.1000000000004 1792.0999999999999 1196.9000000000001
vn -0.33561997170418106 0.92859195054214583 0.15835474095087182
v 4804.8000000000002 1641.0999999999999 1029.9000000000001
vn 0.88101369006292662 -0.26112168490255994 0.39450011862527207
v 4800.2612138938212 1629.8467055690651 1029.659931522272
vn 0.6260220074970575 -0.61878437480859461 0.47455488999913481
v 4783.6068930180681 1773.0435751301716 1183.207453822615
vn -0.79766265888039467 0.57154638618833797 0.19253314276485023
v 4775.6512209207631 1757.3337133836922 1196.3072662312861
vn -0.96601429519078574 0.25347599084290556 0.050658696718894031
v 4789.8000000000002 1624.8 1029.9000000000001
vn 0.19450143817531554 -0.84690496693398265 0.49489510760390792
v 4768.5708906671589 1625.1000109996176 1030.1370246816634
vn -0.21901488019007384 -0.89007457945816926 0.39974957818325529
v 4776.1000000000004 1737.5999999999999 1196.9000000000001
vn -0.95347473710259667 -0.29886062136177188 -0.039601195769696472
v 4757.6696292086826 1631.570425166125 1030.2824163614266
vn -0.69875280777132209 -0.65522799383419539 0.28709021182845906
v 4780.7814117494036 1728.1503838611443 1197.5743280300539
vn -0.7152429471491023 -0.68096370388936822 -0.15721310549295606
v 4754.5 1637.0999999999999 1029.9000000000001
vn -0.79317624658668084 -0.6040805461910439 0.077188960118627456
v 4786.8999999999996 1726 1196.9000000000001
vn -0.34803352740957172 -0.86786313038971408 -0.35452256727748238
v 4795.6000000000004 1726.3 1196.9000000000001
vn 0.052494711776440314 -0.88398867011982862 -0.46455175851059405
v 4686.510305288547 1547.0120071730182 1043.8170866351252
vn -0.8727645751402997 -0.02147234893678757 0.48766887804258019
v 4801.3000000000002 1728.9000000000001 1196.9000000000001
vn 0.36781741009176055 -0.84977638186577931 -0.377611511551879
v 4690.6000000000004 1560.5 1043.8
vn -0.92283995853509293 0.036010699533717563 0.38349659770334393
v 4696.4914751351689 1580.8465753555963 1044.6547328099873
vn -0.99144008984481879 0.092897534931564607 0.09174200920045443
v 4820.0822546783365 1719.745255805338 1211.0990741065984
vn 0.30790092061095103 -0.84928558840004942 -0.42884847256683861
v 4702 1594 1043.8
vn -0.77494545177168539 0.43359835337454894 -0.4598391183112398
v 4707.5894074670159 1607.3050240531634 1042.66820279647
vn -0.48119634580296367 0.68493175291397512 -0.54710014680683805
v 4814.2130271982123 1740.6149698261117 1196.6198853561186
vn 0.74670188254598757 -0.53521696653703543 -0.39494189108421002
v 4714.0503686004431 1615.0172324004784 1043.8477179495389
vn -0.45100525285252491 0.67014122401888021 -0.58949554855817787
v 4821.1999999999998 1749.0999999999999 1196.9000000000001
vn 0.76488701743449261 -0.53304041636177779 -0.36168462102366006
v 4724.8000000000002 1615.2 1043.8
vn -0.29326601169196187 0.69763623405112418 -0.65368090940860057
v 4827.1999999999998 1760 1196.9000000000001
vn 0.73167862742373757 -0.51450081551738969 -0.44714124949869727
v 4743.5 1651.7 1043.8
vn -0.80594763014492399 -0.26711812263822915 -0.52829568048774433
v 4742.3999999999996 1655.3 1043.8
vn -0.76297750076845139 0.055760957817907256 -0.64401556573141716
v 4743.8064007268877 1664.008205380452 1043.3235129500531
vn -0.73804665744425801 0.34602490975028594 -0.57927013842219122
v 4834.1999999999998 1767.2 1196.9000000000001
vn 0.65987084471476465 -0.44949698401706328 -0.60209877068051454
v 4750.6000000000004 1671.4000000000001 1043.8
vn -0.52374764337608648 0.54941988192864544 -0.65101935408980671
v 4756.1999999999998 1673.8 1043.8
vn -0.40669360220112544 0.59667769799710846 -0.69179190414570768
v 4838.5965643378522 1778.1884784729923 1197.0571813883926
vn 0.63563701921623406 -0.23295839882877556 -0.73599997569091946
v 4786.1000000000004 1703.4000000000001 1043.8
vn -0.11144177111867255 -0.7664566705340754 -0.63255426948504057
v 4728.4553245785883 1532.8234597307789 1196.8732974415436
vn -0.82137218685113922 -0.16329886492379167 0.54651734774111094
v 4779.7193318689797 1704.4706504813209 1044.7588051833486
vn -0.40595337418609578 -0.75885701697044794 -0.50925228107651821
v 4726.0769084160484 1521.3998493578019 1196.9910043209379
vn -0.86984354825661503 -0.00085264925505126941 0.49332694488096784
v 4770.2143708342492 1710.9886588584202 1043.8481052447864
vn -0.72495000869435566 -0.20375436224023416 -0.65797541349364186
v 4728.1000000000004 1514.9000000000001 1196.9000000000001
vn -0.23657528865660929 -0.54233519499966065 0.80616665092381623
v 4762.6718340124517 1723.8607301939967 1043.780869763606
vn -0.94944972735072986 -0.1484718189779444 -0.27658874561884345
v 4732.8727213804432 1513.4219461370394 1198.28945158631
vn 0.54550428957985009 -0.72100121484286839 0.42729652262227802
v 4736.0452052389182 1512.135668313731 1197.4094123929212
vn 0.53139872113203623 -0.82748180499294366 0.18135396765677983
v 4762.6359742523291 1743.7065912184808 1043.942177897407
vn -0.96086176647403509 0.073835419355955362 -0.26700748412156389
v 4770.8999999999996 1760.2 1043.8
vn -0.90417711976621185 0.36597999973777967 -0.22027795142322376
v 4745 1527.3 1196.9000000000001
vn 0.40215289007555111 -0.91488758641162793 -0.035408434500664207
v 4780.8083641252242 1776.0238187600089 1044.3712574803417
vn -0.7512149946289689 0.62781289773321747 -0.20378173933014423
v 4788 1785.2 1043.8
vn -0.45903055704741436 0.88710365051392204 0.048353499786612186
v 4753.2065914788345 1525.2361368375553 1196.9005416045622
vn 0.50138378973522746 -0.86391290946861321 -0.047631714689029783
v 4795.4828117984907 1795.264360155305 1043.7334101967449
vn -0.58145268989674648 0.76538695903137977 0.27585425926843166
v 4755.3872300857556 1531.5346305125468 1197.0692787224536
vn 0.8770875147534386 -0.47824541436624418 -0.0447081100170423
v 4760.1000000000004 1548.2 1196.9000000000001
vn 0.94440196477197114 -0.31377573873132014 -0.098232961466378152
v 4804.9248275255732 1805.9163983639608 1043.9415795605214
vn -0.62709568548887962 0.77241664968236801 0.10061570719673084
v 4814.6999999999998 1809.4000000000001 1043.8
vn -0.49474844924747113 0.86896321690923251 -0.011264973412338401
v 4757.6403215040355 1559.2588243193547 1182.8323231272286
vn 0.88504040447649002 -0.46541964254099499 0.0093828983317129182
v 4825.8711118734363 1811.1022749633939 1043.863362680207
vn -0.15042859618335233 0.98822412589438768 -0.028005614625987201
v 4841.3000000000002 1811.3 1043.8
vn 0.16645898143612234 0.98508928282928987 0.04348002247152491
v 4855.8999999999996 1808.5999999999999 1043.8
vn 0.5049734657936078 0.79272763040378691 0.34144502169278917
v 4775.6284414729389 1584.4018051045909 1183.751386033734
vn 0.70481717107792963 -0.70067124266293657 -0.11087184069402137
v 4788.4757590130384 1589.925618827891 1188.4356669379695
vn 0.69136396903400021 -0.69748287838027256 -0.18850330683551356
v 4861.7985768712842 1806.0034547735079 1044.0054377742019
vn 0.58520591933533195 0.68278787719759571 0.43741827434035019
v 4864.6000000000004 1797.0999999999999 1043.8
vn 0.62756844262093825 0.50708724650182957 0.59077946330379749
v 4864.8999999999996 1787.3 1043.8
vn 0.52122614025195257 0.21734297243861878 0.82527894862864248
v 4795.2236080290368 1595.3539856928073 1197.1189485342029
vn 0.93288614074287968 -0.3027237095242768 -0.19514559718763097
v 4861.7018146601959 1777.160561115491 1043.9512772834964
vn 0.49311735079476188 0.10175529833825547 0.86399139903430078
v 4795.5910819413457 1609.0488461881434 1197.4633064690347
vn 0.97339930500086913 -0.19860729346953207 -0.11423193951138216
v 4860.280142660502 1770.7393836166657 1043.5043981653916
vn 0.61265687841274252 -0.045677990320249828 0.78902792760070117
v 4847.8000000000002 1744.4000000000001 1043.8
vn 0.78146898780680452 -0.15809292548158341 0.60358333973767286
v 4848.8000000000002 1741.4000000000001 1043.8
vn -0.16038228769224844 0.69620534292916725 0.69969682168170633
v 4793.2030034199324 1618.5530113339591 1197.0631450689707
vn 0.90982545966452721 0.20516927369328711 0.36072593762911015
v 4785.6999999999998 1632.0999999999999 1196.9000000000001
vn 0.78746294070632583 0.51035797427278307 0.34559637600867132
v 4849.2556617493119 1729.2355845172551 1043.3203109409769
vn 0.56718221514087286 -0.35742302162021405 0.74199266737870717
v 4840.3000000000002 1723 1043.8
vn 0.41196361024653821 -0.5451499267437242 0.73013528965798558
v 4777.4164655961022 1642.3693947632191 1196.801765321718
vn 0.8332897205942571 0.4243532751002585 0.3543339377813382
v 4774.3000000000002 1655.7 1196.9000000000001
vn 0.85464352004931066 0.26669266597857416 0.44548790730048332
v 4829.1138220678349 1711.5309981879439 1041.9182288482552
vn 0.40957134593087141 -0.65369583894095251 0.63634351001928091
v 4818.1999999999998 1705.3 1043.8
vn 0.44794540760959795 -0.71102910798180086 0.54201708405185489
v 4814.3142450081104 1696.8835641092469 1029.904525467573
vn 0.017704043200887743 -0.97999658150372815 0.19822529378297754
v 4774.357256536051 1674.3125201456023 1196.8033043548958
vn 0.85999418748728573 0.32243894682780339 0.39552891557591641
v 4773.3606353202358 1681.9319871786583 1196.9084824895062
vn 0.80588708365021633 0.45175278760664045 0.38270801833170254
v 4767.530636426146 1686.115228996945 1197.0162650062548
vn 0.17972985888598889 0.90121340892101853 0.39434955230832891
v 4804.8126462193713 1701.9201050752445 1041.5791470175936
vn 0.31905621434856324 -0.94717283842171351 0.032661081453594275
v 4792.3000000000002 1703.4000000000001 1043.8
vn 0.055341727967682983 -0.95689219823824279 -0.28512210383681963
v 4785 1688.4000000000001 1054.2
vn 0.51838261963108256 -0.24969973857025587 -0.81788110396460567
v 4758.6943964628754 1683.7490665482655 1197.1985369246504
vn -0.697709662628619 0.6527694002489185 0.29511580231042545
v 4755.3616660683347 1671.5411022311391 1196.4972361502555
vn -0.52991474277352024 0.84770422436920934 -0.024246925121987055
v 4747.9905707427379 1660.2892025236197 1198.8390222027347
vn -0.97967791766023593 0.19468134780356025 0.04827370367284127
v 4790.3191408544317 1668.6298448513007 1043.7879545812498
vn 0.86577912106242816 0.44725460556645735 0.22447679464025286
v 4734.3231422673562 1651.0814174167101 1182.9483942750564
vn -0.80880898448695471 0.24381143443771261 0.53514858782454622
v 4794.3853841075261 1664.757487212391 1044.2418690374946
vn 0.53802013321229547 0.77362442358504513 0.33472315051536333
v 4730.8495651718704 1645.1838454289527 1197.8702392184568
vn -0.68634570187995514 0.72611437692433201 0.041079059564463609
v 4794.7638264308389 1654.3323131767966 1044.3481582908357
vn 0.7081966665248971 0.082359718882061603 0.70119495023045586
v 4725.6000000000004 1641.4000000000001 1196.9000000000001
vn -0.53153188002520779 0.84684042350000976 -0.01830731119504617
v 4787.6999999999998 1646.0999999999999 1043.8
vn 0.59933349141775039 -0.52894909338408547 0.60084292678965878
v 4776.8999999999996 1640.9000000000001 1043.8
vn 0.18641718977090127 -0.91294146141294596 0.36302413059067312
v 4716.6347696381363 1630.1206912531093 1197.349222604741
vn -0.76327384127259545 0.62396684968577942 0.16756614730362662
v 4710.3999999999996 1623.3 1196.9000000000001
vn -0.73010779630610778 0.68251774631065987 -0.033348639313424827
v 4751.5113820383376 1643.8444916497874 1043.8694605985254
vn -0.36893717665084175 -0.7113081472056586 -0.59826923655136965
v 4740.3000000000002 1629.3 1054.2
vn 0.001125303519050901 0.00078455142385108496 -0.99999905908508402
v 4728.8999999999996 1614.7 1043.8
vn 0.26277170100429104 0.41522039943399613 -0.87094377146012381
v 4734.1534754538061 1608.9995239506143 1043.2751179143297
vn 0.76658756683704055 0.034783465397650697 -0.64119701567131182
v 4705.1999999999998 1616.9000000000001 1196.9000000000001
vn -0.75731866753313082 0.64447037081912728 -0.10548164267824103
v 4735.6000000000004 1605.0999999999999 1043.8
vn 0.90648193955916778 0.045766979678090437 -0.41975692587996055
v 4735.3934774167919 1580.7598502664314 1043.7921045445996
vn 0.88851121215090967 0.42938367758952695 -0.16179457129896033
v 4730.9621890882527 1566.4592764183712 1042.8241707857278
vn 0.94774496888930038 -0.27185695339580734 0.16695290005078961
v 4696.7738473782601 1597.0335898543735 1191.1037095607808
vn -0.98364296339427282 0.18006612885954199 -0.0047654802981468769
v 4721.3000000000002 1551.4000000000001 1043.8
vn 0.71720524427289911 -0.48920769206330422 0.49627862296652114
v 4716.8999999999996 1548.4000000000001 1043.8
vn 0.28157433072523236 -0.78818174434531363 0.54725262370994254
v 4711.5 1543 1043.8
vn 0.28993099708425429 -0.65679188513243947 0.69610662728773576
v 4704.8763396142167 1540.5890658400876 1045.5059897410183
vn 0.27029011617228177 -0.74426807592669875 0.61074404152307882
v 4697.3555571730676 1577.9897076770394 1196.5051107136132
vn -0.81903259972313602 -0.53896467621560729 0.19672996310314997
v 4704.8999999999996 1559.2 1057.7
vn -0.19235498815493918 -0.19634108027835365 0.96148309331315973
v 4701.1000000000004 1535.2 1043.8
vn 0.26746333195126032 -0.87334428262111519 0.40710334078037197
v 4696.569240857023 1532.577088674786 1043.800000000097
vn 0.075151182815896708 -0.88896704475921962 0.45176309394795772
v 4695.8000000000002 1567.9000000000001 1196.9000000000001
vn -0.891893439014527 0.07466742105747097 0.44603908985140145
v 4687.76282167925 1535.6485489627892 1044.2496257950304
vn -0.64141353987365102 -0.61276717333118613 0.46163303841304582
v 4703.063019648619 1563.1477402329183 1058.3045603840524
vn -0.74655026853873674 -0.11650787158430656 0.65504855728688904
v 4694.3133446581751 1562.7064939489856 1197.0957805279809
vn -0.92853747824893895 -0.12483472468399827 0.34962042703505103
v 4702.7562273934027 1575.7657177246879 1058.4336813427624
vn -0.81662760507300547 -0.33200808566354961 0.47211225962344244
v 4695.8999999999996 1555.0999999999999 1196.9000000000001
vn -0.89264819195782896 -0.32527147771267628 0.31205395556062232
v 4697.3999999999996 1585.4000000000001 1057.7
vn -0.98045288066117109 -0.045584692677556174 0.19140058671985316
v 4697.334293385592 1597.6051008154654 1058.3198302400551
vn -0.90499740598597322 0.36454172405343443 0.21929210332980351
v 4702 1549 1196.9000000000001
vn -0.60104615381173598 -0.57493598029499282 0.55515055575073924
v 4709.3000000000002 1544.5999999999999 1196.9000000000001
vn -0.55740016886355814 -0.666780527006266 0.49468048329818221
v 4703 1603.2 1057.7
vn -0.83636480299548999 0.44922951348297391 0.31414448988668497
v 4709.7151312767792 1613.2891039863052 1056.9672295147616
vn -0.86581387182313729 0.43313936518924412 -0.25051273357274001
v 4773.5516693615973 1676.9239569872516 1183.7578190002337
vn 0.89575583785598611 0.37604753703110588 0.23708591025145184
v 4713.8000000000002 1620.2 1057.7
vn -0.48985916155807868 0.73259419422583372 -0.47259258185483366
v 4718.7855665429352 1628.6219490012559 1057.7106930352325
vn -0.37515799322799703 0.51977401843047999 -0.76752293117650439
v 4772.4152150390237 1682.9253888913458 1182.9882489122951
vn 0.74539526480014506 0.60668085422010187 0.2762684208089824
v 4766.2881225897872 1686.6461614821874 1181.1256367288856
vn 0.036564420168592307 0.99229020719420935 0.11841954181725137
v 4759.6000000000004 1683.4000000000001 1182.9000000000001
vn -0.73938265123491176 0.65298238752688031 0.16409538882164809
v 4729.9272763643821 1647.6395076963759 1057.6825096843597
vn -0.60788722957940844 -0.054429241419707071 -0.79215564997842858
v 4751.3999999999996 1671.0999999999999 1182.9000000000001
vn -0.43698063456490294 0.80517536104209331 0.40092463504502851
v 4737.7258569042597 1667.841397389735 1058.8830557752838
vn -0.7608305511588368 0.35936575321954145 -0.54036388465208551
v 4744.8864514500847 1662.7351783723839 1184.0404593296619
vn -0.65211062838129152 0.57003711306651084 0.49980938174363532
v 4727.1000000000004 1640.8 1182.9000000000001
vn -0.94565297400636317 -0.099843211172622057 -0.30947016970244456
v 4749.5 1687.9000000000001 1057.7
vn -0.51890916387366826 0.46227705679565873 -0.71905020854476764
v 4753.6000000000004 1698.9000000000001 1057.7
vn -0.34219926190572664 0.42176798494915468 -0.83964958883042728
v 4755.9498831281016 1703.5101991816255 1057.7680040755204
vn -0.64146724911173392 -0.32134497816890795 -0.69660402907437213
v 4722.6000000000004 1637.8 1182.9000000000001
vn -0.52970147872471496 0.84373525992920739 -0.086759175820445941
v 4761.6480936161588 1713.4564000971027 1057.1612694751329
vn -0.91794990262110576 0.06554726065531731 -0.39124357234143337
v 4717.3956521376722 1634.9783136879287 1182.726736506761
vn -0.75539784825983869 0.65526584698087831 0.00087213808419421969
v 4766.454911674211 1731.8275167984848 1057.665500846088
vn -0.94550275869246092 0.21032905242288139 -0.24856834676168815
v 4714.3668841241506 1625.6749891773102 1183.1798801221009
vn -0.86740327208489054 0.49426539607463288 -0.057561113780151794
v 4766.3999999999996 1744.4000000000001 1057.7
vn -0.97896776394369267 0.13967826904741701 -0.14870137294256511
v 4768.6000000000004 1753.2 1057.7
vn -0.98251371424248235 0.17148356710163074 -0.07252715036138084
v 4769.3999999999996 1762.4000000000001 1057.7
vn -0.94486833004365733 0.21074385653061714 -0.25062096044647358
v 4772.8633407875441 1771.4368554151015 1058.7075890979568
vn -0.79219812978769677 0.59831547088277581 -0.12016954881831715
v 4709.6999999999998 1617.9000000000001 1182.9000000000001
vn -0.79147979951019254 0.60540598816137126 -0.083924468813684247
v 4783.5130034338417 1780.6265320418843 1055.7454650012623
vn -0.40687311486705924 0.90989032626099375 0.080955929832466009
v 4702.2660009759838 1608.7620036182743 1181.2673648863383
vn -0.85990483826255726 0.48341566972707956 -0.16392973920239248
v 4791.7263284327755 1779.7694921835753 1057.7257044029523
vn -0.14054953229184666 0.98857524304368538 -0.054450140621133784
v 4697.1000000000004 1578 1182.9000000000001
vn -0.98392743943834804 -0.0030174024252369088 0.17854324182925579
v 4809.6299353245313 1779.6479543868365 1057.6999999998775
vn -0.55524538541711821 0.83166943108062452 -0.0053403538296595424
v 4698.5010925212819 1569.3899905018325 1181.9482189668668
vn -0.98960942676164543 -0.1378550266736735 -0.040855526985810409
v 4700.8999999999996 1562.2 1182.9000000000001
vn -0.91101145563878116 0.21597499498817416 0.3513017637797558
v 4701.3000000000002 1547.3 1182.9000000000001
vn -0.91078687598135011 -0.38703038776224452 0.14378715342039286
v 4815.1000000000004 1792.7 1057.7
vn -0.82639675092531428 0.55610152521572298 0.088427957755625952
v 4819.3000000000002 1800.5 1057.7
vn -0.76811338003548779 0.61524345767024358 0.17741849735701559
v 4824.3629624775713 1805.637178530372 1057.1934466270225
vn -0.51195853696131188 0.85818321689013843 0.037683188300976334
v 4704.1999999999998 1541.0999999999999 1182.9000000000001
vn -0.62275107774142124 -0.54272539712169221 0.56358693960293282
v 4721.3171457431554 1541.5663951319802 1198.4370052687659
vn -0.50558892704458058 -0.64208889599587582 0.57628264461868639
v 4835.6999999999998 1808.5 1057.7
vn 0.16257368346314674 0.97810113014592714 0.12995374812788071
v 4710.0737271751332 1526.0867922650746 1182.8066807266446
vn -0.31002286306752708 -0.26955256603610717 0.91171664376535522
v 4707.4535248953107 1501.1603830932581 1176.1178495610075
vn -0.48979393474370619 -0.43914727727331632 0.75316105206769091
v 4847.4541785054735 1805.4399182815837 1055.4660861663733
vn 0.62294109290973998 0.59734266598864905 0.50510012290039252
v 4722.1000000000004 1496.5 1182.9000000000001
vn -0.049010832110457252 -0.62710374814124104 0.77739232527922952
v 4849.3999999999996 1798.5 1057.7
vn 0.57040895517157986 0.49660500952143483 0.65423014939567115
v 4852.8999999999996 1786.4000000000001 1057.7
vn 0.77215676043781301 0.0029840557531390617 0.63542508033712675
v 4852.8999999999996 1765 1057.7
vn 0.85258700543619659 -0.23864851469626788 0.46491105019627582
v 4850.6999999999998 1755.0999999999999 1057.7
vn 0.9641845583830011 -0.14759948688977906 0.22036907415890067
v 4849.974381097245 1747.5217302099493 1057.7000000000644
vn 0.87656968919528877 -0.3721225504486233 0.30520548394759656
v 4729.1925325074426 1497.9905723193501 1180.5194686100067
vn 0.080827336390136728 -0.72418235168850453 0.68485535932412966
v 4843.110033971403 1739.9185063419527 1056.8251899615516
vn 0.83932197279407517 -0.28939775242747551 0.46020383187777497
v 4738.0188322784225 1496.6217702747572 1170.6423029605639
vn 0.8794486903155958 -0.35474519876309862 0.31737335278298456
v 4833.1619941045719 1734.9268747989563 1058.3068860401027
vn 0.49610992098111578 -0.56310061490954677 0.66090290042683386
v 4734.1500575238279 1513.14109715926 1183.7601889199568
vn 0.61987768349338834 -0.78160529735688511 0.069604717157143003
v 4824.1999999999998 1726.4000000000001 1057.7
vn 0.43726441029908358 -0.5839437524402985 0.68396602947203322
v 4813.8999999999996 1716.0999999999999 1057.7
vn 0.53577212993294232 -0.5411747142893214 0.6481343636939717
v 4809 1710.0999999999999 1057.7
vn 0.46017742493812669 -0.76639592819863211 0.44818971297640448
v 4799.7013600606942 1699.7843787657048 1057.3037228238923
vn 0.49759417564299119 -0.83400786194256937 0.23839237106953778
v 4737.3017071560726 1517.8230235931733 1182.4312647231259
vn 0.91955697702194505 -0.37417872295897464 0.12002187006980385
v 4792.8000000000002 1692.5 1057.7
vn 0.54969066099655994 -0.78652045819435867 -0.28147068418380827
v 4785.124389907578 1680.7109320454529 1057.9189348366961
vn 0.81994258590363622 -0.48293785471819245 -0.30735189002485103
v 4740.8999999999996 1523.3 1182.9000000000001
vn 0.71288076553797686 -0.6931827180288801 0.1062955010905073
v 4745.6163047134878 1535.759042151516 1182.9194718614108
vn 0.5049683037571765 -0.85507747519577826 -0.11768399896932917
v 4780.8999999999996 1669.9000000000001 1057.7
vn 0.97100086327956181 0.23707792738139047 0.030844446159557025
v 4778.0550062530865 1657.4899392488392 1058.2986783507042
vn 0.9210195074628148 0.073925238386791173 0.38243708763979756
v 4750.0708612857725 1544.8679592587105 1182.9907881139361
vn 0.89157579480169713 -0.44717858193196064 -0.07158154779720069
v 4777.0783800125992 1647.2641385309548 1057.0801824710527
vn 0.83015895255066607 -0.51792391507273861 0.2063757051973597
v 4767.3999999999996 1574.9000000000001 1182.9000000000001
vn 0.81391044065049256 -0.58049013377819292 -0.024103924707334176
v 4768.8000000000002 1638 1057.7
vn 0.475047333276085 -0.87572954419878102 -0.086184665484501946
v 4763.4173144987662 1641.1024057802215 1043.7700374167298
vn -0.17109167581796197 -0.96261211112425937 0.21001324239842081
v 4760.6999999999998 1633.7 1057.7
vn 0.33969108851126528 -0.80475453379906969 -0.48680602370541154
v 4757.6000000000004 1629.0999999999999 1057.7
vn 0.54372256309303768 -0.41959788903502016 -0.72684481555617675
v 4750.9305131551255 1623.1336554772261 1057.7636207876881
vn 0.52291906100069696 -0.39269591475847715 -0.75653524318048271
v 4787.0914109013902 1597.5926603019893 1169.5008665437838
vn 0.91594040490944417 -0.39100641387641799 -0.090372335157540437
v 4790.1999999999998 1601.2 1182.9000000000001
vn 0.95764663223801672 -0.28518309324540281 -0.039793606146824569
v 4746.8999999999996 1615.2 1057.7
vn 0.73698251459208486 0.0029088456446103163 -0.67590554946866888
v 4788.2396936624282 1607.7784570082974 1182.6901282049548
vn 0.88045496418945046 -0.47408987635481137 -0.006151842978582637
v 4737.076855273679 1594.8997991284214 1058.802246623769
vn 0.95725189727172333 -0.23573463362398095 -0.16762454378715996
v 4795.0863747962958 1615.0478022446005 1182.6154550769302
vn 0.98705813749476512 -0.098488152244537747 0.12655558886442775
v 4735.1321463902896 1584.6979641601174 1058.9790187084554
vn 0.91106700267113649 -0.40591086008439381 0.072064487158232715
v 4795.5131349259527 1633.7065403624438 1182.6176770267684
vn 0.9101122154200475 0.34912226780212852 0.22318019058131433
v 4732.0091940018865 1570.0818723553612 1057.6241973703882
vn 0.73930953990692772 -0.59739329841217803 0.31071313331564421
v 4786.5138182759911 1643.287795772118 1182.5786180040257
vn 0.83895681520390109 0.47202097940804955 0.27082772609463929
v 4727.6000000000004 1560.5999999999999 1057.7
vn 0.6902178586001031 -0.63922315799146978 0.33910626941550431
v 4722.0113010220239 1555.1845813452792 1057.5599638823178
vn 0.37324412183530048 -0.83140778933622284 0.41164294400177737
v 4779.9799741269999 1670.3146001638388 1182.0420677896498
vn 0.89764540873676069 0.36820100373124209 0.2421997956752224
v 4787.2275571874316 1733.2051220083576 1179.2158673007289
vn -0.32628594813380346 -0.89648806005199266 -0.29974428807675296
v 4794.270830217637 1732.5598670036291 1179.5832006471167
vn 0.24475233372353039 -0.93806314541895608 -0.24522200216045054
v 4805.3783077642238 1730.3975084125559 1182.3545836898829
vn 0.36469572607847883 -0.8688568800552664 -0.3347906052456065
v 4710.2106217575001 1557.464294376611 1057.8985831259038
vn 0.16580215758789715 -0.69456176467394748 0.70006685365914167
v 4820.5237103128084 1750.6782347656113 1183.1419568519855
vn 0.79290086390557935 -0.49116643780435709 -0.36064352259865229
v 4829.5307062509128 1770.6612746133248 1182.6439193316135
vn 0.80492400130326824 -0.34557396869839102 -0.48236499073210093
v 4855.8999999999996 1762.8 1043.8
vn 0.69519836227979892 -0.30081377883571103 0.65284784410003638
v 4922.8999999999996 1792.8 1029.9000000000001
vn 0.19882332220172674 0.32797840094675035 0.9235255573404999
v 4828.2867162137736 1783.4601400315992 1180.5935583378252
vn 0.71339085952974934 0.40490248533930334 -0.57195057383086922
v 4931.4492727649304 1792.6130652833854 1029.9000194588552
vn -0.44527045041225621 0.8176451860319347 0.36495284044444581
v 4820.1999999999998 1790.9000000000001 1182.9000000000001
vn 0.38541295963963029 0.86734417969519084 -0.31491415416061724
v 4936.5572609728533 1796.573359320611 1029.9761767243799
vn -0.11221354680644437 0.86471882119149357 0.4895604969667301
v 4805.8999999999996 1790.9000000000001 1182.9000000000001
vn -0.28563035415638721 0.95545019200336601 0.074365525515711295
v 4944.9757732906037 1794.9857887033022 1029.8598478950453
vn 0.72763077444871072 0.44439575967383349 0.52255704459808594
v 4793.944761660623 1784.3387448196841 1183.8207886870148
vn -0.62389834314409931 0.74655959162357421 0.23108360733052832
v 4775.754960599992 1759.1894455604361 1182.3282262858993
vn -0.96295169100369393 0.23703627785078629 0.12859954811651217
v 4775.8637981402499 1744.2757790009109 1182.799662778215
vn -0.94798534364752285 -0.31726318231106032 -0.025843014130451081
v 4947.9640134837973 1787.4609673988089 1029.9158601906956
vn 0.81768907308839711 0.23159638476465211 0.52701773624402903
v 4939.6000000000004 1765.0999999999999 1029.9000000000001
vn 0.7503589468547498 -0.24143172841375465 0.61536344658273123
v 4776.1931897247978 1739.0412891794022 1169.6151603436047
vn -0.83414957058150729 -0.55146830924493739 0.0087862277011926393
v 4939.5067193408349 1723.1257632390043 1029.912995465261
vn 0.72861089461260276 -0.14517563729064856 0.6693655194205006
v 4780.3000000000002 1737.2 1182.9000000000001
vn -0.73029469083540588 -0.67707016390337749 -0.090805603843994304
v 4935.0382892869438 1710.7589771533749 1029.8649528119113
vn 0.66279616268989372 -0.2675937302336367 0.6993531599007754
v 4928.5 1704.5 1029.9000000000001
vn 0.4899584372631397 -0.43692123098949753 0.75434777633746908
v 4923.8000000000002 1702.3 1029.9000000000001
vn 0.054759092322432902 -0.17493419082772477 0.98305618897775748
v 4796.1999999999998 1738.5 1169
vn 0.40675994728108883 -0.84753694363774001 -0.34092150776547392
v 4806.1000000000004 1748.3 1169
vn 0.78814178694452874 -0.58523708378668127 -0.19060451052571131
v 4813.1999999999998 1758.5 1169
vn 0.91863069474190717 -0.30343169089174438 -0.2530748024608096
v 4907.024917964025 1702.5609342183548 1030.0696884418771
vn -0.51990737299202294 -0.72548482203542308 0.45096352014854146
v 4896.8999999999996 1706.0999999999999 1029.9000000000001
vn -0.40285043927401576 -0.89065534374246735 0.21081883748782992
v 4887 1708.5 1029.9000000000001
vn 0.23576063097969538 -0.94522750497537411 0.22574740024657003
v 4881.3000000000002 1708.8 1029.9000000000001
vn 0.58233166354317534 -0.69531462729968596 0.42122132270118617
v 4872.1000000000004 1710.2 1029.9000000000001
vn 0.29251090535294211 -0.47277067227788283 0.83121914179325829
v 4868.8999999999996 1711.4000000000001 1029.9000000000001
vn 0.20351180859016937 -0.29604860362181645 0.93324068067028187
v 4855.3999999999996 1711.3 1029.9000000000001
vn 0.074979086484979293 -0.54424791211560763 0.83556708093825705
v 4819.9928822607817 1772.5265992400482 1169.2634920603014
vn 0.86504524811151251 -0.065082194997433299 -0.49745454728448096
v 4842.3076694295505 1707.5705839934808 1031.1469590048728
vn 0.28372616543666362 -0.64152733042370047 0.71270060149129055
v 4819.3999999999996 1784.5 1169
vn 0.60318132197041596 0.52747406661376317 -0.59828371353059639
v 4825.8292060926196 1702.4172142150933 1032.0487861154645
vn 0.17294312445897964 -0.85644097724807899 0.48641497529652716
v 4816.5109665017862 1789.8263831078939 1169.1484728515784
vn 0.44036227530361494 0.81501353028854295 -0.3766085659355472
v 4810.3999999999996 1792.4000000000001 1169
vn 0.075643253829187518 0.96559957145585984 -0.24878819456395607
v 4801.6117842412368 1696.9785782609756 1029.9718094809905
vn -0.29736072947585468 -0.95474661277513306 -0.0059583521209956901
v 4790.3000000000002 1704.5999999999999 1029.9000000000001
vn -0.35992231245686118 -0.87357760655115169 -0.32759440521484329
v 4798.1757406424285 1792.548975507679 1168.0792979878506
vn -0.057326840280132803 0.99833557893850433 0.0063012069492637676
v 4785.1819594500384 1710.5323493522965 1029.716556532745
vn -0.49377282375480819 -0.62432241152114853 -0.60531803623683711
v 4780.6999999999998 1714.7 1029.9000000000001
vn -0.56729579775022421 -0.49306562056458164 -0.65959212523513411
v 4777.3000000000002 1724.4000000000001 1029.9000000000001
vn -0.70519611372313473 -0.18894573483644916 -0.68337248296730668
v 4777.1999999999998 1754.8 1029.9000000000001
vn -0.75391569978982742 0.19608259548620588 -0.62702690002726991
v 4786.6677679648155 1783.8739221774849 1169.326575903232
vn -0.75158954286114243 0.65945470759825475 0.015252792802603696
v 4784.7136258518458 1775.0288030353113 1028.7125195603658
vn -0.77325222560609952 0.46403152519054547 -0.43215244905536498
v 4794.1000000000004 1786 1029.9000000000001
vn -0.73256164298230231 0.58181186810410168 -0.3533389157229716
v 4779.3000000000002 1774.5999999999999 1169
vn -0.83904313017275667 0.54130297125798454 0.054751429361982205
v 4775.9723911039737 1766.9475603784267 1169.6564897831067
vn -0.95923310150422603 0.27499561394571653 0.065186419515124355
v 4804.1720746837773 1793.8250667918005 1029.2740322593675
vn -0.47029564908912047 0.76909803691627732 -0.43279349817132357
v 4708.6999999999998 1490.3 1169
vn -0.49759144913424519 -0.6239716280751697 0.60254639415210509
v 4821.510081505854 1803.803627427247 1029.3818431963123
vn -0.33869223432395701 0.87642879892151448 -0.34228662087443235
v 4721.8727860819818 1484.7348628231757 1169.8036351377923
vn 0.064132387255151135 -0.81813041893813432 0.57144523317030849
v 4731.6873754282096 1490.1470126694094 1169.4169279637754
vn 0.68126350159213667 -0.66547865511782123 0.30498885386354163
v 4834.2734642195655 1808.1370151295523 1031.073363937564
vn -0.19829756965381493 0.9623912600816128 -0.18569097013025671
v 4854.6999999999998 1808.5999999999999 1029.9000000000001
vn 0.11877153673156671 0.99046248433883732 0.069838307394727156
v 4738.1547045092493 1502.1558874014918 1168.6230286647451
vn 0.97065737099751459 -0.19646581294295115 0.13865587788788017
v 4865.5711343784224 1805.0324666531274 1030.9825847628763
vn 0.65390071035626396 0.70227467080998596 0.28146784493845678
v 4742.1148903611265 1514.1676059124038 1168.716959277989
vn 0.91092441034819138 -0.35015527870973845 0.21819257417131646
v 4878.3970901017901 1801.9039380167528 1030.1408285506959
vn 0.32441337105009277 0.63001000755140124 0.70558015495689652
v 4749.5168335054732 1529.3769113715716 1169.1109819677285
vn 0.89399267269646276 -0.42542504788534657 0.14067917328725624
v 4890.1405923940192 1799.2084302944579 1029.9612236016153
vn 0.3249703046355934 0.41657371715656499 0.84903512252404012
v 4898.6999999999998 1796.5999999999999 1029.9000000000001
vn 0.16860349439945063 0.3569134598405056 0.91879575742434416
v 4756.1729094453349 1540.1025231469048 1169.1007988599881
vn 0.88840601209474701 -0.44587828235209559 0.10921224748467245
v 4762.6999999999998 1556 1169
vn 0.88727588315577122 -0.4535135614040493 0.084065193705610552
v 4944.6736545672366 1782.68665421478 1015.905253091229
vn 0.91191685646358556 0.0064002793690159194 -0.41032509467685579
v 4768.4703521501342 1563.896971565458 1167.0229367989064
vn 0.79753520338531481 -0.56393677995836633 0.21427297443059337
v 4772.3821523807428 1564.9792907982087 1155.3115262666856
vn 0.8468520230325709 -0.49916327127598631 -0.18351479421206901
v 4773.3000000000002 1575.8 1169
vn 0.80539493428697495 -0.55051128452996545 0.2197187416449648
v 4943.4451139248949 1740.5967075938715 1016.0692714158404
vn 0.92400846596736508 -0.14774092006290285 -0.35267687103013096
v 4780.6319621906277 1589.6039354184886 1169.459413947684
vn 0.69461221078996083 -0.71690228836987557 0.059707499960379717
v 4794.6999999999998 1602.8 1169
vn 0.81926558819564155 -0.44233797030480471 0.36488493532218502
v 4938.6920906986579 1715.4702122442759 1015.860602320404
vn 0.84612804983533552 -0.19534130180006534 -0.49589222527975574
v 4936.1999999999998 1705.7 1015.9
vn 0.89962400435055756 -0.26085930179648531 -0.35018434497064255
v 4934 1695.0999999999999 1015.9
vn 0.76343355920327549 -0.56605014452639069 -0.3110569635354129
v 4798.1000000000004 1603.9000000000001 1169
vn 0.80865647079797609 -0.58820924609686731 0.009197556344862419
v 4798.3400137663994 1620.9155144261222 1169.0250100121091
vn 0.94800653704524829 0.31787005086425013 -0.015563948182753237
v 4930.6250513264931 1688.3603142793781 1015.9001317839028
vn 0.68744729991195652 -0.71530377538224565 -0.12552576933708165
v 4920.8999999999996 1682.7 1015.9
vn 0.35632148619382853 -0.93375584936209877 0.033689942990255961
v 4910.8999999999996 1680.8 1015.9
vn 0.71159234601974775 -0.68158822955210008 0.17051046425995453
v 4903.8000000000002 1680.9000000000001 1015.9
vn 0.29662691541916852 -0.85562731123384006 0.42416314941265065
v 4899.5 1682.7 1015.9
vn -0.59687851129520109 -0.72306712882857072 0.3477211094564604
v 4900.8000000000002 1688.5999999999999 1015.9
vn -0.66912563033998962 -0.35207354365327231 0.65445787540646105
v 4900.6999999999998 1709.9000000000001 1015.9
vn -0.69806098230691394 -0.6742813667283537 0.2409470968151507
v 4794.8000000000002 1625.5999999999999 1169
vn 0.89771878893664203 0.44025192775351002 -0.016709760604114859
v 4790.5315479578212 1638.3087679115695 1169.7453338842099
vn 0.90494156605258669 0.41917036313836054 -0.073327816664256654
v 4897.2156158055695 1715.8100123995478 1015.8340801747207
vn -0.36190552615033167 -0.8788661442652298 0.31083547192400618
v 4787.5863767146493 1649.8693574725144 1169.0014193191528
vn 0.99109062377164958 0.13276065729156358 -0.010676298395714439
v 4784.1439523617873 1675.5709300866615 1169.0391828305687
vn 0.97054184234175978 0.07116002567295901 0.23018423710168875
v 4887.5075839531783 1716.1193572149155 1015.9086413811855
vn 0.32218138843369493 -0.89003470319144651 0.32254826005088011
v 4883.8000000000002 1709.2 1015.9
vn 0.63065708479123939 -0.71826431459777917 0.29388435783144023
v 4883.8000000000002 1696.2 1015.9
vn 0.61472140099271133 -0.52854112461469827 0.5854586909019186
v 4780.5930512792784 1689.0022014721385 1169.1960084422612
vn 0.70309507982049202 0.68689436766561807 0.18393867565432467
v 4773.3999999999996 1691.3 1169
vn 0.19023110952465319 0.96786486634470981 0.16446800741954731
v 4883.1160195684533 1687.4888505739991 1014.7841087283387
vn 0.4826702789077752 -0.46614462160796677 0.74144358760802309
v 4876.6000000000004 1686.2 1015.9
vn 0.10321369503464344 -0.62158924070203747 0.77651384340574392
v 4867.1000000000004 1686.4000000000001 1015.9
vn -0.40845963485028525 -0.58160384820689803 0.7034896519842343
v 4764.1295481113229 1690.6929785666712 1169.1151682283762
vn -0.42663610462917362 0.89975134648838051 0.091810395485430032
v 4860.5993172608269 1689.4219781693084 1015.7772923526866
vn -0.44254372105475115 -0.68200137744802802 0.58226211976566622
v 4754.8785657139942 1679.7970514373501 1169.2251464271403
vn -0.38668276768403503 0.89323832605402131 0.22935067046866123
v 4744.9375423903211 1680.6580423265382 1169.254683119615
vn -0.49283740093997408 0.87009093299348228 0.007284542350962638
v 4732.5703926897168 1672.977459713167 1168.8262949399609
vn -0.83227334316448232 0.55249348545975152 -0.045519564830423631
v 4851.8649268650397 1693.2398391108991 1015.9873894469958
vn -0.058399726709840255 -0.89359813100865604 0.44505263978326531
v 4829.8999999999996 1694.0999999999999 1015.9
vn -0.098684737084935512 -0.97754709241430771 0.18618003324419649
v 4730.329393976629 1666.6359667538891 1169.0410100662411
vn -0.75991352536687384 0.64931699635104623 -0.030312905075976507
v 4821.5928786089135 1695.4817704846348 1015.4951349555677
vn 0.0089562717333384594 -0.99980024389926636 -0.017867778138486418
v 4809.1999999999998 1699.3 1015.9
vn -0.25429622565445764 -0.88238165462704898 -0.39589903409269428
v 4721.4184960697403 1662.0107474227159 1168.9961350120718
vn -0.8074667870456278 0.5893135859400862 -0.02658731360343072
v 4721.3000000000002 1649.9000000000001 1169
vn -0.98696286337934103 0.15354572313888976 0.048249530731475691
v 4724.042046848147 1645.0980361518846 1169.0505463807601
vn -0.94309670571538473 -0.31346026443210256 0.11095614580069559
v 4731.9052086220827 1642.0799915784464 1168.9988182512279
vn -0.99183655619191524 -0.12715266471507153 0.0096148664690825295
v 4800.6808818207001 1705.0780996731737 1015.9977303013527
vn -0.62746955344457023 -0.53488335256099306 -0.56584605561334789
v 4724.8170290367616 1636.1169908233242 1172.3785055543049
vn -0.55453209155075434 0.82682758504896725 -0.094076054564585065
v 4791.7286409273711 1723.5738323997277 1017.9491145030017
vn -0.65356926254890446 -0.24608431565587188 -0.71574417820857072
v 4718.1401629805368 1630.1238540777304 1168.5460609849124
vn -0.78227043993936918 0.57562944903590785 -0.23812537915913759
v 4711.6999999999998 1621.9000000000001 1169
vn -0.86233282529518596 0.49684007808234748 -0.097632142399668387
v 4789.9546843162898 1739.9320663831968 1014.8900302634574
vn -0.70022539583062093 -0.09966414661439793 -0.70693101000979863
v 4707.1999999999998 1613 1169
vn -0.89093444616334661 0.45299613471066463 -0.032098513623036694
v 4698.7495087273401 1590.3325249216514 1167.2420056864853
vn -0.96141473998324134 0.27451270952716061 0.01801305224034078
v 4788.3775529999202 1760.8506823648486 1017.0575661746432
vn -0.72512987189640266 0.16440270125656084 -0.66869905092130411
v 4693.5607118834214 1569.6051618754955 1169.4942256966592
vn -0.82249037305021644 0.52880550016653605 0.20946199949712915
v 4684.6295855087428 1567.5529388058967 1168.8433234414342
vn -0.80759876032987477 0.56936199296684042 0.15365924403848
v 4681.0241823993219 1562.2037623011197 1169.0000000000575
vn -0.96533126252163681 0.15660592359115258 0.20883040557961099
v 4795.638708675312 1776.68201501978 1016.3486304902017
vn -0.71898448507620905 0.3968703236589507 -0.57057449681749561
v 4799.7057188417812 1784.0743560029696 1015.1071286137485
vn -0.66499834180930495 0.51017853884160702 -0.54543108079418945
v 4681.7452620676822 1555.8010148101791 1168.9631303330357
vn -0.93835886189842521 -0.23768630685363026 0.25097383495291747
v 4690.3999999999996 1547.4000000000001 1169
vn -0.78014423931211707 -0.53637130917896925 0.32199500703855133
v 4693.9544396781403 1541.0113555351118 1170.1229486307082
vn -0.88076176535541539 -0.13721686823650861 0.45324413262542823
v 4811.109095364478 1794.8636303727594 1015.9031831468618
vn -0.52764423650664516 0.71219900301296024 -0.46299475136189722
v 4693.0375699138822 1519.6538404242565 1168.6650814098252
vn -0.77816229586907282 -0.04415972144834384 0.62650886688807372
v 4829.642645076965 1803.7895124437628 1015.9620630326426
vn -0.44430190670159969 0.82311611569000465 -0.3536603961326768
v 4837.3000000000002 1807.0999999999999 1015.9
vn -0.20376727591789476 0.94963931883870478 -0.23804214202649393
v 4878.6999999999998 1807.2 1015.9
vn 0.017746072546660309 0.99535798952335885 0.094591487995409118
v 4884.1999999999998 1808.5 1015.9
vn 0 0.99613213807116774 0.087867875254635422
v 4898.3000000000002 1808.5 1015.9
vn 0.028986390455382788 0.98687513648750891 0.15886237487564137
v 4904.8000000000002 1809.7 1015.9
vn 0.074067389752762572 0.99613240997488206 0.047267785783193086
v 4927.6999999999998 1810.0999999999999 1015.9
vn -0.58333895559107496 0.75553687177449536 -0.29812698348040145
v 4692.9209433303749 1501.1664936461893 1166.2536182153926
vn -0.43478609312313632 -0.39932430643688704 0.80715621258553072
v 4927.6888303398136 1812.9078838609544 1015.9000622192506
vn -0.76216890216601896 0.64664442166348601 -0.03081487469617324
v 4693.2091965123418 1485.0039699735098 1155.032597513748
vn -0.21407917361360854 -0.69700910047755749 0.68435986240893798
v 4697.5622078316883 1502.8222762242949 1166.890408070878
vn -0.32923653532898556 -0.40613236167561956 0.85244343425493596
v 4701.8999999999996 1482.3 1155.0999999999999
vn -0.48945446849420726 -0.73746947125460582 0.46537415295491574
v 4711.6999999999998 1478.3 1155.0999999999999
vn -0.18973600917586639 -0.89927419713188061 0.39408903206613988
v 4718.912013119806 1476.6064534913319 1154.9383341092548
vn 0.23838716497589671 -0.94533426052643732 0.22251897772929013
v 4937.8546881859593 1813.9342254279825 1015.9005494175674
vn 0.35412090423261272 0.91533604564700077 -0.19172456474012048
v 4943.3999999999996 1796.8 1015.9
vn 0.74541961724435291 0.5526753265077996 -0.37269233651469102
v 4944.8999999999996 1750.0999999999999 1015.9
vn 0.91874710866762244 -0.15279420997997989 -0.36408471502038897
v 4728.1355876103189 1480.3487333528233 1154.5570824918395
vn 0.70878047079086459 -0.70515412277638256 0.019695363844080001
v 4735.2942032718611 1496.8470670644574 1154.8779696066872
vn 0.89997809372093274 -0.40498181252386944 -0.16133555822359039
v 4907.0029298299614 1748.1293664977966 1001.8453082790031
vn 0.85005736112116703 -0.031647344988004381 -0.52573846003400593
v 4904.3999999999996 1724.9000000000001 1002
vn 0.84390841330509903 -0.12811592086046875 -0.52096535467816318
v 4741.6839810882975 1509.9069267197603 1155.3906892486752
vn 0.94263908777772487 -0.29611531604430191 -0.15410149187325187
v 4899.6419933402522 1698.141849079253 1001.9599004517868
vn 0.81971187339981899 -0.0016239288674867525 -0.57277378384698474
v 4903.1000000000004 1691.0999999999999 1002
vn 0.71499256319289539 -0.23742501145168307 -0.65758269329113417
v 4742.8036846233435 1517.54694891545 1153.5823237718416
vn 0.96166171534727962 -0.22120570512900195 -0.16209497602858855
v 4903.2950714395593 1685.4720532850843 1001.4293825378263
vn 0.64481856570258722 -0.6187107745545134 -0.44878279242347552
v 4747.5342467138344 1530.4743146753806 1155.6241557517446
vn 0.86342371873389556 -0.38300996794277836 -0.32833343781010604
v 4750.3641019181596 1546.600466907181 1141.3085863123588
vn 0.75935173536848832 -0.35864262008870612 -0.54291842209375563
v 4757.1000000000004 1551.3 1155.0999999999999
vn 0.78391456139129601 -0.57507189148759108 -0.23403051095866995
v 4898.3509692540702 1680.4442624729932 1001.2184076583189
vn 0.43223671339369363 -0.89951432175537516 -0.06360352625118601
v 4895.3999999999996 1679.4000000000001 1002
vn -0.25848732051565337 -0.38824283580168095 0.88456305913219491
v 4877.5 1674.0999999999999 1002
vn -0.23288419067314969 -0.87976677216942933 0.41445793552674987
v 4763.6000000000004 1557.9000000000001 1155.0999999999999
vn 0.74943667683140713 -0.6277635659179559 -0.21037483862351283
v 4868.0252670661666 1674.7219439032233 1002.1956650566744
vn -0.52865283994388068 -0.82628521014808776 0.1943680177133067
v 4863.1000000000004 1681.2 1002
vn -0.63031558239347452 -0.77621165457340446 0.014061788520417161
v 4778.3000000000002 1576.0999999999999 1155.0999999999999
vn 0.82370796822762327 -0.54456249010602309 -0.157977458670053
v 4790.1999999999998 1594.0999999999999 1155.0999999999999
vn 0.87408944629709839 -0.4292006758282102 -0.22749597741639213
v 4857.3361248024503 1689.3346256685629 1002.3197176571623
vn -0.57730589484375905 -0.81651572188257737 -0.004469865458863749
v 4791.5 1598.5999999999999 1155.0999999999999
vn 0.75077675146340683 -0.62640967514853751 -0.2096310767571388
v 4791.6000000000004 1618.4000000000001 1155.0999999999999
vn 0.82080446403338914 -0.3327139570071318 -0.46430750008536081
v 4839.3922631819878 1694.3797427012864 1003.095855143014
vn -0.2925769968144068 -0.93604670373339149 -0.19548726138783343
v 4789.315665230296 1626.0705298722514 1154.8654238174445
vn 0.94953390912116331 -0.30714942633244846 0.063597054434386402
v 4788.2285126421339 1635.0084328854209 1155.2631335551514
vn 0.92282431170265544 0.29256496211053257 0.25060134212685858
v 4825.0189964869078 1700.2976399848894 1001.856508436812
vn -0.38451416239960656 -0.74565427823768105 -0.54419532914200208
v 4783.4535521439102 1649.320705788683 1155.0473428703156
vn 0.94790367628162442 0.20755663695669718 0.24165856688105902
v 4779.4092744770305 1668.2092309062464 1154.6879387603947
vn 0.97789872112296827 0.026846242972937074 0.20734842768707221
v 4810.9175639292371 1710.0117746456053 1002.0401055522425
vn -0.546953654034109 -0.47635773863456876 -0.68842211264724495
v 4803.8999999999996 1726.2 1002
vn -0.69502831088291828 -0.13865347953039922 -0.70548625761622774
v 4782.7075123687664 1674.8320520737743 1154.267259871739
vn 0.96948040785252898 -0.030856412839978618 0.24321928496059414
v 4779.0911816938369 1684.473611481008 1154.964620127947
vn 0.74095703837121718 0.6666858989368103 0.080700554192469465
v 4803.659474101717 1740.653231755726 1002.00787953902
vn -0.69021949994701892 -0.050100533927399112 -0.72186354554934884
v 4770.114861165287 1688.9647145953768 1154.6856123198156
vn 0.27853079840837563 0.92799129663996649 0.24749292454223146
v 4804.889009028896 1759.8592636598742 1002.5558841678779
vn -0.61996670240019469 0.15938382196407144 -0.76826953942685605
v 4762.0102101595976 1687.326529212005 1154.9300471857628
vn -0.4090326646488428 0.85372819236835906 0.32224284756332633
v 4754.1999999999998 1679 1155.0999999999999
vn -0.61896187472156272 0.78213580146786321 0.071762007381285589
v 4814.260356415376 1782.4138684104928 1004.4700183720852
vn -0.55737658737682982 0.41254487089829095 -0.72051236584785383
v 4748.1999999999998 1666.8 1155.0999999999999
vn -0.88680147521259667 0.4613734849466618 -0.026789007987131082
v 4831.4032030083654 1790.9198823448578 997.31709982924895
vn -0.54196145271505392 0.6454551007539262 -0.53820581256776423
v 4747.6999999999998 1663.4000000000001 1155.0999999999999
vn -0.90082313728157759 0.43257681102845574 0.037349402921972544
v 4839.1644450440763 1801.9486676719878 1002.9198633843043
vn -0.4204263381946507 0.85776273292258154 -0.29577827533715406
v 4852.6000000000004 1804.5999999999999 1002
vn -0.18516261227187228 0.97840187420124569 -0.091894393605628663
v 4739.6999999999998 1655.3 1155.0999999999999
vn -0.12839695367424545 0.9163544530797908 0.37922122647342854
v 4874.685446379347 1803.840124991757 1002.9691308804304
vn 0.017515498167434179 0.99244516785439318 -0.12143226970789926
v 4734.8999999999996 1649.3 1155.0999999999999
vn -0.78905809383187842 0.61066473109150321 -0.066902247789927691
v 4730.6000000000004 1644.9000000000001 1155.0999999999999
vn -0.98975248665728321 -0.13314974405718344 0.051586440207005341
v 4720.5 1630.8 1155.0999999999999
vn -0.80914157244342322 0.57976588869369772 0.095715359535402889
v 4906.5403419226086 1795.2788986863943 1001.6693244491487
vn 0.60773062662221755 0.66594819049211906 -0.43263898696908848
v 4908.8999999999996 1790.0999999999999 1002
vn 0.74062701712340462 0.18506261652728609 -0.64592836249150942
v 4908.8999999999996 1768.5 1002
vn 0.85067460347945056 -0.19333513715442324 -0.48884991944006684
v 4907.3999999999996 1761.9000000000001 1002
vn 0.85067460347945056 -0.19333513715442324 -0.48884991944006684
v 4895.8738614431768 1802.8467342251965 1002.8201447618502
vn 0.31882000511694403 0.92939323908342242 -0.18596239265845185
v 4902.0824683551737 1802.7397698680143 988.08732186547491
vn 0.44420495123063281 0.68568071596452751 -0.57664886807880245
v 4716.6000000000004 1623.8 1155.0999999999999
vn -0.8909044925840679 0.42778077242568485 -0.15261977537792729
v 4908.8980085125077 1791.3085740390197 988.11146744209668
vn 0.7305574539055284 0.21689966852879508 -0.64748771442798103
v 4708.5639129627671 1612.8110478887056 1154.5465368572741
vn -0.85935675836948078 0.47076931239055247 -0.19970532380491082
v 4700.3999999999996 1600.8 1155.0999999999999
vn -0.86977087960004251 0.48709577636318691 -0.078970384631915261
v 4908.6899029196056 1754.3343693058559 988.12012249671659
vn 0.81177343163515658 -0.15745991855893196 -0.56234355134445735
v 4907.3000000000002 1737.7 988.11000000000001
vn 0.7919934669971741 -0.099642584981614782 -0.60234350954582194
v 4696.7770402678952 1593.2316968817086 1155.0090705263456
vn -0.88718023910480392 0.45585504164853841 -0.0714661062710992
v 4897.9599391806578 1692.2664958074456 988.14847350535274
vn 0.75169139148118336 -0.16079503993268002 -0.63961316989734518
v 4691.8999999999996 1579.2 1155.0999999999999
vn -0.96891624361339268 0.23761753049782508 -0.068842007976436623
v 4892.3266617946492 1670.8902190161502 988.15599230929217
vn 0.36053518076360336 -0.8220379624353219 -0.44075840519148374
v 4689.1000000000004 1567.5999999999999 1155.0999999999999
vn -0.7490128908806295 0.62088405646628242 -0.23126322172065464
v 4689.1000000000004 1562.2 1155.0999999999999
vn -0.93073635763322227 0.29811624306719675 -0.21179362171496713
v 4687.6999999999998 1554.8 1155.0999999999999
vn -0.99060719573112477 -0.13627473386435249 0.011250807789539529
v 4881.9483852091398 1666.3715038623809 988.09432944224068
vn 0.074911668611414961 -0.90309170852376386 -0.42286358072253355
v 4687.827647388247 1540.8933814330667 1155.5490694263926
vn -0.85778650204491591 -0.05593582952480005 0.51095352027842988
v 4874.6829560665246 1674.0653404851296 988.12121828129818
vn -0.44835171974624788 -0.68020028739959071 -0.57992094670057937
v 4685.1965130114686 1519.9258029351313 1156.9273800869737
vn -0.83883028222100398 0.071275104095485597 0.53970697342651452
v 4867.7764142233218 1684.978998445325 988.13268805781127
vn -0.5000058845542823 -0.37342785531300698 -0.78137427158015482
v 4684.097795414209 1493.8307455960403 1155.2502789078526
vn -0.74767948385535543 -0.35439546495519036 0.56158636365298586
v 4781.6886095457703 1738.1752530525744 1155.1818004950665
vn -0.35165672590889197 -0.88938444466369404 -0.29211788153635992
v 4858.7990284963271 1691.8975265562203 988.06225019062731
vn -0.42394821346892131 -0.57198510984263096 -0.70221146844438775
v 4788.8000000000002 1738.2 1155.0999999999999
vn 0.28096378326991456 -0.91958711708282581 -0.27462499264625151
v 4800.3000000000002 1742.4000000000001 1155.0999999999999
vn 0.47842883865002994 -0.86687117758954157 -0.14014352576021877
v 4836.3277997950008 1705.4721940576801 988.1164701380618
vn -0.3180317911237433 -0.47577224546412561 -0.8200588700091278
v 4809.9289046053782 1747.6405691513714 1155.1510376229189
vn 0.79104610121797569 -0.59764681623674765 -0.13063058137327332
v 4811.9727005359809 1754.0029179020162 1155.1683946985343
vn 0.955237446956965 -0.26494312808949039 -0.13163038710455727
v 4828.2772875332703 1715.4357989860607 988.09308116319335
vn -0.37778881214680188 -0.28767149448628127 -0.88006859089319733
v 4810.1999999999998 1766.5 1155.0999999999999
vn 0.97182411303189087 -0.12209768404759057 -0.2016185727555708
v 4810 1774.3 1155.0999999999999
vn 0.97171753647015047 0.21346868754708731 -0.10097598107127172
v 4805.8364956427968 1785.3281312178874 1154.4176731169371
vn 0.52402801301192492 0.79890018173706556 -0.29521710858156125
v 4822.4782650171692 1725.9931357352348 988.11929761055887
vn -0.38018553650339659 -0.13076427508150582 -0.91561982405146347
v 4800.2110545423848 1788.6564551842068 1154.4241613214872
vn 0.073950618155321848 0.99697413614417418 0.023955749498261944
v 4793.6975569205315 1787.0252963973271 1155.6832590402475
vn -0.55098127063614921 0.8288027675361741 0.097496727804337019
v 4788.6000000000004 1778.9000000000001 1155.0999999999999
vn -0.79012283605436939 0.61272084382794145 -0.016705432774267726
v 4822.5680305600426 1746.8371727059712 988.10701735903399
vn -0.38965733312741679 0.031700917262999125 -0.92041415383766978
v 4825.1999999999998 1765.8 988.11000000000001
vn -0.41053683451511835 0.17088471698676805 -0.895688517849067
v 4781.1000000000004 1771.3 1155.0999999999999
vn -0.82077555187625151 0.56330659590227006 -0.094937729355780626
v 4831.4440100114962 1780.1439788196785 988.08587082515965
vn -0.42267937233934233 0.30834366681032654 -0.85221260923362419
v 4776.1176457874653 1760.552127385442 1154.9362493497561
vn -0.97529982350975775 0.21930683205667315 -0.026358445991780628
v 4809.1251803547439 1790.7828633497743 1126.6616950424686
vn 0.67097361987807269 0.531580233287961 0.51693022450349391
v 4847.7712655116384 1802.3451154706872 988.02061219850657
vn -0.33573930550266567 0.67097635224401886 -0.66111258758996427
v 4854.3000000000002 1805.7 988.11000000000001
vn -0.095970254206825117 0.7658708092628369 -0.63579211525982671
v 4868.6000000000004 1805.9000000000001 988.11000000000001
vn 0.019223549236502727 0.78632381947228802 -0.6175154298357769
v 4793.1964423855916 1792.300618679637 1145.3773269163676
vn -0.3389026388009353 0.89792358392000338 0.28085269956690739
v 4880.9991328772594 1803.3795230440146 988.11136311987968
vn 0.15237640326107202 0.74924577364483091 -0.64452478804509772
v 4778.4190700309573 1770.7097594470974 1139.8458958075771
vn -0.9655521533361302 0.25078005899635797 0.069414704477836028
v 4775.8000000000002 1761.0999999999999 1141.2
vn -0.98095928800235788 -0.089765431718195662 -0.17222381528218766
v 4838.985613139932 1805.912806015896 1070.9262428972834
vn 0.6676046191000804 0.71520171839834401 0.2068588276005939
v 4839.5528291986184 1797.2121503275994 1071.4782249838263
vn 0.91763753815505456 0.10991535799348029 0.38191617227592733
v 4776.2679752354588 1750.3970732595199 1140.9208429840355
vn -0.89108669379202432 -0.21537932311805547 -0.3994699629759505
v 4774.1344701291409 1746.3298077880909 1151.7968438039206
vn -0.92150883219601576 -0.31852400726366892 -0.22217994729819698
v 4843.0815691115495 1772.2491227177889 1069.7334422647793
vn 0.85662014508619455 0.17175175935539944 0.48652159272824896
v 4780.752281152314 1745.1219977099906 1141.2284098774819
vn -0.39535664538931498 -0.79458528546724705 -0.46078991641033223
v 4789.1808494023062 1745.3055849623215 1139.9876392851875
vn 0.040443563613513853 -0.86641120344072953 -0.49769061143910104
v 4841.8392484659989 1756.2578098589038 1071.3723551602479
vn 0.79712971224767193 -0.35699801120910452 0.48696677694139229
v 4801.9659654826937 1750.2185076837043 1141.3919073965126
vn 0.56285662674276593 -0.7654752349695485 -0.3118334208837617
v 4835.6000000000004 1749.8 1071.5999999999999
vn 0.60911647298679683 -0.74284745475602432 0.27776749503608411
v 4824.3000000000002 1741.2 1071.5999999999999
vn 0.46266329449652366 -0.86039138976548757 0.21370384260241021
v 4813.6999999999998 1735.5 1071.5999999999999
vn 0.55711735510693405 -0.79762285997039817 0.23112339970521623
v 4806.2162264307008 1728.2089660984709 1071.5306081000288
vn 0.46104719036778141 -0.81347430337092774 0.35453497148963803
v 4807.8000000000002 1759.5999999999999 1141.2
vn 0.89090267264293899 -0.44769989790010561 0.076532537511199525
v 4800.8966679319183 1721.6373850141899 1071.5851361930145
vn 0.35381172612733058 -0.62367250733144142 0.69702931506050159
v 4812.9396062027945 1769.9044711974502 1141.2720662570894
vn 0.88914804163359051 -0.25373745322772695 0.38083206914420681
v 4795.5 1714.9000000000001 1071.5999999999999
vn 0.75165233156840228 -0.29510537482742344 0.58985726256082538
v 4792.3000000000002 1707.3 1071.5999999999999
vn 0.88720840349373731 -0.23744206865510764 0.39557870620506991
v 4788.6030159820511 1692.7385932603765 1072.1978283770759
vn 0.92313337297329356 -0.33874618395646555 0.18186753024628285
v 4812.5537819189631 1784.2368483382133 1141.1599552350626
vn 0.7812466960921377 0.48410674787418373 0.39407392264370977
v 4778.1999999999998 1692.7 1141.2
vn 0.78281664606304768 0.57000010930400469 0.24959562103535324
v 4785.4941435855526 1668.5163486069378 1071.5981708923077
vn 0.95273989431457684 -0.29720090925195575 0.062915127920552788
v 4771.600475687691 1701.1821972192502 1141.603386557867
vn 0.44370963278244896 0.83341067523148338 0.32946685445772406
v 4779.1999999999998 1653.3 1071.5999999999999
vn 0.93701370267565909 -0.31388732598620611 0.15323207100108283
v 4774.5 1646 1071.5999999999999
vn 0.83136472348166435 -0.52358288518803731 0.1862623388890689
v 4765.0443847174047 1630.6077046039427 1072.3847905158718
vn 0.75500665616642815 -0.63024414930700901 -0.18098967210499461
v 4763.6000000000004 1701.7 1141.2
vn -0.17174982036005548 0.91567666402797021 0.36337067322624761
v 4756.3000000000002 1698.3 1141.2
vn -0.23959574385531196 0.8986569421464039 0.36743649772238818
v 4747.9345184367176 1694.4733076837392 1141.1184816149157
vn -0.67093633488753868 0.58866890988517506 0.45090281554041783
v 4752.8734616237489 1614.0599360316201 1070.0518364405862
vn 0.80333739067897258 -0.5181113121853691 -0.29361489220176601
v 4739.6000000000004 1682.5 1141.2
vn 0.14105640373409337 0.87640874034083638 0.46044631697928984
v 4737.1532373283435 1694.2407005598288 1141.2000000002681
vn 0.55351620168885152 0.79748283587853974 0.24008527848884967
v 4741.9136541060125 1598.8588068390291 1068.7019945951697
vn 0.93819068058686284 -0.10721939729691474 -0.32909306845214087
v 4731.4394668591876 1698.206509459008 1141.2000000000155
vn -0.12807985362171007 0.98018401650534515 0.15111202759440009
v 4721.4460887555761 1695.104657926825 1141.1999999999509
vn -0.76122268468477416 0.6354979490571947 0.12916029213889191
v 4721.1999999999998 1679.9000000000001 1141.2
vn -0.99699782672941284 0.075507849764054918 0.017143457085335354
v 4730.0810519900351 1578.9029982391589 1071.7580624442523
vn 0.75801313366855438 -0.62645705305794575 0.18156995858327549
v 4725.1248995989745 1662.2138779864219 1141.0721551461263
vn -0.97559036002936039 0.17943212094486405 0.12660001339261662
v 4724.6000000000004 1575.2 1071.5999999999999
vn 0.39882439967048616 -0.90006699204416996 0.1755520095585254
v 4719.6000000000004 1573.3 1071.5999999999999
vn 0.37268658041285435 -0.72327226355125718 0.58136214665010122
v 4712.7087119680482 1573.5990231400219 1072.0365408286261
vn -0.52864165612322733 -0.61953406934217992 0.58027195032640555
v 4722.4608954206005 1643.1378946832365 1141.788158472051
vn -0.91026961823230901 0.30236319099658476 0.28281747268082502
v 4717.4582061474703 1628.4677329350015 1141.2375616124004
vn -0.9468876412310222 0.29167656634374817 0.13538306958357826
v 4714.1582801342929 1616.2034320233133 1127.219177940892
vn -0.18716110696980873 0.837316448548998 0.51368461630374795
v 4709.1305403624301 1583.2384613968366 1079.1369698400813
vn -0.80529594774102087 -0.5430745710007383 0.23784122200378757
v 4705.1903060422392 1588.2743922501245 1072.2824056143768
vn -0.87728838620144867 0.006608312182374225 0.47991813640053038
v 4711.8000000000002 1609.2 1141.2
vn -0.87438352949315001 0.45301141815606788 -0.17387955133174773
v 4705.1000000000004 1611.0999999999999 1071.5999999999999
vn -0.95359140948903953 0.2996167382178459 0.029887019396481907
v 4707.6999999999998 1624.5 1071.5999999999999
vn -0.92597433659797113 0.37100004271594161 -0.070217492597762443
v 4711.5269821023439 1635.0672715722321 1072.1751762022882
vn -0.9024078801631461 0.36898900310226279 -0.22250198518003228
v 4706.5385942838011 1597.0942902352672 1138.1641828762986
vn -0.85579047772162842 0.48941587257646368 -0.16761492150523399
v 4715.4090239183915 1644.3199848948389 1071.7463565839512
vn -0.84029988157213198 0.33008983187131025 -0.43004280243370102
v 4696.0496128965488 1583.7834016161269 1140.2526539179689
vn -0.9098149432332947 0.22522334083940543 -0.34858458917532992
v 4696.6479099703756 1570.4307090121258 1140.329125688356
vn -0.86138655368393524 -0.072914365752969806 -0.50268946716571961
v 4720.8940192666414 1660.3968530956017 1072.7293423053329
vn -0.82008131312420784 0.28706540116800977 -0.49503544854558112
v 4693.3999999999996 1565.0999999999999 1141.2
vn -0.79474546299176163 0.42321780223367961 -0.4350475157112203
v 4728.6999999999998 1680 1071.5999999999999
vn -0.67159978285475053 0.34093863257847051 -0.65781044418964241
v 4730.8000000000002 1682.8 1071.5999999999999
vn -0.73179610029312292 0.36517774415593346 -0.57542999814830742
v 4738.1444235053204 1703.7299257297273 1071.5035769470285
vn -0.82797189991056974 0.36631353467022693 -0.42459030520713231
v 4684 1555.8 1141.2
vn -0.83413490414603508 0.39523726417496152 -0.38471608582534772
v 4744.1999999999998 1716.0999999999999 1071.5999999999999
vn -0.75558887678496611 0.59180440912650345 -0.2808077467187533
v 4751.2301202025574 1731.4158839284137 1071.5328843956172
vn -0.78730218867066804 0.56614256368895666 -0.24420864295530512
v 4679.3000000000002 1547.8 1141.2
vn -0.84387510252198439 0.51638106789758642 -0.14568940956863835
v 4676.6000000000004 1541.0999999999999 1141.2
vn -0.82446429886060257 0.56364172213751285 0.050661908473268583
v 4757.5 1742.5999999999999 1071.5999999999999
vn -0.87635588870082382 0.47641411304622677 -0.070922134977497941
v 4673.1000000000004 1527 1141.2
vn -0.954459243205109 0.24331331737431924 0.17264467164854663
v 4673.1999999999998 1511.7 1141.2
vn -0.91584177398676125 0.023703222564666778 0.4008391226674759
v 4769.6494206244906 1769.7122074871731 1071.3079360264596
vn -0.82331285605417603 0.56499110918169482 0.054230873140249367
v 4674.5772859017716 1498.1769678323217 1141.2144267391029
vn -0.88742864921498066 -0.089900010572328409 0.45209333179286093
v 4677.9706898233635 1488.9540248203677 1141.5048204578093
vn -0.64726613731918503 -0.65363218814271795 0.39218810551018063
v 4783.8000000000002 1779.5999999999999 1071.5999999999999
vn -0.31802157286398774 0.93266464657805814 -0.17029074025483945
v 4803.4821060269869 1798.9925611608473 1071.5741536112553
vn -0.43622854341540535 0.7963065418463926 -0.41904719223771592
v 4691.5603107239403 1477.9514458215572 1142.4590426537266
vn -0.18256861321467435 -0.93409497322903645 0.3068147363754164
v 4814.7705417592852 1806.5893881190686 1071.5425311163981
vn -0.47789504224637025 0.84583775100515801 -0.23701229413445257
v 4697.8169885437055 1479.8133195414161 1141.2348889136829
vn -0.17803656517507113 -0.94888960190678029 0.2605983592693068
v 4702.832588396911 1475.668160707057 1140.7230003912657
vn -0.3101108841250515 -0.947969171974957 0.072011724964016727
v 4715.0607164564617 1475.6292490192925 1141.486193957649
vn 0.2095539336471593 -0.9777348632026398 0.011031145503396267
v 4722.9194829817188 1481.7124370892195 1140.6275879171253
vn 0.69717995358744222 -0.69215099517341194 -0.18672737398749947
v 4732.8999999999996 1500.2 1141.2
vn 0.94314166860491344 -0.32383992501897596 -0.074909918601235123
v 4833.710351655106 1809.6538544890927 1072.9012523452452
vn 0.19025109708520721 0.98103686881757712 0.037029475806161484
v 4735.8000000000002 1508.7 1141.2
vn 0.89403779952143891 -0.22206617454498329 -0.38907971824527221
v 4705.6483039031191 1588.8570028443551 1083.5284054250287
vn -0.97135338106063196 -0.21099936312762493 0.10932464434799394
v 4739.517333094067 1515.9098164935413 1141.2255665842624
vn 0.89424013311282591 -0.19601278739240616 -0.40238485496973508
v 4739.4469305932316 1523.2861219760584 1141.1576871863817
vn 0.85141517618328499 -0.018718772628576175 -0.52415818730233088
v 4707.8660507807244 1597.8936710468151 1085.679680254118
vn -0.9941934491127693 -0.01526704835424251 0.10651902635588055
v 4741.8000000000002 1534.5 1141.2
vn 0.756856944997508 -0.31007441884922593 -0.57534460941626453
v 4755.6406113990251 1558.9535650263888 1141.0306814013502
vn 0.73517707823408907 -0.39937669835110851 -0.54773434843302971
v 4757.8987651538564 1566.1483478126929 1139.6767160673317
vn 0.65688588482351284 -0.46711766721452408 -0.59186317616125739
v 4710.7393006914381 1626.4668148774717 1085.7438643209052
vn -0.98591576905977929 0.15756841657103465 -0.056056136314954638
v 4773.714759293066 1589.0441848375885 1141.6305469231056
vn 0.74687549879654269 -0.32299928988586579 -0.58124732088039943
v 4711.6999999999998 1641.5999999999999 1085.5
vn -0.94067269508071338 0.32092403118616014 -0.11019367920535068
v 4713.5978232566076 1649.5626684303825 1084.7557269175907
vn -0.8664868262539559 0.49873016509023399 -0.021651844203551606
v 4784.2192014380671 1614.1647254462096 1141.2844990597987
vn 0.85754715133737147 -0.36122368399432314 -0.36623808288424703
v 4788.8852345103278 1619.503084356395 1140.5872073095181
vn 0.6262996189290837 -0.67838460128866263 -0.38411342083258004
v 4792.6999999999998 1620.5999999999999 1141.2
vn 0.87534838223215228 -0.44287186073138995 -0.19398382586151408
v 4716.2458551444579 1681.0843069499488 1085.4417006109079
vn -0.926841563505162 0.32553211094137541 -0.18706565934280595
v 4798.3123676094556 1624.190030546436 1141.2051158649294
vn 0.91401320794696728 -0.38330033404838881 -0.13289360261836361
v 4724.9801413532105 1692.0697328973133 1085.6294525511476
vn -0.77237634192995108 0.59556223997977453 -0.22077229159743028
v 4798.0528168442152 1644.6925330419861 1141.1995300424489
vn 0.99542183977727017 0.093680627719883877 -0.018955233695293474
v 4730.6000000000004 1698.3 1085.5
vn -0.75406386104295398 0.5237320046298104 -0.39634893817876299
v 4741.4299846912863 1710.7220445876319 1081.8629941181716
vn -0.67174966367531352 0.73330127655083432 -0.10498393763342939
v 4796.914333150381 1652.9043444061958 1140.9085471437982
vn 0.98621382935162616 0.16546803397639112 0.0016163315221468352
v 4791.34624249423 1669.0939809240763 1140.7843571783837
vn 0.99659388499158319 -0.001218091276107169 0.08245692603430109
v 4747.4587816122294 1714.2019045839115 1084.4804234178264
vn -0.68709189672389326 0.72653034101128655 0.0076412725632941259
v 4785.6999999999998 1679.2 1141.2
vn 0.88684062974600586 0.46200795891538332 0.0078957792870045663
v 4684.6706802240133 1482.4808095705575 1127.1396168334722
vn -0.37749468709348294 -0.81704998654237038 0.43580624216193314
v 4699.1999999999998 1478.4000000000001 1127.3
vn -0.18089960293330706 -0.89354117876967409 0.41092517019704816
v 4704.6000000000004 1478.0999999999999 1127.3
vn 0.41265471055289377 -0.87685886504434019 0.24664675276933853
v 4713.8774312506575 1478.3153059706904 1127.1765159534771
vn 0.44246352672240674 -0.89617529574068078 0.033103879296445551
v 4720.1999999999998 1480.3 1127.3
vn 0.71298337595513261 -0.69123810020706755 -0.11766305466775133
v 4764 1737.8 1085.5
vn -0.4291745273875438 0.6470357554445777 0.63020152032341459
v 4770.2173805756202 1737.8431556384649 1085.4589118678086
vn -0.3677351667294203 0.55438373033354404 0.74661203224429085
v 4786.8000000000002 1737.0999999999999 1089
vn 0.060944263553417741 0.030674357196513069 0.99766972518489916
v 4728.7623855856991 1489.2835082719812 1125.8490310439317
vn 0.87058817185803594 -0.35913099924042119 -0.3363051596473946
v 4770.5 1752.2 1085.5
vn -0.61888670381607647 -0.18373396975676101 0.76368912274373379
v 4762.9981227928574 1753.6400894193112 1071.3573327916729
vn -0.74252357412219538 0.60153984559697826 0.29463291742771031
v 4730.3000000000002 1500.5 1127.3
vn 0.89503050813760832 -0.16251392325350686 -0.41534276718354918
v 4730.1999999999998 1514.5999999999999 1127.3
vn 0.8007940353454206 -0.08832286123722223 -0.59239174972147246
v 4775.1999999999998 1771.5999999999999 1085.5
vn -0.89910325001227842 0.3414639873238921 0.27388992529523143
v 4722.0200747819317 1527.8603007495051 1122.7016035884592
vn 0.64306889764180564 0.38846088019994574 -0.65997010344411533
v 4729.6999999999998 1542.2 1127.3
vn 0.49545814244580649 -0.11583619106384029 -0.86087351331306061
v 4737.6068666960118 1558.1098533625282 1127.292820465344
vn 0.29579398008429081 -0.40154811932516338 -0.86675546102249534
v 4791.1999999999998 1790.4000000000001 1085.5
vn -0.55456434245123776 0.83214083668455585 0.00013417732159616138
v 4802.3643414932985 1795.7985907600892 1083.6957791328407
vn -0.32526273244170317 0.92145790768310165 -0.21241346297454264
v 4747.5362996586837 1565.6286889906605 1130.8832303468607
vn 0.46784079778132837 -0.45955166080678866 -0.75494189112874943
v 4813.8000000000002 1802.5999999999999 1085.5
vn 0.35490013581427399 0.91834209571347614 0.17519614390616767
v 4817.0387449963728 1804.5957435523696 1085.7087866214943
vn -0.18073809691459186 0.90472802840277267 0.38574724230527357
v 4756.5 1581.3 1127.3
vn 0.58669548851314246 -0.50937516942054917 -0.62954375585507316
v 4826.4856717228649 1806.58563124532 1078.916471091421
vn -0.034472497501869689 0.93885319846778259 0.34258768022624231
v 4772.7225395802434 1601.8181665477045 1127.635468646047
vn 0.73234051647902465 -0.38662712112431946 -0.56053263699302669
v 4829.9096463870737 1796.8881019203468 1085.508624183989
vn 0.62082730499832883 0.63132642409243445 0.4647584357611721
v 4778.1999999999998 1617.3 1127.3
vn 0.71331110233499628 -0.44950942292405954 -0.53770675092294651
v 4832.9883104752016 1795.2049872145026 1085.4083030115144
vn 0.63600350016679941 -0.7714725857714636 0.018154811446876994
v 4783.5 1631.7 1127.3
vn 0.54989796310467032 -0.35150180997015346 -0.75766662046116351
v 4783.7519579870886 1638.9641884655975 1126.0566705111496
vn 0.78988927667627518 -0.14979699441802255 -0.59467284371758378
v 4839.6784298718967 1781.897096533723 1071.6523232027423
vn 0.47650315947561178 -0.38210477772691198 0.79179585617002746
v 4836.8000000000002 1779.2 1085.5
vn 0.91567035601847335 0.19070970036892484 0.3538044789063548
v 4836.7844612188346 1756.7018874046089 1085.5468220146663
vn 0.85539122239507714 -0.35539290557074382 0.37683118145854122
v 4787.587049614066 1654.6730439052101 1126.6025938817847
vn 0.86916783847811641 -0.17142475603641943 -0.46385431071957617
v 4828.9638900316804 1742.0416599990322 1086.4815828852786
vn 0.64692155742704771 -0.68815447652358419 0.32853601777691727
v 4787.5 1664.3 1127.3
vn 0.97170187051378598 0.18736350446329292 -0.14384155183827582
v 4820.7967579067099 1733.9945795967753 1085.7080282245765
vn 0.43179527458899919 -0.85858244780000692 0.27638563850598152
v 4783.4194095729817 1674.283265240224 1128.1977442637813
vn 0.98334608318783823 0.1803628246842072 0.022354689688541096
v 4810.1999999999998 1730.3 1085.5
vn 0.31165402860018926 -0.88408646437439664 0.34822821535201759
v 4803.3000000000002 1730.0999999999999 1085.5
vn 0.31830744850273196 -0.75845403945513556 0.56870716389181208
v 4792.4030436345256 1732.1774673185155 1084.6605989342042
vn 0.11212450078326777 -0.10069260075036293 0.9885793324150729
v 4779.8999999999996 1682.8 1127.3
vn 0.95065802324959559 0.26085740839988364 0.16793670031910163
v 4778.2525876794707 1691.101787093216 1126.9794643923397
vn 0.8452095849524689 0.4791516745181949 0.23671592745500897
v 4789.1999999999998 1721.2 1085.5
vn 0.84171178558099014 0.067922879216358145 0.53563770637719432
v 4787.6374135577153 1710.818687287071 1087.343507370475
vn 0.94585461859868813 -0.18175021183227552 0.26893475226242702
v 4771.2642209375263 1698.5082975619007 1127.1441860600519
vn 0.56588437975055195 0.77972056197603856 0.26797521151424386
v 4787.6000000000004 1698.9000000000001 1085.5
vn 0.98408108289175378 -0.16844141687249117 0.056673727392688555
v 4780.8000000000002 1675.7 1085.5
vn 0.94735945937834021 -0.30899785385121653 0.083847367530061181
v 4773.2088350784961 1656.1749875022742 1086.3104891692867
vn 0.9192377425336814 -0.38396380993326118 0.087027382835035402
v 4763.4866432297076 1702.1074665100155 1127.4130504818277
vn 0.10157273511726801 0.92571524808288908 0.36432713177532167
v 4753.5687891473917 1703.8592026156011 1126.685878607497
vn -0.077994725531790682 0.79498134159265699 0.60159911012962775
v 4749 1702.5999999999999 1127.3
vn -0.40263611602011906 0.67420464406714742 0.61913831733670344
v 4767.2304540150999 1639.5609334471246 1085.1972803288841
vn 0.81101229430828425 -0.58502711251758266 0.0015284306174865225
v 4744.7720035487546 1699.6233788061654 1127.2196324996912
vn -0.79444537546142069 0.45949340807690048 0.3971427367355938
v 4743.2212909247073 1688.2707383882666 1127.2741196147551
vn -0.85255562916543759 0.41366610136526771 0.31942018683794049
v 4759.7029424703442 1622.1208494092116 1071.4488161085619
vn 0.79747696796345391 -0.54937384976877757 -0.24943708376672691
v 4758.9690215068877 1618.5024829085414 1087.2450520427656
vn 0.87760657548398491 -0.46948684740707475 -0.096895814042913614
v 4738.8000000000002 1680 1127.3
vn -0.10969900285249481 0.99366256812875309 -0.024511823125574581
v 4733.8600519322745 1667.7713442132517 1127.227844357988
vn -0.91799817303044506 0.36421623457232088 -0.15692638014918026
v 4730.1000000000004 1659.3 1127.3
vn -0.92990232928515271 0.36755889425103411 0.01349508232670615
v 4753.1820802051971 1604.1808697061924 1085.2764714536565
vn 0.88249010599239852 -0.44201745312616886 -0.16072269272688378
v 4724.9766978183079 1650.5691641286012 1127.7438648806719
vn -0.92542337074735426 0.36157757896114961 -0.11337212738234516
v 4744.8666744617831 1589.4799008355631 1086.3397411677952
vn 0.78446473086643098 -0.60265338665372747 -0.14636933279020875
v 4714.6999999999998 1622.2 1127.3
vn -0.98194326593327008 0.17847026772192909 -0.062735843244241404
v 4736.3404382006065 1586.5739320744572 1071.1975605614618
vn 0.83205927961963122 -0.54091534218741866 -0.12283300771831614
v 4733.5444706916778 1578.4433558201524 1085.2044117531286
vn 0.40321608233269862 -0.91337264015591879 -0.056277981154950474
v 4706.3999999999996 1594.2 1127.3
vn -0.99412806254738706 -0.068723453399129705 0.083585179360194772
v 4703.9204206522008 1589.42453569191 1126.0843461928371
vn -0.87465091247309446 0.014415989086275657 -0.48453891543264882
v 4716.6556702091939 1578.3165113322289 1086.1206248939957
vn -0.27950867464483942 -0.92294296635838213 0.26467183765537977
v 4702.7944781799642 1575.4865004949288 1127.1709002668381
vn -0.71608109178433677 -0.24184350565345805 -0.65478209257904885
v 4708.5482252313013 1568.439752411557 1127.9060419882892
vn -0.63069346054567954 -0.16910610834339365 -0.75738291698840676
v 4830.1000000000004 1785.5999999999999 1099.4000000000001
vn 0.93367665965795865 0.17226116422550833 0.31396494471457964
v 4830.0919859899141 1761.4654383561829 1099.4168239688242
vn 0.89795261991842779 -0.30413835988081528 0.31808953209849489
v 4707.6999999999998 1556.3 1127.3
vn -0.4431187256869748 0.19875557390591647 -0.87415217026950254
v 4825.5198205322176 1753.2551207940769 1098.6721179844117
vn 0.56618892212550687 -0.60119304821803488 0.56391224781579641
v 4705.1084310608994 1547.0186514304896 1128.6784020204925
vn -0.21284589589019173 0.36992021900200728 -0.90435372292936822
v 4814.3000000000002 1748.9000000000001 1099.4000000000001
vn 0.24073954993946536 -0.79195852088946694 0.56111154887910797
v 4804.1000000000004 1748.7 1099.4000000000001
vn -0.12244805496719077 -0.82397138554579108 0.55324283062367929
v 4795.1000000000004 1751 1099.4000000000001
vn -0.35107689022731703 -0.71076506301451381 0.60955561054451024
v 4790.5 1754 1099.4000000000001
vn -0.53922092960112278 -0.81431424369203131 0.21478617646481826
v 4779.9014801886788 1764.5296903420244 1099.1757537883361
vn -0.87133425507351758 -0.48963343170384988 -0.032182580589343181
v 4699.6505148765882 1540.5471884800991 1127.2584913653118
vn -0.36958489984748077 0.48568989500127829 -0.79215675702374388
v 4779.6999999999998 1777.7 1099.4000000000001
vn -0.97962983057336994 0.19507628369878263 -0.047651218127794021
v 4780.0552985689155 1778.4816316283293 1080.4920346656263
vn -0.78426591091407594 0.6196793637490241 0.030405050924463127
v 4783.1256088353157 1786.9521834101333 1099.211413711861
vn -0.7458727554771879 0.66570433938922202 -0.02261780615414475
v 4685 1535.2 1127.3
vn -0.42150370433342449 0.61323365181331724 -0.66804125285561844
v 4801.0165934062534 1803.0799245843618 1099.2229285613123
vn -0.33495597071484473 0.9404924276636254 -0.057258110253976785
v 4679.3657807491791 1531.613580633255 1128.0074099506401
vn -0.70006012250351213 0.55252863106597039 -0.4523581951647746
v 4671.3999999999996 1521.5 1127.3
vn -0.93354679777068572 0.34920655640729503 -0.080902146660375915
v 4809 1802.5999999999999 1099.4000000000001
vn 0.087144585710519196 0.99574104407422115 0.030093094346079534
v 4669.1999999999998 1515 1127.3
vn -0.98375594280727396 0.17663119099825494 0.032026041870787079
v 4813.3682319080217 1795.1512819777331 1102.59672508115
vn 0.57272335527166296 0.55862141187248515 0.59994172760690689
v 4669.2898625556809 1492.519867760886 1127.1289686715375
vn -0.94583733807459924 -0.3128134319579241 0.086830217612657537
v 4799.7702714479537 1793.07749871654 1119.8414736753602
vn -0.2912866643172235 0.91315396389511982 0.28513491089934162
v 4820.9638986220853 1796.0969017353914 1100.2282537380997
vn 0.35168287161935063 0.87154224338383901 0.3416625174159913
v 4790.4717613185239 1787.4156860420499 1127.5140448443849
vn -0.61061631824853457 0.78646711588403007 0.092828807606583436
v 4781.5 1778.5 1127.3
vn -0.81069283282883053 0.57837031481033985 0.090911549025160784
v 4777.9410773844093 1771.2924470656922 1126.3897712920038
vn -0.96898919448698406 0.081885941575810112 0.23314080196248052
v 4779.8000000000002 1764.5999999999999 1127.3
vn -0.96565768880823766 -0.20375820704299699 0.1612073854020222
v 4708.3999999999996 1636.7 1099.4000000000001
vn -0.92115846203103202 0.37370600496855311 0.10867800917880027
v 4712.8999999999996 1643.4000000000001 1099.4000000000001
vn -0.30448233692129195 0.61708008740565023 0.72560503873001314
v 4784.0850162772185 1756.8326458961526 1126.6814031860251
vn -0.68819159615083891 -0.69606856302615372 -0.20464819215929173
v 4719.0286968541022 1647.3454723330196 1097.8485888715959
vn -0.79210375679062561 0.45597717145689776 0.40577882841314467
v 4793.6000000000004 1752.8 1127.3
vn -0.079040762924393895 -0.98936233293787268 -0.12212588570839378
v 4806.3999999999996 1753 1127.3
vn 0.49491737630090121 -0.86879712838107059 -0.015758818237339437
v 4714.3944168558646 1673.7688168425666 1085.6075230543818
vn -0.95613593596226154 0.26142414875599174 -0.13214191768237366
v 4815.3999999999996 1757.5999999999999 1127.3
vn 0.67537351821911118 -0.70053763009006131 0.23047264418177749
v 4726.9790464340304 1697.9626670142623 1098.93834135777
vn -0.84959733949996485 0.50985260086284634 0.13503586970865425
v 4819.6000000000004 1763.3 1127.3
vn 0.73872874347771122 -0.61631423356663184 0.27283073335498159
v 4824.8439995699446 1773.0742612645354 1125.3313250220958
vn 0.87444794392567682 -0.25113746032359829 0.41505514017581985
v 4732.2451361683416 1709.1465523230845 1100.1465875848255
vn -0.78164325808782908 0.61382924385380488 0.1106683173980223
v 4824.7688773626069 1780.6838792534484 1124.6640827991232
vn 0.90425799954610342 0.16488943439464024 0.39386411956650091
v 4741.5470633482528 1717.1445664715698 1100.499368870451
vn -0.52602800639763858 0.84290271772750325 0.11317926017126437
v 4820.7091134172633 1788.7187756548271 1127.448364889704
vn 0.62477337376263897 0.63761888427414903 0.45066660610060638
v 4811.9291023345213 1790.7695104546765 1130.6313997486868
vn 0.29976840923641451 0.91043024993806732 0.28505378583975605
v 4756.2094344298112 1723.1178705186437 1094.9409457095257
vn -0.67836714294102751 0.73303532703953644 0.049771765993053774
v 4810.6794375656773 1793.8977297841147 1124.772255152141
vn 0.64449692792901581 0.4262586173050556 0.63476554810673469
v 4759.229153891064 1724.7880146145126 1097.5390194592128
vn -0.38092026389278422 0.8466281570879125 0.37164568634894241
v 4788.5063249480781 1791.0515143203866 1099.5111220820042
vn -0.66613812877412126 0.74480226540000827 -0.039109830584239627
v 4772.6069085579475 1725.8971380299254 1099.8906819919557
vn 0.1725762903919168 0.81224045384247923 0.55720989683989663
v 4779.01799930787 1781.5623631574238 1113.5146490611996
vn -0.91098344557588462 0.40638957813513055 0.070403641026867178
v 4778.6000000000004 1723.2 1099.4000000000001
vn 0.31150177823059155 0.44459342915978084 0.83982338911650112
v 4781.6999999999998 1722.3 1099.4000000000001
vn 0.65247684239755377 0.31884457771510127 0.68746789408422282
v 4786.2261885456628 1717.6031464891785 1098.8618965465103
vn 0.87073066497304752 0.24136956874917129 0.42844934398063128
v 4773.3999999999996 1770.4000000000001 1113.4000000000001
vn -0.96963888700457668 0.2318636499221447 -0.077715356611850445
v 4786.3000000000002 1685.2 1099.4000000000001
vn 0.99136584636135294 0.083089919399332579 -0.10143876952354432
v 4771.5679276339697 1760.6318388840359 1113.1448234338388
vn -0.95514601442764446 -0.29577214869330354 -0.014660394958262513
v 4783.3000000000002 1670.9000000000001 1099.4000000000001
vn 0.89959873130062107 -0.27883522544002814 -0.33611462285375432
v 4776.8999999999996 1656.5999999999999 1099.4000000000001
vn 0.8496913677375928 -0.40729557632305635 -0.33486548508302311
v 4766.3000000000002 1632.8 1099.4000000000001
vn 0.77709033117419424 -0.51449794271899751 -0.36252239121673602
v 4764.905339100942 1631.7321748967361 1099.2171629242298
vn 0.8293432926430927 -0.49523126245998178 -0.25871934529564294
v 4751.2760627177713 1602.436759188844 1100.1217206071829
vn 0.89834366734723492 -0.4007611735209981 -0.17991424939451878
v 4776.1000000000004 1755.0999999999999 1113.4000000000001
vn -0.63023010969264925 -0.7748386652925493 -0.049346242049947267
v 4783.1000000000004 1752.8 1113.4000000000001
vn -0.35441039494583448 -0.92166505480214833 -0.15788223051024611
v 4747.8000000000002 1593 1099.4000000000001
vn 0.86526569589088531 -0.49856514627198828 -0.05242204152122322
v 4744.3999999999996 1586.5999999999999 1099.4000000000001
vn 0.74575045642739224 -0.66590454996818016 0.020673342013612161
v 4732.0903112638871 1574.5538625553254 1099.1625831364761
vn 0.33917961808851588 -0.93691659170967756 0.084525066414939246
v 4801.6550600811661 1752.7123989742195 1113.0442997632276
vn -0.052615287881963596 -0.98181095936986607 0.18242497510571645
v 4720.8888975606187 1574.2225301220901 1099.3559870796023
vn -0.39313289925326 -0.9121030672108873 0.11625196045322352
v 4724.7954443690687 1581.064189378483 1113.5481825768245
vn -0.39493166449873102 -0.84135249100816623 -0.36899182409724923
v 4813.3000000000002 1757.5 1113.4000000000001
vn 0.60638686799663244 -0.76607360602060315 0.21313422174729366
v 4823.3000000000002 1762.8 1113.4000000000001
vn 0.66074306812812778 -0.66809935410410881 0.34214302706076144
v 4715.8000000000002 1580.4000000000001 1099.4000000000001
vn -0.73230563277340677 -0.62299864533636573 0.2749566295207182
v 4709.1999999999998 1595.5 1099.4000000000001
vn -0.95622239047620117 -0.29164421162082615 0.024132836137638905
v 4706.8000000000002 1602.5999999999999 1099.4000000000001
vn -0.94954184705856659 -0.21935361573319323 -0.22417464608956184
v 4709.5497812351077 1606.7740767936602 1085.6210051329017
vn -0.99104570420937765 -0.13213525150643365 -0.019201236352648816
v 4703.6999999999998 1609.7 1099.4000000000001
vn -0.83570123716152256 -0.17997427980030495 -0.51885711021153225
v 4706.1032709423453 1626.6586008179593 1099.8662069571701
vn -0.3849240624950564 0.89208574064551882 -0.23667804598069084
v 4678.6948721214321 1522.1773948831192 1112.9773163301118
vn -0.53750035059873247 0.53319022455999721 -0.65330051089823848
v 4671.5071274732009 1473.318257935623 1084.7776525411032
vn -0.53134339170442146 -0.55904765343052143 -0.6365060261190536
v 4672.8673673587909 1512.279399723031 1113.0385186247354
vn -0.61359921721762289 0.57624219262362497 -0.53985269849305872
v 4669.1999999999998 1502.8 1113.4000000000001
vn -0.80910785502161375 0.55669673392299335 -0.18823715197004887
v 4671.443713673325 1481.2383216613507 1082.3640881605661
vn -0.53510703000501303 0.27917815742202506 -0.79732052705148448
v 4667.8000000000002 1494.5999999999999 1113.4000000000001
vn -0.99887233084516336 -0.00066486709163773416 0.04747235641613972
v 4676 1485.9000000000001 1127.3
vn -0.67169506402528978 -0.54041139340569877 0.50673589456577162
v 4676.5280507748885 1479.9213183626571 1078.0914284888668
vn -0.054318097476982539 0.11136058664799199 -0.99229449460726926
v 4667.7947526858543 1467.267408887089 1112.9586793651788
vn -0.67886364683363432 -0.59077814324558864 0.43603363915073495
v 4685.6000000000004 1482 1085.5
vn 0.32551847732500111 0.067837025686622476 -0.94309907160701056
v 4674.3681333608038 1460.9193254579343 1113.400912409579
vn -0.25618902959309819 -0.86627904867417138 0.42886803441655486
v 4690.069015356361 1476.2938998561588 1088.6731275403786
vn 0.54069887052190413 -0.28521858807352513 -0.79138807701006075
v 4698.3999999999996 1461 1113.4000000000001
vn 0.26999866255245936 -0.93157086417023471 0.24346754865691034
v 4707.7319327117202 1465.6216210740781 1114.0915172025379
vn 0.49819637645121639 -0.83946840186453753 0.21700961444571332
v 4713 1474.0999999999999 1113.4000000000001
vn 0.58279758899649348 -0.80238879054208279 0.12852703634756377
v 4678.7968120647047 1471.9184553764371 1082.5898101626972
vn 0.13590569382582388 -0.64071151350560707 -0.75565759365408069
v 4713.7451890589218 1502.6973098535627 1099.284654786569
vn 0.63429483947385568 0.3316744633196792 -0.69832807977227884
v 4716.6622175265447 1479.1085083972816 1112.8623695624756
vn 0.70513253771768758 -0.68911516249857241 -0.16705806495461417
v 4719.5 1489.3 1113.4000000000001
vn 0.82737793323236331 -0.34209453031914139 -0.44544033037643643
v 4719.3999999999996 1503.2 1113.4000000000001
vn 0.84783175756533813 0.14372287623349386 -0.5104165413765912
v 4714.0345329332849 1485.5990499222762 1099.3227559828206
vn 0.72624267237828499 -0.18553746748859329 -0.6619270571405631
v 4715.6054414112941 1511.9797924643162 1111.2978885636981
vn 0.60394120572446497 0.45476729009331823 -0.65455460573527335
v 4706.8229156417983 1474.4662653804053 1099.4806780792837
vn 0.56703189034548929 -0.43921939165651386 -0.69682218773809346
v 4716.2542737416088 1526.2263470186563 1114.2979354702929
vn 0.65611829334938732 0.49349270382885635 -0.5709410971369745
v 4711.6000000000004 1528 1113.4000000000001
vn 0.16091951030620286 0.35699109158680281 -0.92014252794361961
v 4690.2811228939809 1463.6382577641966 1099.3774595939813
vn 0.30576052007676108 -0.83520763205125859 -0.45709814671000143
v 4718.1999999999998 1554.8 1123.8
vn -0.083646563113338318 0.097314685966250175 -0.99173237537887038
v 4673 1463.5999999999999 1099.4000000000001
vn -0.36143936684728989 -0.89969771999539339 -0.24475619854892516
v 4660.4638791444322 1467.1286983865175 1099.4326838862319
vn -0.79475489507928565 -0.6055479582453982 -0.040942972685715361
v 4731.8999999999996 1581 1113.4000000000001
vn 0.33860515752124559 -0.89777331161134 -0.28169066058075148
v 4740.6000000000004 1585.5 1113.4000000000001
vn 0.55787297960165005 -0.79503501961574685 -0.2381114365480291
v 4753.1000000000004 1598.3 1113.4000000000001
vn 0.69410816291781963 -0.60393648592554072 -0.39175831725536953
v 4659.8000000000002 1481.0999999999999 1099.4000000000001
vn -0.9962370464510345 0.076955442113670711 -0.039869878449886605
v 4662.6596384034183 1491.4810440969245 1099.528829401791
vn -0.86190287603911697 0.46919842740006135 -0.19229214232726208
v 4764.1599668339968 1615.5310352841243 1112.885442723584
vn 0.72233592377763445 -0.46965029704917971 -0.50760162696934785
v 4669.3999999999996 1498.0999999999999 1099.4000000000001
vn -0.72512286655090574 0.52822597002888305 -0.44178518874226974
v 4676.8000000000002 1500.5999999999999 1099.4000000000001
vn -0.55807033724639798 0.63720114313535214 -0.53153758274715812
v 4772.8049692060895 1628.0969963479056 1113.132373889981
vn 0.71941276582639868 -0.41031283950296427 -0.56043612134214371
v 4681.2482971607733 1501.9183803683118 1099.5789341267537
vn -0.1878290466426068 0.57298336869702771 -0.79775328794931044
v 4785.8000000000002 1659.9000000000001 1113.4000000000001
vn 0.92143393714078681 -0.3021010450980316 -0.24432449331965378
v 4683.7427989549706 1484.7459295924164 1085.4609965208952
vn -0.044751455287333826 0.49269705898516797 -0.86904943203308727
v 4687.3468259874053 1507.2524293746503 1099.4524568566374
vn -0.16362636470100181 0.56538081769470061 -0.80843734683499513
v 4787.1271304159081 1670.2769669864392 1112.6084143249245
vn 0.99961449859883988 0.024029384385281936 0.013908374349803167
v 4702.9034312589311 1507.1972732098038 1099.7760101919821
vn 0.20101891991828189 0.39914239269458773 -0.89458188232767544
v 4789.0198664296258 1678.9593579471557 1113.1752405641964
vn 0.9917359987213159 0.082449044364727136 0.098294780754510966
v 4683 1524.5 1113.4000000000001
vn -0.32818960185622387 0.66189140856069628 -0.67393719923075224
v 4699.4476830483645 1524.5393020900051 1113.4446198647042
vn -0.15004418942757006 0.68858011044426681 -0.70946752760051301
v 4788.8000000000002 1687 1113.4000000000001
vn 0.95409588051660632 0.23761087336008302 0.1823242267015007
v 4782.3999999999996 1700.4000000000001 1113.4000000000001
vn 0.85216447360821712 0.4586143602794075 0.25196939985946698
v 4707.5697324942894 1528.8616883417908 1113.4654850374109
vn -0.16979322853992271 0.61927791643308772 -0.76659319183011465
v 4775.8981905040609 1710.2217227633371 1113.3802716166733
vn 0.45089623285880709 0.59169668213497306 0.66827211788627017
v 4764.5 1719.5999999999999 1113.4000000000001
vn 0.16854323915491701 0.79965723718918746 0.57631716922726162
v 4717.3999999999996 1585.8 1113.4000000000001
vn -0.79521181066885982 -0.54644952196548713 -0.26273769451002638
v 4706.8000000000002 1596.0999999999999 1113.4000000000001
vn -0.96343742456039483 -0.13758961403604922 -0.22990743151504334
v 4700.6364516076756 1604.3064526358166 1113.0684658493849
vn -0.91607039463091122 -0.30839258787830309 0.25633775340844689
v 4758.8621765728021 1720.5850067727335 1113.7325001821737
vn -0.22072084313582757 0.81327875858375276 0.53838645064849044
v 4692.7421484181677 1616.9605093328628 1113.3927022609116
vn -0.98847455146428964 -0.04388497027806483 0.14488675057148884
v 4747.0599369292631 1716.8356815164766 1113.1871775665325
vn -0.43666538318354042 0.74700602362369994 0.50130364431059149
v 4695.2607521672162 1625.951496552329 1113.3910762705227
vn -0.77189909603269913 0.6167404455029547 0.15428223625783605
v 4737.0972123590109 1703.3063519012039 1113.1446958538611
vn -0.73136776803362791 0.44637836621941718 0.51560405550460275
v 4730.6999999999998 1687.7 1113.4000000000001
vn -0.79480554518479118 0.19890173696765867 0.57334304249267309
v 4705.9120791713412 1626.9996673204589 1113.5542495488717
vn 0.2455937260976995 0.91547591468076628 0.31872805232809731
v 4722.8319445541783 1684.5599815849373 1100.2194094238866
vn -0.8818744725791019 0.31836358767418038 0.34776722194099224
v 4709.6999999999998 1624.2 1113.4000000000001
vn -0.059413541131334478 0.92934468199301234 0.36440155485609838
v 4715.2566568223465 1613.5538734854158 1113.432716276895
vn -0.19715304465600966 0.97572891609904266 0.095308757577953207
v 4725.2813301586793 1664.7526621561665 1113.296885377842
vn -0.89622162918025616 0.18736705802277365 0.40209498499406582
v 4722.9492211162005 1651.9531962875262 1111.8580334569479
vn -0.90775615549978461 0.32434226144716133 0.26604672445191313
v 4721.1018382327611 1642.1289374758089 1113.4499235424682
vn -0.76909119949816063 0.54175366938529423 0.3391189887960418
v 4718.3999999999996 1623.3 1113.4000000000001
vn -0.96383395630193858 0.15807635911167894 0.21455994353408156
v 4718.9701256991239 1632.1961533516187 1112.6211218547037
vn -0.98560605457377248 0.097465223218305058 0.13813484517140423

# 4040 facets
# ------------------------------------------

f  1075 16 849
f  201 1 236
f  1 201 3
f  849 1254 1075
f  44 2 40
f  38 2 44
f  3 201 204
f  46 40 2
f  2 38 46
f  6 204 205
f  7 34 23
f  205 207 6
f  7 21 34
f  7 10 21
f  10 1699 21
f  210 6 207
f  6 210 211
f  5 33 24
f  5 8 33
f  211 212 9
f  5 17 8
f  11 9 212
f  11 212 213
f  213 214 11
f  8 17 49
f  19 17 5
f  13 11 214
f  214 216 13
f  7 12 10
f  14 13 216
f  15 14 216
f  33 8 25
f  35 15 216
f  216 218 35
f  10 12 1699
f  18 35 218
f  218 219 18
f  17 19 49
f  21 36 34
f  221 18 219
f  23 1828 7
f  20 18 221
f  221 223 20
f  24 25 5
f  24 33 25
f  225 20 223
f  20 225 22
f  23 34 1828
f  22 225 226
f  22 226 26
f  34 36 1828
f  38 1087 46
f  217 46 1087
f  44 40 45
f  228 26 226
f  27 26 228
f  28 27 228
f  28 228 229
f  29 28 229
f  30 29 229
f  31 30 229
f  45 38 44
f  46 217 40
f  232 31 229
f  32 31 232
f  32 232 233
f  32 233 1
f  51 8 49
f  1 233 234
f  53 8 51
f  236 1 234
f  54 8 53
f  18 66 35
f  37 66 18
f  56 8 54
f  59 8 56
f  20 37 18
f  39 37 20
f  59 64 8
f  64 65 8
f  22 39 20
f  67 8 65
f  26 39 22
f  41 39 26
f  67 70 8
f  77 8 70
f  78 8 77
f  79 8 78
f  27 41 26
f  42 41 27
f  42 27 28
f  42 28 29
f  43 42 29
f  43 29 30
f  43 30 31
f  43 31 47
f  81 8 79
f  83 8 81
f  31 32 47
f  85 8 83
f  48 47 32
f  50 48 32
f  32 1 50
f  89 8 85
f  52 50 1
f  91 8 89
f  93 8 91
f  55 52 1
f  1 3 55
f  94 8 93
f  97 8 94
f  97 98 8
f  57 55 3
f  57 3 204
f  98 99 8
f  57 204 6
f  101 8 99
f  58 57 6
f  58 6 211
f  60 58 211
f  211 9 60
f  101 103 8
f  103 104 8
f  61 60 9
f  61 9 11
f  62 61 11
f  105 8 104
f  63 62 11
f  63 11 13
f  107 8 105
f  14 63 13
f  66 63 14
f  14 15 66
f  108 8 107
f  66 15 35
f  110 8 108
f  25 8 110
f  113 143 111
f  114 143 113
f  37 68 66
f  69 68 37
f  114 116 143
f  71 69 37
f  37 39 71
f  117 143 116
f  121 143 117
f  41 71 39
f  72 71 41
f  124 143 121
f  42 72 41
f  73 72 42
f  73 42 43
f  74 73 43
f  74 43 47
f  75 74 47
f  127 143 124
f  128 143 127
f  76 75 47
f  129 143 128
f  48 76 47
f  129 130 143
f  130 131 143
f  50 80 48
f  133 143 131
f  52 80 50
f  133 134 143
f  52 55 80
f  135 143 134
f  137 143 135
f  137 139 143
f  139 140 143
f  57 80 55
f  111 143 140
f  58 80 57
f  80 58 82
f  144 159 477
f  82 58 60
f  84 82 60
f  144 156 159
f  146 156 144
f  86 84 60
f  60 61 86
f  148 156 146
f  87 86 61
f  87 61 62
f  88 87 62
f  90 88 62
f  62 63 90
f  149 156 148
f  90 63 92
f  151 156 149
f  92 63 66
f  92 66 96
f  152 156 151
f  152 154 156
f  154 158 156
f  100 95 96
f  100 96 66
f  156 158 159
f  164 190 161
f  166 190 164
f  102 100 66
f  66 68 102
f  166 167 190
f  102 68 69
f  168 190 167
f  168 169 190
f  169 181 190
f  106 69 71
f  171 181 169
f  72 106 71
f  172 181 171
f  109 106 72
f  72 73 109
f  173 181 172
f  176 181 173
f  109 73 74
f  109 74 112
f  177 181 176
f  177 179 181
f  115 112 74
f  74 75 115
f  183 181 179
f  183 190 181
f  115 75 76
f  183 186 190
f  188 190 186
f  48 118 76
f  1962 1958 1960
f  48 80 118
f  1960 1958 1991
f  1952 1955 1958
f  1952 1958 1966
f  119 118 80
f  119 80 82
f  1966 1958 1962
f  84 119 82
f  1660 194 1658
f  120 119 84
f  120 84 86
f  1658 194 1656
f  87 120 86
f  122 120 87
f  87 88 122
f  1656 194 1655
f  122 88 90
f  1655 194 1652
f  123 122 90
f  123 90 92
f  1652 194 1650
f  1650 194 1695
f  1695 194 1693
f  125 92 96
f  1693 194 1692
f  1692 194 1691
f  95 125 96
f  1691 194 1688
f  126 76 118
f  1688 194 1686
f  1686 194 1685
f  1685 194 1681
f  1681 194 1677
f  1677 194 1674
f  118 119 184
f  1674 194 1671
f  119 132 184
f  132 119 120
f  132 120 136
f  1671 194 1668
f  1668 194 1666
f  1666 194 1664
f  136 120 122
f  136 122 138
f  1664 194 1660
f  197 40 195
f  123 138 122
f  155 138 123
f  155 123 92
f  197 198 40
f  92 125 155
f  200 40 198
f  141 155 125
f  141 125 95
f  142 141 95
f  142 95 100
f  202 40 200
f  202 203 40
f  206 40 203
f  102 142 100
f  208 40 206
f  69 142 102
f  142 69 145
f  209 40 208
f  209 215 40
f  69 106 145
f  45 40 215
f  220 40 217
f  147 145 106
f  220 222 40
f  150 147 106
f  106 109 150
f  224 40 222
f  224 227 40
f  195 40 227
f  112 150 109
f  231 230 471
f  471 230 467
f  467 230 465
f  465 230 463
f  463 230 462
f  115 153 112
f  462 230 461
f  461 230 460
f  126 153 115
f  460 230 459
f  459 230 457
f  126 115 76
f  155 141 157
f  457 230 455
f  157 141 142
f  160 157 142
f  142 145 160
f  455 230 610
f  610 230 609
f  609 230 607
f  162 160 145
f  607 230 605
f  605 230 603
f  147 162 145
f  163 162 147
f  603 230 600
f  150 163 147
f  163 150 165
f  600 230 596
f  596 230 739
f  739 230 594
f  112 165 150
f  165 112 153
f  594 230 591
f  591 230 589
f  589 230 586
f  586 230 585
f  126 170 153
f  585 230 582
f  582 230 579
f  579 230 578
f  118 170 126
f  578 230 576
f  170 118 184
f  576 230 575
f  575 230 573
f  573 230 569
f  569 230 231
f  4 235 182
f  182 235 199
f  199 235 196
f  196 235 193
f  184 132 136
f  193 235 192
f  174 184 136
f  192 235 191
f  191 235 189
f  175 174 136
f  189 235 187
f  178 175 136
f  136 138 178
f  187 235 185
f  185 235 4
f  108 107 238
f  178 138 155
f  238 239 108
f  239 110 108
f  239 243 110
f  243 244 110
f  157 180 155
f  244 25 110
f  244 5 25
f  184 182 170
f  4 182 184
f  19 249 49
f  249 251 49
f  174 4 184
f  185 4 174
f  253 49 251
f  175 185 174
f  185 175 187
f  255 49 253
f  187 175 178
f  187 178 189
f  255 257 49
f  257 51 49
f  259 51 257
f  191 189 178
f  178 155 191
f  51 259 53
f  191 155 180
f  192 191 180
f  192 180 157
f  193 192 157
f  259 261 53
f  160 193 157
f  53 261 54
f  54 261 56
f  162 193 160
f  261 59 56
f  163 193 162
f  193 163 196
f  261 262 59
f  163 165 196
f  262 263 59
f  199 196 165
f  263 64 59
f  263 265 64
f  153 199 165
f  64 265 65
f  265 268 65
f  182 199 153
f  182 153 170
f  268 67 65
f  268 269 67
f  269 70 67
f  201 236 252
f  252 254 201
f  269 271 70
f  77 70 271
f  271 272 77
f  204 201 254
f  204 254 256
f  256 205 204
f  78 77 272
f  272 273 78
f  205 256 258
f  205 258 207
f  273 276 78
f  276 79 78
f  276 277 79
f  260 207 258
f  210 207 260
f  79 277 81
f  81 277 83
f  83 277 85
f  264 210 260
f  85 277 89
f  266 210 264
f  210 266 267
f  89 277 91
f  91 277 93
f  211 210 267
f  212 211 267
f  212 267 270
f  213 212 270
f  277 279 93
f  279 94 93
f  214 213 270
f  279 282 94
f  97 94 282
f  274 214 270
f  216 214 274
f  274 275 216
f  282 284 97
f  98 97 284
f  284 286 98
f  218 216 275
f  218 275 278
f  219 218 278
f  278 237 219
f  287 98 286
f  287 99 98
f  287 289 99
f  221 219 237
f  290 99 289
f  221 237 240
f  223 221 240
f  240 241 223
f  290 101 99
f  225 223 241
f  225 241 242
f  225 242 226
f  290 292 101
f  292 103 101
f  104 103 292
f  228 226 242
f  228 242 245
f  229 228 245
f  245 246 229
f  292 294 104
f  246 247 229
f  105 104 294
f  229 247 248
f  232 229 248
f  238 105 294
f  250 232 248
f  233 232 250
f  233 250 252
f  233 252 234
f  105 238 107
f  234 252 236
f  239 238 296
f  278 303 304
f  278 304 237
f  296 243 239
f  296 298 243
f  298 244 243
f  237 304 306
f  240 237 306
f  240 306 307
f  241 240 307
f  298 5 244
f  309 241 307
f  242 241 309
f  309 310 242
f  298 19 5
f  298 301 19
f  242 310 311
f  245 242 311
f  245 311 312
f  301 249 19
f  246 245 312
f  246 312 314
f  249 301 251
f  247 246 314
f  247 314 316
f  247 316 248
f  251 301 253
f  301 255 253
f  250 248 316
f  301 302 255
f  319 250 316
f  302 257 255
f  321 250 319
f  252 250 321
f  305 257 302
f  305 259 257
f  321 280 252
f  305 308 259
f  252 280 281
f  252 281 254
f  261 259 308
f  308 313 261
f  256 254 281
f  315 261 313
f  256 281 283
f  256 283 258
f  262 261 315
f  260 258 283
f  315 263 262
f  315 317 263
f  317 265 263
f  285 260 283
f  317 268 265
f  317 269 268
f  264 260 285
f  317 318 269
f  288 264 285
f  269 318 271
f  318 272 271
f  288 291 264
f  320 272 318
f  322 272 320
f  293 264 291
f  324 272 322
f  266 264 293
f  266 293 295
f  267 266 295
f  324 273 272
f  326 273 324
f  328 273 326
f  267 295 270
f  328 276 273
f  295 297 270
f  328 329 276
f  329 277 276
f  329 331 277
f  299 270 297
f  274 270 299
f  274 299 300
f  274 300 275
f  331 279 277
f  331 333 279
f  333 282 279
f  335 282 333
f  278 275 300
f  278 300 303
f  335 284 282
f  335 336 284
f  280 321 325
f  280 325 327
f  281 280 327
f  336 340 284
f  286 284 340
f  341 286 340
f  330 281 327
f  283 281 330
f  341 287 286
f  330 332 283
f  289 287 341
f  283 332 397
f  285 283 397
f  397 334 285
f  341 344 289
f  344 290 289
f  285 334 288
f  344 345 290
f  290 345 292
f  288 334 291
f  345 346 292
f  293 291 334
f  334 398 293
f  292 346 294
f  293 398 295
f  346 238 294
f  346 296 238
f  297 295 398
f  398 337 297
f  350 322 348
f  297 337 338
f  299 297 338
f  299 338 339
f  350 352 322
f  324 322 352
f  300 299 339
f  339 342 300
f  352 354 324
f  354 326 324
f  303 300 342
f  303 342 343
f  303 343 304
f  356 326 354
f  356 328 326
f  409 304 343
f  357 328 356
f  306 304 409
f  306 409 347
f  357 329 328
f  307 306 347
f  347 349 307
f  331 329 357
f  357 359 331
f  309 307 349
f  309 349 351
f  359 360 331
f  353 309 351
f  310 309 353
f  361 331 360
f  355 310 353
f  364 331 361
f  311 310 355
f  364 333 331
f  358 311 355
f  312 311 358
f  364 365 333
f  335 333 365
f  365 368 335
f  383 312 358
f  312 383 362
f  314 312 362
f  362 363 314
f  335 368 336
f  316 314 363
f  368 374 336
f  336 374 340
f  363 366 316
f  341 340 374
f  374 375 341
f  366 323 316
f  344 341 375
f  375 380 344
f  319 316 323
f  380 345 344
f  319 323 325
f  319 325 321
f  380 382 345
f  345 382 346
f  382 386 346
f  323 366 385
f  385 390 323
f  386 296 346
f  323 390 325
f  387 296 386
f  325 390 327
f  298 296 387
f  387 388 298
f  388 301 298
f  388 389 301
f  302 301 389
f  330 327 390
f  330 390 394
f  391 302 389
f  391 305 302
f  332 330 394
f  332 394 396
f  332 396 397
f  391 308 305
f  308 391 392
f  398 334 397
f  392 393 308
f  393 395 308
f  308 395 313
f  337 398 399
f  338 337 399
f  338 399 400
f  338 400 339
f  395 401 313
f  401 315 313
f  401 403 315
f  342 339 400
f  342 400 402
f  406 315 403
f  404 342 402
f  343 342 404
f  343 404 405
f  406 408 315
f  407 343 405
f  317 315 408
f  408 410 317
f  343 407 409
f  412 317 410
f  415 317 412
f  415 416 317
f  317 416 318
f  409 367 347
f  418 318 416
f  418 320 318
f  347 367 369
f  347 369 370
f  349 347 370
f  370 371 349
f  419 320 418
f  349 371 372
f  351 349 372
f  372 373 351
f  419 422 320
f  426 320 422
f  353 351 373
f  428 320 426
f  376 353 373
f  428 322 320
f  353 376 377
f  353 377 355
f  428 431 322
f  377 378 355
f  433 322 431
f  355 378 379
f  358 355 379
f  435 322 433
f  438 322 435
f  379 381 358
f  438 348 322
f  358 381 383
f  388 439 389
f  439 443 389
f  445 389 443
f  384 362 383
f  363 362 384
f  384 385 363
f  445 391 389
f  392 391 445
f  393 392 449
f  366 363 385
f  451 393 449
f  451 395 393
f  451 453 395
f  436 409 434
f  367 409 436
f  367 436 437
f  454 395 453
f  401 395 454
f  454 456 401
f  440 367 437
f  369 367 440
f  369 440 441
f  369 441 442
f  370 369 442
f  401 456 403
f  444 370 442
f  371 370 444
f  458 406 403
f  446 371 444
f  372 371 446
f  372 446 447
f  372 447 373
f  406 458 408
f  408 458 410
f  373 447 448
f  376 373 448
f  377 376 448
f  377 448 525
f  377 525 450
f  378 377 450
f  458 464 410
f  452 378 450
f  379 378 452
f  464 412 410
f  464 466 412
f  466 468 412
f  381 379 452
f  381 452 411
f  381 411 383
f  468 415 412
f  469 415 468
f  413 383 411
f  383 413 414
f  384 383 414
f  470 415 469
f  384 414 385
f  415 470 416
f  470 472 416
f  472 418 416
f  472 473 418
f  419 418 473
f  385 414 390
f  422 419 473
f  473 474 422
f  426 422 474
f  390 414 394
f  474 475 426
f  396 394 414
f  396 414 417
f  475 428 426
f  397 396 417
f  428 475 431
f  398 397 417
f  417 399 398
f  399 417 420
f  400 399 420
f  420 421 400
f  475 433 431
f  475 540 433
f  423 400 421
f  402 400 423
f  402 423 424
f  424 425 402
f  540 475 477
f  477 475 144
f  404 402 425
f  404 425 427
f  405 404 427
f  475 478 144
f  144 478 146
f  429 405 427
f  407 405 429
f  429 430 407
f  478 480 146
f  480 481 146
f  432 407 430
f  146 481 148
f  409 407 432
f  481 483 148
f  409 432 434
f  411 452 529
f  148 483 149
f  483 151 149
f  413 411 529
f  413 529 531
f  413 531 414
f  483 485 151
f  485 152 151
f  414 531 417
f  485 489 152
f  489 154 152
f  420 417 531
f  421 420 531
f  531 532 421
f  489 490 154
f  423 421 532
f  423 532 533
f  491 154 490
f  424 423 533
f  424 533 535
f  425 424 535
f  425 535 696
f  154 491 158
f  491 159 158
f  491 494 159
f  539 425 696
f  494 495 159
f  495 537 159
f  542 425 539
f  425 542 543
f  495 496 537
f  496 536 537
f  546 425 543
f  496 497 536
f  498 536 497
f  549 425 546
f  499 536 498
f  551 425 549
f  425 551 552
f  499 500 536
f  554 425 552
f  500 114 536
f  114 500 116
f  557 425 554
f  425 557 558
f  501 116 500
f  560 425 558
f  501 117 116
f  503 117 501
f  563 425 560
f  503 121 117
f  124 121 503
f  476 425 563
f  503 504 124
f  504 505 124
f  479 425 476
f  127 124 505
f  425 479 427
f  505 508 127
f  513 127 508
f  427 479 482
f  429 427 482
f  513 128 127
f  430 429 482
f  482 484 430
f  513 516 128
f  516 129 128
f  432 430 484
f  484 486 432
f  517 129 516
f  434 432 486
f  486 487 434
f  517 518 129
f  436 434 487
f  436 487 488
f  518 130 129
f  521 130 518
f  521 131 130
f  492 436 488
f  436 492 493
f  521 522 131
f  523 131 522
f  523 133 131
f  524 133 523
f  524 134 133
f  657 436 493
f  135 134 524
f  524 526 135
f  502 436 657
f  526 137 135
f  663 436 502
f  528 137 526
f  506 436 663
f  436 506 507
f  139 137 528
f  509 436 507
f  436 509 510
f  436 510 511
f  436 511 512
f  528 530 139
f  514 436 512
f  437 436 514
f  514 515 437
f  139 530 140
f  140 530 111
f  113 111 530
f  530 534 113
f  440 437 515
f  534 114 113
f  519 440 515
f  441 440 519
f  442 441 519
f  519 520 442
f  534 536 114
f  444 442 520
f  444 520 681
f  534 538 536
f  446 444 681
f  446 681 682
f  447 446 682
f  447 682 683
f  537 536 538
f  448 447 683
f  448 683 525
f  537 538 159
f  477 159 538
f  538 540 477
f  540 538 433
f  450 525 527
f  450 527 452
f  538 435 433
f  538 541 435
f  541 544 435
f  452 527 529
f  455 619 620
f  544 438 435
f  544 348 438
f  457 455 620
f  545 350 348
f  350 545 352
f  457 620 624
f  459 457 624
f  624 625 459
f  545 547 352
f  460 459 625
f  352 547 354
f  627 460 625
f  461 460 627
f  548 354 547
f  629 461 627
f  462 461 629
f  354 548 356
f  631 462 629
f  548 550 356
f  463 462 631
f  463 631 633
f  463 633 465
f  357 356 550
f  467 465 633
f  633 634 467
f  550 359 357
f  550 553 359
f  471 467 634
f  634 636 471
f  359 553 360
f  360 553 361
f  553 555 361
f  555 364 361
f  231 471 636
f  636 638 231
f  555 556 364
f  556 559 364
f  364 559 365
f  559 368 365
f  569 231 638
f  565 569 638
f  559 561 368
f  563 565 638
f  368 561 374
f  476 563 638
f  638 641 476
f  374 561 375
f  561 562 375
f  476 641 642
f  476 642 479
f  562 380 375
f  562 382 380
f  482 479 642
f  642 643 482
f  562 564 382
f  484 482 643
f  386 382 564
f  643 645 484
f  564 566 386
f  486 484 645
f  387 386 566
f  647 486 645
f  487 486 647
f  487 647 648
f  487 648 488
f  566 567 387
f  568 387 567
f  568 388 387
f  439 388 568
f  492 488 648
f  570 566 564
f  651 492 648
f  493 492 651
f  651 652 493
f  570 571 566
f  571 572 566
f  566 572 567
f  574 568 567
f  574 577 568
f  439 568 577
f  493 652 807
f  577 580 439
f  580 443 439
f  493 807 657
f  581 443 580
f  443 581 445
f  581 392 445
f  581 449 392
f  583 451 449
f  660 657 658
f  502 657 660
f  451 583 453
f  453 583 454
f  454 583 456
f  663 502 660
f  583 584 456
f  584 587 456
f  587 403 456
f  587 588 403
f  665 506 663
f  506 665 666
f  507 506 666
f  666 667 507
f  458 403 588
f  588 590 458
f  458 590 464
f  509 507 667
f  509 667 670
f  510 509 670
f  510 670 671
f  511 510 671
f  511 671 672
f  511 672 512
f  590 592 464
f  514 512 672
f  514 672 673
f  515 514 673
f  673 674 515
f  592 466 464
f  466 592 468
f  592 593 468
f  674 676 515
f  468 593 469
f  470 469 593
f  593 595 470
f  519 515 676
f  519 676 679
f  519 679 680
f  520 519 680
f  520 680 681
f  472 470 595
f  595 597 472
f  472 597 473
f  597 598 473
f  473 598 474
f  598 599 474
f  599 475 474
f  599 478 475
f  599 601 478
f  525 683 685
f  685 687 525
f  478 601 480
f  481 480 601
f  527 525 687
f  601 602 481
f  527 687 529
f  602 483 481
f  529 687 689
f  531 529 689
f  531 689 834
f  485 483 602
f  602 604 485
f  693 531 834
f  532 531 693
f  532 693 694
f  533 532 694
f  694 695 533
f  604 489 485
f  535 533 695
f  535 695 696
f  604 490 489
f  604 606 490
f  606 608 490
f  608 491 490
f  697 539 696
f  494 491 608
f  608 613 494
f  542 539 697
f  542 697 698
f  542 698 543
f  613 495 494
f  613 496 495
f  543 698 699
f  543 699 546
f  613 615 496
f  496 615 497
f  546 699 700
f  546 700 549
f  615 498 497
f  615 617 498
f  702 549 700
f  551 549 702
f  552 551 702
f  702 703 552
f  617 499 498
f  617 618 499
f  554 552 703
f  703 705 554
f  499 618 500
f  618 621 500
f  500 621 501
f  621 622 501
f  557 554 705
f  557 705 708
f  558 557 708
f  708 709 558
f  503 501 622
f  558 709 710
f  560 558 710
f  710 711 560
f  622 623 503
f  623 504 503
f  560 711 563
f  623 626 504
f  565 563 711
f  565 711 569
f  626 505 504
f  513 508 628
f  628 630 513
f  569 711 573
f  516 513 630
f  632 516 630
f  517 516 632
f  573 711 712
f  573 712 575
f  632 635 517
f  635 518 517
f  575 712 714
f  635 637 518
f  576 575 714
f  576 714 716
f  521 518 637
f  578 576 716
f  578 716 718
f  718 719 578
f  639 521 637
f  639 522 521
f  721 578 719
f  579 578 721
f  640 522 639
f  644 522 640
f  582 579 721
f  582 721 724
f  724 725 582
f  646 522 644
f  522 646 523
f  524 523 646
f  582 725 727
f  585 582 727
f  727 728 585
f  646 649 524
f  524 649 526
f  526 649 528
f  586 585 728
f  586 728 730
f  528 649 530
f  586 730 891
f  589 586 891
f  891 733 589
f  649 534 530
f  534 649 538
f  649 650 538
f  735 589 733
f  589 735 591
f  650 541 538
f  541 650 544
f  591 735 737
f  653 544 650
f  594 591 737
f  653 348 544
f  654 348 653
f  594 737 739
f  348 654 545
f  547 545 654
f  596 739 740
f  654 655 547
f  743 596 740
f  596 743 600
f  655 548 547
f  743 744 600
f  655 656 548
f  548 656 550
f  603 600 744
f  744 745 603
f  656 659 550
f  659 661 550
f  661 553 550
f  611 603 745
f  605 603 611
f  605 611 612
f  662 553 661
f  662 555 553
f  607 605 612
f  612 614 607
f  662 664 555
f  664 556 555
f  609 607 614
f  614 616 609
f  664 668 556
f  668 669 556
f  610 609 616
f  675 556 669
f  619 610 616
f  455 610 619
f  611 745 753
f  677 556 675
f  755 611 753
f  678 556 677
f  757 611 755
f  612 611 757
f  684 556 678
f  686 556 684
f  688 556 686
f  614 612 757
f  614 757 760
f  760 761 614
f  690 556 688
f  691 556 690
f  616 614 761
f  691 692 556
f  556 692 559
f  764 616 761
f  701 559 692
f  619 616 764
f  561 559 701
f  620 619 764
f  704 561 701
f  562 561 704
f  704 706 562
f  564 562 706
f  620 764 767
f  624 620 767
f  624 767 983
f  625 624 983
f  625 983 985
f  706 570 564
f  625 985 770
f  627 625 770
f  713 644 707
f  770 772 627
f  644 713 646
f  713 715 646
f  715 649 646
f  650 649 715
f  776 627 772
f  629 627 776
f  715 717 650
f  720 650 717
f  776 779 629
f  720 722 650
f  650 722 653
f  631 629 779
f  779 781 631
f  723 653 722
f  723 654 653
f  726 654 723
f  633 631 781
f  633 781 784
f  633 784 634
f  655 654 726
f  726 729 655
f  636 634 784
f  784 786 636
f  729 656 655
f  656 729 731
f  638 636 786
f  731 659 656
f  731 732 659
f  641 638 786
f  659 732 661
f  642 641 786
f  642 786 789
f  662 661 732
f  643 642 789
f  732 734 662
f  734 664 662
f  645 643 789
f  789 792 645
f  734 668 664
f  734 736 668
f  668 736 669
f  675 669 736
f  647 645 792
f  647 792 796
f  648 647 796
f  796 797 648
f  736 738 675
f  677 675 738
f  738 741 677
f  678 677 741
f  741 742 678
f  651 648 797
f  684 678 742
f  802 651 797
f  651 802 652
f  742 746 684
f  749 684 746
f  684 749 686
f  688 686 749
f  749 752 688
f  652 802 807
f  690 688 752
f  752 754 690
f  754 756 690
f  756 691 690
f  758 691 756
f  658 657 807
f  807 809 658
f  691 758 692
f  660 658 809
f  809 810 660
f  758 759 692
f  692 759 701
f  704 701 759
f  759 762 704
f  660 810 813
f  660 813 663
f  762 763 704
f  665 663 813
f  665 813 814
f  666 665 814
f  666 814 667
f  704 763 706
f  814 815 667
f  763 765 706
f  706 765 570
f  667 815 817
f  766 570 765
f  670 667 817
f  671 670 817
f  671 817 819
f  672 671 819
f  571 570 766
f  673 672 819
f  673 819 821
f  673 821 674
f  768 571 766
f  674 821 822
f  674 822 676
f  572 571 768
f  768 574 572
f  676 822 823
f  679 676 823
f  679 823 824
f  680 679 824
f  572 574 567
f  577 574 896
f  681 680 824
f  681 824 827
f  827 682 681
f  827 683 682
f  827 828 683
f  580 577 769
f  769 771 580
f  685 683 828
f  771 773 580
f  687 685 828
f  828 830 687
f  581 580 773
f  773 774 581
f  449 581 774
f  689 687 830
f  774 775 449
f  834 689 830
f  777 449 775
f  777 583 449
f  777 778 583
f  584 583 778
f  778 780 584
f  693 834 837
f  694 693 837
f  694 837 838
f  695 694 838
f  695 838 839
f  584 780 587
f  696 695 839
f  780 588 587
f  697 696 839
f  697 839 842
f  780 782 588
f  782 783 588
f  698 697 842
f  698 842 845
f  783 590 588
f  699 698 845
f  699 845 847
f  783 785 590
f  785 592 590
f  699 847 700
f  785 787 592
f  700 847 850
f  702 700 850
f  702 850 703
f  787 593 592
f  703 850 851
f  703 851 705
f  787 788 593
f  788 595 593
f  708 705 851
f  708 851 852
f  708 852 853
f  709 708 853
f  597 595 788
f  790 597 788
f  856 709 853
f  709 856 857
f  709 857 858
f  790 598 597
f  860 709 858
f  710 709 860
f  790 791 598
f  711 710 860
f  711 860 862
f  712 711 862
f  862 863 712
f  791 599 598
f  791 793 599
f  712 863 714
f  601 599 793
f  714 863 865
f  714 865 716
f  793 794 601
f  718 716 865
f  718 865 866
f  719 718 866
f  794 795 601
f  601 795 602
f  868 719 866
f  798 602 795
f  721 719 868
f  798 604 602
f  868 870 721
f  798 799 604
f  724 721 870
f  799 606 604
f  608 606 799
f  725 724 870
f  725 870 951
f  799 800 608
f  613 608 800
f  727 725 951
f  727 951 952
f  800 801 613
f  801 615 613
f  878 727 952
f  801 803 615
f  880 727 878
f  803 617 615
f  804 617 803
f  883 727 880
f  804 618 617
f  885 727 883
f  727 885 886
f  804 805 618
f  728 727 886
f  618 805 621
f  889 728 886
f  805 622 621
f  805 806 622
f  730 728 889
f  889 891 730
f  623 622 806
f  806 808 623
f  626 623 808
f  808 811 626
f  733 891 893
f  893 894 733
f  811 812 626
f  812 505 626
f  812 508 505
f  735 733 894
f  894 897 735
f  812 628 508
f  812 816 628
f  735 897 899
f  735 899 737
f  628 816 630
f  737 899 900
f  816 632 630
f  739 737 900
f  900 740 739
f  816 818 632
f  632 818 635
f  747 740 900
f  743 740 747
f  743 747 748
f  744 743 748
f  818 820 635
f  750 744 748
f  745 744 750
f  750 751 745
f  635 820 637
f  820 825 637
f  753 745 751
f  900 1017 970
f  747 900 970
f  637 825 639
f  972 747 970
f  747 972 748
f  825 826 639
f  639 826 640
f  974 748 972
f  750 748 974
f  750 974 975
f  750 975 751
f  640 826 644
f  751 975 753
f  826 707 644
f  753 975 755
f  829 805 995
f  755 975 757
f  829 806 805
f  808 806 829
f  829 811 808
f  757 975 977
f  760 757 977
f  760 977 978
f  831 811 829
f  761 760 978
f  831 812 811
f  816 812 831
f  831 832 816
f  764 761 978
f  978 981 764
f  818 816 832
f  820 818 832
f  832 833 820
f  767 764 981
f  767 981 983
f  833 835 820
f  820 835 825
f  835 840 825
f  825 840 826
f  840 841 826
f  986 770 985
f  826 841 707
f  770 986 772
f  841 843 707
f  707 843 713
f  844 713 843
f  772 986 776
f  846 713 844
f  715 713 846
f  776 986 779
f  715 846 717
f  779 986 781
f  846 848 717
f  849 717 848
f  781 986 784
f  854 717 849
f  784 986 786
f  717 854 720
f  722 720 854
f  786 986 789
f  854 855 722
f  723 722 855
f  789 986 792
f  855 859 723
f  859 861 723
f  861 726 723
f  796 792 986
f  796 986 797
f  861 864 726
f  729 726 864
f  729 864 867
f  867 1016 729
f  797 986 802
f  1016 731 729
f  731 869 732
f  869 871 732
f  802 986 807
f  734 732 871
f  871 872 734
f  809 807 986
f  809 986 810
f  736 734 872
f  872 873 736
f  813 810 986
f  813 986 987
f  736 873 738
f  873 874 738
f  990 813 987
f  813 990 991
f  874 741 738
f  874 875 741
f  814 813 991
f  814 991 994
f  876 741 875
f  815 814 994
f  742 741 876
f  876 877 742
f  815 994 997
f  815 997 817
f  746 742 877
f  817 997 998
f  817 998 819
f  877 749 746
f  819 998 999
f  821 819 999
f  821 999 1000
f  822 821 1000
f  877 879 749
f  1002 822 1000
f  749 879 752
f  823 822 1002
f  879 881 752
f  881 754 752
f  1006 823 1002
f  823 1006 824
f  882 754 881
f  754 882 756
f  1006 1009 824
f  882 758 756
f  827 824 1009
f  827 1009 1010
f  828 827 1010
f  1010 1011 828
f  882 884 758
f  830 828 1011
f  1011 1012 830
f  758 884 759
f  762 759 884
f  884 887 762
f  763 762 887
f  888 763 887
f  834 830 1012
f  765 763 888
f  888 890 765
f  890 766 765
f  836 834 1012
f  836 837 834
f  837 836 904
f  890 892 766
f  906 837 904
f  838 837 906
f  766 892 768
f  892 895 768
f  909 838 906
f  839 838 909
f  909 910 839
f  574 768 895
f  574 895 896
f  950 577 896
f  839 910 842
f  577 950 769
f  910 912 842
f  769 898 771
f  842 912 845
f  898 773 771
f  845 912 847
f  898 901 773
f  901 774 773
f  850 847 912
f  851 850 912
f  852 851 912
f  852 912 913
f  901 905 774
f  774 905 775
f  916 852 913
f  852 916 917
f  777 775 905
f  919 852 917
f  905 907 777
f  907 778 777
f  922 852 919
f  907 908 778
f  924 852 922
f  908 911 778
f  926 852 924
f  852 926 927
f  911 914 778
f  929 852 927
f  914 915 778
f  852 929 853
f  915 780 778
f  782 780 915
f  915 918 782
f  853 929 932
f  856 853 932
f  783 782 918
f  935 856 932
f  918 920 783
f  937 856 935
f  857 856 937
f  857 937 938
f  857 938 858
f  920 785 783
f  921 785 920
f  940 858 938
f  858 940 860
f  787 785 921
f  921 923 787
f  862 860 940
f  862 940 942
f  863 862 942
f  923 788 787
f  923 925 788
f  865 863 942
f  865 942 944
f  866 865 944
f  944 945 866
f  925 790 788
f  925 928 790
f  868 866 945
f  945 947 868
f  791 790 928
f  870 868 947
f  870 947 948
f  948 1098 870
f  930 791 928
f  930 931 791
f  791 931 793
f  870 1098 951
f  931 933 793
f  933 794 793
f  934 794 933
f  794 934 795
f  936 798 795
f  799 798 936
f  936 939 799
f  939 941 799
f  952 954 878
f  941 800 799
f  878 954 880
f  943 800 941
f  943 801 800
f  880 954 883
f  801 943 946
f  885 883 954
f  885 954 955
f  885 955 886
f  801 946 803
f  949 804 803
f  886 955 956
f  886 956 889
f  995 804 949
f  995 805 804
f  953 769 950
f  959 889 956
f  891 889 959
f  953 898 769
f  953 957 898
f  893 891 959
f  893 959 961
f  893 961 894
f  901 898 957
f  957 958 901
f  905 901 958
f  894 961 963
f  894 963 897
f  958 960 905
f  897 963 964
f  907 905 960
f  966 897 964
f  899 897 966
f  960 962 907
f  968 899 966
f  900 899 968
f  900 968 1017
f  907 962 908
f  908 962 911
f  836 902 1058
f  836 1058 903
f  914 911 962
f  962 965 914
f  914 965 915
f  904 836 903
f  965 967 915
f  1065 904 903
f  918 915 967
f  904 1065 906
f  967 969 918
f  969 971 918
f  906 1065 1066
f  909 906 1066
f  971 920 918
f  909 1066 910
f  921 920 971
f  910 1066 1068
f  912 910 1068
f  971 973 921
f  913 912 1068
f  1068 1070 913
f  973 923 921
f  976 923 973
f  976 925 923
f  913 1070 1072
f  913 1072 1073
f  916 913 1073
f  916 1073 1179
f  979 925 976
f  1076 916 1179
f  916 1076 917
f  979 928 925
f  928 979 980
f  1078 917 1076
f  919 917 1078
f  980 982 928
f  982 984 928
f  984 930 928
f  922 919 1078
f  1078 1080 922
f  984 988 930
f  924 922 1080
f  1080 1081 924
f  930 988 931
f  926 924 1081
f  926 1081 1082
f  927 926 1082
f  1082 1083 927
f  931 988 933
f  927 1083 929
f  934 933 988
f  1083 1085 929
f  989 939 936
f  939 989 941
f  932 929 1085
f  1085 1087 932
f  989 992 941
f  992 943 941
f  946 943 992
f  946 949 803
f  949 993 995
f  935 932 1087
f  935 1087 38
f  38 1088 935
f  995 993 829
f  829 993 831
f  831 993 832
f  993 833 832
f  1092 935 1088
f  937 935 1092
f  937 1092 938
f  833 993 835
f  835 993 840
f  1094 938 1092
f  938 1094 940
f  993 841 840
f  940 1094 942
f  841 993 843
f  944 942 1094
f  944 1094 1095
f  944 1095 945
f  843 993 844
f  945 1095 1096
f  947 945 1096
f  947 1096 1097
f  948 947 1097
f  948 1097 1098
f  844 993 846
f  993 996 846
f  996 848 846
f  951 1098 1099
f  996 1001 848
f  1099 952 951
f  1099 1101 952
f  1001 1003 848
f  848 1003 849
f  1101 954 952
f  954 1101 1103
f  955 954 1103
f  16 1004 849
f  1105 955 1103
f  956 955 1105
f  1004 854 849
f  1105 1107 956
f  1004 1005 854
f  1005 1007 854
f  1007 855 854
f  1008 855 1007
f  959 956 1107
f  1107 1110 959
f  1008 859 855
f  1008 1013 859
f  961 959 1110
f  1110 198 961
f  1013 861 859
f  961 198 1113
f  963 961 1113
f  964 963 1113
f  1113 1115 964
f  1013 1014 861
f  964 1115 966
f  1014 864 861
f  968 966 1115
f  968 1115 1017
f  1014 1015 864
f  1015 867 864
f  1017 1018 970
f  869 731 1016
f  1016 1019 869
f  1019 871 869
f  970 1018 972
f  1020 871 1019
f  972 1018 1021
f  974 972 1021
f  974 1021 1023
f  1020 872 871
f  873 872 1020
f  1027 974 1023
f  974 1027 975
f  873 1020 874
f  975 1027 1028
f  977 975 1028
f  874 1020 875
f  978 977 1028
f  875 1020 876
f  1028 1031 978
f  876 1020 877
f  877 1020 879
f  879 1020 881
f  1020 882 881
f  981 978 1031
f  1020 884 882
f  1031 1036 981
f  1020 1024 884
f  981 1036 1037
f  981 1037 1038
f  983 981 1038
f  887 884 1024
f  1024 1025 887
f  1025 1029 887
f  888 887 1029
f  1029 1030 888
f  1043 983 1038
f  985 983 1043
f  985 1043 1044
f  986 985 1044
f  1030 890 888
f  987 986 1044
f  892 890 1030
f  1044 1046 987
f  892 1030 1032
f  892 1032 895
f  990 987 1046
f  1033 1034 896
f  1049 990 1046
f  990 1049 991
f  1034 950 896
f  1034 1039 950
f  991 1049 994
f  953 950 1039
f  1039 1040 953
f  997 994 1049
f  998 997 1049
f  998 1049 1050
f  998 1050 1051
f  999 998 1051
f  999 1051 1052
f  999 1052 1053
f  999 1053 1000
f  1040 957 953
f  1041 957 1040
f  1002 1000 1053
f  1041 958 957
f  1042 958 1041
f  958 1042 960
f  1056 1002 1053
f  1042 962 960
f  1042 1045 962
f  1006 1002 1056
f  965 962 1045
f  1006 1056 1058
f  1009 1006 1058
f  1047 965 1045
f  965 1047 967
f  1047 969 967
f  902 1009 1058
f  1010 1009 902
f  1010 902 1126
f  1010 1126 1127
f  971 969 1047
f  1048 971 1047
f  1011 1010 1127
f  1011 1127 1130
f  971 1048 973
f  1132 1011 1130
f  1048 1054 973
f  1134 1011 1132
f  1011 1134 1116
f  973 1054 976
f  1054 1055 976
f  979 976 1055
f  1120 1011 1116
f  1055 980 979
f  1122 1011 1120
f  1011 1122 1123
f  1057 984 982
f  988 984 1057
f  1126 1011 1123
f  1011 1126 902
f  1011 902 1012
f  1057 1059 988
f  1059 1060 988
f  988 1060 1061
f  1061 934 988
f  836 1012 902
f  1061 1062 934
f  1062 795 934
f  224 1115 227
f  1017 1115 224
f  1017 224 222
f  1017 222 1018
f  1062 1063 795
f  795 1063 936
f  1063 1064 936
f  989 936 1064
f  220 1018 222
f  1021 1018 220
f  1021 220 217
f  1021 217 1022
f  1021 1022 1023
f  992 989 1064
f  1064 1067 992
f  1023 1022 1186
f  1023 1186 1026
f  1027 1023 1026
f  1027 1026 1028
f  1067 1069 992
f  992 1069 946
f  1031 1028 1026
f  1026 1187 1031
f  949 946 1069
f  1069 1071 949
f  1071 993 949
f  1071 1074 993
f  1036 1031 1187
f  1036 1187 1035
f  996 993 1074
f  1161 1036 1035
f  1037 1036 1161
f  1074 1001 996
f  1163 1037 1161
f  1038 1037 1163
f  1074 1254 1001
f  1001 1254 1003
f  1163 1165 1038
f  849 1003 1254
f  1004 16 1075
f  1075 1077 1004
f  1165 1167 1038
f  1077 1005 1004
f  1077 1079 1005
f  1043 1038 1167
f  1043 1167 1169
f  1043 1169 1044
f  1079 1007 1005
f  1044 1169 1170
f  1044 1170 1046
f  1079 1084 1007
f  1084 1086 1007
f  1046 1170 1171
f  1049 1046 1171
f  1086 1008 1007
f  1050 1049 1171
f  1089 1008 1086
f  1174 1050 1171
f  1089 1013 1008
f  1051 1050 1174
f  1052 1051 1174
f  1052 1174 1176
f  1052 1176 1053
f  1089 1090 1013
f  1013 1090 1014
f  1053 1176 1056
f  1090 1091 1014
f  1056 1176 1058
f  1091 1015 1014
f  867 1015 1091
f  1058 1176 903
f  1091 1016 867
f  1091 1093 1016
f  1016 1093 1019
f  1093 1100 1019
f  1065 903 1176
f  1065 1176 1066
f  1020 1019 1100
f  1066 1176 1068
f  1100 1102 1020
f  1068 1176 1070
f  1020 1102 1024
f  1072 1070 1176
f  1102 1025 1024
f  1178 1072 1176
f  1073 1072 1178
f  1073 1178 1179
f  1102 1104 1025
f  1025 1104 1029
f  1104 1106 1029
f  1214 1076 1179
f  1029 1106 1030
f  1078 1076 1214
f  1214 1181 1078
f  1106 1108 1030
f  1080 1078 1181
f  1080 1181 1182
f  1081 1080 1182
f  1082 1081 1182
f  1082 1182 1183
f  1083 1082 1183
f  1083 1183 1184
f  1085 1083 1184
f  1108 1032 1030
f  1186 1085 1184
f  1033 895 1032
f  1186 1022 1085
f  895 1033 896
f  1085 1022 1087
f  1109 1111 161
f  1087 1022 217
f  1111 1112 161
f  1112 1114 161
f  1117 161 1114
f  161 1117 164
f  1117 1118 164
f  215 38 45
f  166 164 1118
f  38 215 1088
f  167 166 1118
f  1119 167 1118
f  1121 167 1119
f  1121 168 167
f  1124 168 1121
f  168 1124 169
f  1088 215 209
f  1088 209 1092
f  1124 1125 169
f  1092 209 208
f  1094 1092 208
f  1095 1094 208
f  1096 1095 208
f  171 169 1125
f  1097 1096 208
f  1097 208 206
f  1098 1097 206
f  1125 1128 171
f  206 1099 1098
f  1128 1129 171
f  1099 206 203
f  1099 203 1101
f  1131 171 1129
f  1103 1101 203
f  1131 1133 171
f  172 171 1133
f  1105 1103 203
f  1136 172 1133
f  1107 1105 203
f  203 202 1107
f  1136 1139 172
f  1139 1141 172
f  1107 202 200
f  1107 200 1110
f  172 1141 173
f  1141 1142 173
f  173 1142 176
f  1110 200 198
f  1142 1143 176
f  1143 177 176
f  1143 1145 177
f  197 1113 198
f  1115 1113 197
f  1115 197 195
f  177 1145 179
f  1145 1146 179
f  227 1115 195
f  1146 183 179
f  1146 1147 183
f  1150 1134 1233
f  1134 1150 1151
f  1116 1134 1151
f  1148 183 1147
f  1148 186 183
f  1151 1153 1116
f  1149 186 1148
f  1149 1152 186
f  1116 1153 1154
f  1116 1154 1120
f  1155 186 1152
f  1155 188 186
f  1120 1154 1156
f  1122 1120 1156
f  1122 1156 1157
f  1122 1157 1123
f  1159 188 1155
f  188 1159 190
f  1123 1157 1158
f  1126 1123 1158
f  1159 161 190
f  1127 1126 1158
f  1127 1158 1135
f  1159 1109 161
f  1160 1111 1109
f  1135 1137 1127
f  1112 1111 1160
f  1130 1127 1137
f  1137 1138 1130
f  1160 1162 1112
f  1162 1164 1112
f  1130 1138 1140
f  1164 1114 1112
f  1132 1130 1140
f  1114 1164 1166
f  1168 1114 1166
f  1144 1132 1140
f  1168 1172 1114
f  1144 1233 1132
f  1114 1172 1117
f  1134 1132 1233
f  1172 1173 1117
f  1158 1245 1135
f  1173 1118 1117
f  1173 1175 1118
f  1247 1135 1245
f  1137 1135 1247
f  1137 1247 1224
f  1138 1137 1224
f  1138 1224 1225
f  1177 1118 1175
f  1177 1119 1118
f  1227 1138 1225
f  1138 1227 1140
f  1177 1180 1119
f  1121 1119 1180
f  1180 1185 1121
f  1124 1121 1185
f  1140 1227 1230
f  1140 1230 1144
f  1185 1188 1124
f  1144 1230 1233
f  1188 1190 1124
f  1190 1125 1124
f  1128 1125 1190
f  1190 1192 1128
f  1192 1129 1128
f  1192 1194 1129
f  1194 1131 1129
f  1194 1195 1131
f  1150 1233 1235
f  1150 1235 1236
f  1150 1236 1151
f  1131 1195 1133
f  1195 1136 1133
f  1151 1236 1238
f  1153 1151 1238
f  1153 1238 1239
f  1197 1136 1195
f  1154 1153 1239
f  1199 1136 1197
f  1201 1136 1199
f  1156 1154 1239
f  1156 1239 1242
f  1157 1156 1242
f  1157 1242 1243
f  1158 1157 1243
f  1203 1136 1201
f  1204 1136 1203
f  1245 1158 1243
f  1204 1139 1136
f  1035 1220 1161
f  1139 1204 1205
f  1161 1220 1221
f  1161 1221 1163
f  1205 1141 1139
f  1165 1163 1221
f  1221 1222 1165
f  1142 1141 1205
f  1167 1165 1222
f  1222 1189 1167
f  1205 1206 1142
f  1206 1143 1142
f  1169 1167 1189
f  1169 1189 1191
f  1145 1143 1206
f  1170 1169 1191
f  1170 1191 1193
f  1171 1170 1193
f  1206 1207 1145
f  1207 1146 1145
f  1193 1196 1171
f  1208 1146 1207
f  1208 1147 1146
f  1211 1147 1208
f  1171 1196 1198
f  1147 1211 1148
f  1200 1171 1198
f  1174 1171 1200
f  1211 1149 1148
f  1202 1174 1200
f  1211 1212 1149
f  1212 1152 1149
f  1212 1216 1152
f  1216 1217 1152
f  1152 1217 1155
f  1176 1174 1202
f  1217 1223 1155
f  1338 1176 1202
f  1338 1209 1176
f  1223 1159 1155
f  1176 1209 1210
f  1223 1109 1159
f  1178 1176 1210
f  1223 1226 1109
f  1213 1178 1210
f  1179 1178 1213
f  1179 1213 1214
f  1226 1160 1109
f  1039 1228 1040
f  1215 1181 1214
f  1040 1228 1041
f  1182 1181 1215
f  1041 1228 1042
f  1218 1182 1215
f  1183 1182 1218
f  1183 1218 1219
f  1183 1219 1184
f  1042 1228 1045
f  1186 1184 1219
f  1219 1026 1186
f  1026 1219 1220
f  1026 1220 1187
f  1045 1228 1047
f  1187 1220 1035
f  1228 1048 1047
f  1189 1222 1350
f  1048 1228 1054
f  1350 1250 1189
f  1054 1228 1055
f  1189 1250 1191
f  1055 1228 980
f  1228 1231 980
f  1191 1250 1252
f  1193 1191 1252
f  1252 1253 1193
f  1231 982 980
f  1231 1232 982
f  1232 1057 982
f  1196 1193 1253
f  1253 1255 1196
f  1059 1057 1232
f  1198 1196 1255
f  1255 1256 1198
f  1232 1234 1059
f  1234 1237 1059
f  1200 1198 1256
f  1200 1256 1258
f  1237 1060 1059
f  1260 1200 1258
f  1200 1260 1334
f  1200 1334 1335
f  1237 1061 1060
f  1335 1337 1200
f  1240 1062 1061
f  1200 1337 1338
f  1200 1338 1202
f  1240 1063 1062
f  1240 1064 1063
f  1240 1241 1064
f  1241 1244 1064
f  1244 1067 1064
f  1244 1246 1067
f  1067 1246 1069
f  1339 1209 1338
f  1209 1339 1210
f  1246 1248 1069
f  1248 1071 1069
f  1248 1249 1071
f  1213 1210 1339
f  1213 1339 1341
f  1214 1213 1341
f  1215 1214 1341
f  1215 1341 1342
f  1342 1343 1215
f  1071 1249 1074
f  1249 1251 1074
f  1218 1215 1343
f  1219 1218 1343
f  1219 1343 1344
f  1220 1219 1344
f  1251 1254 1074
f  1347 1220 1344
f  1221 1220 1347
f  1221 1347 1348
f  1251 1257 1254
f  1350 1221 1348
f  1222 1221 1350
f  1254 1257 1075
f  1224 1247 1332
f  1077 1075 1257
f  1262 1224 1332
f  1225 1224 1262
f  1225 1262 1263
f  1225 1263 1264
f  1079 1077 1257
f  1257 1259 1079
f  1266 1225 1264
f  1225 1266 1267
f  1227 1225 1267
f  1267 1229 1227
f  1259 1261 1079
f  1261 1084 1079
f  1230 1227 1229
f  1261 1265 1084
f  1265 1086 1084
f  1322 1230 1229
f  1265 1268 1086
f  1322 1324 1230
f  1268 1089 1086
f  1228 1089 1268
f  1230 1324 1233
f  1089 1228 1090
f  1090 1228 1091
f  1235 1233 1324
f  1235 1324 1326
f  1235 1326 1236
f  1091 1228 1093
f  1093 1228 1100
f  1238 1236 1326
f  1238 1326 1328
f  1238 1328 1239
f  1100 1228 1102
f  1102 1228 1104
f  1242 1239 1328
f  1242 1328 1329
f  1243 1242 1329
f  1329 1428 1243
f  1104 1228 1106
f  1245 1243 1428
f  1228 1108 1106
f  1108 1228 1032
f  1247 1245 1428
f  1247 1428 1332
f  1032 1228 1033
f  1228 1034 1033
f  1350 1346 1250
f  1034 1228 1039
f  1252 1250 1346
f  1252 1346 1351
f  1397 1270 1162
f  1253 1252 1351
f  1351 1353 1253
f  1272 1162 1270
f  1274 1162 1272
f  1253 1353 1355
f  1255 1253 1355
f  1255 1355 1356
f  1274 1276 1162
f  1277 1162 1276
f  1256 1255 1356
f  1256 1356 1359
f  1359 1360 1256
f  1166 1162 1277
f  1164 1162 1166
f  1258 1256 1360
f  1360 1362 1258
f  1280 1168 1166
f  1260 1258 1362
f  1260 1362 1363
f  1334 1260 1363
f  1333 1334 1363
f  1280 1283 1168
f  1285 1168 1283
f  1285 1172 1168
f  1367 1333 1363
f  1333 1367 1332
f  1286 1172 1285
f  1262 1332 1367
f  1286 1173 1172
f  1263 1262 1367
f  1263 1367 1369
f  1264 1263 1369
f  1173 1286 1289
f  1175 1173 1289
f  1177 1175 1293
f  1266 1264 1369
f  1266 1369 1372
f  1267 1266 1372
f  1267 1372 1373
f  1267 1373 1229
f  1177 1294 1180
f  1318 1229 1373
f  1318 1373 1374
f  1269 1318 1374
f  1269 1374 1271
f  1180 1294 1298
f  1273 1271 1374
f  1185 1180 1298
f  1298 1300 1185
f  1376 1273 1374
f  1275 1273 1376
f  1304 1185 1300
f  1185 1304 1188
f  1378 1275 1376
f  1305 1188 1304
f  1278 1275 1378
f  1378 1380 1278
f  1188 1305 1190
f  1305 1308 1190
f  1278 1380 1381
f  1279 1278 1381
f  1279 1381 1382
f  1279 1382 1383
f  1281 1279 1383
f  1192 1190 1308
f  1194 1192 1308
f  1385 1281 1383
f  1308 1309 1194
f  1282 1281 1385
f  1282 1385 1387
f  1284 1282 1387
f  1309 1195 1194
f  1309 1313 1195
f  1389 1284 1387
f  1313 1197 1195
f  1314 1197 1313
f  1315 1197 1314
f  1393 1284 1389
f  1284 1393 1287
f  1319 1197 1315
f  1319 1320 1197
f  1287 1393 1394
f  1288 1287 1394
f  1288 1394 1395
f  1290 1288 1395
f  1199 1197 1320
f  1320 1201 1199
f  1320 1321 1201
f  1398 1290 1395
f  1291 1290 1398
f  1291 1398 1698
f  1291 1698 1401
f  1201 1321 1203
f  1292 1291 1401
f  1292 1401 1403
f  1292 1403 1295
f  1204 1203 1321
f  1321 1205 1204
f  1296 1295 1403
f  1296 1403 1404
f  1297 1296 1404
f  1297 1404 1299
f  1323 1325 1205
f  1301 1299 1404
f  1404 1405 1301
f  1206 1205 1325
f  1451 1301 1405
f  1451 1405 1406
f  1302 1451 1406
f  1302 1406 1407
f  1325 1327 1206
f  1409 1302 1407
f  1303 1302 1409
f  1327 1330 1206
f  1306 1303 1409
f  1206 1330 1207
f  1330 1331 1207
f  1306 1409 1411
f  1307 1306 1411
f  1207 1331 1208
f  1481 1307 1411
f  1481 1411 1413
f  1413 1310 1481
f  1413 1414 1310
f  1208 1336 1211
f  1311 1310 1414
f  1311 1414 1415
f  1312 1311 1415
f  1415 1316 1312
f  1415 1416 1316
f  1212 1211 1340
f  1340 1345 1212
f  1212 1345 1216
f  1217 1216 1345
f  1317 1316 1416
f  1317 1416 1418
f  1269 1317 1418
f  1318 1269 1418
f  1318 1418 1419
f  1345 1349 1217
f  1229 1318 1419
f  1349 1223 1217
f  1419 1422 1229
f  1349 1352 1223
f  1354 1223 1352
f  1354 1357 1223
f  1229 1422 1322
f  1357 1226 1223
f  1322 1422 1423
f  1322 1423 1324
f  1357 1358 1226
f  1324 1423 1326
f  1358 1160 1226
f  1358 1397 1160
f  1328 1326 1423
f  1328 1423 1425
f  1329 1328 1425
f  1162 1160 1397
f  1427 1329 1425
f  1329 1427 1428
f  1314 1313 1361
f  1361 1364 1314
f  1315 1314 1364
f  1332 1428 1429
f  1332 1429 1430
f  1333 1332 1430
f  1333 1430 1431
f  1364 1365 1315
f  1319 1315 1365
f  1434 1333 1431
f  1334 1333 1434
f  1334 1434 1335
f  1365 1366 1319
f  1335 1434 1730
f  1337 1335 1730
f  1337 1730 1436
f  1366 1320 1319
f  1338 1337 1436
f  1338 1436 1438
f  1366 1368 1320
f  1440 1338 1438
f  1338 1440 1339
f  1368 1321 1320
f  1368 1370 1321
f  1339 1440 1442
f  1339 1442 1443
f  1341 1339 1443
f  1205 1321 1370
f  1370 1323 1205
f  1342 1341 1443
f  1371 1325 1323
f  1371 1327 1325
f  1448 1342 1443
f  1327 1371 1561
f  1343 1342 1448
f  1561 1375 1327
f  1344 1343 1448
f  1375 1330 1327
f  1344 1448 1346
f  1347 1344 1346
f  1347 1346 1348
f  1375 1377 1330
f  1348 1346 1350
f  1377 1379 1330
f  1346 1738 1351
f  1379 1331 1330
f  1353 1351 1738
f  1353 1738 1871
f  1384 1331 1379
f  1353 1871 1742
f  1353 1742 1743
f  1355 1353 1743
f  1384 1208 1331
f  1355 1743 1356
f  1384 1336 1208
f  1384 1386 1336
f  1359 1356 1743
f  1359 1743 1745
f  1359 1745 1360
f  1336 1386 1211
f  1360 1745 1746
f  1362 1360 1746
f  1362 1746 1747
f  1362 1747 1363
f  1386 1340 1211
f  1388 1345 1340
f  1747 1749 1363
f  1388 1390 1345
f  1390 1349 1345
f  1352 1349 1390
f  1390 1391 1352
f  1367 1363 1749
f  1749 1752 1367
f  1391 1354 1352
f  1391 1392 1354
f  1369 1367 1752
f  1392 1357 1354
f  1752 1754 1369
f  1392 1358 1357
f  1369 1754 1755
f  1372 1369 1755
f  1372 1755 1756
f  1373 1372 1756
f  1392 1396 1358
f  1374 1373 1756
f  1396 1397 1358
f  1374 1756 1758
f  1374 1758 1376
f  1396 1399 1397
f  1376 1758 1759
f  1378 1376 1759
f  1397 1399 1270
f  1270 1399 1272
f  1399 1400 1272
f  1762 1378 1759
f  1380 1378 1762
f  1380 1762 1813
f  1381 1380 1813
f  1400 1274 1272
f  1382 1381 1813
f  1382 1813 1765
f  1383 1382 1765
f  1402 1274 1400
f  1402 1408 1274
f  1886 1383 1765
f  1385 1383 1886
f  1886 1768 1385
f  1408 1276 1274
f  1387 1385 1768
f  1768 1769 1387
f  1276 1408 1410
f  1387 1769 1389
f  1410 1412 1276
f  1276 1412 1277
f  1417 1277 1412
f  1393 1389 1769
f  1277 1417 1166
f  1771 1393 1769
f  1417 1420 1166
f  1394 1393 1771
f  1420 1280 1166
f  1420 1421 1280
f  1395 1394 1771
f  1771 1826 1395
f  1280 1421 1283
f  1283 1421 1285
f  1826 36 1395
f  1424 1285 1421
f  1395 36 1777
f  1424 1286 1285
f  1398 1395 1777
f  1398 1777 1698
f  1289 1286 1424
f  1426 1175 1289
f  1426 1293 1175
f  1177 1293 1294
f  1401 1698 1699
f  1403 1401 1699
f  1433 1298 1432
f  1404 1403 1699
f  1404 1699 1833
f  1404 1833 1702
f  1433 1300 1298
f  1405 1404 1702
f  1433 1435 1300
f  1705 1405 1702
f  1406 1405 1705
f  1435 1437 1300
f  1407 1406 1705
f  1437 1304 1300
f  1409 1407 1705
f  1705 1707 1409
f  1439 1304 1437
f  1411 1409 1707
f  1707 1708 1411
f  1439 1305 1304
f  1413 1411 1708
f  1413 1708 1709
f  1413 1709 1710
f  1414 1413 1710
f  1441 1305 1439
f  1712 1414 1710
f  1305 1441 1308
f  1415 1414 1712
f  1415 1712 1714
f  1416 1415 1714
f  1714 1715 1416
f  1309 1308 1441
f  1416 1715 1716
f  1418 1416 1716
f  1441 1444 1309
f  1419 1418 1716
f  1313 1309 1444
f  1361 1313 1444
f  1719 1419 1716
f  1246 1466 1445
f  1422 1419 1719
f  1248 1246 1445
f  1423 1422 1719
f  1719 1721 1423
f  1445 1249 1248
f  1425 1423 1721
f  1721 1722 1425
f  1249 1445 1446
f  1427 1425 1722
f  1427 1722 1723
f  1428 1427 1723
f  1723 1429 1428
f  1446 1251 1249
f  1430 1429 1723
f  1446 1447 1251
f  1430 1723 1858
f  1430 1858 1431
f  1257 1251 1447
f  1858 1727 1431
f  1259 1257 1447
f  1447 1449 1259
f  1434 1431 1727
f  1449 1261 1259
f  1730 1434 1727
f  1450 1261 1449
f  1450 1265 1261
f  1268 1265 1450
f  1450 1453 1268
f  1867 1436 1730
f  1436 1867 1438
f  1453 1228 1268
f  1231 1228 1453
f  1734 1438 1867
f  1438 1734 1440
f  1231 1453 1232
f  1232 1455 1234
f  1440 1734 1736
f  1440 1736 1737
f  1442 1440 1737
f  1442 1737 1443
f  1457 1237 1234
f  1457 1061 1237
f  1457 1459 1061
f  1061 1459 1240
f  1448 1443 1737
f  1737 1738 1448
f  1460 1241 1240
f  1460 1461 1241
f  1461 1244 1241
f  1346 1448 1738
f  1452 1451 1302
f  1452 1302 1303
f  1452 1303 1454
f  1466 1244 1461
f  1454 1303 1456
f  1466 1246 1244
f  1456 1303 1458
f  1445 1466 1464
f  1458 1303 1462
f  1446 1470 1447
f  1470 1471 1447
f  1471 1472 1447
f  1447 1472 1449
f  1463 1462 1303
f  1463 1303 1465
f  1472 1480 1449
f  1465 1303 1467
f  1449 1480 1450
f  1468 1467 1303
f  1469 1468 1303
f  1469 1303 1473
f  1453 1450 1480
f  1480 1482 1453
f  1482 1232 1453
f  1474 1473 1303
f  1475 1474 1303
f  1476 1475 1303
f  1477 1476 1303
f  1478 1477 1303
f  1478 1303 1306
f  1482 1455 1232
f  1479 1478 1306
f  1482 1484 1455
f  1307 1479 1306
f  1479 1307 1481
f  1234 1455 1484
f  1484 1485 1234
f  1485 1457 1234
f  1483 1481 1310
f  1485 1488 1457
f  1459 1457 1488
f  1311 1483 1310
f  1483 1311 1312
f  1493 1459 1488
f  1496 1459 1493
f  1486 1312 1316
f  1496 1240 1459
f  1496 1497 1240
f  1497 1460 1240
f  1464 1460 1497
f  1317 1486 1316
f  1487 1486 1317
f  1487 1317 1269
f  1489 1487 1269
f  1269 1271 1489
f  1460 1464 1461
f  1466 1461 1464
f  1490 1489 1271
f  1490 1271 1273
f  1499 1402 1400
f  1491 1490 1273
f  1491 1273 1275
f  1499 1501 1402
f  1278 1491 1275
f  1502 1402 1501
f  1492 1491 1278
f  1408 1402 1502
f  1279 1492 1278
f  1494 1492 1279
f  1279 1281 1494
f  1502 1410 1408
f  1505 1412 1410
f  1494 1281 1282
f  1495 1494 1282
f  1495 1282 1284
f  1498 1495 1284
f  1505 1507 1412
f  1412 1507 1417
f  1284 1287 1498
f  1420 1417 1507
f  1507 1509 1420
f  1509 1421 1420
f  1288 1498 1287
f  1500 1498 1288
f  1288 1290 1500
f  1512 1421 1509
f  1512 1424 1421
f  1500 1290 1503
f  1289 1424 1512
f  1290 1291 1503
f  1512 1513 1289
f  1504 1503 1291
f  1504 1291 1292
f  1504 1292 1295
f  1513 1515 1289
f  1506 1504 1295
f  1515 1426 1289
f  1295 1296 1506
f  1516 1426 1515
f  1508 1506 1296
f  1296 1297 1508
f  1516 1517 1426
f  1508 1297 1510
f  1426 1517 1293
f  1510 1297 1299
f  1517 1519 1293
f  1511 1510 1299
f  1511 1299 1301
f  1294 1293 1519
f  1452 1511 1301
f  1452 1301 1451
f  1519 1432 1294
f  1432 1298 1294
f  1520 1433 1432
f  1463 1514 1462
f  1595 1514 1463
f  1518 1595 1463
f  1463 1465 1518
f  1433 1520 1435
f  1520 1524 1435
f  1524 1437 1435
f  1518 1465 1521
f  1524 1525 1437
f  1533 1437 1525
f  1533 1439 1437
f  1521 1465 1467
f  1522 1521 1467
f  1533 1534 1439
f  1468 1522 1467
f  1523 1522 1468
f  1523 1468 1469
f  1523 1469 1526
f  1441 1439 1534
f  1534 1536 1441
f  1527 1526 1469
f  1528 1527 1469
f  1529 1528 1469
f  1530 1529 1469
f  1531 1530 1469
f  1531 1469 1473
f  1444 1441 1536
f  1532 1531 1473
f  1536 1537 1444
f  1361 1444 1537
f  1474 1532 1473
f  1532 1474 1535
f  1537 1541 1361
f  1541 1364 1361
f  1535 1474 1475
f  1535 1475 1538
f  1542 1364 1541
f  1542 1365 1364
f  1539 1538 1475
f  1539 1475 1476
f  1540 1539 1476
f  1540 1476 1477
f  1540 1477 1543
f  1542 1546 1365
f  1366 1365 1546
f  1544 1543 1477
f  1545 1544 1477
f  1545 1477 1547
f  1546 1548 1366
f  1547 1477 1478
f  1547 1478 1479
f  1547 1479 1551
f  1548 1368 1366
f  1479 1481 1551
f  1549 1368 1548
f  1370 1368 1549
f  1549 1550 1370
f  1552 1551 1481
f  1552 1481 1483
f  1554 1552 1483
f  1553 1370 1550
f  1553 1323 1370
f  1312 1554 1483
f  1555 1554 1312
f  1555 1312 1486
f  1555 1486 1560
f  1556 1323 1553
f  1557 1323 1556
f  1557 1558 1323
f  1486 1487 1560
f  1371 1323 1558
f  1558 1559 1371
f  1560 1487 1489
f  1562 1560 1489
f  1561 1371 1559
f  1490 1562 1489
f  1490 1491 1562
f  1377 1375 1561
f  1562 1491 1565
f  1561 1563 1377
f  1491 1492 1565
f  1379 1377 1563
f  1565 1492 1568
f  1563 1564 1379
f  1564 1384 1379
f  1568 1492 1494
f  1568 1494 1572
f  1384 1564 1653
f  1653 1566 1384
f  1384 1566 1386
f  1566 1567 1386
f  1495 1572 1494
f  1573 1572 1495
f  1573 1495 1498
f  1567 1340 1386
f  1573 1498 1577
f  1388 1340 1567
f  1567 1569 1388
f  1388 1569 1390
f  1498 1500 1577
f  1391 1390 1569
f  1569 1570 1391
f  1579 1577 1500
f  1500 1503 1579
f  1571 1391 1570
f  1574 1391 1571
f  1580 1579 1503
f  1575 1391 1574
f  1504 1580 1503
f  1581 1580 1504
f  1581 1504 1506
f  1575 1392 1391
f  1508 1581 1506
f  1575 1576 1392
f  1582 1581 1508
f  1582 1508 1510
f  1576 1396 1392
f  1583 1582 1510
f  1583 1510 1511
f  1584 1583 1511
f  1584 1511 1452
f  1585 1584 1452
f  1585 1452 1454
f  1578 1396 1576
f  1456 1585 1454
f  1585 1456 1587
f  1586 1396 1578
f  1587 1456 1593
f  1399 1396 1586
f  1586 1589 1399
f  1399 1589 1400
f  1586 1588 1589
f  1588 1400 1589
f  1588 1590 1400
f  1594 1593 1456
f  1594 1456 1458
f  1590 1499 1400
f  1514 1594 1458
f  1458 1462 1514
f  1590 1591 1499
f  1591 1501 1499
f  1595 1518 1598
f  1591 1592 1501
f  1592 1596 1501
f  1501 1596 1502
f  1596 1597 1502
f  1521 1598 1518
f  1597 1410 1502
f  1597 1505 1410
f  1600 1505 1597
f  1599 1598 1521
f  1599 1521 1522
f  1599 1522 1601
f  1600 1507 1505
f  1601 1522 1523
f  1602 1601 1523
f  1602 1523 1526
f  1603 1507 1600
f  1509 1507 1603
f  1527 1602 1526
f  1602 1527 1528
f  1602 1528 1604
f  1603 1605 1509
f  1604 1528 1529
f  1604 1529 1608
f  1512 1509 1605
f  1529 1530 1608
f  1605 1606 1512
f  1607 1513 1512
f  1609 1608 1530
f  1609 1530 1531
f  1609 1531 1532
f  1609 1532 1535
f  1607 1611 1513
f  1611 1515 1513
f  1538 1609 1535
f  1611 1516 1515
f  1614 1517 1516
f  1539 1609 1538
f  1609 1539 1540
f  1609 1540 1543
f  1614 1519 1517
f  1614 1615 1519
f  1610 1609 1543
f  1610 1543 1544
f  1612 1610 1544
f  1544 1545 1612
f  1519 1615 1432
f  1613 1612 1545
f  1613 1545 1547
f  1616 1613 1547
f  1615 1617 1432
f  1617 1520 1432
f  1547 1551 1616
f  1617 1524 1520
f  1617 1618 1524
f  1524 1618 1525
f  1619 1616 1551
f  1618 1533 1525
f  1618 1620 1533
f  1552 1619 1551
f  1534 1533 1620
f  1622 1619 1552
f  1552 1554 1622
f  1620 1621 1534
f  1621 1623 1534
f  1534 1623 1536
f  1622 1554 1555
f  1625 1622 1555
f  1555 1560 1625
f  1623 1624 1536
f  1536 1624 1537
f  1624 1627 1537
f  1627 1628 1537
f  1537 1628 1541
f  1628 1630 1541
f  1626 1625 1560
f  1626 1560 1562
f  1630 1542 1541
f  1629 1626 1562
f  1562 1565 1629
f  1546 1542 1630
f  1630 1632 1546
f  1548 1546 1632
f  1565 1568 1629
f  1632 1633 1548
f  1633 1549 1548
f  1631 1629 1568
f  1633 1635 1549
f  1572 1631 1568
f  1549 1635 1550
f  1635 1637 1550
f  1637 1553 1550
f  1631 1572 1573
f  1637 1640 1553
f  1640 1642 1553
f  1553 1642 1556
f  1577 1634 1573
f  1642 1557 1556
f  1642 1643 1557
f  1636 1634 1577
f  1557 1643 1558
f  1558 1643 1559
f  1559 1643 1561
f  1636 1577 1579
f  1643 1644 1561
f  1638 1636 1579
f  1579 1580 1638
f  1561 1644 1563
f  1639 1638 1580
f  1639 1580 1581
f  1639 1581 1641
f  1644 1651 1563
f  1641 1581 1582
f  1649 1641 1582
f  1582 1583 1649
f  1651 1564 1563
f  1583 1584 1649
f  1651 1653 1564
f  1645 1649 1584
f  1584 1585 1645
f  1654 1566 1653
f  1646 1645 1585
f  1646 1585 1587
f  1654 1567 1566
f  1593 1646 1587
f  1654 1657 1567
f  1657 1659 1567
f  1659 1569 1567
f  1659 1661 1569
f  1569 1661 1570
f  1594 1646 1593
f  1646 1594 1514
f  1661 1662 1570
f  1647 1646 1514
f  1647 1514 1595
f  1648 1647 1595
f  1598 1648 1595
f  1645 1650 1649
f  1652 1650 1645
f  1570 1662 1571
f  1662 1574 1571
f  1646 1652 1645
f  1652 1646 1647
f  1655 1652 1647
f  1647 1648 1655
f  1662 1663 1574
f  1648 1598 1655
f  1663 1575 1574
f  1663 1665 1575
f  1656 1655 1598
f  1575 1665 1576
f  1599 1656 1598
f  1658 1656 1599
f  1599 1601 1658
f  1667 1576 1665
f  1578 1576 1667
f  1658 1601 1602
f  1658 1602 1604
f  1586 1578 1667
f  1608 1658 1604
f  1667 1669 1586
f  1669 1588 1586
f  1701 1670 1464
f  1660 1658 1608
f  1608 1609 1660
f  1445 1464 1670
f  1670 1672 1445
f  1660 1609 1610
f  1660 1610 1664
f  1672 1446 1445
f  1672 1470 1446
f  1672 1673 1470
f  1666 1664 1610
f  1610 1612 1666
f  1673 1471 1470
f  1673 1675 1471
f  1668 1666 1612
f  1612 1613 1668
f  1676 1471 1675
f  1671 1668 1613
f  1613 1616 1671
f  1676 1472 1471
f  1678 1472 1676
f  1678 1480 1472
f  1678 1679 1480
f  1619 1671 1616
f  1674 1671 1619
f  1679 1680 1480
f  1482 1480 1680
f  1484 1482 1680
f  1622 1674 1619
f  1680 1485 1484
f  1488 1485 1680
f  1677 1674 1622
f  1680 1682 1488
f  1682 1683 1488
f  1683 1493 1488
f  1625 1677 1622
f  1684 1493 1683
f  1684 1687 1493
f  1681 1677 1625
f  1625 1626 1681
f  1687 1496 1493
f  1626 1629 1681
f  1687 1497 1496
f  1687 1689 1497
f  1685 1681 1629
f  1701 1497 1689
f  1497 1701 1464
f  1680 1917 1690
f  1682 1680 1690
f  1631 1685 1629
f  1694 1682 1690
f  1683 1682 1694
f  1686 1685 1631
f  1686 1631 1573
f  1686 1573 1634
f  1688 1686 1634
f  1684 1683 1694
f  1634 1636 1688
f  1694 1696 1684
f  1687 1684 1696
f  1691 1688 1636
f  1636 1638 1691
f  1689 1687 1696
f  1696 1697 1689
f  1697 1700 1689
f  1639 1691 1638
f  1692 1691 1639
f  1693 1692 1639
f  1693 1639 1641
f  1695 1693 1641
f  1689 1700 1701
f  1700 1703 1701
f  1649 1695 1641
f  1650 1695 1649
f  1703 1670 1701
f  1704 1670 1703
f  1704 1672 1670
f  1673 1672 1704
f  1704 1706 1673
f  1698 21 1699
f  1706 1675 1673
f  1833 1699 12
f  1833 12 1830
f  1676 1675 1706
f  1706 1711 1676
f  1711 1678 1676
f  1711 1713 1678
f  1833 1834 1702
f  1679 1678 1713
f  1713 1717 1679
f  1702 1834 1835
f  1702 1835 1705
f  1679 1717 1680
f  1717 1917 1680
f  1707 1705 1835
f  1707 1835 1837
f  1708 1707 1837
f  1718 1630 1628
f  1839 1708 1837
f  1709 1708 1839
f  1718 1720 1630
f  1841 1709 1839
f  1710 1709 1841
f  1841 1842 1710
f  1724 1630 1720
f  1712 1710 1842
f  1712 1842 1843
f  1724 1632 1630
f  1724 1725 1632
f  1843 1846 1712
f  1725 1726 1632
f  1714 1712 1846
f  1714 1846 1847
f  1715 1714 1847
f  1633 1632 1726
f  1849 1715 1847
f  1715 1849 1716
f  1635 1633 1726
f  1849 1850 1716
f  1726 1728 1635
f  1719 1716 1850
f  1850 1851 1719
f  1728 1637 1635
f  1728 1640 1637
f  1728 1729 1640
f  1721 1719 1851
f  1731 1640 1729
f  1722 1721 1851
f  1722 1851 1855
f  1732 1640 1731
f  1723 1722 1855
f  1855 1933 1723
f  1733 1640 1732
f  1933 1858 1723
f  1733 1735 1640
f  1642 1640 1735
f  1735 1739 1642
f  1858 1859 1727
f  1739 1643 1642
f  1644 1643 1739
f  1739 1740 1644
f  1740 1651 1644
f  1740 1741 1651
f  1727 1859 1863
f  1730 1727 1863
f  1741 1744 1651
f  1863 1865 1730
f  1651 1744 1653
f  1744 1748 1653
f  1867 1730 1865
f  1654 1653 1748
f  1654 1748 1657
f  1659 1657 1750
f  1750 1751 1659
f  1734 1867 1868
f  1661 1659 1751
f  1753 1661 1751
f  1736 1734 1868
f  1736 1868 1871
f  1737 1736 1871
f  1738 1737 1871
f  1753 1662 1661
f  1753 1757 1662
f  1757 1663 1662
f  1757 1760 1663
f  1760 1665 1663
f  1760 1761 1665
f  1761 1667 1665
f  1742 1779 1743
f  1761 1763 1667
f  1763 1764 1667
f  1764 1766 1667
f  1782 1743 1779
f  1766 1669 1667
f  1745 1743 1782
f  1745 1782 1948
f  1767 1669 1766
f  1746 1745 1948
f  1746 1948 1786
f  1747 1746 1786
f  1767 1770 1669
f  1669 1770 1588
f  1788 1747 1786
f  1747 1788 1749
f  1772 1588 1770
f  1590 1588 1772
f  1749 1788 1789
f  1752 1749 1789
f  1773 1590 1772
f  1591 1590 1773
f  1773 1774 1591
f  1908 1752 1789
f  1754 1752 1908
f  1754 1908 1793
f  1591 1774 1592
f  1795 1754 1793
f  1755 1754 1795
f  1774 1775 1592
f  1797 1755 1795
f  1756 1755 1797
f  1797 1798 1756
f  1592 1775 1596
f  1775 1597 1596
f  1775 1776 1597
f  1758 1756 1798
f  1758 1798 1801
f  1776 1778 1597
f  1597 1778 1600
f  1778 1780 1600
f  1759 1758 1801
f  1759 1801 1918
f  1603 1600 1780
f  1759 1918 1920
f  1780 1781 1603
f  1781 1605 1603
f  1762 1759 1920
f  1762 1920 1808
f  1813 1762 1808
f  1813 1808 1809
f  1783 1605 1781
f  1809 1812 1813
f  1783 1606 1605
f  1607 1512 1606
f  1606 1784 1607
f  1611 1607 1784
f  1785 1611 1784
f  1611 1785 1516
f  1816 1765 1813
f  1765 1816 1886
f  1785 1787 1516
f  1787 1614 1516
f  1615 1614 1787
f  1887 1768 1886
f  1768 1887 1820
f  1769 1768 1820
f  1769 1820 1821
f  1617 1615 1787
f  1787 1790 1617
f  1823 1769 1821
f  1769 1823 1771
f  1618 1617 1790
f  1823 1824 1771
f  1618 1790 1791
f  1791 1792 1618
f  1792 1620 1618
f  1771 1824 1826
f  1792 1794 1620
f  1794 1621 1620
f  1794 1796 1621
f  1621 1796 1623
f  1828 36 1826
f  1796 1799 1623
f  36 21 1777
f  1624 1623 1799
f  1777 21 1698
f  1779 1742 1945
f  1945 1946 1779
f  1799 1800 1624
f  1627 1624 1800
f  1779 1946 1782
f  1800 1802 1627
f  1782 1946 1947
f  1782 1947 1948
f  1802 1628 1627
f  1802 1718 1628
f  1957 1803 1767
f  1948 1949 1950
f  1786 1948 1950
f  1770 1767 1803
f  1804 1770 1803
f  1902 1786 1950
f  1788 1786 1902
f  1788 1902 1903
f  1789 1788 1903
f  1789 1903 2018
f  2018 1905 1789
f  1770 1804 1772
f  1804 1773 1772
f  1804 1805 1773
f  1789 1905 2016
f  1789 2016 1908
f  1805 1806 1773
f  1773 1806 1774
f  1908 2013 1793
f  1806 1807 1774
f  1795 1793 2013
f  2013 1910 1795
f  1807 1775 1774
f  1807 1811 1775
f  1776 1775 1811
f  1797 1795 1910
f  1797 1910 1913
f  1798 1797 1913
f  1811 1814 1776
f  1913 1915 1798
f  1814 1778 1776
f  1814 1815 1778
f  1778 1815 1780
f  1815 1781 1780
f  1798 1915 1801
f  1815 1817 1781
f  1783 1781 1817
f  1915 1918 1801
f  1817 1818 1783
f  1818 1606 1783
f  1818 1819 1606
f  1784 1606 1819
f  1819 1822 1784
f  1784 1822 1785
f  1825 1787 1785
f  1825 1827 1787
f  1922 1808 1920
f  1809 1808 1922
f  1790 1787 1827
f  1924 1809 1922
f  1924 1810 1809
f  1827 1829 1790
f  1812 1809 1810
f  1812 1810 1881
f  1812 1881 1882
f  1812 1882 1883
f  1812 1883 1813
f  1829 1791 1790
f  1831 1792 1791
f  1792 1831 1794
f  1816 1813 1883
f  1816 1883 1885
f  1816 1885 1886
f  1831 1796 1794
f  1796 1831 1832
f  1799 1796 1832
f  1799 1832 1836
f  1836 1800 1799
f  1820 1887 1921
f  1821 1820 1921
f  1921 1889 1821
f  1836 1838 1800
f  1838 1840 1800
f  1840 1802 1800
f  1892 1821 1889
f  1823 1821 1892
f  1823 1892 1919
f  1823 1919 1894
f  1823 1894 1824
f  1844 1802 1840
f  1826 1824 1894
f  1844 1718 1802
f  1844 1845 1718
f  1897 1826 1894
f  1720 1718 1845
f  1845 1848 1720
f  1852 1720 1848
f  1828 1826 1897
f  1852 1724 1720
f  1828 1897 7
f  12 7 1830
f  1725 1724 1852
f  1852 1853 1725
f  1830 7 1874
f  1874 1833 1830
f  1874 1834 1833
f  1834 1874 1875
f  1834 1875 1835
f  1726 1725 1853
f  1853 1854 1726
f  1877 1835 1875
f  1835 1877 1837
f  1854 1856 1726
f  1856 1857 1726
f  1837 1877 1879
f  1837 1879 1839
f  1857 1728 1726
f  1841 1839 1879
f  1842 1841 1879
f  1842 1879 1880
f  1842 1880 1843
f  1857 1860 1728
f  1843 1880 1881
f  1881 1810 1843
f  1728 1860 1729
f  1843 1810 1924
f  1843 1924 1925
f  1846 1843 1925
f  1846 1925 1926
f  1729 1860 1731
f  1846 1926 1847
f  1731 1860 1732
f  1849 1847 1926
f  1849 1926 1928
f  1850 1849 1928
f  1850 1928 1995
f  1850 1995 1930
f  1851 1850 1930
f  1930 1931 1851
f  1860 1733 1732
f  1733 1860 1861
f  1733 1861 1735
f  1855 1851 1931
f  1931 1932 1855
f  1861 1862 1735
f  1855 1932 1933
f  1862 1864 1735
f  1735 1864 1739
f  1859 1858 1933
f  1933 1934 1859
f  2020 1739 1864
f  1739 2020 1740
f  1740 1866 1741
f  1863 1859 1934
f  1748 1744 1741
f  1741 1869 1748
f  1869 1870 1748
f  1865 1863 1934
f  1934 1937 1865
f  1657 1748 1870
f  1865 1937 1938
f  1867 1865 1938
f  1938 1868 1867
f  1938 1939 1868
f  1870 1750 1657
f  1870 1872 1750
f  1750 1872 1751
f  1941 1868 1939
f  1868 1941 1871
f  1872 1873 1751
f  1873 1753 1751
f  1876 1753 1873
f  1941 1945 1871
f  1876 1757 1753
f  1945 1742 1871
f  7 1897 1916
f  1876 1878 1757
f  1874 7 1916
f  1874 1916 1914
f  1874 1914 1912
f  1875 1874 1912
f  1884 1757 1878
f  1944 1875 1912
f  1760 1757 1884
f  1875 1944 1877
f  1884 1888 1760
f  1877 1944 1943
f  1879 1877 1943
f  1879 1943 1940
f  1880 1879 1940
f  1888 1761 1760
f  1881 1880 1940
f  1882 1881 1940
f  1882 1940 1936
f  1883 1882 1936
f  1883 1936 1935
f  1935 1929 1883
f  1888 1890 1761
f  1890 1763 1761
f  1891 1763 1890
f  1883 1929 1927
f  1885 1883 1927
f  1885 1927 1923
f  1891 1764 1763
f  1886 1885 1923
f  1923 1887 1886
f  1923 1921 1887
f  1891 1893 1764
f  1893 1766 1764
f  1889 1921 1896
f  1893 1895 1766
f  1767 1766 1895
f  1919 1889 1896
f  1895 1957 1767
f  1892 1889 1919
f  1694 1690 1896
f  1896 1898 1694
f  1898 1899 1694
f  1694 1899 1696
f  1899 1900 1696
f  1901 1696 1900
f  1901 1697 1696
f  1901 1904 1697
f  1904 1700 1697
f  1703 1700 1904
f  1917 1897 1894
f  1917 1916 1897
f  1904 1704 1703
f  1904 1906 1704
f  2009 2012 1950
f  1906 1706 1704
f  1906 1907 1706
f  1950 2012 2014
f  1902 1950 2014
f  1903 1902 2014
f  1903 2014 2015
f  1907 1711 1706
f  1907 1909 1711
f  1909 1713 1711
f  2019 1903 2015
f  1903 2019 2020
f  1909 1911 1713
f  1713 1911 1912
f  1717 1713 1912
f  2018 1903 2020
f  1912 1914 1717
f  1914 1916 1717
f  2018 2017 1905
f  1917 1717 1916
f  1894 1690 1917
f  2016 1905 2017
f  1894 1919 1690
f  1919 1896 1690
f  1908 2016 1861
f  1921 1898 1896
f  2013 1908 1861
f  1921 1923 1898
f  1923 1899 1898
f  2013 2011 1910
f  1900 1899 1923
f  2011 2010 1910
f  1923 1927 1900
f  1927 1929 1900
f  1913 1910 2010
f  1929 1901 1900
f  1935 1901 1929
f  1935 1904 1901
f  1915 1913 2010
f  2010 2008 1915
f  1935 1936 1904
f  1936 1906 1904
f  1936 1940 1906
f  1918 1915 2008
f  2008 2006 1918
f  1940 1907 1906
f  1943 1907 1940
f  2006 1920 1918
f  1943 1909 1907
f  1920 2006 2002
f  1920 2002 1922
f  1943 1911 1909
f  1922 2002 2001
f  1924 1922 2001
f  1925 1924 2001
f  1925 2001 1926
f  1943 1944 1911
f  1944 1912 1911
f  1953 1891 1951
f  1999 1926 2001
f  1928 1926 1999
f  1928 1999 1998
f  1928 1998 1995
f  1953 1893 1891
f  1954 1893 1953
f  1930 1995 1993
f  1954 1895 1893
f  1954 1956 1895
f  1990 1930 1993
f  1931 1930 1990
f  1931 1990 1836
f  1931 1836 1832
f  1956 1957 1895
f  1932 1931 1832
f  1956 1959 1957
f  1988 1932 1832
f  1957 1959 1803
f  1933 1932 1988
f  1933 1988 1985
f  1933 1985 1934
f  1961 1803 1959
f  1963 1803 1961
f  1963 1804 1803
f  1985 1982 1934
f  1963 1964 1804
f  1937 1934 1982
f  1937 1982 1981
f  1938 1937 1981
f  1939 1938 1981
f  1981 1980 1939
f  1964 1805 1804
f  1939 1980 1942
f  1941 1939 1942
f  1965 1805 1964
f  1805 1965 1806
f  1965 1968 1806
f  1945 1941 1942
f  1945 1942 2003
f  1946 1945 2003
f  1946 2003 2004
f  1947 1946 2004
f  1947 2004 2005
f  1948 1947 2005
f  1807 1806 1968
f  2005 1949 1948
f  1949 2005 2007
f  1968 1969 1807
f  1950 1949 2007
f  1950 2007 2009
f  1807 1969 1811
f  1969 1970 1811
f  1970 1814 1811
f  1970 1815 1814
f  1970 1972 1815
f  1955 1952 1979
f  1979 1983 1955
f  1817 1815 1972
f  1983 1984 1955
f  1972 1974 1817
f  1974 1975 1817
f  1986 1955 1984
f  1955 1986 1987
f  1955 1987 1989
f  1975 1818 1817
f  1958 1955 1989
f  1975 1977 1818
f  1977 1819 1818
f  1989 1991 1958
f  1977 1942 1819
f  1942 1980 1819
f  1819 1980 1822
f  1994 1991 1992
f  1980 1981 1822
f  1960 1991 1994
f  1960 1994 1967
f  1981 1785 1822
f  1981 1825 1785
f  1981 1982 1825
f  1971 1960 1967
f  1825 1982 1827
f  1973 1960 1971
f  1982 1985 1827
f  1962 1960 1973
f  1829 1827 1985
f  1985 1988 1829
f  1988 1791 1829
f  1976 1962 1973
f  1966 1962 1976
f  1988 1831 1791
f  1988 1832 1831
f  1976 1978 1966
f  1990 1838 1836
f  1990 1993 1838
f  1952 1966 1978
f  1978 1979 1952
f  1840 1838 1993
f  1995 1840 1993
f  1995 1844 1840
f  1995 1998 1844
f  1972 1994 1974
f  1994 1972 1967
f  1998 1845 1844
f  1998 1999 1845
f  1999 1848 1845
f  1972 1970 1967
f  1999 2001 1848
f  1967 1970 1969
f  1967 1969 1971
f  1852 1848 2001
f  1971 1969 1968
f  2001 2002 1852
f  1973 1971 1968
f  1973 1968 1965
f  1965 1964 1973
f  2002 1853 1852
f  2002 2006 1853
f  2008 1853 2006
f  1854 1853 2008
f  1963 1973 1964
f  1973 1963 1976
f  2008 2010 1854
f  1976 1963 1961
f  1978 1976 1961
f  1854 2010 1856
f  1959 1978 1961
f  1978 1959 1979
f  1857 1856 2010
f  2010 2011 1857
f  2011 1860 1857
f  1860 2011 2013
f  1983 1979 1959
f  1983 1959 1956
f  1983 1956 1984
f  2013 1861 1860
f  1986 1984 1956
f  1986 1956 1954
f  1987 1986 1954
f  1987 1954 1953
f  1989 1987 1953
f  2016 1862 1861
f  1951 1989 1953
f  2016 2017 1862
f  1951 1996 1989
f  1862 2017 1864
f  1991 1989 1996
f  1991 1996 1992
f  2017 2018 1864
f  1992 1996 1997
f  1992 1997 1994
f  2018 2020 1864
f  1866 1740 2020
f  2020 2019 1866
f  2000 1994 1997
f  2019 2015 1866
f  1975 1994 2000
f  1994 1975 1974
f  1951 1891 1890
f  1996 1951 1890
f  2015 1741 1866
f  1888 1996 1890
f  1997 1996 1888
f  1888 1884 1997
f  2014 1741 2015
f  2014 2012 1741
f  1997 1884 2000
f  2009 1741 2012
f  2007 1741 2009
f  2005 1741 2007
f  1878 2000 1884
f  1975 2000 1878
f  1869 1741 2005
f  1977 1975 1878
f  1977 1878 1876
f  1977 1876 1873
f  1942 1977 1873
f  2005 2004 1869
f  1869 2004 1870
f  2003 1942 1873
f  2004 2003 1870
f  1872 2003 1873
f  1870 2003 1872

# End of Wavefront obj format #
