# file written from a CGAL tool in Wavefront obj format
# 3331 vertices
# 19998 halfedges
# 6666 facets


# 3331 vertices
# ------------------------------------------

v 2437.9164346926191 7586.4082233883673 7640.2132872485172
vn -0.48783145867757138 -0.21857425066241135 -0.84513062000609018
v 1977.9725573197502 7692.6528923638534 7766.17528865648
vn -0.8340559253547104 0.5514497949488143 0.015932263856974462
v 2509.1779904262949 7622.7683838382072 7682.6013134025925
vn 0.488978999682047 0.86826056627488535 0.083804098479489886
v 2576.9541282581695 7456.9132515899219 7612.55566454991
vn -0.51486179461933845 -0.80028554227291326 -0.3073440796083492
v 2870.8643617282214 7270.9691097224277 7556.8458220819593
vn -0.16802948865757347 -0.84371105834282734 -0.50982128336457344
v 2945.2041422507623 7214.9180809100963 7695.9060880254601
vn 0.061247230742469017 -0.89028799730252084 -0.45126052185566329
v 1944.9480626399454 7773.0079313944771 7654.4958025881415
vn -0.44233600753958868 0.28229857836626249 0.85126163374506914
v 1984.8770283005651 7676.9013469999081 7904.9208545754482
vn -0.88807602400161911 -0.4162026773421057 0.19518275273891028
v 2961.8151976505542 7278.8203898969859 7553.794512411203
vn 0.96445247223687769 -0.22203640974967126 -0.14328733908357283
v 2055.044305655314 7715.0413131384485 7737.9915758723128
vn 0.4711367193332035 0.36499954615953273 0.80299783499040733
v 2295.7954130056564 7582.4148258667283 7863.0711026999898
vn -0.72340046637907907 -0.63311585997502939 -0.27541981245111941
v 2125.9306580452758 7738.3896691760556 7835.4129848552284
vn 0.72317976891186564 0.49493181846633105 -0.48171933416273777
v 2965.83968953148 7305.8071801932829 7627.082141685476
vn 0.81667249902849659 0.51237151864154529 -0.26555876226460079
v 2820.8240223548605 7248.3821434235142 7696.1479314046674
vn -0.93859833763885891 0.043404629986855937 0.3422706512064313
v 2286.8035371221122 7589.0871384590255 7939.7798437439387
vn -0.27521843319083683 -0.93731824794550078 -0.21375059321638767
v 2019.0655936171333 7672.8311503379646 7849.1823225636663
vn -0.044004427467457516 -0.93492394088197595 -0.35210912389339871
v 2922.8772326471312 7293.937663742613 7521.9844525441022
vn -0.021870691261430777 -0.003893376211299556 -0.99975322679420464
v 2370.2553583114932 7551.7589933962736 8016.0062147255039
vn 0.96819192462576231 0.22998027359516479 -0.098556942153028571
v 1592.6658446481379 7586.2661496467626 7529.7441087324059
vn -0.63123617638754548 -0.51501078450392113 0.57991790924603048
v 2651.7240747704163 7548.455735612908 7600.9887007542411
vn 0.51791400966759238 0.84537093747069547 0.13081688220545012
v 1646.8458329266032 7601.2797153838947 7500.2963702713396
vn 0.28855738184426294 -0.95539382175238774 0.062906937141709918
v 2321.0504358337739 7582.5700427451502 7904.6153719552885
vn -0.3569256585599403 -0.82031891256223155 0.44685675104475131
v 2828.3864353140498 7320.8469183176503 7682.7219064505171
vn -0.70805798864432057 0.62757271679565108 0.32373811924252083
v 2639.9524459944469 7548.0694443104358 7570.192395246555
vn 0.15889288067805993 0.74882790827668655 -0.64343594572870277
v 1737.9874394557264 7738.5587862353423 7487.204889814966
vn 0.85766672837132807 -0.26118995276329554 -0.44293068489361814
v 2493.1597942985827 7633.2444669782908 7709.8153123422453
vn 0.42299188754541384 0.7066849323242248 0.56716335345002133
v 2121.0192443401584 7695.9913345970799 7849.0098917236264
vn 0.63877833437155174 -0.72373466440298573 0.26109457114042717
v 1735.1110515356913 7723.008156498222 7668.1888899502683
vn 0.96671386459450737 -0.23194779767728113 -0.10800242197937614
v 2221.1820063409587 7660.8652176241685 7821.7382482577295
vn -0.92600369873710053 -0.37672436537004639 0.024411113488428265
v 2447.1851488525117 7643.0498261395478 7751.7490871857663
vn 0.92430253925397365 0.25012812504369497 0.28827198440150581
v 2793.5617589895846 7268.8743197998574 7598.8589083381885
vn -0.62772552034844031 -0.77793694138186864 -0.027834984043519344
v 2244.983588554358 7606.8246432361193 7793.4812510482298
vn -0.69912859562248264 -0.69970437311825584 -0.14708159987613623
v 2315.2551275866326 7763.1132197704883 7654.3657726632782
vn 0.34966744157878638 0.83075753582914647 -0.43309883047963826
v 2408.8750964826522 7590.9858200358849 7682.193330383152
vn -0.4948801172695782 -0.8504305509117156 -0.17849803250244606
v 2382.7195356594102 7586.6039645485189 7807.3359556424084
vn 0.73392894041154333 -0.64354358074593421 -0.21725554102735958
v 2261.494491861642 7484.9295959328047 8086.5438512216597
vn -0.51118746235252166 -0.85936516333298141 -0.013375140495241229
v 1868.9547236751205 7734.9474604686584 7849.2741677268459
vn -0.22604207662378653 -0.71050709453414274 0.66639676485728605
v 2396.7176231500389 7596.1519119490222 7918.3075809896363
vn 0.63517319257860783 -0.77027101586203339 0.056899714870726467
v 2608.8524452164129 7503.0231481574538 7556.8760665004174
vn -0.56126604022025095 0.086563500708774666 -0.82309610158262903
v 2811.4579639745352 7291.2821076913515 7570.7109532820832
vn -0.31612360432527231 -0.83065625099195939 -0.45834054967500026
v 2261.0111094528252 7629.0905402037788 8057.9660009206718
vn 0.12177407588063845 0.64740781721854124 0.75235243911862237
v 1908.0538205289959 7734.2930759534102 7877.0682273633192
vn -0.5853679482986861 -0.72056838481226271 0.37165248272227858
v 2076.2283273529756 7773.114093681339 7834.8117571468101
vn 0.55625123251309316 0.75300005359453326 -0.35153305052909994
v 2095.5691619674603 7937.074347147036 7668.2746265222504
vn 0.65303579615601404 -0.50088709886685168 -0.56802848795428373
v 1929.057671949995 7712.7603409108642 7612.4178176534251
vn 0.15447394984461787 -0.98357461935859947 -0.093374337871754323
v 1700.6895773712968 7775.8853951527599 7500.9199312731971
vn 0.32366605642437574 0.93796099067374039 -0.12437629956317348
v 2218.7718367888065 7671.0157915040954 7737.8756122676014
vn -0.72947951464955174 -0.68163477551894314 0.056865371799489632
v 2923.4973559282389 7254.6248980473165 7730.9995121594957
vn 0.008181965185777882 0.00036732714238807467 0.9999664596957587
v 2567.2489576923053 7569.5866049296965 7696.1342724247133
vn 0.56095358249922789 0.25437143068727175 0.78779835842136192
v 1704.0488298721884 7712.2947587801154 7696.3327312130396
vn -0.97259348191838035 -0.23023369896586388 0.032470953025388292
v 2412.8163910275034 7689.2238909703829 8085.805335144385
vn 0.03988811283702004 0.89577882537415676 0.44270671382484933
v 2234.6879154918352 7651.331210334215 7751.2368768741144
vn -0.84865844913107447 -0.51239965096874218 0.13124570242697764
v 1781.2260086092501 7775.3560215163343 7612.8168124565291
vn -0.30492758086175314 0.77198705720330862 0.55772318755846484
v 2074.585369721005 7919.4152761980586 7734.342582150095
vn 0.87141830394939612 0.15624723290578091 0.46499133513566088
v 2282.9571471281488 7488.9310347087503 8057.8357854185842
vn -0.34626415006780964 -0.74770491586296428 -0.56660259192151152
v 2121.7893650614269 7735.9402844551614 7938.2570285442671
vn 0.3796201035976729 0.74051181403702315 0.5545546232934041
v 1920.3917244957356 7772.8387664757638 7598.4183739407426
vn 0.27887144582986845 0.80957286133744144 -0.51654864135593892
v 2146.9620265916083 7718.5990004754158 7934.4178571294924
vn 0.68878761539172129 0.72493555538938859 0.0063294087610680713
v 2831.1822454333669 7362.9731341186925 7557.0188917882806
vn 0.48272202581927109 0.47195415250569406 -0.73772537147746997
v 2563.1116476816469 7503.2859364594715 7584.6645779331593
vn -0.63697967297366209 -0.26405520998762178 -0.7242456367122686
v 2226.6031425355231 7663.4338084100409 7765.3028277191061
vn -0.95630874539218991 -0.29218379968735414 0.010109930102408805
v 2409.1526893207465 7583.0338076053595 8127.5917698417234
vn -0.65857671858002176 -0.33457549195720504 0.67404446880451807
v 2128.6331193572387 8045.8490683465616 7626.525697813222
vn 0.59556318633003946 -0.22628040689559414 -0.77077990927603668
v 1988.3994126654127 7802.3909825767605 7666.3938248581608
vn -0.52282515891231496 0.70322730218204477 0.48179374702674987
v 2058.7273060752268 7955.8233115196199 7737.1986291401863
vn 0.66751136545602352 0.33281515651930177 0.66608006168783318
v 2087.622794897452 7860.987748162559 7734.3322265736078
vn 0.94661967963030802 0.18745311320011601 0.26224513815931372
v 2011.758515442008 7851.4127213303727 7695.9498391295774
vn -0.95819395737091095 0.28447596839662787 0.030622923810011433
v 2273.9419211094637 7668.3551829635444 7998.0423415860969
vn 0.39399598546245723 0.90954655153924069 -0.1322582096602809
v 2132.1577402270741 7815.8939079187312 7710.6132238004375
vn 0.59162483048299119 0.68524606034940116 0.42475627921385323
v 1633.966245588148 7761.280464944095 7487.2092538086508
vn -0.077497527305263603 0.92072466634866901 -0.38243982799742771
v 2823.6287053506439 7414.1042191934403 7599.9664547811326
vn 0.4746889044829754 0.87922567547136155 -0.040406132612273042
v 2663.1529336901322 7543.1095822191883 7598.694526369778
vn 0.53103496918630444 0.82272245511351993 0.20280439677995826
v 2722.0025038689523 7374.2859800598098 7556.8193110834936
vn -0.39841353674115221 -0.29663683169901417 -0.86791315453850415
v 2370.6234644554274 7648.9984156086884 8085.7391082629838
vn -0.97904653654632146 -0.17531132377840591 0.10360414582300889
v 2292.9954999897163 7723.1069132661669 7807.402296336616
vn 0.14942425915931551 0.98338092623897966 -0.10312295905401542
v 2109.6511163893138 8083.8507488516116 7682.7595718117154
vn 0.57343752340329013 0.2339249062947498 0.78514237241922791
v 2735.6381638235471 7466.5065760710058 7626.6259765415707
vn 0.61881969524537295 0.4838277095005179 0.61884806883103871
v 1985.2940565096505 7606.5834059121407 7738.021785363213
vn -0.46507581041614809 -0.74958584761672242 -0.47098359591230243
v 2508.7280930616253 7605.3775041201588 7724.110757990662
vn 0.59634100547608382 0.41639087591025248 0.68629151506227004
v 2169.1840039587114 7643.1298289781625 8044.0829282378236
vn -0.17511689709636341 0.58854686581325455 0.78926969984456941
v 2031.7821815969619 7828.955692762941 7653.4175182510917
vn -0.55321531405854785 0.7955512171281115 -0.24708516187153517
v 1704.9575070833162 7755.2187070170912 7598.4299133274344
vn -0.50952470013641793 0.84246128972413636 0.17505300702141072
v 2158.0169323882074 7817.8148841196225 7681.9204122983747
vn 0.38664047907664617 0.90872183954498231 0.15726969915837319
v 2224.1720291551178 7673.9553360097834 7775.873142006687
vn -0.95003779110798203 -0.30904494305462993 -0.043811170254020558
v 2008.8850593513962 7880.963078695976 7682.0844304287184
vn -0.77873203790548318 -0.4382641052622584 -0.44888861333101887
v 2011.6536510205001 7784.2159547215842 7904.7088509395926
vn -0.4315810600214412 0.83722465188312056 0.33584620127367348
v 2142.6300911155704 7975.4259230590469 7668.3670941972487
vn 0.31649431299523273 -0.66864789573229244 0.67286056607179245
v 2065.1653825066292 7692.8052006589569 7946.7563669405044
vn -0.436235918978295 -0.39162556943110305 0.8101405040861287
v 1717.3824006566101 7707.7845893843623 7529.6335960870756
vn 0.49077895096538271 -0.86988029190136396 0.049439852860990494
v 1534.067431550764 7670.6116367229697 7501.2590812380704
vn -0.31992761605545567 -0.40528669493729003 -0.85638134927839293
v 2350.0074367905027 7533.252612692314 7807.8639278062992
vn 0.23075658595172255 -0.9394241342421249 -0.25344367035564219
v 2723.3081220940148 7384.4774720614041 7598.7089439742358
vn -0.5103000870157357 -0.85218274041394426 0.11566502553629915
v 1729.030464286494 7710.8938073012368 7654.3909690433111
vn 0.39418412255455426 -0.91840394700194683 -0.033956849929599325
v 3021.2184520749165 7233.5437659119907 7682.014282136387
vn 0.52706405161901504 -0.84816296358265553 0.053132595434773382
v 2184.6759253537748 7747.7345162924321 7748.9012514729911
vn 0.51515039420797815 0.56517711625105571 -0.64435618924124982
v 2044.2726373993482 7664.6915633008339 7876.2698189416205
vn 0.44616461998894813 -0.89158681374497328 -0.077524740736129125
v 2547.1661801563096 7603.0341006638337 7696.1380345874259
vn 0.80125363024656959 0.48647652993155516 0.34832916306626716
v 2526.4925272433993 7613.5218050245303 7682.7078445590305
vn 0.57592452551820039 0.79259561190880623 -0.2002576762312516
v 2895.3017800116104 7329.191720357846 7570.7480332870482
vn 0.086671741051859194 0.86212133724281192 -0.49923422275892226
v 2364.3547840807441 7568.1550896447843 7807.4668337118646
vn 0.80351030056061146 -0.56622047603455306 -0.18375410039560994
v 2381.088781613947 7574.202488638075 7860.7862652195408
vn 0.92592456519084465 -0.36812972537281802 -0.084523398376299949
v 1976.886514225022 7920.9630811818952 7710.0091023486175
vn -0.95682904354294807 -0.23055862300876076 0.17697712504442836
v 1753.1512795285471 7762.2950109316898 7599.1622318877298
vn 0.12053341255275786 0.046613555779839659 0.99161427625662302
v 2977.0723166859098 7234.9489888948883 7723.9783844428348
vn 0.47130918503440422 -0.5358191766178082 0.70054654525650184
v 1489.140163504082 7679.662230376096 7542.9706177713342
vn -0.8726366267471749 -0.46768526962837659 0.14062647770581646
v 2876.9766388504377 7270.9410046459388 7556.8229587059732
vn -0.27461178663223801 -0.84458363933782132 -0.45963772996299063
v 2583.1565349285747 7623.0499538255172 8113.6046195339295
vn 0.85614439103477225 0.51571376674107827 0.032497576731623075
v 2194.9559447264601 7730.8777132898867 7626.3826452135527
vn 0.015500986510434443 -0.50374102761612372 -0.86371563405640339
v 2095.3207443102365 7759.2825695305919 7835.0687384366593
vn 0.4170592710052734 0.86036003549255591 -0.29298835095579817
v 2009.4144352761323 7959.0098366360562 7639.6402825024752
vn -0.68429826712238906 -0.10803235692557397 -0.72115524782837215
v 2246.3754318493757 7599.3512552416278 7960.0697043368236
vn -0.35485465118887916 -0.68688715909944864 -0.63424301903442959
v 1791.1249078307937 7748.4426995804042 7528.0604609699858
vn 0.1933950313751801 -0.39675608866826578 -0.89731988050196032
v 1741.0358125854384 7706.4026840910174 7737.4628763206629
vn -0.50719836759364245 -0.83367127062096302 0.21849949302360711
v 2239.7800295704428 7635.3872649985269 7825.0064961238886
vn -0.77166099289372503 -0.59931367109196398 0.21298459026075955
v 2339.7607533792079 7679.9060273145333 8057.8373026531635
vn -0.91012094120891496 0.26343033987889614 0.31981921206251518
v 2103.6570050599694 7675.6468068195427 7835.1351704163881
vn 0.35252900347421129 -0.93215375194573524 -0.082538987411818573
v 2034.8192502183228 7968.9875738717092 7738.0001631054083
vn -0.24067846800800755 0.1258699438890985 0.96240876568258338
v 2252.1166958934973 7651.4122286722122 7723.9304076390008
vn -0.91083925064650628 -0.37916944177522482 -0.16310240312630334
v 2993.3025159073295 7260.9780416752237 7710.1113520977087
vn 0.8626208775709141 0.011887658212595385 0.50571128636901752
v 1754.6851237239812 7718.3932890728356 7723.5682497995167
vn 0.54091518181189024 0.050808855806042462 -0.83954108074417089
v 2375.0382960912502 7582.8436136859136 7932.7765167481357
vn 0.25375571384147766 -0.89138214853176123 0.37556078465636328
v 2077.0451146721271 7950.9875117269548 7640.2939761243179
vn 0.34044862171424878 -0.50594676393189764 -0.79253555632520933
v 2241.5306837436146 7660.9747217867434 7902.5382777699115
vn 0.16979129296604117 0.91359857185825533 -0.36947065692890457
v 2401.2828496164648 7657.284598960493 7830.8442216054509
vn 0.60755854778023255 0.78713817320405854 0.10623609228577827
v 2092.9028984751135 7719.9965864635114 7734.0416743765081
vn -0.11775787380513385 -0.8754557412196351 0.46873268322410971
v 2087.9674860667228 7667.000074016777 7904.8616591955642
vn 0.2289842202148622 -0.8931251781917936 -0.38716100394082598
v 1831.6024388606511 7788.4377358613065 7585.5969333946859
vn 0.065843866053210062 0.99512552529176834 0.073415081665478055
v 2322.1367158748981 7647.7790973663996 7975.0042230644722
vn 0.19769273083904182 0.85772474655888409 0.47457964907262951
v 1642.983958233677 7706.4644888547682 7480.2917042489389
vn 0.043409728698901619 -0.042373654858297798 -0.99815833855568104
v 2399.0695157373052 7594.8312034487953 7890.9093365017607
vn 0.87709359852449253 -0.47810341061518474 0.046086312344171536
v 2015.0875119481468 7611.0603672654652 7905.0251306103182
vn 0.053474704100836226 -0.16224785450812218 0.98529999986239691
v 2239.8053544254562 7558.6695414769192 8028.5176852655659
vn -0.46407406510757171 -0.81563916585558915 -0.34549676296158266
v 2700.3109743874538 7517.9131690707054 7598.6197069085274
vn 0.52983881401956756 0.81887962387315572 0.22069660795693494
v 2609.4387630365418 7551.1632507550967 7682.1302641035454
vn 0.6218451644443248 0.44284902438552387 0.64590504956843353
v 2545.0307751487489 7520.6601182384984 7696.165409215464
vn 0.12765411880293737 -0.37499725791517569 0.91819468660450476
v 2381.0564246888352 7598.1437403395739 7711.493150519701
vn -0.1176285205553977 -0.94133997445742335 -0.31629508949783924
v 2444.9728606057579 7556.8998306458243 8085.7648251537985
vn -0.2510304281513841 -0.92853322175249819 -0.27351376609607558
v 2000.6265838244681 7692.0340512300936 7709.4880093348238
vn -0.89156317129165286 0.032717056047772683 -0.45171307911099695
v 1951.3800588399463 7799.303681875318 7849.145590593519
vn 0.17965950667100852 0.97366895434081679 0.1403254396593511
v 2220.9026313014524 7658.7988270261931 7849.1740601146421
vn -0.97928589881080219 -0.17977428603405207 -0.093168312592136093
v 2213.7062485865004 7578.8616330570658 8029.8598206226015
vn -0.46701205449134431 -0.82100450215105991 -0.32840729042983169
v 1746.6803817218643 7723.143212894659 7600.9829612762042
vn 0.22437750848027394 -0.90392210751172564 0.36411475833828089
v 1688.1369254630845 7652.6883589796198 7487.2283729781548
vn 0.82711934988296609 -0.49899735031377684 -0.25860244668024568
v 2856.0494990226853 7328.2824739109365 7696.7618352105401
vn -0.33526205972691597 0.66541705005256957 0.66694789961960443
v 1975.435755526378 7793.8563256447842 7627.0033425996735
vn -0.040211694936522067 0.85038341319097643 -0.52462469457698724
v 1983.3948201953526 7942.7793120218666 7724.2273688627383
vn -0.76385453065672293 0.19648678495102198 0.61475133129974469
v 1716.9384310900969 7710.8403599247886 7654.5154242606586
vn -0.25875052023292378 -0.92800945657668132 -0.26804219217026992
v 1856.3348001322865 7758.4392218536104 7794.3148743226593
vn 0.26645092735923076 0.2844141859716095 -0.92093022218163345
v 1712.7137301399252 7737.7611649950177 7669.328719833059
vn -0.29101961483921363 0.91283807292977848 0.28641619435479609
v 2486.5434759378149 7609.2103659013937 7626.4158398758318
vn -0.022327716774823068 0.026918997661722503 -0.99938823318493775
v 2403.0737721552505 7675.0508364407942 7807.4424837897513
vn 0.95497175252303135 0.21458866035421489 0.20489182201950715
v 1645.9219335935522 7758.9910980426066 7529.2640392215744
vn -0.1665299339029436 0.37284957856839263 0.91282581738010315
v 1779.0952364243567 7783.0220604883252 7556.7371027084573
vn 0.63376144522352784 0.67035239377477196 -0.38597162940897428
v 1887.0120660742878 7785.1959757803779 7612.6297323193794
vn -0.24125134589050046 0.96114805805368808 0.13413500141889195
v 2358.7708855204564 7658.9575992901337 8071.9073862769692
vn -0.7883002191262074 -0.10889060008997536 0.60557873289739828
v 2505.6528108717976 7522.2375622470263 7640.2457810252927
vn -0.40840630496300118 -0.87668743465454291 -0.25421139232006218
v 2357.2003752078022 7557.0702048765706 8002.2913696745436
vn 0.88382867589511005 0.085848710456079155 -0.45986614419690097
v 2646.5947059140271 7517.6198015970313 7668.0044194262573
vn 0.4214484320432722 0.14483715214029455 0.89521138201441375
v 2183.2367436102272 7660.7634127965257 7917.3806165482874
vn -0.79320905291979327 -0.46195110959418945 -0.39676261254153206
v 2305.0668601953366 7743.118129353139 7751.840616001291
vn 0.1794297772961671 0.87911757518948053 0.4415396290395866
v 2886.7860114204668 7220.9455722581006 7723.9869724154369
vn -0.18353117810403319 -0.54396865744817058 0.81878837704121132
v 2403.2153456923247 7702.9304837300369 8044.2110857589714
vn 0.0010259757936006636 0.98457691972520578 0.17494923983286287
v 2407.169539050994 7618.7960545217848 7821.4462840520864
vn 0.82622039597398111 -0.55668175422047528 0.086401862217270448
v 2947.1834545656202 7330.8986915642363 7584.7167304951136
vn 0.65811625383328431 0.7509868261358188 -0.053868204080826453
v 2228.9332358310526 7659.7358923451848 7779.9130236288156
vn -0.95519765767129583 -0.20668796176374254 -0.21184315245298713
v 2373.325089005617 7594.9365345601991 7723.7618495793422
vn 0.16807396241639797 -0.97050267145535696 -0.17284590783604548
v 2038.2552963395428 7693.2761696883026 7779.4494572366239
vn -0.50503731424125353 0.84691997505866845 -0.16632458348243584
v 2196.8321940397927 7779.9689611996373 7723.2405765680323
vn 0.3592692130910084 0.6212251844704707 0.69642293378707543
v 1972.4076412240374 7805.462729244362 7640.4770413553106
vn -0.81951882957791666 0.53538529980762883 -0.2043317614007594
v 2087.1058854128742 7869.0485868017704 7668.255548454933
vn 0.8706647996536272 0.11354710608257022 -0.47859153914834618
v 2781.6692765006446 7310.6274279835925 7612.9406696488113
vn -0.84926575031980878 -0.37869893775363156 0.36787878421839371
v 1671.8265294855373 7766.5481970424189 7501.0521156500636
vn -0.16264304668626189 0.97034148500277984 -0.1788425057060273
v 2922.4056984028075 7227.5627584130034 7640.3075980895901
vn -0.16107728038000482 -0.94229500699154112 -0.29348633621378839
v 1837.9728308176836 7775.0508733393972 7613.1158215116857
vn 0.32224038695998608 0.79044396024941266 0.52092175872879731
v 2365.1175334889545 7680.9330563789108 7891.2773688176185
vn 0.21522721390866639 0.9712101027320591 0.1021184740597712
v 2337.1657395566399 7635.9591638418706 7988.0714867535544
vn -0.6241275180407394 -0.75386236797876549 0.20532016795666894
v 2699.8350649618724 7390.8389755986191 7612.6207748591469
vn -0.40213295639112639 -0.87116301662252649 0.28171631804578179
v 2906.994028901674 7260.8620329939658 7556.8637592135192
vn -0.17440982133292762 -0.9501788469701774 -0.25834351742019834
v 2135.1377522033836 8079.0644218677044 7626.4612349930267
vn 0.90715705471814168 0.21977205135378325 -0.35884024790825331
v 2425.0980354693752 7626.9647458759391 7890.8869936184128
vn 0.94990819748811761 -0.31208603054082207 -0.016635079986233384
v 1615.958769728727 7608.7302977873696 7529.1991553682001
vn 0.41682333938885407 -0.22825963254033024 0.87986126400318221
v 1998.640594988753 7601.0071516560483 7849.2942819038399
vn -0.17176784462282996 0.89900303024920547 -0.40285153488149156
v 2312.0210670534507 7563.6358095800515 7847.4742527227545
vn -0.5233319822571938 -0.79774240438980915 0.2995508180344737
v 2250.6704626251822 7515.1255544114874 8071.9277174622148
vn -0.72765213290515474 -0.68342606444955711 -0.058746811909830429
v 2347.1586393470843 7576.9588789215022 8030.1696944888017
vn 0.86996265000864836 0.44328441651135753 0.21601831789946735
v 2478.6697281744055 7648.0750715533704 7695.3023528721324
vn 0.56620103251912701 0.82338236695717426 -0.038182044972416722
v 2032.5841426728057 7735.5233180811465 7723.8447334518969
vn -0.62077344984266125 0.55598395784796517 0.55274059248996088
v 2637.0200467397153 7547.218554004904 7654.2856399081047
vn 0.44600463643486382 0.7630118461104598 0.46785979414105799
v 1888.9826542848205 7801.5662970932135 7833.3332783463429
vn -0.79734072807229173 0.53604228325418102 0.2773200928904937
v 1918.8286783703879 7728.8623949390476 7876.9947375427109
vn -0.58489388796989383 -0.79581563206331518 0.15676931963597773
v 2116.4691103580999 8098.2732374288607 7668.2649844001135
vn 0.83563006242381499 0.5321089458874918 0.13631752814687229
v 2385.7097567011283 7609.2069506256912 8097.7892056405335
vn -0.89009396485305026 -0.30786672994464842 0.3360815530869935
v 1610.3685487896487 7589.2584387228089 7528.9032595164263
vn 0.49085005209090532 -0.70991225982047301 0.50506515393456408
v 2016.7824557913864 7593.2498837274752 7863.1961822187086
vn 0.49411593247543578 0.82969356129319727 -0.25972685579766747
v 2204.3613735109248 7678.7593403759638 7681.3659796922584
vn -0.2001521092677791 -0.93212226083623739 -0.30180660034068285
v 1804.8021604466944 7757.0363112411887 7807.3257583381974
vn -0.6943397214619571 0.68573339635975228 0.21831642246301727
v 1992.7425597841693 7611.9338053812226 7835.4906510908568
vn 0.74509239006538897 -0.1554116883794896 0.64860198687768644
v 1756.6481340162136 7721.3025336078927 7751.5512205832329
vn -0.76636661716893528 0.55201674543191082 0.32857224601570306
v 2981.9872114826849 7286.3932851637073 7666.5259735423879
vn 0.52377041634753929 0.85182529004234864 -0.0076306096344967199
v 2134.2595506920861 7829.5089462699634 7678.9164871203911
vn 0.36934018419644765 0.92887891687621371 0.0277810388683765
v 2139.1140976287534 7823.0738912950537 7696.3158152011256
vn 0.54160916563795258 0.76828212699257337 0.34117749785225909
v 2242.4886436137112 7728.796621308351 7765.4525441459282
vn -0.67524115185887401 0.67499717526842862 0.29736879495996754
v 2911.692077161053 7352.4659035491877 7668.4393177992079
vn 0.14366948556358017 0.78405303059908849 0.60383766371954728
v 2222.8568728475439 7626.7341771315278 7905.0333920769099
vn -0.41051513775017995 -0.90090832760311168 -0.14085988404551214
v 1953.0529959371095 7783.1836490867681 7612.5296616887044
vn 0.15451424825252211 0.67249833544766668 -0.72378956603910471
v 2219.5239442327311 7684.3867757525713 7723.5346516296559
vn -0.81191393285853297 -0.58059065111897656 0.060911915611254239
v 2394.2938245027367 7606.4806382770403 7960.6847118118912
vn 0.5865580588629874 -0.52426268372728158 0.61733158191846338
v 2214.0367792694742 7680.6687391351261 7961.438418323356
vn 0.030798491514183429 0.9993373619148358 -0.019398195832276401
v 2411.6968339410068 7697.4597310762947 7987.9362536987928
vn 0.64796588022116886 0.74377658983365613 -0.16412374138016436
v 2132.8796071585693 7610.9366439364094 8044.0657330893046
vn -0.76514590182635556 -0.50913545342239497 0.39412287295551052
v 2566.7996537999134 7615.2879807578865 8127.5822723700967
vn 0.32175478556323089 0.29768286074151878 0.89880964190862178
v 2470.2290008573254 7655.0539740846834 7697.2478885141527
vn 0.4751607279087543 0.6021219723253135 0.64161625064854544
v 2101.1891764498178 7772.3184781632417 7906.0882329411461
vn 0.12207588914978765 0.68191390102207827 0.72117328630582256
v 2266.6583092352867 7597.5141534606264 7737.9133056313894
vn -0.53494068427298713 -0.84156866334995739 -0.074837485105488807
v 1947.0131974084507 7805.1837144226738 7863.1751033884757
vn -0.18117013194587608 0.98341001611846102 -0.0090622010903656722
v 2080.1723895516479 7740.0887002076779 7737.9125195452561
vn -0.37266973967765465 -0.18307673172090791 0.90972532966328901
v 2289.3092011769163 7596.8248966449455 7904.8925737119207
vn -0.32081825147207954 -0.89128430171514506 0.32044959516052407
v 2402.9458233411206 7652.6434305483954 8002.3233977479913
vn 0.50874299388710587 -0.85382618615340322 -0.11027878313401046
v 2028.6435674402383 7724.6466222167801 7738.585244078582
vn -0.480818542296093 0.76187723760921322 0.43400069607918212
v 2940.2002238753248 7318.1737934408684 7556.7338284384423
vn 0.61779926203899216 0.72298546497072236 -0.3092185137813469
v 2324.6901042081936 7525.430037826025 8084.0237092916959
vn 0.45944426362900442 0.0076681633579281242 0.88817350100592285
v 2793.3692346917378 7404.7673129016039 7556.8119075865261
vn 0.42175829362778078 0.34720692927370195 -0.83759613777793251
v 2770.0356929649533 7448.4269641627689 7598.5495693541252
vn 0.37737811714392139 0.92184242344350165 0.088274022456894585
v 2295.641573858732 7582.7939820657039 7960.3163480079711
vn -0.16192982848544585 -0.85628227905819043 -0.4904685404973344
v 2473.9681664523669 7661.9654813667148 8127.6331976352976
vn 0.12643077660751528 0.55432267631356902 0.82264307524647817
v 2738.865016776891 7376.8964890416009 7626.4576934245142
vn 0.43938951190405112 -0.85458391065618389 0.27680895302772096
v 1719.2376428448861 7777.3198340469025 7556.8680705870311
vn -0.33557214725939588 0.93320529272971375 0.12852710066350831
v 2125.7497048601454 8069.5260552646359 7668.1061902821948
vn 0.92972952720544211 0.35704825301539828 -0.090108552651771381
v 2957.7893583449604 7299.6520976924949 7683.1114740000348
vn 0.5313793497341821 0.7870365576475431 0.31338385983069283
v 1884.250730818032 7703.0110233167488 7598.7204760570457
vn 0.16391158074203355 -0.98561499514381501 0.041183431696562363
v 2351.2087223470753 7702.8308641839221 7960.3344079263907
vn -0.33346226854271915 0.9293174331777635 0.1586569376051252
v 2205.6463371471473 7729.6045603598468 7746.0024792202457
vn -0.12868940852744976 0.7871553622758577 0.60317946895863306
v 2403.5136367151354 7676.6459667903182 7793.5154906461557
vn 0.93765564138708424 0.20971516182938305 0.27716682534865417
v 2359.3632984465066 7528.7749877297929 8057.9057298754033
vn 0.94067937071483487 0.014365208160506614 0.33899256969150171
v 2060.598659106734 7599.8061389879658 7709.9164911328244
vn 0.37205972330944448 -0.81122790063581085 -0.45108852293193474
v 1981.2807427767998 7773.3187207287701 7667.8663593977835
vn -0.64498344794842788 0.24058018667249081 0.72533959333072884
v 2575.1806053655996 7581.3436738805331 7682.3886783399457
vn 0.75336221174350682 0.64226410467460271 0.14121684659934422
v 1726.1596945292481 7741.8452607532581 7654.2161067669458
vn 0.41025890189007247 0.90346461823316182 0.12425504827072015
v 1999.0467824399238 7807.0929934986816 7835.3787055462744
vn 0.19069558070691098 0.95154720252863245 0.24123249544534395
v 2123.1190433614893 7701.0138754478985 7779.582148675232
vn 0.52480752592985003 -0.63205518267366934 -0.57016077274988342
v 2558.3543546640153 7619.9437815437523 8070.9068290673777
vn 0.59029277392949386 0.042012152777758591 -0.806095168119498
v 2908.1680536647746 7231.0029307500663 7640.3705795456544
vn -0.27099402635528896 -0.90758391447917608 -0.32070808511542787
v 2295.2772384149976 7689.1421421261584 7876.3743237818671
vn -0.68410660931135225 0.72663229894283199 -0.063274396319362422
v 2344.4756583885828 7686.2719772024002 7889.5536310468751
vn 0.070535065767987598 0.9302493068282639 0.36008475619309416
v 1713.5267741897223 7757.4199853043237 7612.7784900849283
vn -0.26325374755689018 0.8094326420008654 0.52489643022290777
v 2014.9964122516903 7741.5521506556252 7932.8167280172256
vn -0.43295847899607742 0.24686246385746816 0.8669520629213725
v 2024.8531436928542 7689.3999098143995 7792.9477348663931
vn -0.75697222145158116 0.64214914980168347 0.12098564112998471
v 1992.6913576546049 7936.3814855778337 7654.4895451384782
vn -0.74536132763161145 -0.22419676708780684 -0.62783142713519624
v 2864.9250987637934 7373.2178585863585 7584.7426269426524
vn 0.43814544687613 0.64403252032081093 -0.62709702610596119
v 2858.566978953997 7275.0187925374667 7571.2661371982103
vn -0.13113926030881651 -0.94926768110980164 -0.28582051012143378
v 2684.1873041155486 7525.9821853734102 7626.6524575405929
vn 0.79362275909307189 0.60818908484110268 -0.016399796634169083
v 2134.328149603738 7790.790500035695 7739.0737172718382
vn 0.46011058412790184 0.87208723105227837 0.16661966213220727
v 2090.2455354340091 7684.5227936479132 7779.1933785361252
vn 0.6414063744358135 -0.76532430256087358 0.053633709016041885
v 2380.7629210457767 7551.700846452839 7853.3577974425689
vn 0.96376537711206178 -0.0045564534171416912 -0.26671246054937647
v 3005.3808949197082 7231.0389803412927 7654.3273150876357
vn 0.3436430983049738 -0.78042401102218928 -0.52234833589032903
v 2338.9319882776281 7581.3070075509431 7974.6039217972202
vn 0.76098688825730398 -0.64868168903128798 0.010536708023894852
v 2402.8947484195232 7599.0363962223055 8071.8081249161369
vn -0.53477057931303573 -0.43638797423134651 -0.72359240145779702
v 2239.0897358580974 7654.3320470454455 7708.7318016674599
vn -0.67462915204476814 -0.67132702018004675 0.30691291792222786
v 2883.4461332647043 7286.1203048688876 7724.0533150318206
vn -0.2077421638315817 0.40929948994063292 0.88843520917448449
v 2968.6005789785095 7295.2969023752694 7696.0739447473243
vn 0.21382283093155188 0.93140182216979228 0.29456823085867101
v 2133.1181768668243 7717.0078980602502 7876.9553273700822
vn 0.91456892832357961 -0.10372739440097375 -0.39090190968559363
v 2956.9836730561269 7216.8582035096415 7710.0626904601359
vn 0.36289710961129207 -0.87947574696328423 0.30794171256772457
v 2033.8964733896528 7726.8493510641383 7626.0254793961722
vn 0.24565915335023766 -0.43983601101869702 -0.8638262925996204
v 2135.1718186193689 8067.2030869849186 7626.4363404577862
vn 0.86292297621764769 0.066727842743360702 -0.50091050310259466
v 2344.4944033752727 7680.8869450684397 7974.6410922974055
vn -0.74663463250528217 0.64058556351999785 -0.1794069713067723
v 2339.8485081755025 7547.4977217913001 8072.2768453079079
vn 0.67151407761740822 0.35818024342282589 0.6486723030800734
v 2475.8678491648197 7609.0712423807781 8148.5226930304389
vn -0.0062811508616857662 -0.079125679747652763 0.99684485951843316
v 2106.5566996120815 7765.9108286952069 7849.5807196358419
vn 0.49634513948108316 0.77909397162811289 -0.38295441750453463
v 2073.8705285422061 7930.7910297398757 7734.1867847987014
vn 0.75858138569511002 0.15090305003009058 0.63386319562544613
v 2977.3362551271202 7224.9712041499188 7640.5584342306374
vn 0.21724783959294416 -0.88593189720059873 -0.40979025087811238
v 2000.3652268384085 7688.6936991751572 7723.9494261840364
vn -0.79049643218074117 0.49981642035079149 -0.35397589841292842
v 2728.0915498838008 7378.3932583648948 7613.2955626922703
vn -0.52947750782664738 -0.84701973346192316 0.047022758657645568
v 2823.2136533396097 7267.060471551521 7584.7189659494561
vn -0.17638894287581966 -0.72111782508819466 -0.66998210660526059
v 2345.182665497211 7583.5003807728135 8019.616015579234
vn 0.85186885830642811 0.42658699531134825 0.30387988363650947
v 2827.7897566828524 7401.531822670886 7629.1376204550488
vn 0.3112294590494904 0.87630569816452353 0.36772890447196099
v 2240.0398972186999 7718.2495693354176 7641.0165295420011
vn 0.053223365948810976 -0.61174267506988789 -0.78926432379489742
v 1948.9330261109956 7712.980473838018 7654.4975311299968
vn -0.25446463643663292 -0.39867021556348176 0.88108444999655922
v 2380.7838999029304 7681.15229641309 8085.7947200968629
vn -0.65351121578240445 0.7323015676804715 0.1914614969630381
v 2406.7004240482383 7658.8097183838036 8113.5673222006235
vn -0.56338454309399411 0.3822286212628202 0.73246101445080003
v 2051.47460426506 7699.3401531751369 7765.3327557748071
vn 0.1260786639148137 0.93309359549868354 -0.33680931184394913
v 2891.3069267557585 7308.953073372686 7542.8386406887948
vn 0.47232231166728567 0.59783219337472293 -0.64769460586455352
v 2066.2498430190544 7669.5404037606622 7933.9008448466438
vn -0.31127761088928368 -0.61946971505571202 0.72066880124496502
v 2918.4036974949195 7240.8833998380378 7626.4676952583031
vn -0.3158931724981866 -0.89100026098768981 -0.32608287058491664
v 1853.2316604224616 7706.5824962304687 7585.8317232556437
vn 0.12489496917110815 -0.87029598976076006 -0.476430621268288
v 3016.7656510762736 7267.919990755765 7682.8075523490315
vn 0.46008394996263574 0.8590441006234244 -0.22442368896992781
v 2072.7403952187451 7929.4976168895373 7739.2668660828431
vn 0.84989560771513251 0.4929977839460023 -0.18609309769805188
v 2126.3576763162901 7718.5175630918693 7795.8197571784822
vn 0.57808352396286045 0.78650588009496469 -0.21731990221497435
v 2359.143550678682 7536.7796711656856 8030.3036411285411
vn 0.82892884555796731 -0.52217941621923925 0.20051340673099649
v 2230.7767456047968 7535.0512168012383 8071.8971486906685
vn -0.96320064701213359 -0.26326152118267043 0.054202260653902434
v 2415.5526374079932 7638.9667561033566 7863.1791066884025
vn 0.95619025311813732 0.15649415363218142 -0.24740610283665093
v 1729.8969714447157 7737.7412983041677 7634.1893063075204
vn 0.76084692997015779 0.43407988835282052 0.48237599409857534
v 2189.1112036973605 7598.8356680116285 8058.5348847086134
vn -0.42182656506636562 -0.33728029165405049 0.84160819498509509
v 1791.1099965652975 7718.8150936670772 7557.0457944928348
vn 0.078344529465853421 -0.98263995378202496 -0.16816912895663697
v 2327.203405924949 7485.1495137367228 8057.6244778633409
vn 0.27424231450884756 -0.91232394175339326 -0.30406607544476494
v 2804.0238363001304 7313.925788161212 7640.2696959516434
vn -0.74631126641353407 -0.21270052617119778 0.63069642443153473
v 2745.8249816610773 7342.7739897524643 7587.841932973749
vn -0.74723441142175373 -0.62625970302071876 0.2223499915889057
v 2015.70270613512 7878.6148817144085 7724.183864348819
vn -0.73706293544254098 -0.40019050600956957 0.5445969042297516
v 1998.5957775643972 7791.2581840260482 7710.1402051304603
vn -0.98533961405034665 0.13386626276166166 0.10576232163365061
v 1791.4141145745452 7760.4497163882215 7793.0937794389129
vn -0.59177453574872663 0.77538165831931005 0.22042273653454161
v 2101.7364218771272 7732.6301895141223 7627.9282784592651
vn -0.085623748391876794 -0.76690479356828156 -0.63602327890833998
v 2226.3992277889929 7658.0486336486738 7738.047305471021
vn -0.80790591368717646 -0.51663436842334021 -0.283508313798917
v 2816.6747744644235 7286.8314274104123 7570.8316123223894
vn -0.32305206648278889 -0.7921370434245818 -0.51783807003325077
v 2824.4814891898277 7346.9678561551627 7653.2371760572969
vn -0.55398210945532644 -0.092241895629091117 0.82740271639279672
v 2349.1871179296941 7704.0670764774331 7822.2449998562197
vn 0.25925276594131474 0.79454543128484889 0.54907700823850891
v 1901.4089144049049 7804.9555451565893 7821.2621047007942
vn -0.16279687874959639 0.86912070460077384 -0.46704001659776828
v 2226.2808974910722 7657.1435242234365 7835.8519962583687
vn -0.91576532706195857 -0.39783267023467539 -0.055704867337172725
v 2668.2357223021518 7415.1613045895847 7592.1592897508017
vn -0.45846841001544913 -0.81509021645407964 -0.35416755365045427
v 2413.0798944662238 7663.0613899669042 7876.9706220893759
vn 0.77650318707112209 0.57571375989781037 -0.25611807263978165
v 2412.9592847870558 7657.7927650536167 7990.6840957688864
vn 0.69515237201767588 -0.56944185313538087 0.43874725705802681
v 2084.7358715676501 8129.2921056624336 7612.5555880153079
vn -0.16925120764579077 0.87009031432440587 -0.46292210319804161
v 2055.8544011755434 7615.4425063649687 7752.6930782352983
vn 0.83441946611790219 -0.52462042792703412 0.16887143383405737
v 2683.0512813414862 7539.1012284879198 7584.8066363664411
vn 0.59324303123786692 0.80502027919671004 -0.0022485483669083253
v 2332.8808895819675 7756.994738588528 7654.5809622404204
vn 0.4907350206626761 0.78828914862951716 -0.37118641899745441
v 2948.4136449579382 7225.3713408822077 7723.9904779375811
vn 0.18408203669443232 -0.54978981013210648 0.81476681844643861
v 2398.8727427732883 7636.7704092127397 8113.6744391274024
vn -0.65611619252275399 -0.035460197116685986 0.75382631708497028
v 2147.0007005307489 7704.9199071949115 7640.3343439966247
vn -0.093429477165027391 -0.75531512600032802 -0.64866786048930947
v 2027.9518439970657 7607.7513400241914 7780.9394551100759
vn 0.62603869955079428 -0.48353898205573875 0.61177250632669844
v 1964.8629017802705 7671.1666083212285 7765.6976128987253
vn -0.8411135635000605 0.54070097190389166 -0.013054971406202818
v 1984.7798119263257 7913.5816210610556 7696.7430934492495
vn -0.78584464089789663 -0.55994181223083062 -0.26251355638844454
v 2049.0740431351005 7699.4806925259618 7779.6343302158994
vn -0.42580929889306285 0.76708626062729535 -0.47985946873332763
v 2772.8215057113703 7364.8618977284932 7626.582263508375
vn -0.52887816520056985 -0.49884264725763316 0.68661772453897185
v 2157.2930728868146 7768.8519596493843 7745.531699755993
vn 0.61041815525962151 0.60568590319985771 -0.51042556988694554
v 1778.108461892271 7736.4125455394333 7793.4251794024594
vn -0.80821391229359407 0.073968021243077067 0.58422513109970409
v 1709.2089776497851 7701.5489214565168 7709.5312838754389
vn -0.75226720972776295 -0.6102590416763134 0.24835045242703602
v 1935.3544978194841 7714.8556911491341 7612.5109800132959
vn 0.36066318329910996 -0.85076907312423722 -0.38224867877846047
v 2068.5333885928703 7604.9427237565324 7709.9260583912983
vn 0.48630266210845607 -0.75038122763448578 -0.44770272954270768
v 2006.7367880615179 7898.6110759787043 7668.2120467464638
vn -0.66708075894920371 -0.44665177013139012 -0.5962427838374651
v 2075.0387657645897 7924.8505123752348 7654.2935492478809
vn 0.47633048780818954 -7.3753815277260046e-05 -0.87926631969204139
v 1826.2286777703994 7711.7409310972807 7794.0888572865151
vn 0.24824533266882712 -0.92253488908085335 0.29547188231153371
v 2279.2432297228879 7589.5473504243182 7737.5448513109186
vn -0.49809445149639164 -0.86380053459765793 -0.075832406115784776
v 2482.850547291504 7629.0421292890442 8029.9527515305726
vn 0.22280003626056352 -0.21538522527096601 -0.95077302684566456
v 2492.8795486195213 7558.8082886294324 8099.6932280326282
vn 0.018743876437086048 -0.84616136599620573 -0.5325970426049571
v 1856.976666947136 7746.9926500823722 7849.3013921361699
vn -0.35388019852939678 -0.42379963973098955 0.83376415757255851
v 2749.361081703184 7484.6393429611871 7584.5435348506671
vn 0.52090546181391717 0.84004217745167331 0.15161345571776019
v 2422.566939098459 7643.6943650028497 7794.7388865825842
vn 0.40609859824049077 -0.70442554434460725 0.58212419721388675
v 2169.5392576012782 7708.8231464861892 7946.511143875111
vn 0.53844875306632944 0.83966364784957581 -0.070978157212333776
v 2879.9913484481222 7366.7765838381238 7654.5271928983793
vn 0.49162402658077908 0.63699214458492248 0.59375653615400514
v 2956.0755603142602 7277.451480336018 7544.6928887251734
vn 0.7043955464199545 -0.47724181647619324 -0.52542093866750039
v 1966.9193871663883 7706.938975701607 7835.2754957321122
vn -0.45604477978386299 -0.75786920792368806 -0.46653769677595125
v 1942.7897364270266 7638.9644546574327 7835.362744033022
vn -0.92962164211955756 0.2891671273481991 0.22844249815681833
v 2012.4135782485901 7603.5829788727278 7821.6352784028095
vn 0.93288000684512107 -0.28284428943773027 0.22301121218699363
v 2012.9144458073599 7922.8436731966285 7737.9915860553238
vn -0.31420070831699831 0.0075990136181114812 0.94932616622798738
v 2258.1218514619177 7614.9504905593567 7905.0114630316948
vn -0.54268865060765081 -0.81920765642848237 -0.18543959704065605
v 2458.9959098585532 7679.0854730957526 8113.6558955934415
vn 0.17303719589474376 0.87319684657231855 0.45561540357306035
v 2310.663500462244 7684.895556691873 7904.6550121409055
vn -0.63122284103159954 0.77349505254674022 0.057123801043974971
v 1989.0395851302819 7700.8996693741192 7626.4520213229553
vn 0.15519567361667266 -0.87002812375107519 -0.46793735347036663
v 2382.2819485434302 7683.2514787810214 8099.6858799384408
vn -0.38554304867698597 0.75615724401396811 0.52875587934514312
v 2392.477032908937 7713.7151755094637 7724.1532157618567
vn 0.51257553937416134 0.85209008517778684 0.10587163537510662
v 2089.1069247275336 7633.0666540259772 7709.9200734069718
vn 0.7108222219728072 0.53731559312016564 -0.45389836102322029
v 2941.4483358143511 7320.4222485227674 7543.1371894228578
vn 0.57860483117414518 0.78978580067926962 -0.20360461288326401
v 2361.164016048725 7520.5146220583038 7849.2153770859231
vn -0.28102633572124353 -0.95207707848651046 -0.12072048397716979
v 2101.7339864868809 8108.413811553256 7612.933143313363
vn 0.48503650230881218 0.18712453983909288 -0.85423884131900807
v 2249.000370591617 7628.4472305117051 7863.1101167322622
vn -0.64438364102469348 -0.73139022152123878 -0.22324441100030323
v 2055.0734212287971 7997.171552764069 7710.1015531620178
vn -0.19783467696503487 0.75695133432254791 0.62280504016702898
v 1996.1086538645723 7596.7866293309889 7862.328655207948
vn -0.26237147380144532 0.83754037801081849 -0.47925705517681494
v 2126.4214472697749 8059.0904717007597 7654.5272598534912
vn 0.84310484939529418 0.51660953800360687 0.14929433401786621
v 2308.4686380504572 7613.0948056459811 7709.9136414420936
vn -0.82493136177164139 -0.32491716454742442 -0.46251171287660098
v 1542.9665120765276 7723.6997972677782 7487.2777303774183
vn -0.1609687499221201 0.047081873310035792 -0.98583586806026069
v 1854.2700717313674 7741.2303817188595 7628.9281147723877
vn -0.61511650121739869 -0.040463153391472835 0.78739724608845552
v 2979.3343454594151 7280.8736720222023 7612.7760006975568
vn 0.98701349918633785 0.11933252898492039 -0.10753650519709156
v 1736.965218274489 7722.1649925217589 7711.0620832252762
vn 0.8727041169611166 0.47054278344762007 -0.13029586787186948
v 2151.2856659357967 7982.7740926551514 7668.2273789678584
vn 0.34706168504530527 -0.56309923214462343 0.74997829404033345
v 3015.8119331924063 7271.8734296843822 7654.0301178423879
vn 0.48705329391211338 0.761340936530427 -0.42794750525307762
v 2104.1610521743914 7834.3006886378307 7654.5288919713539
vn 0.45473564765966401 0.76403495344474015 -0.45767464498510263
v 1999.9009230379161 7874.1389470080539 7710.1794928360723
vn -0.7598125616528415 -0.61740268359133998 0.20371253630731376
v 2949.3151454475574 7297.3485513300402 7556.8900365009758
vn 0.79198281240521984 0.56009394626220577 -0.24301851002577535
v 2170.0618550939303 7654.1458895940332 8030.1047416529036
vn -0.051860177202301481 0.71916368337212744 0.69290267609468803
v 2364.8975076385832 7679.7364188221327 7849.3751186299596
vn 0.48489464276203303 0.86098356042908397 0.15357243923158295
v 2510.8690503534744 7549.0459056254767 7612.5460937311291
vn -0.40085733452704647 -0.015339386451827999 -0.91601206355547149
v 2026.2735462710843 7877.7637907699682 7738.1857574111409
vn -0.4151964806077878 -0.38218074976630256 0.82556026854432241
v 2570.9371776965127 7639.0502857931697 8085.698930536847
vn 0.84312567255838622 0.4562025255259653 -0.28463723575228189
v 2126.9903668364495 7700.8485599936566 7682.2264448444021
vn -0.03180731769259184 -0.99756356963465076 -0.062090410523491936
v 1470.9960672301531 7734.0825960768361 7501.228733436913
vn -0.40971850719414693 -0.18511636040293156 -0.89323159257483253
v 2846.0785196841371 7399.2132595260955 7616.3250004139481
vn 0.35223444450464053 0.92094734782011933 0.16669396704018832
v 1972.9755813326919 7704.9181657021254 7654.4715851893707
vn -0.16189347231846432 -0.82797266828283522 0.53689083080014777
v 1751.5451832645849 7722.6765003182663 7728.4894720759294
vn 0.21264655630926516 0.93397405533442723 -0.28718270500149351
v 2209.5540895259419 7597.9540129831403 7973.5244913629249
vn -0.36707975518601876 -0.87759577929747901 -0.30834737146897023
v 2219.8139664327136 7676.9101365417673 7821.0043298341943
vn -0.89135035426676856 0.35318573747072646 -0.2841731528413009
v 2770.7616306913415 7340.9996857659853 7612.6494376224255
vn -0.78314468513846414 -0.43741425146115009 0.4419877540815555
v 2198.0436588069779 7677.8527355772076 7933.2381650713878
vn 0.26918951021943888 0.90086758756805463 -0.34055043276603247
v 2332.5262536170849 7741.1324841223268 7736.0267380701716
vn 0.18791257188259655 0.90847701054034236 0.3733073621670896
v 2140.2635254513316 7704.3211055051888 7709.3630464214093
vn -0.23670395974339295 -0.80164392623481318 0.54894284854858211
v 2449.7371211350546 7668.580728368077 7695.9655350230096
vn 0.50192237446348487 0.61777130914651968 0.60533671589317328
v 2021.7019644810421 7610.4536362273384 7723.9666584138586
vn -0.20717317650506761 -0.78609859957247574 -0.582347204584166
v 1963.1863660906351 7789.2646426474075 7890.5264183598738
vn -0.098474909076495407 0.73991925765432343 0.66544885936835962
v 2859.5363984704818 7331.5354313121534 7557.877206956764
vn 0.59138830231617545 0.77803704641737503 -0.21193921365740498
v 1830.8926866927504 7712.9777626080531 7570.510583266052
vn 0.036080012016341742 -0.84134071873070637 -0.53929957142445339
v 2989.004456400653 7276.4606012712866 7626.43432039458
vn 0.77738243121545414 0.34175326206335382 -0.52809209756121722
v 2136.1353738512626 7707.3483511844752 7639.780326141954
vn -0.18264087037512389 -0.7754458820430582 -0.60442203508068804
v 2281.7276361578988 7586.3559271647682 7819.5487817267422
vn -0.58974544760032377 -0.76011134839248617 -0.27282053639645648
v 2093.1300745449694 7915.8236970996077 7723.9670017998678
vn 0.9685522041515271 0.18263368541404096 0.16897208285780149
v 2433.3216677839091 7643.6045487180218 7767.6340315024036
vn 0.88447585040120258 -0.099986552406448506 0.4557468150134919
v 1715.0666881423385 7734.7870852960577 7686.8297750322508
vn -0.34762843968604656 0.92190617162877408 0.17100724731490777
v 2827.2607981013994 7242.4078254597998 7668.0246482132197
vn -0.61374077740924493 -0.75680228956303042 0.22488342014753013
v 2352.4586354957096 7692.5068922025221 8043.9369204325412
vn -0.55262885578945009 0.8061754603606347 0.2113822955243928
v 2302.2446332674735 7773.3089205066444 7656.1208124073564
vn 0.66226894388759583 0.70274850765963981 -0.25989301826743555
v 2069.3793320992845 7678.9958195746804 7793.553083805833
vn 0.46170055696981621 -0.8443134775029989 0.27196938688123423
v 2326.0057310181865 7669.9807656640096 7960.6546548165306
vn -0.77881921816508848 0.29702615000327159 0.55246365638922734
v 2312.9647997417851 7620.7323803956788 7696.5288908593229
vn -0.73623363013901943 -0.35871960700064254 -0.57382949157883656
v 1661.3604971264656 7590.75884177025 7487.8896268708595
vn 0.25597056221789471 -0.96508089345936743 -0.055659144419619909
v 2226.9065624069631 7687.2646270651294 7821.4274671306503
vn -0.8665686423065333 0.43455674633037883 0.24539605210713225
v 3029.1515698154703 7251.0982401656111 7696.1605873764292
vn 0.78859567264253494 -0.016271899212794164 0.61469674668528751
v 2763.1612273488427 7439.021996445088 7556.8799919312132
vn 0.27728010036206535 0.30130158719881239 -0.91232291404670929
v 1964.8792922741554 7610.9256030793767 7765.6630606439703
vn -0.62627864435270564 -0.39244250009873261 -0.67362002920340303
v 2460.7784800578811 7626.9294789626438 8142.4095030436001
vn -0.090041584211275713 0.28700902608009132 0.95368670540239842
v 2712.1006293931569 7391.0002782301863 7624.6371914068704
vn -0.62075736842322282 -0.68707495810357799 0.37760864859698551
v 1549.9221336243208 7624.3430010517768 7543.0570114796101
vn -0.66941446235272195 -0.55374017903093808 0.49523337096746722
v 2919.2899518385611 7204.4525365917871 7710.294200211787
vn -0.052421730796542693 -0.98110555345049422 0.18623601995557779
v 2649.3184059258456 7418.4155109404892 7629.7795324559584
vn -0.43597227436512814 -0.79388364249385102 0.4238831657020512
v 2164.9763178733047 7630.8304569053553 7960.508246920037
vn -0.080896421843041327 -0.84524489906558176 -0.52822043650033768
v 2289.6862479358351 7592.3388581743229 7863.5508031585705
vn -0.68771216960665904 -0.69533263306621362 -0.20872110858298032
v 1825.6266476216861 7737.2181094791358 7633.6529605365713
vn -0.10518046404720514 -0.1477350123537545 0.98341824068279848
v 2493.2348792306907 7510.6186263218087 7654.3586578392469
vn -0.67180207229950539 -0.72216724303456736 -0.16479213798583481
v 2938.8404752867709 7314.3377309159896 7681.9751531812572
vn 0.61563367528852375 0.58533062179100948 0.52762035692768217
v 3029.3957661913469 7263.0419423780731 7682.564743531284
vn 0.78474629845801824 0.60986353857020748 -0.11063322909082966
v 2181.6392914124954 7716.0499491396322 7723.7604642124479
vn 0.00013025361066849872 -0.96511179511995593 0.2618381292981089
v 2012.1498640032351 7982.2055482718515 7646.3520643957418
vn -0.87255564982787182 0.33614627464265601 -0.35447470995449648
v 2474.9403432030103 7570.9918339709548 7626.4143624215449
vn -0.52479056537795044 -0.1731196807489504 -0.83344132284622929
v 2084.9308383103066 7672.8631889968874 7946.6337042680152
vn -0.57989528234662047 -0.54598152190348359 0.60466985971858167
v 2238.9700520165788 7743.0587630516802 7751.8934275817192
vn -0.15259507052502594 0.66368692137649365 0.73228028434831849
v 2341.3274928061569 7618.4495096422243 7974.5171574668484
vn 0.76674440731095961 -0.14166355780036954 0.62612654491620667
v 2102.9613362312139 7938.459319740552 7682.2274291985896
vn 0.85513775942355297 -0.4969051700072073 0.14773173128402081
v 1958.8843271737107 7653.2808268415956 7765.5943805679453
vn -0.91537948112667711 0.33102041768629414 -0.22914163438154758
v 1657.2324520525872 7725.4628748992654 7532.9389677896907
vn -0.07147688916945763 0.08481843454823737 0.99382940562022182
v 1788.5377946889348 7783.1067718232371 7569.7777135341603
vn 0.55458968758300087 0.72766425055349082 -0.40365209883390413
v 2557.9420128950151 7540.7315681660548 7695.9507284031133
vn 0.21801024751803966 -0.13220149711723753 0.96695103088888845
v 2211.188802431996 7783.0450638445654 7710.0760039011802
vn 0.36329375752362419 0.66471830879339566 0.65281484028720893
v 1451.7839181862691 7738.998129177131 7529.071499044454
vn -0.6747844912385158 -0.18905079416214243 0.7133902772050098
v 2231.4294494392634 7786.0639459853883 7696.4635121762722
vn 0.18974598057795633 0.69589624697367036 0.69262174114192387
v 2258.1846919389973 7636.1665775259626 7709.6432595616461
vn -0.54035743348247445 -0.83794139077553875 -0.076603326986425274
v 2289.0541396603803 7749.0737830713733 7737.9739478436022
vn 0.1376352364241622 0.97079708158706768 0.19649317564866542
v 2296.0511657190364 7767.395019782547 7696.2199109047433
vn 0.15507880682515518 0.86061637028661853 0.48506703337618412
v 1474.3254299322234 7729.0648800227291 7543.0775420740156
vn -0.30660829216622915 0.42457277096148877 0.85189748052978276
v 2409.1993812754954 7611.0391616020534 7849.2583802780109
vn 0.79176919919598387 -0.60869070955364835 -0.050962292998122036
v 1947.054539950188 7785.1228722382912 7612.5394277538262
vn 0.10563434599624683 0.91191636388664932 -0.39654751319570475
v 1691.9349862328736 7779.1048426974503 7529.1349869505866
vn -0.34757401434236973 0.93764326137181853 -0.0041736025145849547
v 2032.8074882001983 7753.5395652253683 7724.2080123465894
vn -0.35803189090332238 0.2185309208899531 0.90777607465232346
v 1739.4917410355565 7699.6074666469667 7723.627343514213
vn 0.020690232327102844 -0.98403366444548723 -0.17677573794001525
v 2095.9916984948213 7767.7913562161011 7618.8947646774968
vn 0.06400284097444614 0.15017161879463362 -0.98658609419340537
v 2223.656905551818 7655.9823567018921 7890.7066223119245
vn -0.17640876987343765 0.98374646188066917 0.033508874182901535
v 2901.6268771495434 7310.7826327281928 7543.094128203631
vn -0.13981231574162553 0.8641202469892475 -0.4834756613421255
v 2118.1269915868543 7676.573209803315 7905.073491498536
vn 0.35327243236251538 -0.84263037223876014 -0.406414375131393
v 2913.0754181025222 7329.1022798376971 7556.8464023159968
vn -0.034123356668211903 0.89871712282818073 -0.43719918763091375
v 2684.2511135963359 7405.816795800858 7585.2835975214821
vn -0.57143550925366193 -0.80969394440866449 0.13363074179224843
v 2141.6473902590524 8042.365463586998 7668.2058358394843
vn 0.92210118961835852 0.35408043991984428 0.15606549320902927
v 2131.0866587956189 8043.0488517997583 7682.2643207807268
vn 0.69694320321818748 0.11389604262774351 0.70802391411710908
v 2692.9669646021648 7521.7406679999985 7596.7982821121077
vn 0.41116393984874777 0.88630734418046009 0.21308098512029344
v 1638.1791294224749 7620.4397260057813 7487.6169137129009
vn -0.04618219109538009 -0.56572296888781048 -0.82330111605559686
v 2665.6823973920441 7549.5023918709412 7585.143801245471
vn 0.38824665755686771 0.90862587400218342 -0.15382962650181792
v 2239.2586435834673 7616.4204071028362 7793.6305713650781
vn -0.85511142333253909 -0.50860520793602437 -0.10052460468239746
v 2039.2436147026565 7604.8304283120851 7723.8217271691174
vn 0.014302976658573847 -0.93982472619384472 -0.34135745032644199
v 2129.0289639627872 7699.2622517300879 7876.5663640187868
vn 0.83352849073020618 -0.45144311761550165 -0.31847977439489106
v 2123.2972647261295 7677.0104136489554 7988.5159380483583
vn -0.49548262698092616 0.53085979567505115 0.68752079510071784
v 2572.9013750200756 7574.6975793678439 7668.6964711268101
vn 0.52437152930048558 0.8513724463212099 0.014122921231410426
v 2228.6690536468695 7714.0295131731582 7766.6339461065272
vn -0.80795383062854798 0.046238532591656764 0.58742880902831629
v 2645.3301723636669 7552.6424504889201 7625.9655679076259
vn 0.53273275619053662 0.83995428471619582 0.10330832526247898
v 2928.4682697771709 7313.1914193522962 7542.9731779837593
vn -0.43549416655046108 0.77650945331397303 -0.45538763687056111
v 2265.188440994034 7666.1997296066929 7891.493822118935
vn -0.3419706715355969 0.64955444687036934 0.67906927508202097
v 2558.3129952448426 7587.5650016513582 7668.0735830766052
vn 0.60418126435835429 0.79027298889819542 -0.10214500876818804
v 1802.7208437039681 7708.8105318821736 7584.7387432265077
vn -0.45654559917356435 -0.88969981828097611 0.00059095350815890576
v 2107.4202458373861 7952.9374253532224 7667.1737370777882
vn 0.72192506338185269 -0.68897071794335807 -0.064370433257216628
v 1821.6229905596419 7748.5845019658145 7765.8167617021863
vn 0.26113008032291257 0.5705472467774293 -0.77864428357578308
v 2323.6839335659897 7560.6715118962893 7793.4172278533297
vn -0.30645953832697864 -0.57109696431081247 -0.76153188293294061
v 2180.7511954175498 7815.1896322936409 7668.2528385997484
vn 0.061412238886306994 0.99432260664297567 -0.086897012800725357
v 1868.8819046905191 7789.083987321872 7807.3316492369568
vn -0.10890511290741313 0.6494913502536187 -0.75252950927412454
v 2128.4890200537411 7653.0193734889763 7946.4215884734658
vn -0.35074020527381944 -0.84163126794096499 -0.41065571617665647
v 1962.1831673738925 7797.2971895745122 7849.2366511362643
vn 0.079846296336896383 0.98971701752898467 0.11867937552419078
v 2084.5964748156457 8123.2162232332266 7626.3075100212964
vn -0.84126623261575972 0.50981718044836122 -0.17988209577434225
v 2527.0598898826202 7614.9767571527536 8043.9201350821477
vn 0.49695353305615364 -0.23035111824794779 -0.83664541372371504
v 1917.5430033419652 7749.9816790901696 7823.6077749742881
vn 0.14778456655893954 -0.64412998232724994 -0.75050402247695047
v 2366.5599033917283 7594.4765914402251 7737.7152530007879
vn 0.21449931144860135 -0.97407488898830286 0.071889888235421348
v 2256.3116483656086 7797.0000527571356 7682.5538961786369
vn 0.19243108025957273 0.94208734209457878 0.27466656006020418
v 2416.6040857505977 7563.1697275251499 8127.3693930894315
vn -0.5995604365413304 -0.32586669764156811 0.73098438991715009
v 2224.6431222550118 7675.3269714039534 7835.9080178341719
vn -0.99149609898842839 0.12068177556807437 0.048696968452518363
v 2312.0677274899499 7578.8095025952607 7960.504713584065
vn -0.20194416445333782 -0.85509658741374051 -0.47752317287920021
v 2354.0979888199745 7533.1676509438221 8015.0593952203253
vn 0.65592877498566449 -0.71229293046430231 -0.24979236048442766
v 2538.7859037982926 7611.9425616816407 8057.8837806192796
vn 0.60740331128060865 -0.32189710423326645 -0.72625303560920806
v 1725.3274370753356 7735.262410196412 7696.9844517776328
vn 0.53526378878153147 0.84357132511856991 0.043360072151000018
v 2140.180584738584 7638.6277894427913 8044.0225227550964
vn -0.68682992695425238 0.51135823647879741 0.51650499070707012
v 2053.4847737286645 7661.101946387902 7765.2455699643997
vn 0.78884883430841579 -0.28496966152432063 0.54452714222614074
v 2520.408087944641 7617.7675038485795 7668.3095538624466
vn 0.62646262358046467 0.77360159793261452 0.095316047614168231
v 1917.0122012935026 7809.0990645054026 7821.3565278031328
vn -0.066798668323321111 0.85152473940957596 -0.52004187916328881
v 2233.7497798366239 7607.6722741867379 8072.1134332964284
vn -0.31378179203158585 0.19802806357835614 0.92861502950622821
v 2813.8599093299963 7275.9744351513964 7640.700359261622
vn -0.94182204009157389 -0.2863702480934881 0.17596399007927743
v 2104.8027122126305 7727.1536453908429 7960.4331861479486
vn 0.02299308130475786 0.54189488526600149 0.84013168701975516
v 2306.0097514195331 7765.1068715101919 7697.0957739164505
vn 0.25066975875880387 0.84376287138717387 0.47458285779437342
v 2826.8233471926678 7293.4327473146077 7681.0763347293159
vn -0.84907576143367136 -0.097860553284420393 0.51912779106564733
v 2016.9028452097627 8003.0426661911915 7682.2896713300324
vn -0.61899827680928377 0.61649505956771955 0.48659528854658196
v 2014.8314745360026 7988.9915008477001 7709.9987688414867
vn -0.54195435337927711 0.83876728711842752 0.052487302400131317
v 2248.381048019784 7531.4374456513387 8085.8376852212559
vn -0.99798080318564453 -0.049239542661198968 0.040122112499864693
v 2551.2325073525426 7597.0629722247904 7696.1650888352478
vn 0.81005306068708027 0.35738818538555445 0.46485236776670702
v 2036.2910255819152 7735.0876418236003 7807.1913074446111
vn -0.42906923045776418 0.2922492570609484 -0.8546870580637721
v 2186.9342841256494 7649.0807731264131 8044.0696489695774
vn -0.19484475878900298 0.58208203230965183 0.78944032556914701
v 2358.823021103839 7551.4094355536363 8044.7992926584411
vn 0.87970757705115521 0.36173244369174179 0.30864902083043538
v 2570.8021053453067 7547.7082268948852 7584.403119753495
vn -0.32861300485977951 0.49301728741385009 -0.80557274491390019
v 1781.8105900157561 7751.5970974430511 7793.4687323186436
vn -0.75184111279668164 0.6041889420815828 0.26398989256216815
v 2340.5364406407434 7684.7143865066982 8016.1655066255016
vn -0.97759679428851531 0.16280698671246782 0.1334106175475725
v 2597.0068784494906 7466.6450044552876 7570.8439604445803
vn -0.73750542751036863 -0.60539630137280831 -0.29930095669220974
v 1469.6862328025272 7741.1835183802541 7501.2850665204242
vn -0.42882471159971447 0.3540902883321323 -0.83110133824359167
v 2844.9631037435538 7319.2000989186163 7696.1290480746684
vn -0.50810333625043969 0.34241114229292702 0.79030728791073768
v 2146.9229584336736 7686.5329394090177 7985.7987521446803
vn -0.1991201084458131 0.74934207402110842 0.63153593604344571
v 2049.1496101598605 7967.2023443653015 7738.1703349869131
vn 0.65314002080771605 0.44517342728035569 0.61255916682615896
v 2752.912538063506 7322.9424750041617 7584.8086241799756
vn -0.82831377386141092 -0.56018717941713414 0.009306774314596299
v 2365.0608164458445 7705.1837138828587 7793.4846158452983
vn 0.35910376310158415 0.93252430320986124 -0.037985671630817515
v 2362.6377030516596 7694.5421289586238 7974.8149540496051
vn -0.38007532553073331 0.92495533071802627 0.00061894992828949208
v 2125.6771686873408 7701.2482693620896 7807.6141515509107
vn 0.59614333003246212 -0.79288906240893753 0.12625396932406857
v 2965.1052537296255 7301.5158808352589 7571.073658068266
vn 0.83944773668064898 0.42634570039613601 -0.33698195965876876
v 2474.7601678912615 7641.153556692414 7712.8626946284057
vn 0.57660652240265109 0.69368312366305085 0.43165801541010845
v 2152.8053735331941 7646.9591651362216 8044.0312610541232
vn 0.037707578151792889 0.77211033489081793 0.6343687959733797
v 2906.9048801402314 7278.9328865361422 7529.0291406661518
vn -0.31348839005023194 -0.84464690950142807 -0.43393159319574759
v 2046.6849476205552 8036.8983991030036 7682.2494111643618
vn -0.80501276820751277 0.48572047142843783 0.34063186383280925
v 2288.2528053170863 7543.5643063009047 8013.4681405957936
vn -0.38678563647679831 -0.64934311593906591 -0.65479033987818025
v 2302.4015719427916 7600.696666055308 7722.8281769659734
vn -0.77588888508209841 -0.31123757973701172 -0.54875095167617294
v 2432.5744900748446 7656.5529337177995 7770.2424325082329
vn 0.81002759108872557 0.33306274418101622 0.48262253378142972
v 2673.5248988042949 7529.5496075760911 7639.4911337019003
vn 0.38075139131664376 0.75361110108642559 0.53581590712645444
v 2975.177010483807 7218.8524387965426 7696.0975742722312
vn 0.26761098195898053 -0.93506809288502535 0.23244789524388462
v 2000.7504961298428 7960.9035901336101 7724.0294384156996
vn -0.51690679059698252 0.50583631346499902 0.69060625092368411
v 1888.5372091278441 7774.0199228043402 7582.2978382813799
vn 0.51503025130367575 0.80216560140192283 -0.30211618323016715
v 2429.2410512750785 7675.0453833839865 8002.1941695136711
vn 0.7128358777701852 -0.18389458737816189 -0.67679228135124669
v 2054.9719228093309 7789.105464949369 7904.9350099227322
vn 0.00090556615415379185 0.94745028126675501 0.31990177317027674
v 2611.2700096777626 7452.7899862784907 7654.4396018785501
vn -0.19717903226063235 -0.89290429637074298 0.40477443936027985
v 2800.9991686238063 7294.9047751210665 7556.8360780225958
vn -0.27121501767416401 -0.67715181191535312 -0.68403789208475674
v 2876.8244092367604 7238.8959412759814 7640.3729892943684
vn -0.21294425667424122 -0.85655078243879168 -0.47008031298167419
v 2763.0635635207946 7467.2454298143057 7612.6146884683121
vn 0.50011059522032497 0.86435631943826197 0.052702424949078661
v 2991.9070300810199 7225.2041499543539 7696.1382001361353
vn 0.46236800495381808 -0.78536289693054362 0.41160776003361538
v 1724.8784485975793 7742.3656058982706 7627.7577296143618
vn -0.2380716340671156 0.9538402383719613 0.18305927104392547
v 2780.1166074684006 7396.0286311927193 7553.3747543192485
vn 0.36632567589568088 0.40085997288573783 -0.83971232057033562
v 1848.7642187784734 7764.1312633264297 7849.2187260045002
vn -0.6373718029608918 0.16037867939302014 0.75368154016569433
v 1848.9255108432208 7783.0541681148479 7849.2678063931635
vn -0.60672911711633248 0.49870628069802209 0.61900874310108189
v 2310.4098364687961 7562.8872670359133 7988.4223351496603
vn -0.44489797442914719 -0.8161414827638257 -0.36875313213707872
v 2650.959853884292 7480.9075879772608 7542.9298643264237
vn -0.17918403334561894 -0.3109287543644681 -0.93338973205374198
v 2063.1987983383456 7622.9576528413309 7751.7108013796151
vn 0.92173054831155588 -0.38408705776531754 -0.053758053968313971
v 1716.340441618333 7780.3708811616507 7570.858830202189
vn -0.41551122780235372 0.90859717988446209 0.042445073638561405
v 2845.1161655635369 7234.8619708214646 7654.3147890091977
vn -0.17891120766600827 -0.88085745500637902 -0.4382703774283353
v 1861.4373451064803 7755.010944655528 7793.4585747864021
vn 0.41477820647306013 -0.18420465899554239 -0.89108230991268567
v 2597.1443849416573 7455.9780065968116 7597.8403388714087
vn -0.61005030069027355 -0.77470903866426211 -0.16632659450491277
v 2325.7765318337188 7738.1438557695947 7751.5783470273327
vn 0.20857695446807278 0.84216254520441247 0.49725034089445269
v 2304.9721028321364 7567.3148810697603 7988.4495466013359
vn -0.52963029188706112 -0.75849052975391207 -0.37971551217886296
v 1776.9732436497216 7712.8173980256834 7570.8654957133549
vn -0.11197429519385982 -0.99295322623842408 -0.038802676693022189
v 1790.9927220626123 7787.1212260898774 7573.7404960874273
vn 0.69157411682308489 0.72070397602016467 -0.048073068230517491
v 1828.9944554109952 7732.8977075894054 7821.4052025851561
vn -0.13646463946570397 -0.96483298006866802 0.22466580235387118
v 2373.4371452097957 7743.0162685861433 7668.2990023080019
vn 0.31156727850240806 0.91854840269013216 -0.24329953325481277
v 1826.1378497687647 7760.1079951574666 7624.1760291732535
vn -0.26446740117395312 0.54497142102661711 0.79565265284577846
v 2210.9378607460353 7675.1578091853116 7918.7897309431646
vn 0.26619838144478997 0.9502505812273021 -0.16174750258767079
v 2105.2907972975627 7660.7787689083525 7946.5840102396169
vn -0.36938401777035967 -0.92923265325711812 0.0090622037365585308
v 2147.3934303854962 7780.65580818949 7739.8003441007922
vn 0.58971416066093263 0.74309788498995177 0.31629533989521913
v 2368.3208058519285 7606.607977387117 7710.1417166646424
vn 0.031119738254399829 -0.75329214057325866 -0.65694939899625115
v 2431.2787083406197 7696.8681456710501 8042.6398958194768
vn 0.19252002190468956 0.97885365158932613 0.069148896853529151
v 2192.500911648156 7591.0045274254289 8016.1630901557592
vn -0.44494653748976265 -0.85129680157971932 -0.27805814930695921
v 2376.5147507784532 7702.0876915411482 8072.4479070515581
vn -0.62847924696810031 0.70106612188308814 0.33692748311501186
v 2799.0070651909336 7411.0925522697507 7640.4645236714059
vn 0.26322591207933915 0.47834306999667575 0.83779474013397548
v 1959.0796537348506 7785.0030362276884 7807.3071372711338
vn 0.12894397094393392 0.25215072863924559 -0.95905863345465348
v 1658.3169454866074 7596.3845330291369 7486.6510278448131
vn 0.29794091065244704 -0.94146472088851862 -0.15771934910433302
v 2007.4107125436567 7685.3756495418056 7835.3986337490032
vn -0.44163066078525659 -0.8241638022337342 -0.3545650667254347
v 2143.2474342435939 7701.5024856380314 7973.771070719391
vn 0.17531768345068199 0.72503447374606389 0.66602456542477073
v 2505.1691972034132 7630.9077757800469 7654.5226134906807
vn 0.47916716705866175 0.87148940253042562 -0.10442723442731856
v 1802.8595578280251 7750.8323189005969 7807.4787572883915
vn -0.85552445081589368 -0.14475301466846263 0.49711616228056349
v 2641.5382841819992 7522.0364501136701 7543.2680304411961
vn -0.071027872364248845 0.66969193839723218 -0.73923456966863099
v 2278.6257330523222 7584.3482828636788 7960.5697849868848
vn -0.13510243471882788 -0.83069091134319573 -0.54009253091008014
v 1733.0916394675735 7708.9264070359623 7682.199342017655
vn 0.78390293430797831 -0.55755709912333695 -0.27317809355896561
v 2704.9617762162234 7390.9705321541405 7556.8071851721797
vn -0.46765576724181762 -0.27756577960299467 -0.83919921434594336
v 1723.2899010280214 7710.8327810542096 7668.1848842313038
vn 0.47404550532706541 -0.87244812747680855 -0.11880708624243561
v 2995.4345646877573 7258.93888334649 7626.8554594773814
vn 0.65598416420149175 0.32983638971554224 -0.6788908103195147
v 2262.872530501003 7494.9352030821865 8071.921211054866
vn -0.59836521057597503 -0.64307700352580655 -0.47792367833016891
v 1706.9627268109753 7718.8027569147016 7543.097115599975
vn 0.017569205509930911 -0.93008006931401199 0.36693648998510953
v 2624.1579830569535 7437.7539576832205 7597.2875615720623
vn -0.45813359897113282 -0.88000418875234321 -0.1253245118565704
v 2002.4633180343162 7582.6503594005808 7779.6072849982738
vn 0.32366108201839278 -0.94003665447623785 -0.10758527886195828
v 2076.4104566081951 8099.1869928517008 7626.3674775130521
vn -0.98154136543514048 0.0033271126317862935 0.19122101940230116
v 1786.4717088130042 7733.935362174997 7598.2446396887253
vn -0.082131563177716096 -0.81120657008919383 0.57896313092813656
v 1759.0122128000912 7714.8940362039702 7556.943568099764
vn 0.082001131636332533 -0.97810007282398126 0.19130097216711492
v 2868.9267401147226 7244.8901525054262 7612.6238795661193
vn -0.21890625686685214 -0.96160996514843056 -0.16548814347794805
v 2834.0787774842088 7236.0382437823555 7654.5548745204987
vn -0.3110204784246855 -0.93554286331139391 -0.16740911835260994
v 1818.3648494904555 7720.9501253863 7543.0756873051087
vn 0.18519058806563721 -0.80956873380494754 -0.55704839227607295
v 1801.0391468564831 7764.660320529686 7529.1637097575767
vn 0.51401392274880098 0.38008991826011385 -0.76897421364920271
v 2193.933257533623 7682.9880946579733 7987.8013463893712
vn 0.14873812942333495 0.97137459311995322 0.18522518375397135
v 1946.9170226486317 7640.9925211871414 7807.5449546800919
vn -0.95212437886992307 0.20673437854862806 0.22521115400369443
v 1836.6555396986423 7765.2207971266962 7626.2420858002333
vn 0.26568098292201681 0.71688997693070844 0.64457922421520797
v 2820.9881746801257 7222.6744636409639 7696.2956186972351
vn -0.87655558769726316 -0.45644868753312423 0.15265941610655293
v 2292.350231746299 7781.9079703226816 7682.3926606499981
vn 0.39032745253612544 0.84888452133084868 0.35642607822878886
v 2051.1092497893728 7848.9779778754064 7652.9741979439405
vn -0.87726198271368949 0.12356707598377019 -0.46383465956962228
v 1596.1894783220359 7578.3965335148805 7529.2224014618405
vn -0.73325416167321966 -0.59958721315372832 0.32067664120021161
v 1822.8630519737289 7718.8046905320325 7779.3816255028632
vn 0.47316949182653406 -0.81238983065873893 -0.34078350172343308
v 2403.2524124162974 7638.0774589631992 8031.1333150264873
vn -0.057768299572836627 -0.85805762395051965 -0.51029397169166291
v 1995.2002305014273 7577.2935403550719 7849.4895430716915
vn -0.81375976994213017 -0.29804507615348569 -0.49896309423082036
v 2341.0912151908988 7594.9165910993179 7974.4711292700422
vn 0.79397705669028584 -0.49056427565806737 0.35909208414765492
v 2029.0862898202577 7652.543421781128 7904.4657345365522
vn 0.21726283205785521 -0.72737918921078348 0.65093500206185206
v 1695.6664214274933 7775.0087850186828 7487.2246071170175
vn 0.15251848001398643 0.74736833262889579 -0.64666737093944016
v 1904.928762675569 7738.8137953766218 7863.1665865803034
vn -0.35911714576914816 -0.91589671585587062 0.17935462497256938
v 1898.8397902990218 7775.0438632317309 7640.4881062619324
vn -0.41917437617937997 0.72583034715670813 0.5454018238885896
v 2049.2018209673734 7670.8866200207785 7835.2811764864018
vn -0.038269465427722645 -0.99322600301158925 -0.10971579174165801
v 2419.4421624952229 7631.7057189737097 7911.2500058282258
vn 0.94028687616448148 -0.23786490050833958 0.24347665107561939
v 1983.0678439031271 7580.7997038250014 7793.503523746549
vn 0.22308111512040563 -0.97409353623967432 -0.037102543480501474
v 2550.4283933451279 7643.3810159737332 8072.2050315496144
vn 0.82701624990128431 0.47593336342199211 -0.29921824139087261
v 1953.4355685112168 7789.6884072752637 7625.6290384172344
vn -0.067935183324526166 0.99122999274628654 -0.11334863187026004
v 2436.120954361937 7691.2995317370278 8080.4538002874287
vn 0.24875665754988077 0.89696827539620527 0.36546961331603017
v 2135.1445574917771 7721.6891774721207 7808.4862984566353
vn 0.90245233699943861 0.43034109340362547 0.019655095329814187
v 2126.2360305934731 8060.4253316466402 7682.8361952947762
vn 0.6757798531780933 0.36083166945922435 0.64274574783024718
v 1998.8276051141875 7981.0357648863464 7682.1801182281069
vn -0.8024034489193036 0.47881877693963881 0.35620399213433179
v 2474.4779965483831 7686.0774319188822 8055.2217249289324
vn 0.49560584790473933 0.86587291327022586 0.068109776005772713
v 2207.8295346559607 7802.0157181070535 7651.3890944228624
vn 0.18969231123208674 0.96009366118815709 -0.20551639546700279
v 2107.0474094149868 8011.1352302902669 7696.1878692216178
vn 0.42395423158608803 -0.01104178708627182 0.90561630310976138
v 2017.9673544564394 7643.904588685009 7905.8317241722425
vn 0.37664871757164792 -0.27596143118279798 0.88429691396678234
v 2534.3796326249071 7599.9489498456196 8057.6053515835574
vn 0.52059966729536755 -0.43090413982871689 -0.73708724632191691
v 2559.3014957582732 7631.1120081066329 8072.0650147706201
vn 0.77067490777753456 0.13476366246106944 -0.62281533523362087
v 2131.1473867094819 7709.2952496841644 7849.2858074382657
vn 0.83358413835992662 -0.34580364763586791 0.43076364929792671
v 2009.5189714838234 7813.0338335250617 7654.851313545023
vn -0.49757378934388125 0.85136412520955218 -0.16613082334156121
v 1505.0556347529291 7695.8704736162417 7501.2106850488635
vn -0.35948693309432989 -0.35956151984608958 -0.86109503446507152
v 2326.9928547308082 7699.026415905355 7835.5358453695735
vn 0.14233065585567567 0.8094286050686661 0.56970809867886418
v 1831.1486744998529 7742.0823070912465 7835.4379087081397
vn -0.58040646981645605 -0.54137296739124463 0.60831212380914923
v 2937.1580333702796 7329.2730444185599 7570.7875883575334
vn 0.25678125672133228 0.86632879807644314 -0.42841311816987915
v 1992.7973728180541 7591.0641395404227 7863.1036346332257
vn -0.96042798673320096 0.2400836285435661 0.14120174788211781
v 2129.1783458990467 7978.9019683611841 7640.4292580610709
vn 0.41698693081658988 -0.39811427788251824 -0.81708440278482952
v 2451.7054080519865 7690.6978953282351 8071.7193654880584
vn 0.32385887549201975 0.90706418504700659 0.26897954005844793
v 2629.259393508084 7557.855701037347 7584.3615287093353
vn 0.021228014087825101 0.95882794672725824 -0.28319311431014182
v 2019.5328123328109 7703.0169042446232 7655.655594345244
vn -0.47580137127263017 -0.87906509027836588 0.029285186510815995
v 2308.3476384149872 7697.6698503054322 7877.0674680934953
vn -0.1546075564491515 0.9664329226250431 -0.20519237206884647
v 2488.6472758404998 7640.5535899239549 7640.032602548762
vn 0.11789947865213131 0.893576093334566 -0.43315295030103484
v 2039.5449149806518 7993.2901788182271 7724.3378261519802
vn 0.010334889559313262 0.79121173216192475 0.61145497376922486
v 2339.6755804892491 7703.4265209418118 7989.2406447091953
vn -0.53201675513528368 0.75608272004883748 -0.38117855750143509
v 2289.1506370291099 7579.2638663351981 7891.1048641818143
vn -0.45555123483491827 -0.71413386803958812 0.53149401780189165
v 2049.2081923673436 7941.5051243597973 7640.5474903146169
vn 0.038899230038923836 -0.30704251227014506 -0.95090049193446979
v 1742.4018605951806 7724.830250324484 7529.3212104468594
vn 0.29973187372898136 -0.9058348068658113 -0.29937285538487335
v 1969.0921548745064 7736.7718170514745 7821.3060766737963
vn -0.078621483934663394 -0.40700496143870624 -0.91003605622425143
v 2450.8138103895344 7559.023948129302 8099.6603585734219
vn 0.25058676645400174 -0.94472909930739468 -0.21140766636989877
v 2594.5946679949702 7474.0957411304407 7569.2336023648968
vn -0.83919772310906604 -0.33321575716748358 -0.42978417921540574
v 2398.6437340422899 7703.4899838694928 7751.9073297203904
vn 0.53701430404344863 0.81929858214386908 0.20091159884331275
v 1976.5752769937881 7698.9810253041878 7904.6735299776456
vn -0.83318678344369279 -0.33639003001574752 0.43890947996227819
v 1793.4315628212862 7728.404925628769 7751.3774895052011
vn 0.2360896766829188 -0.0036810017857690155 -0.97172429978343555
v 2020.8845369660012 7693.6515867510279 7821.3444771157874
vn -0.63026106413400351 -0.73108369762384395 -0.26131899683207371
v 1661.5919534666782 7641.5547241541644 7501.1764449040566
vn 0.56131313063173405 -0.28584646602807201 0.77667198175269858
v 2197.1987153597802 7732.524485316746 7750.5091438993059
vn 0.84509322707809664 0.520799781787604 0.12076847617119645
v 2085.6953951454489 7966.8095379266888 7723.9676886306115
vn 0.7826727728892221 0.40278383144904417 0.47454032041663657
v 2109.3833517884486 7842.0063051543275 7723.9469844286768
vn 0.85307530249378061 0.27481873002106605 0.44355066667152387
v 2815.3452101006551 7378.7483579795226 7556.7481902797335
vn 0.47218436971396105 0.43634009314467459 -0.76593031283030311
v 2732.3188455721465 7489.8939330159119 7612.3991466601237
vn 0.52003637931763291 0.85409505720215362 -0.0091540946606967263
v 2067.245722163756 7724.192221347239 7729.0409967212145
vn 0.094722287475515476 0.0908034236053996 0.991353835175385
v 2137.185115032878 7727.1665861864631 7849.1302965229643
vn 0.98584332362939475 0.15199798983517138 -0.070778191142579966
v 2880.8003493121269 7384.5132454590521 7612.3096524581051
vn 0.56469213965270926 0.72911870077175811 -0.3866635586648276
v 2034.2390011661992 7997.0591990548146 7695.9978475274547
vn -0.62243736719819354 0.71549365203760884 0.31723896010620506
v 1783.664675681325 7741.4868942124449 7751.9055211989526
vn -0.353172293080321 0.75768378243234147 -0.54880289470757015
v 2230.9906765999622 7665.0738586498137 8030.1682518661473
vn 0.043904100424607399 0.73805961447338342 0.67330560331049272
v 2929.026964010302 7314.3609869606935 7695.858482268859
vn 0.34139114841788776 0.68266226614604286 0.64608382905182282
v 2093.1644399377442 7945.9949851021356 7695.9546356149112
vn 0.89910611391078743 -0.30866596813616787 0.31037641025503926
v 2357.2935860203324 7582.3117574612988 8002.1650180438064
vn 0.92406403433727324 0.29198504575655015 -0.24667872526601883
v 2335.5918582768645 7559.9985071645642 7883.0126514671574
vn -0.46172214270380846 -0.85260550414584146 0.2446967863238492
v 1838.9070873195724 7755.4690908006196 7631.2573348180495
vn 0.42909497044371253 0.39323187920442843 0.81317045907808483
v 1481.9925842833618 7753.1195949620214 7515.1975269837203
vn 0.045474478395479412 0.99608710443378135 -0.075779629158398518
v 1823.5297678355546 7768.2560289730254 7543.6287132936413
vn 0.45930985677189134 0.37201216529036218 -0.80662345883823694
v 2002.9341192727607 7695.2061542328593 7723.634376847529
vn -0.73797978203264314 0.60257571719240133 -0.30378997080403392
v 2446.8352214062907 7608.9951964597858 8141.4460378788972
vn -0.25619770380707529 -0.17695364077497339 0.95028950619296215
v 2216.861626915781 7571.4804917278816 8071.9079011821723
vn -0.96578464560669341 -0.1723236215376715 0.19381586047198204
v 2732.4900083981875 7347.0006967149166 7570.6880587269216
vn -0.68159129606500535 -0.72531425061127386 0.096708546616275731
v 2074.9168239791447 8075.3806385724047 7654.4575701933918
vn -0.7987938050049378 0.6010101858467074 -0.026743477601830063
v 2102.9751552987273 7987.0085715759978 7696.2614546948207
vn 0.54754207304860691 0.11875753792387821 0.82830811020289596
v 2220.6749671131993 7806.7917947063243 7682.0752475413519
vn 0.062859869646457012 0.96174704409983447 0.26662944314771642
v 2207.4687970120685 7682.399726351141 7710.1808176372379
vn -0.63781395815124742 -0.65686438056604946 0.40214741119522185
v 1702.8693582598085 7740.9187549809321 7584.8098660506566
vn -0.91210028678433042 -0.40903882130753338 0.027573710509936726
v 1711.0810746934121 7725.4740589202456 7639.2843860741377
vn -0.9258132289557931 -0.25735701698659191 -0.27683430224271599
v 1699.775716473396 7744.3237075047473 7612.1000287695006
vn -0.87850279776562257 0.23066360878896536 0.4183624432216933
v 2381.8394408459881 7588.7296891029 7960.8370214183706
vn 0.56996040895562794 -0.61958595913757164 0.53968358457776811
v 2889.0261827749096 7321.1411949721796 7556.8428283525254
vn -0.039722127321230247 0.84102990098928154 -0.5395283664859849
v 2784.9083989249666 7428.9926144742667 7626.7329631613029
vn 0.27619558981344056 0.6213068276366599 0.73327608859124505
v 2019.4654013098489 7696.8374790282551 7695.4524794038698
vn -0.73712215486834987 -0.3861461068116393 -0.55456479603059439
v 2075.0603407228145 7871.0599476505158 7654.3087270635206
vn 0.42334723852002265 0.21262554434060829 -0.88066309876781546
v 2262.7015638858393 7657.1071472315962 7919.1045152580464
vn 0.38016339330279497 0.92238202121166513 0.068463138534453058
v 2234.8424184929167 7687.3544293277319 7835.4442208512028
vn -0.56022465458545312 0.82098987144384439 0.11010888874759187
v 2408.279985430021 7708.3816793704436 8016.3574228700463
vn 0.31691988865509774 0.94808876968973832 0.026257741011723196
v 2625.1041522527157 7565.0788527665609 7626.4962470642467
vn 0.5331719468029984 0.83748437784722429 -0.11978143430493851
v 2129.1434719245008 7710.3124912138874 7863.3002729079626
vn 0.96639291683428719 -0.24374912096527881 0.081676779571506306
v 2469.5501920527713 7563.0385776857183 8084.5873029908716
vn 0.3514153774269535 -0.93037034726578238 -0.10449042748701613
v 2875.7968247375848 7321.2233810893285 7556.6519655498896
vn 0.28826562708582748 0.83662540716285783 -0.46579057131976914
v 2276.2269751004933 7618.6744389977684 7722.9991823483324
vn -0.56578445118735232 -0.5237395564882662 -0.63685542453849042
v 2533.7735583242811 7491.5676083818844 7675.7828112528678
vn -0.5071872935270122 -0.74337826584941691 0.43606169649197357
v 2210.965046421325 7655.0859661998084 7890.7463445880903
vn -0.52660351907126346 0.069403782462456626 -0.8472731842101846
v 2250.0525873127363 7509.1442390926622 8085.891849917969
vn -0.87523633082998831 -0.19258983111859304 -0.4437009377328055
v 2327.6758640848457 7545.1722212574241 7838.336233982016
vn -0.62028108934935022 -0.77654749535517265 0.11056833928928998
v 2371.4722302046575 7630.6530739532609 7667.6120985389261
vn -0.53256708907794437 -0.60508629727037 -0.591813204048945
v 2293.2693348421117 7633.3274531162497 7680.9914096647444
vn -0.27543584881588684 -0.72739660389356475 -0.62851354307698115
v 2072.7807596514212 7715.1136219388572 7779.5026631282999
vn -0.090259586032013187 0.75079907999999229 -0.65433473742458059
v 2469.6466451015731 7664.5351941030822 7668.7043678367372
vn 0.81965875761487228 0.55742350976646959 0.13205510904495332
v 1613.4472380666994 7657.9374041474948 7487.0994912982715
vn -0.18973266907481667 -0.13604396392820786 -0.97236492849364253
v 1998.970639823001 7800.7155120796679 7682.5128013594131
vn -0.93333222574554664 -0.12638723111651209 0.33603158214008017
v 2213.8215088757279 7556.6194224171013 8071.9458001987914
vn -0.92820454923019469 -0.32570011917230018 0.17987703344096112
v 2338.8810892256479 7662.9238609918457 8057.9178320850897
vn -0.92579363614144228 -0.33103227092975845 0.18254801802017381
v 2303.1632891723912 7660.5982830391958 7974.6560807655951
vn 0.54164344248686691 0.80797504986970892 0.23194546772682909
v 2042.5005666681209 8005.1714291729286 7696.102645805986
vn -0.5740489994272383 0.73500506788575848 0.36088127748449089
v 2608.9448095294265 7454.9169212417964 7570.7566736032377
vn -0.59457547397174537 -0.73554731515486516 -0.32473089307878295
v 2546.4220456210314 7533.8445837254476 7697.340583901846
vn 0.20044638926666564 -0.12899195180411613 0.97117574176856425
v 2033.9020261925471 7788.3843102411038 7905.1044481131521
vn 0.040398532043217493 0.93782046530391139 0.34476185036327389
v 2017.6912689776364 7709.5883630317403 7723.0909843018635
vn -0.85764192066660883 0.51411925481857601 0.011477270585036546
v 2279.5465720870197 7668.9830727557019 7974.8823401185437
vn 0.3590360829778203 0.93155131978628747 0.057491127353442639
v 2251.5739266923356 7543.2131176413968 8086.5966598903651
vn -0.71356424078049474 0.63285473791299285 0.30053444890799674
v 1528.5524559235782 7718.8778737072189 7543.0803030170882
vn 0.42215837541824852 0.65142434317254361 0.63041940895442405
v 1986.9181377243685 7906.9290205966981 7682.1832708619704
vn -0.80786327567225302 -0.51088879457947234 -0.293852969005302
v 2808.8630653501496 7325.4628610744621 7645.5053958253648
vn -0.4294187588381746 -0.070500995063230668 0.90034945396383514
v 2650.0309569518045 7416.8785030612116 7610.3382673178985
vn -0.49131645393810863 -0.87071170957434274 -0.021662430607107295
v 2210.264117408145 7633.9088425466052 7905.0814225005724
vn -0.67698752506411541 -0.73219479410659383 -0.074690524102902986
v 1730.6709298435944 7726.7460415689256 7570.6578330903367
vn -0.28391768791228206 -0.93979309546101042 0.19020957971236915
v 2103.3860739263109 7692.7306412700491 7821.4623967172629
vn 0.57345180723901379 -0.78514364455372054 -0.23388561775194699
v 2392.1163523191904 7686.4687632947589 8086.6455934039996
vn -0.25441836134536794 0.77774709996419822 0.57478756589510294
v 2165.1481315025148 7972.8743348791859 7654.3794093091883
vn 0.71602250906764808 -0.68854672131905637 -0.11495729237089526
v 2958.9938088468357 7315.0551060578582 7654.5782308599246
vn 0.74697167564563505 0.61567569193788152 0.25095170479588869
v 2115.1082145495448 7714.9465311594649 7779.4246980630578
vn 0.28268163032003391 0.65750985069968848 -0.69840668103368053
v 2284.8200217870535 7649.5444946869975 7946.3476837473354
vn 0.16428839464647921 0.92115639930399718 -0.35281753273580019
v 2129.1008704382402 7692.9137392868579 7835.2823333369843
vn 0.7003928335269517 -0.69858933963791126 -0.14636534182775279
v 2562.0057670072638 7590.1392681181733 7682.1893652659801
vn 0.55470786450193676 0.82938531961241091 -0.066476888247871541
v 1959.2026040066794 7713.8265507896267 7847.5644832813623
vn -0.50145717807026613 -0.8607969710328911 -0.08700157022953936
v 2696.3581518430256 7391.3224782626203 7570.9196999825499
vn -0.75310856857835784 -0.65783798872919919 0.0087558276923910064
v 2817.1289974098245 7357.8772450308934 7653.9733248294197
vn -0.5598623591696994 -0.15073186318803575 0.81476011451518771
v 1859.4595353890436 7730.8902621331927 7557.0187214501257
vn 0.28686785376191543 -0.62720260987158927 -0.7241020098358375
v 2043.0010386023623 7676.9932044196767 7932.8059936124155
vn -0.34628940255229496 -0.43982657650693036 0.82863516234719847
v 1986.1878303158737 7809.0687025318339 7835.3233277367508
vn 0.14965400663598866 0.91903231124559182 0.36466873897330615
v 2471.0633389775758 7616.930457535258 8030.0291106663644
vn 0.10342064000933039 -0.39635190953205929 -0.91225508221678364
v 2465.3337982625781 7616.8365317852113 8030.006322982852
vn -0.012031958553384521 -0.42257546501075727 -0.90624787356678072
v 1792.8523017703919 7751.2376663896539 7779.2740222230932
vn -0.55473514842941407 0.78984080604162143 -0.26157296536247349
v 2024.6411849551296 7756.3581552693358 7696.1350216384226
vn -0.90261641946008997 -0.18215686953299762 0.3900031720422098
v 2321.4227982623925 7763.003356531246 7696.0411452592207
vn 0.33765585473228982 0.90727816277687623 0.25066882357649306
v 2269.1949233552368 7673.1548466226632 7994.2128208472486
vn 0.45783427302136637 0.88457951216855346 -0.088920554983878256
v 1978.4912765789995 7684.666158498907 7765.6326022179874
vn -0.93291079772407015 0.35444404097456383 -0.063614977068775933
v 1966.4420154761901 7628.5918860402635 7849.0585236205752
vn -0.55979586141000948 -0.11068943411056142 0.82120426370331823
v 1704.829311815588 7717.0105790502521 7682.1426854868023
vn -0.95474182316791123 -0.29216093983091401 -0.055767699711661213
v 2716.8069442741689 7481.2722063336405 7556.8303278632775
vn 0.45443201438647529 0.37094605693874161 -0.8098707101397421
v 2254.9522808507559 7616.550005313411 7821.1096297719914
vn -0.81658254650504591 -0.54283023254556295 0.19628622819205754
v 1989.2318443450358 7693.6377442730809 7850.3176628104029
vn -0.51033000161396835 -0.82998846893269707 -0.22512758802831001
v 1874.9189865913359 7734.8818836513537 7849.3161705161674
vn -0.23725578409361714 -0.794099071943969 0.55956800913905891
v 1960.8847147580336 7631.6667008316026 7751.9564743885276
vn -0.95606895964326155 -0.27217536350762439 0.10887017914077375
v 2038.2320460923765 7673.0102439463626 7834.7969679860289
vn -0.23757882746980913 -0.93426524184053261 -0.26590366418445976
v 2293.1650618931417 7588.9971523299027 7779.3456558499711
vn -0.32795489254387244 -0.73326062626238664 -0.59562945060652384
v 2152.6702771082346 7606.8896002275542 8030.2425222012662
vn -0.35727649476231405 -0.89747950682942312 -0.25861949097384301
v 2424.5256405928012 7677.9818226782463 7764.4320387289281
vn 0.69245427292914152 0.54001343784690481 0.47842718029700304
v 2029.3171770022914 7639.6279442362884 7806.6684406436152
vn 0.97792003635155988 -0.038623858010121921 0.20537916178273241
v 2370.8306108206925 7527.1475090226231 7834.7068211288442
vn 0.40996537247348569 -0.75362264412644431 -0.51379110894656688
v 1742.4661508940062 7728.723902606318 7694.7177972133995
vn 0.90968818492348524 0.41324177160610592 0.041214614039949242
v 2421.2772541196 7688.9657301386551 7988.4726159268712
vn 0.88120977203477691 0.42605703845393339 -0.20480414462183158
v 1492.3366709171587 7729.0654590229315 7543.1081016780354
vn 0.0054061881387282981 0.5037293784562239 0.86384459621503396
v 2456.9274758839747 7604.5237486776241 8141.6814636162926
vn -0.22745483629888583 -0.27695667954309128 0.93357340102463959
v 2820.9035032468255 7275.0299612207746 7682.2270804048021
vn -0.94753664483307298 0.13767552046138476 0.28847834886550805
v 1689.9159589494229 7690.1133062067238 7501.4194061854832
vn 0.77631813399868022 -0.47718645023412337 0.41185342846425815
v 2371.3368944959475 7702.2490988394102 7807.619247504419
vn 0.44548218963446445 0.85543465868084934 0.2641536739211891
v 2171.3451036586266 7694.8465870549944 7654.3962360064897
vn -0.10221034570763607 -0.95641142034706883 -0.27355116570767546
v 2067.9101074331911 7676.6592559752144 7849.0050915519905
vn 0.24540512924747879 -0.96914290837723671 0.023202277498970289
v 2234.653608354176 7617.0424370105102 7889.0407472343231
vn -0.59752071586175726 -0.79262420003698197 -0.12130899237809109
v 2314.9413038782368 7482.8421695622392 8072.083961848999
vn 0.29327159563999877 -0.90885270281729824 0.2966117593293644
v 1720.8499497027515 7714.9947845178367 7737.9436978396807
vn -0.87670555466080635 -0.38849948909182197 0.28364681807184278
v 2012.9095032192708 7910.9463348074933 7737.990236136442
vn -0.37923181357504598 -0.1145867788968026 0.9181792317813755
v 2310.9661864706814 7500.8780856260146 8043.9510616583102
vn -0.10526915132895188 -0.79356520311325984 -0.59931016526193925
v 1944.8780027532889 7626.897567334312 7793.4625429639027
vn -0.9688557345819252 -0.24403153227153712 -0.042037802332230263
v 2591.2468508930742 7563.3970919939029 7668.7728250826949
vn 0.6319098212327614 0.77486463756352253 0.016576226444221909
v 2279.0886628092831 7603.1972733905204 8071.9204423664196
vn 0.32981737051439852 0.49924759847944689 0.80123176267511564
v 2444.3133368298077 7643.2947406688763 7738.151571735023
vn 0.82369133168150255 0.31795713970495093 0.46950596100944136
v 1977.6144943510226 7781.6333114297086 7612.8685534001706
vn 0.015495299991743764 0.5534165653018901 -0.83276047032002232
v 2315.2999910948638 7563.853032835802 7860.7634105970719
vn -0.70126337077377621 -0.71274082979483744 0.015172157208775183
v 2938.8533568370185 7351.2365129318205 7640.4939709725941
vn 0.7575841291262887 0.48434059805572366 0.43758481734514787
v 2095.2852596457178 7864.96091130898 7709.816573421228
vn 0.88293412920947123 0.44200239358415327 -0.15830731992865005
v 1920.2878236960601 7749.9803095849857 7891.1141054997406
vn -0.38233401037896236 -0.27685354629452319 0.88157405724742477
v 2637.6789057751616 7534.4898344764861 7667.9782108800655
vn 0.46535411391240411 0.47270756407674824 0.74832687211500581
v 2892.83020383236 7289.5194482974821 7723.9765109264445
vn 0.0032870731589487502 0.57212177167610556 0.82016210197999373
v 2197.6865560498409 7605.2482454863712 7988.180941037248
vn -0.43652146802752001 -0.8989527682355104 -0.036509292417293983
v 2266.9867087972307 7658.9495199268604 7668.2133415799472
vn -0.35869454309317506 -0.62585342708708758 -0.69256459089281042
v 2435.139833351539 7679.0701078258644 8113.6859359919099
vn -0.045039283168944157 0.92112617184650902 0.38664976207289087
v 2001.6636192289143 7605.4175187479304 7807.4067130340327
vn 0.92386888107609688 -0.38231033950568993 0.017466965570610643
v 2634.545137076555 7425.1614038704492 7627.0329129679149
vn -0.3825548874047523 -0.90075208316570166 0.20566342114091665
v 2952.8814617195494 7226.7989454769195 7667.9360770557187
vn -0.062033502371709473 -0.97038082620596433 -0.23347997069412452
v 2083.6628449056816 7714.7348986491688 7709.9694260669412
vn 0.34111840112677305 -0.9399065757350008 0.014624134258792158
v 2361.2433095786655 7551.1225334542032 7821.355137228933
vn 0.82635774723455435 -0.33085496068083547 -0.45570590140826039
v 2088.9161965813037 7711.0444952655016 7960.6021642864962
vn -0.23020250580880025 0.17071296851447204 0.95805213255872779
v 2421.1585657797641 7637.2885876795308 7918.6661958795594
vn 0.97222263517141161 -0.16350401019174643 -0.16748010721149448
v 2421.0568153690815 7628.8569791247992 7876.8540170740398
vn 0.90389817801105377 -0.29034279692791898 -0.314116449840454
v 2081.0369437580671 7984.9666820515895 7626.4116361239339
vn 0.13380366774071856 -0.27871419696444955 -0.95100734745300119
v 2325.0059037300198 7607.3477279698091 7709.6798371197965
vn -0.071377248590918568 -0.65741517185849041 -0.75014037365939845
v 2091.9199209387516 7846.5372293484452 7656.5810272876261
vn 0.38245364181494618 0.75842325411421752 -0.52775314255936545
v 1844.4776891508052 7754.5025274115224 7620.9455060159517
vn 0.49536764471126388 0.1510683070466517 0.85544682077805023
v 1986.9881301695714 7728.9947739838117 7612.496051443537
vn 0.2792029860078426 -0.31071352624602228 -0.90857184482685072
v 2041.1573343684722 8020.5359587307175 7623.0643125757415
vn -0.71062278586779226 0.40359853991817324 -0.57630154848084247
v 2313.5331643685058 7693.0172814460093 7849.4205163723345
vn 0.21739406540427408 0.78221979528808405 0.58384245493666354
v 2257.0977429812719 7660.9080473349159 7918.3255930821433
vn 0.31501204874648003 0.94908766555634616 0.00011060447801972016
v 2372.5830318490716 7705.0764526232633 8058.0744675224159
vn -0.16753183530551377 0.98405639617149787 0.059716775809903137
v 1931.066149917644 7713.3193731557612 7600.3510362456127
vn 0.40002347253322273 -0.83457706618088146 -0.37876423013185212
v 1807.8993329577188 7719.8370569612534 7542.9280003870208
vn 0.27419606332115037 -0.8074547463463122 -0.5223345206493597
v 1980.5232457709462 7683.7982431872033 7808.3985587254965
vn -0.37996535846907142 0.89252953737533869 0.24293487044068834
v 2236.8352207732241 7629.0921544613448 8057.9643464989877
vn -0.093002734795988473 0.53854758473622422 0.83744670892854212
v 2009.1479938132998 7570.7697611575659 7877.120593874818
vn -0.62686267423749675 -0.6666263698371927 0.40330195968467625
v 2334.9540483518672 7557.2460309081353 7877.2733982158043
vn -0.40461467522678829 -0.8677473738625946 0.28861992264168301
v 1966.9803074709789 7655.1925302993841 7835.3835407392826
vn -0.27535204133342989 0.91729872186914951 0.28765310391292104
v 2390.8675122759596 7620.8447796935579 7667.8159360852405
vn -0.59391003181865287 -0.78304727259874796 -0.18468308796646449
v 1977.6079443905319 7692.7459310329732 7793.1734244998297
vn -0.41410385247620174 0.88294061364684151 0.22121001816668948
v 2110.1202141090789 7843.7739079129342 7698.6293261945666
vn 0.83478991151028759 0.54868070780214728 0.045555290871431099
v 2486.5013087348016 7677.3658439266401 8072.2913665451279
vn 0.25606990739220087 0.96633459658986864 -0.025012995855062493
v 2339.1135227758323 7753.1425965142917 7668.0634205605056
vn 0.31090192257959731 0.93619597405267063 -0.16394234567030389
v 2496.9692363591748 7589.1863372453372 8141.52568111242
vn 0.15606447281609306 -0.20991281134031231 0.96518417514992516
v 1961.6917756392477 7708.4479830669034 7892.3842655383833
vn -0.64278938266316921 -0.57374367855390151 0.50758250645086178
v 1834.3381382146845 7757.5984311321008 7633.6531480975545
vn -0.0057763803936890269 0.24560233451667488 0.96935345808920836
v 2841.8894004297617 7398.7416527475598 7584.9631997284578
vn 0.50500750805413119 0.66834919852189345 -0.54614720144307183
v 2386.7089802609962 7600.4748684875203 7793.4882860945572
vn 0.4697533505289031 -0.83500409901244754 -0.28653087843944547
v 1653.9946222612489 7666.9266781126353 7529.1851622039794
vn 0.5489674173291581 -0.38467410104289995 0.74206509869268922
v 2003.757053351299 7813.6857139658168 7682.2850627165399
vn -0.79476822728475549 0.59393124959393595 0.12485646020303856
v 2043.2856931910092 7701.2473807780407 7751.7823562744416
vn 0.61168537654070587 0.73176918178726835 0.30059085932983204
v 1740.5685666832214 7724.6949300595015 7613.4142030247749
vn 0.53852612509270847 -0.81150568751679775 0.22682180609571442
v 1785.5669900808862 7712.795564879345 7778.3552758406149
vn -0.43389661219864362 -0.7687200815905405 0.46989697390169755
v 2043.7113593206359 7889.8725090240041 7655.0284602012971
vn -0.49062209750360231 -0.32674941521573431 -0.80779005756281841
v 3005.4686549962589 7272.38591649921 7652.386129378674
vn 0.45598073115462179 0.76979738876667791 -0.4466470117035381
v 1746.1709600864629 7753.0838275210917 7501.1388160429933
vn 0.45670887894390189 -0.13363993869403604 -0.87952110075862244
v 2134.8933714137393 8056.7385662362321 7669.7175755787412
vn 0.87881957339638583 0.46247587461501555 0.11744029467976853
v 2401.2994548031929 7669.3526332335077 7815.9954976267327
vn 0.96116601139008839 0.22034373599328999 0.16615816728944682
v 2456.2473673206732 7691.2483083014531 8042.1036741619755
vn 0.34175976423968429 0.91813028533392105 -0.20059173138364469
v 2002.6388507005177 7990.7921262009404 7668.2613020744466
vn -0.87488628408971847 0.47394327011480741 -0.099758541612070359
v 1537.0033971074008 7645.6808459089807 7526.3094717649201
vn -0.77322954571080493 -0.60139222734695819 0.20110559049048568
v 2199.7494553242141 7601.2826410041416 8002.2489573541725
vn -0.51178936347610116 -0.70712227946051776 -0.48790340163119233
v 2200.1931894389754 7664.7575227437137 8030.0561667467964
vn -0.13445135021371038 0.7035424022206791 0.69781868898967347
v 2955.0814945827469 7327.0595011727855 7640.3900559741542
vn 0.84985482654868505 0.52031406755977139 -0.083785708156642616
v 2950.91918285987 7331.5878370889914 7612.5549584703067
vn 0.89747658388781626 0.43124247353807804 -0.09255112311482544
v 2659.0030310060829 7501.0398220510397 7668.3997669654382
vn 0.3733108825148746 0.26326515815542001 0.88956755870331017
v 2701.0665368059126 7525.0831178668159 7584.7816617429253
vn 0.54710653440117119 0.83404473002946167 -0.071019914993067701
v 1591.5039851612892 7757.207660961054 7487.2229071415977
vn -0.20489536407293049 0.91054544579173446 -0.35906111029928156
v 2496.9307197396774 7635.1966741905635 7654.325521710306
vn 0.56585569590807794 0.80678140591211267 -0.17003262770086064
v 2146.9078440537915 7618.9240183462616 8002.1173717986912
vn -0.51163691886267582 -0.66444439875740369 -0.54473966646153094
v 2093.1266521432617 7881.0515580559859 7696.0718591497734
vn 0.98377322456062921 0.16674614057822143 0.066226635426011787
v 1990.9303117252639 7646.9775007709031 7709.9159684996075
vn -0.5730762959478336 -0.25931996982667871 -0.77739096487661963
v 2553.0396712351803 7576.8096084316439 8099.6137262563898
vn 0.31729458186769044 -0.841773318711734 -0.43674000071259883
v 1818.9322346401605 7702.8913032696328 7598.7117736586715
vn -0.14679127801268596 -0.93709544113791388 0.31670878563428068
v 2405.1739174707 7699.0858633893513 7974.3262004660464
vn 0.28828726120086601 0.835764858712989 -0.46731954374898671
v 3037.1475764803076 7255.0597858661022 7682.1069146799964
vn 0.97337860751305127 0.14209269513357134 0.1798436888679478
v 1896.9791870124145 7728.9213284361131 7570.7215813595612
vn 0.16484415627503754 -0.61566316013884081 -0.77057464102436379
v 2080.9769903458 8091.0705078285027 7682.2798335976131
vn -0.35399643282908005 0.5970379402379421 0.71988347908583239
v 2128.5424341927446 7683.8534977962281 7903.9063397805003
vn 0.66630273909897808 -0.5176315079286492 -0.53674787551392522
v 2632.9363859693804 7454.9192029086298 7556.8024469878601
vn -0.38572618696111866 -0.52105408005704801 -0.76139211602717516
v 1843.6727402779395 7725.2189311967413 7617.8760506603676
vn 0.34045051563891882 -0.30684937332869427 0.88878394927506532
v 2269.4508440507998 7685.6147192146827 7877.0515196005454
vn -0.11674146849863457 0.89866649700068291 0.4228119637632124
v 2009.3901342591344 7612.3363490449738 7723.8986987554108
vn -0.28549025796899702 -0.69439276060138366 -0.66054069263686177
v 1739.7793874464987 7725.8614332016732 7570.8711590461135
vn -0.20723329141314728 -0.97551542883327524 0.073647885497851395
v 2832.6204263725695 7317.0681673693643 7668.2005373142265
vn -0.71263742824199916 0.68503983259992418 0.15122276158071379
v 1875.291303063379 7721.5470834356056 7628.0953392675428
vn -0.53329277003709452 -0.71273131754243879 0.45564557544256051
v 2844.9121430016357 7377.9740109891991 7654.2670313848785
vn -0.16503581135974801 0.65569398583845939 0.73676901258406902
v 2020.9456217677589 7624.9977179147209 7807.3310016348842
vn 0.84744077660651107 -0.5132728967294039 0.13562840273172894
v 2101.0934750081642 7856.9094268597219 7699.8516324216725
vn 0.83420476546234634 0.54986212186216998 -0.041881454381907948
v 2365.1969576556257 7642.7374297877013 8071.5624690964778
vn -0.74043101728121308 -0.65086708479329292 0.1677317697414191
v 2141.1303759949656 7723.001839505283 7835.2551725145704
vn 0.98579713661837398 0.088986596058033912 -0.14242679227244848
v 2295.0162619180192 7781.1541989083416 7668.3908041109116
vn 0.60566418082777029 0.78265281389265395 -0.14361571281770191
v 2420.9376705993709 7650.8741880012512 7877.613972397754
vn 0.87850734311336498 0.4246855033597971 -0.21878544588690549
v 2026.8622754193859 7720.9357617275218 7807.1500360475857
vn -0.73852425081783757 -0.14512526235530737 -0.65842280426808941
v 2389.1676557790393 7593.2978431104912 7929.1194296105377
vn 0.55903979684739391 -0.81013175958026162 0.17652489246622863
v 1939.083602653538 7730.9836787074491 7584.7345712309298
vn 0.49466618732878315 -0.48468132327057784 -0.72138018962700023
v 2390.9160621317096 7598.715735861525 7737.792092083173
vn -0.31188642409850215 -0.95011694178825312 0.0021576352764998636
v 1945.0302970828243 7638.7681157735051 7793.7575090442206
vn -0.98445776936229534 0.16582235265513867 -0.057843303001546796
v 2470.2177671593054 7677.1030383581674 8113.1529199056831
vn 0.15224607707100468 0.89110114032098731 0.42750425697895189
v 2802.9810950499377 7423.4389392774065 7599.0730314229222
vn 0.63806626515372344 0.76770139875502941 -0.059211515960577735
v 1938.7544155750511 7755.176994835303 7654.3427903247975
vn -0.28329813031107837 0.19773557062208177 0.93842571015131881
v 2343.4528704672903 7755.9176698546735 7679.9339270393766
vn 0.2643303108309783 0.96395700625538805 0.030271717281121251
v 2249.4010808061939 7695.2273837510384 7848.849666478829
vn -0.52793424134000089 0.74257780192939637 0.41214517454710542
v 2326.9703184972514 7693.6492234757879 7987.9575520767794
vn -0.71152275556637623 0.62892363955142716 -0.31335351270508766
v 2381.0497004987701 7725.421314099025 7723.4709361968726
vn 0.56993284931469868 0.79627278561331571 0.20279595203957973
v 2381.2993312623216 7566.9903402705977 7835.885234430104
vn 0.859161393419135 -0.42409528214784414 -0.28633003984568339
v 2126.8536762994372 7686.4312980676486 7891.2094410482077
vn 0.75242757242691327 -0.61879588088453708 -0.22570867518124266
v 2962.7254981198121 7283.209332168286 7542.5995445120516
vn 0.90470310334393267 -0.10614175328847726 -0.41260904377958763
v 2747.5567205862426 7336.2529934376907 7556.7884554034126
vn -0.50881623333867276 -0.51516382418769613 -0.68971898258591791
v 2270.8230920489086 7633.3427753091883 7695.6123335199418
vn -0.21975342802251008 -0.97295100252798594 -0.071237472948881053
v 1900.9078481341912 7742.383859937524 7862.7030977321256
vn -0.50618744794343717 -0.76109365196504464 0.40559921164003959
v 1710.3910794285448 7695.083083507393 7487.2175046697039
vn 0.90506560848812112 -0.31760151149669941 -0.28281712152385519
v 1476.2789164204441 7724.5827819538208 7501.2007413244128
vn -0.3637536935546144 -0.31576877633851302 -0.87634087563861462
v 2121.1393277545694 8071.0480380458375 7682.2313530389647
vn 0.71259941175041341 0.26124408776587987 0.6511171975768556
v 2424.9121213040235 7713.2966931096034 7668.3242987184549
vn 0.50570673081587181 0.86262502356914184 -0.011780115443444433
v 1702.0980300255806 7766.462842328986 7570.872355186526
vn -0.8045577596719734 0.51163660789240972 0.30152079997234604
v 1554.804667581353 7627.0856950328816 7529.7800474601481
vn -0.74574954247354952 -0.56143070488796276 -0.35868256649786701
v 1719.5920972783733 7777.8725972471466 7516.3072494217413
vn 0.0075737311409049355 0.98097074040868171 0.19400784793056217
v 2369.1128094134351 7574.6966414929893 7821.3206575049744
vn 0.78210146384289114 -0.52194183249371673 -0.34043211327356837
v 1864.1361680420014 7781.2740621297144 7583.5196538403179
vn 0.25973464352302539 0.96215762720104336 0.08240519020562509
v 2675.048995012432 7477.0072875478654 7668.3856215921551
vn 0.35921918828728705 0.089521942250710057 0.92894962006660142
v 2376.8003772425327 7696.7143612228938 7940.8158300738387
vn 0.13986199910993624 0.90658307729890719 -0.39817803199098756
v 1754.9670334929688 7787.1613947551241 7584.8145553658906
vn -0.20077522301789155 0.90994845947370551 0.3628816762025136
v 1600.9135622920192 7671.1728084554852 7543.0677219378331
vn 0.17465553142560433 -0.16777481830472346 0.97023041370864926
v 1743.0038061810847 7716.9138365246918 7542.9473420051208
vn 0.0076169582419760686 -0.93057142121617942 -0.36603116255701534
v 2070.9630804215585 8064.4988561189975 7640.2415141966385
vn -0.95149102645041117 0.29716041072633353 0.079752848734697845
v 2018.6423725262591 7837.4209694783849 7709.9631315383203
vn -0.882681768897982 -0.06537156768567684 0.46540246345872111
v 2564.9909800705354 7468.9090620577408 7668.3560380353911
vn -0.33201183072392104 -0.7308574093773258 0.59633513347581191
v 2343.8624533415268 7580.6189314771809 7960.4276998710866
vn 0.58841923018375253 -0.75635098364333764 0.28582511977031633
v 1717.0249144153995 7787.7083081060446 7542.687259036461
vn -0.091367557872022095 0.9921251658014919 0.085671609952567146
v 2335.3975884777101 7602.3675615146203 8017.6723999728092
vn 0.81696472146796473 0.40089891619836643 0.41454638204638328
v 2924.0373198053348 7259.4568947827001 7557.333544739864
vn -0.099683851602499457 -0.99108377414137216 -0.088408610233304957
v 1527.9676471052226 7672.936829640239 7501.2196039828541
vn -0.2954819093298035 -0.41673024676701992 -0.85966641360955387
v 2292.2555910272058 7716.2090521106738 7821.8545786311415
vn 0.058835107178650384 0.82683846002999983 0.55935372634719727
v 2891.0938770294392 7301.976253159226 7710.2390873685463
vn -0.0084345115418835576 0.57418959872388708 0.81867891369715362
v 2842.1352946007974 7358.359449462514 7570.7791488106359
vn 0.55307574080567434 0.53282281627736461 -0.64047409891931795
v 2425.0714074066491 7686.1398270241043 7640.356576364944
vn 0.21088534581486199 0.36138448819759356 -0.90825581341971573
v 1985.5070439625651 7695.1219320887785 7789.4567101399407
vn -0.7213374284154529 0.58451065250702994 0.3715099076374514
v 2028.7360525318618 7906.4457725163011 7654.4972072064593
vn -0.30240898650071413 -0.41903180200681089 -0.85613150496318957
v 2973.2014480221696 7238.894548014935 7626.4317922511318
vn 0.23482038548608591 -0.8215569688831007 -0.51952240898711766
v 2230.9049084361504 7582.883097847297 8002.2933972526844
vn -0.48621287351287051 -0.75727948703210812 -0.43603304937899429
v 2862.3303983060941 7373.56443345344 7654.3656387521678
vn -0.020711922065838492 0.83332014968498014 0.55240252028148917
v 2254.4877677843333 7689.1540681461929 7654.0921746121603
vn -0.2319066598586553 -0.50027178313171228 -0.83423464571750972
v 2332.6193537236095 7564.771533886551 7974.7510036901367
vn 0.5325032120737434 -0.77324061744107442 -0.34429533350089381
v 2367.5848455179148 7736.1411435932368 7654.1379564385015
vn 0.4680591347137868 0.74611678440229212 -0.47352971442578423
v 3035.71421852195 7242.5496290332403 7681.9811981068333
vn 0.85978649808537733 -0.50853343849285126 0.046485692903524674
v 2634.266263179934 7532.7793605100414 7554.8230797785691
vn -0.19160069231743948 0.71515929422619329 -0.67218774057949826
v 2071.0708290977823 8069.5223100774738 7668.213346446677
vn -0.85640741501594231 0.44996066282654618 -0.25318321708677061
v 2344.9057196269864 7685.0519063647262 8044.1477215976174
vn -0.91838364764210745 0.35343564160151325 0.17791774219932155
v 2503.1125770971994 7667.4267048713737 8114.3729940262292
vn 0.39236831102993114 0.720285187253496 0.57204576523449191
v 2752.0544540408227 7451.4428950592992 7626.4270334196863
vn 0.61942984450761596 0.50656786723008218 0.59974633273012734
v 2292.8037840420729 7676.911111296552 7890.8872248699681
vn -0.20041737397650386 0.94187879694656385 0.26962419785852981
v 2354.4135538747196 7703.0155310257378 7988.2015666410534
vn -0.15277833414383016 0.86152205481791 -0.48418852700013687
v 2218.1314142627407 7577.9441522259331 8072.0221084462746
vn -0.6293584372130322 0.24828422513198078 0.73638502229430325
v 2236.7616002977848 7694.8344154488414 7654.3459310887592
vn -0.089982659202571216 -0.85387950826940917 -0.51263330598043066
v 2347.7426246233736 7524.8747969702035 8072.0772324811296
vn 0.66812498408666277 0.023078870035994369 0.74369104566147515
v 2309.1243534967862 7533.090563299409 8016.8716645432778
vn -0.27749609734288705 -0.62662519731490873 -0.72824225230998407
v 1722.266650827245 7721.1177534079543 7501.5267627480462
vn 0.77204996459275288 -0.56774972545611813 0.28565556430224021
v 2358.9299351588124 7723.1582868298283 7640.4264419093088
vn 0.21809846201685615 0.38277608979617572 -0.89772797992834785
v 1555.898627436618 7711.857205180313 7487.1128358321839
vn -0.11104782979549382 -0.17493480652560284 -0.97829759938556582
v 2340.2739147741158 7609.5739365895424 8004.0534089423572
vn 0.83053294836554936 0.48300707964614364 0.2773430775969209
v 2057.2786355362186 8019.702491657581 7698.5061050214699
vn -0.17943000275300833 0.39707928781954394 0.90007383769154148
v 2964.7607268832171 7307.8866472772761 7602.0442224906437
vn 0.87213747594222291 0.48693342279372692 -0.047666181129960399
v 2358.7491949489522 7527.6965131285324 7863.5640054060295
vn -0.39291683483743389 -0.68283307322406916 0.61591830222254773
v 2609.6498691926708 7475.0783797917775 7556.5404902815835
vn -0.53816040001804133 -0.29307982183705078 -0.79024527957108626
v 2135.0077272223498 7648.6526403973012 7946.7674718816806
vn -0.2046524146135317 -0.87916872640815691 -0.43032515578189279
v 2087.1727154071887 7765.0227686296894 7821.3078431597005
vn 0.39821949681370561 0.81605585862171881 -0.41889624964495492
v 1939.5925974958332 7721.4168148649715 7598.5035224603962
vn 0.37275294575323537 -0.87713086089287262 -0.30281462035643819
v 2153.0809595671226 8006.9570920329079 7668.3509092200793
vn 0.69664390572826218 0.26067733014515165 0.66838207498411251
v 1992.9435727695172 7589.4279206070314 7891.1684191042987
vn -0.70696144366341407 -0.64160624879427952 0.2975683764808934
v 2984.9538420902682 7275.340846504012 7709.9321105494782
vn 0.51914715274795675 0.60622558292221884 0.6024755400879821
v 1815.5265384616614 7728.4668423189651 7626.993636172183
vn -0.68617146797923767 -0.65603646805570393 0.3143006031050774
v 2261.960449898816 7509.8180909674056 8057.8156043468916
vn -0.59234075145732024 -0.45539038187248276 -0.66464429152819138
v 2225.2731061613663 7653.4905552062291 7806.5877197496611
vn -0.95546701498487585 -0.29320976763719692 -0.033328897942053091
v 1997.24692280413 7813.7360623939749 7640.0986907497818
vn -0.19365311984327899 0.95704913336588204 -0.21576706305314222
v 1915.0543830543616 7734.9522612221208 7570.7277110188406
vn 0.16729275860081325 -0.44834012781636529 -0.87806848406564231
v 2868.2428013236058 7250.9193130279955 7598.6256154338371
vn -0.063466986174726112 -0.86251863484888724 -0.50202942762781244
v 2634.9043533173462 7426.9231566871022 7612.6046262668333
vn -0.57942522645182082 -0.80028597326952611 -0.15430090064320232
v 2899.1054869517902 7353.0794356211709 7668.3913343936692
vn 0.12382095417812859 0.7749591941376992 0.61976335703868912
v 1718.9663209435312 7775.0896853263866 7584.8605539556793
vn -0.33336021982727365 0.76163207151802126 0.55568655865683803
v 1734.1918628469443 7732.9120066928763 7626.022940805834
vn 0.90297744245033862 0.094080971036271985 0.41926186246153802
v 2089.8100958208015 7709.7175084143964 7723.9268890179246
vn 0.18975945185736928 -0.96552852248872956 0.17817413586579131
v 2100.2667256758341 7715.0477448323618 7724.9415950252569
vn 0.17881761347387842 -0.98134603809904886 0.070598970380639822
v 2965.6614702988154 7221.6559238229047 7708.5644225813976
vn 0.54073282607438933 -0.74059282204477983 0.39891137203814248
v 2491.1989147585118 7568.6325609902078 8085.2937728904089
vn 0.19392688363815852 -0.96426381200143763 -0.18052053807489124
v 1757.2269755328095 7737.1724777539457 7602.6787048229371
vn 0.041777619734569192 -0.16891334307285333 0.98474510053173969
v 2672.8674102915338 7400.9138054609466 7612.5677890469851
vn -0.42240907125044908 -0.90625286426908591 -0.016622951886199385
v 2827.6120994718972 7303.51213124281 7668.2299246225157
vn -0.92803940820558017 0.34318145846908754 0.14480795344340175
v 2027.286723979516 7610.8077193951758 7709.9263217641201
vn -0.24157882228249727 -0.73091165206937903 -0.63828506914529382
v 2247.2753664278862 7661.2336462299454 7916.9726268374798
vn 0.36183979259069915 0.91199544565096624 -0.19322595997902361
v 2343.5007615260838 7608.9283616053872 7987.4587842876062
vn 0.92210692062950839 0.37833925709090999 0.081106309687125872
v 1579.9054114608957 7737.1228458895021 7529.1536931368328
vn -0.13858762367087749 0.69466834851373704 0.70585363648454524
v 2166.466792101628 7726.996067616019 7626.3709968014082
vn 0.10606358937998071 -0.40760217835667323 -0.90697904011433994
v 2112.9767792276252 8016.8876156750557 7626.4038711288631
vn 0.29778823121713599 -0.15550192829683843 -0.94188179706613639
v 2367.5400209712843 7592.8468802667367 7765.461294378757
vn 0.37072963343085896 -0.92176791758924248 -0.11359333166789407
v 2050.6219913790874 7692.5514630339148 7752.5078146522992
vn 0.77125594967225175 0.6069252550071581 0.1918488856617343
v 2667.0182062064159 7484.6889500997167 7668.5385126627862
vn 0.30883503199466689 0.2154623180004254 0.92638917984545599
v 2363.4600247745311 7577.189551840579 7793.4828948509785
vn 0.74756016844348738 -0.61751524709391115 -0.24459908863953386
v 2567.1081496081933 7462.7141453582881 7640.5117267090554
vn -0.47520806251330078 -0.86408541963155017 -0.16593277223780342
v 2324.9204477242911 7751.1676859029749 7723.8989387587471
vn 0.19626611745686445 0.86288364786973237 0.46573750265297714
v 2573.2712368365846 7623.069730547757 8099.7743227405808
vn 0.94199655196481447 0.30126180135604125 -0.1479318191942279
v 2377.9328380355892 7614.2194492501349 7973.3147859881165
vn 0.10821080005537571 -0.54786988908982681 0.82953541659176688
v 1910.5971646058679 7799.2410860661648 7849.101511537252
vn -0.51321785182631796 0.77738772881415019 0.36369734073258869
v 1805.0173862592746 7710.8987858873297 7793.5557109838965
vn -0.23273555088732753 -0.85920615518655552 0.45563027362403058
v 1653.3748538718028 7605.4988742480928 7493.2791859120989
vn -0.14883369781155359 -0.63311277744430439 0.75961618033879308
v 2352.1707042728049 7690.7662085849897 7974.3602531037304
vn -0.56247195567475794 0.80895688357406548 -0.17092120874118921
v 2832.9348058719515 7283.0237951263962 7696.177172566463
vn -0.58773988204782845 0.26220386198315832 0.76538288837125279
v 2430.2814203585331 7585.1777033006092 7668.3667638624975
vn -0.78321494862677632 -0.62153607368482422 -0.016347885368104907
v 2413.8698620411569 7688.4250894122251 7738.822478074183
vn 0.67868868169181362 0.73192957502910516 0.060504301839963935
v 2882.6576302105295 7306.4805348252212 7710.3511324133633
vn 0.1131796626065758 0.50941212833613692 0.85304727153675886
v 2784.6904036268679 7439.427220816171 7570.727934907738
vn 0.8133963267935117 0.40331863977327831 -0.41919027943197262
v 2957.1318894982683 7289.2405005760047 7556.7981801896913
vn 0.82333267092582096 0.52897295027148272 -0.20569621014310727
v 1647.1175431243068 7770.841388871163 7515.2232091855149
vn -0.31652001106146221 0.94828818616311172 -0.023761283238228025
v 2517.3889291921005 7660.8758295301923 8113.7789847379936
vn 0.47781453113095923 0.69063185480435152 0.54288204517151106
v 2022.9838193080868 7880.8574537111708 7737.9979515410923
vn -0.41061514330071641 -0.38650440482302878 0.82583869438560964
v 2060.9759287540173 8050.6997997948456 7626.8378615568272
vn -0.9311107238985179 0.32762671306018343 -0.1602920981538338
v 2270.6366627752732 7661.1691089268152 7904.6919398982964
vn -0.13219500527950495 0.96360840012831006 0.23234313370812226
v 1964.903906565271 7671.0873750777719 7807.501566246422
vn -0.78072760730278135 0.6120552097454196 0.1259079958492095
v 2417.2838450130412 7674.9410971401694 7960.2846825198667
vn 0.85916345840702257 0.44996002715679012 -0.24366806458611909
v 1988.8691067427067 7886.9307935859379 7710.0034080091245
vn -0.85218276956906924 -0.50953464440215634 0.11899148458422935
v 2567.1209097371902 7581.073405417148 7696.1706327271495
vn 0.5732486420635684 0.41890192051140562 0.70420677031972012
v 2507.4462189042679 7569.1177074062143 7709.9603369832112
vn 0.55624288978390313 -0.47601877047999869 0.68117543827971561
v 2049.8568479152327 7604.4809605409782 7735.4123979310216
vn 0.50316636412897131 -0.86414581412959879 0.0086960871387383593
v 2924.8215151864606 7355.1863107629852 7598.6997331275052
vn 0.55781300337530382 0.69838490636707184 -0.44844528743658307
v 2017.0076631740949 7562.6447540501194 7877.0029851639665
vn -0.3559709821407907 -0.81899959756869101 0.4500270203621588
v 2274.7201155353996 7643.7453087851718 7678.3820616948451
vn -0.22354580209844299 -0.71903834871638406 -0.65803581014970558
v 1674.2114626018783 7675.7412250695152 7520.9767316924135
vn 0.66568560241516495 -0.72249337603296193 0.18672439670715762
v 2249.74868084216 7613.7280654468013 7807.5692999605553
vn -0.75959446225078209 -0.55565730794898127 0.33802545620239338
v 2546.9951306266212 7635.07033476781 8127.5873100984199
vn 0.38943809296952697 0.57610933167333289 0.71863482360873943
v 1620.0532324970918 7612.9939959326584 7529.1836061911563
vn 0.44952979309690155 -0.21272655907591781 0.86756577628556608
v 2435.0901851120434 7605.8759233089258 8043.6493936713678
vn -0.38269311605388884 -0.65075362048890839 -0.65579394961035031
v 2021.3003774236622 7593.5154722470888 7849.2068818490061
vn 0.77929416724023126 0.47610783421251635 -0.40745788875271688
v 2586.6513248767678 7586.529933965734 8113.6719788271976
vn 0.90949250304732998 -0.4058093659036156 -0.090233837586615823
v 2694.3247763507225 7527.8939868972193 7584.7531369371045
vn 0.68466647938126468 0.72600086807524178 0.06445581095339506
v 2909.1506787433027 7379.0575043848221 7640.4525092849208
vn 0.34484670866858907 0.80888965373524147 0.4762124269698581
v 2873.4923760037491 7372.9576378154306 7653.6344492730277
vn 0.29811167236416797 0.77472757313097651 0.55760794312027728
v 2175.1861546220607 7675.0694448123941 8016.2875486395023
vn -0.31228240402768892 0.71074146902392388 0.63033821425041481
v 3025.2413929733384 7263.146976097144 7654.5319224889663
vn 0.69244633984497239 0.43451701852484731 -0.5759453333846698
v 2384.6474790203856 7600.6994002198944 7723.8189483377473
vn 0.027212683233838068 -0.98035769355907842 0.19534139999175443
v 1978.330633673618 7919.0449700104928 7696.3416815019191
vn -0.96543572739152073 -0.18514520723686281 -0.1834532870057787
v 2504.8337402559396 7516.9604380676828 7626.3608387672793
vn -0.45189384913445513 -0.83738950153064906 -0.3075236118425661
v 2586.1508548937127 7576.5604688178646 7682.3183897912058
vn 0.79292129632061514 0.55435655427867347 0.25291229422373185
v 2100.8783108002849 7777.0193198066045 7876.4088772328214
vn 0.62367141211963351 0.77783374421327056 -0.077515392457669155
v 2112.5314788019386 7654.4935818716958 7987.2691177111483
vn -0.70870174499956784 -0.6547280247940912 0.2628175225965636
v 2542.7822918819529 7578.5944247225243 7612.4176478141126
vn -0.43120578720828395 0.21059162370318452 -0.87733274024405383
v 2477.0336601958843 7615.0816118422663 8146.7500482734322
vn 0.13866359919929797 0.23390029383424871 0.96232170234352943
v 2359.0483218553327 7711.0954594975265 7807.4184566045087
vn 0.40718203790647212 0.89381258559603372 0.18788786505909644
v 2451.3087050918693 7620.9716297764753 8141.6069211566501
vn -0.097623614190588584 0.21431445058899726 0.97187393535432531
v 2794.9801979844124 7429.1306314995454 7570.7368780489651
vn 0.59660983690549185 0.55825715953193111 -0.5765463089283831
v 2226.4753968549048 7616.9599159141917 7946.5708968670097
vn -0.46006947691130734 -0.86394234292023342 -0.20479185658627586
v 2245.638207084191 7636.027702489856 7863.1328180657592
vn -0.80096706357027825 -0.59869128053885512 -0.0045292032800120143
v 2542.8870070817775 7486.78769865088 7640.1832324907609
vn -0.65721098466397188 -0.68663250330713177 -0.31082073135361177
v 2138.9521537984183 7741.1769137410229 7918.8649847193701
vn 0.60503872575084094 0.60529091676657931 0.51725336772385799
v 1994.858405357174 7807.2842394265554 7654.7876889346462
vn -0.37436009534034009 0.9105155294882924 0.17554483637357693
v 1981.1462971885003 7691.4281363235777 7759.9534790310991
vn -0.78913487793096326 0.58279288671621865 -0.19395513817855023
v 1903.5707901808928 7768.5830677341837 7587.977927881072
vn 0.44129939875654528 0.73684717908930486 -0.51216313350849996
v 2298.5628335935471 7746.4869130209663 7740.0924978204057
vn 0.26247531288033515 0.9322084818205536 0.24918679048093365
v 2993.0918544542465 7263.0228271143624 7723.9840665562151
vn 0.7330326742351404 0.13407415020578795 0.66684872403737439
v 1585.7913752094464 7595.1032356945652 7515.1352274462661
vn -0.54332432108981277 -0.64988344651230434 -0.53146042944097249
v 2792.3881386301182 7424.6331024865067 7627.6094726420342
vn 0.30100478356050786 0.61753276015733505 0.72667008360476426
v 2874.5347023191352 7216.8662558649812 7709.9803868351555
vn -0.44840380805488445 -0.76579734928994103 0.46096468925762435
v 2083.3386707618815 7967.2048480098074 7710.0147976912194
vn 0.89524104225264056 0.14584248402058686 0.42103853282224712
v 2391.0634759477421 7601.2320423771271 7821.0456666349519
vn 0.71980847948516968 -0.69405051127532147 0.013024617449772865
v 2366.536999746505 7677.7366431539012 8072.4121258684982
vn -0.64716894688694437 0.30920736167209312 0.69682362307331891
v 3017.87190859361 7280.6529202398669 7696.1509074487085
vn 0.79829549429694091 0.56418949098409299 0.21074753153551462
v 2030.0352314424781 7789.4609626845531 7890.2957103422959
vn -0.10352502748043195 0.97013452421695068 0.21936630007256497
v 2553.1556456318822 7555.9958802030742 7598.760189862378
vn -0.46923635989548829 0.3557151811031305 -0.80825982733573909
v 2099.6699408327186 7829.5064501634479 7735.870633295769
vn 0.89421565931588098 0.44714101983953303 0.021053812270624698
v 2413.0964537999862 7614.9490190121287 7946.6080382099844
vn 0.77567321382238807 -0.5588097601711538 0.29336447858577813
v 2958.1962128453033 7319.2347436860937 7640.663141739713
vn 0.77659150040157798 0.61344150627556271 -0.14351013860488987
v 2769.2732355551016 7465.9169669249968 7584.9002837215176
vn 0.68346465891118546 0.72793828869236388 0.054606848243143449
v 2170.4445592936158 7990.7180749995923 7654.4012929589107
vn 0.98786297490241581 0.10035851108745875 -0.11855341441416654
v 2422.7287073693478 7675.2094947032292 8113.564979302455
vn -0.34671501985367886 0.7478778128518504 0.56609846497919036
v 2511.0036829450291 7633.1406191210626 7640.3635613847691
vn 0.35243477201669132 0.88161631759488901 -0.31391463811675097
v 2139.1358905238717 8058.9376238662908 7640.442271916676
vn 0.93188615542740594 0.35786407336506709 -0.059342213619736031
v 2860.9341367901343 7234.9962704161117 7723.9811298930563
vn -0.61235766822228621 -0.31785733416820189 0.72386794464518778
v 1532.54294363599 7737.9407428904969 7528.6817880396557
vn 0.39943371776042497 0.46980344797226464 0.78723403469962916
v 2948.8171060863324 7328.0690599371983 7667.81853285737
vn 0.76277228199521596 0.4590796842790863 0.45543856808797495
v 2379.1497736867386 7518.8658382197136 7863.1069025907773
vn 0.4786493027056411 -0.85101648644116612 0.21602264886982614
v 2954.2698345553799 7318.411432818395 7667.9203240899633
vn 0.71900233059945073 0.51793580551494744 0.46344163597818933
v 2056.6216109057514 8044.8297377832096 7654.5248016443738
vn -0.95558997763347797 0.29440855384292147 -0.013091908591525267
v 1983.2792809600596 7900.570798267192 7709.5850283609852
vn -0.92045292109795274 -0.37369910928638544 0.11452246836672833
v 2203.5595486590973 7584.5826456858522 8015.2651403011259
vn -0.4237395206243999 -0.83999263488804798 -0.33890587483081247
v 2311.0463635104552 7772.8639218875414 7667.1625114064209
vn 0.48094520904610183 0.84879661733897149 -0.21962697532298012
v 2090.7202870817218 7952.0238684170763 7723.9411002166253
vn 0.8398815634617226 0.27053584259294272 0.47054151488430768
v 1852.9235015633458 7791.1020084020674 7835.3264026488232
vn -0.31616882856299194 0.83663138073947241 0.44730884700290613
v 2580.8666762039875 7453.7676753929909 7636.9431533443367
vn -0.43717455553917273 -0.88229736701879435 0.17444129138718692
v 2674.4901576302618 7543.3011228467894 7584.4096530171828
vn 0.45067298023267971 0.88197136579740965 -0.13791437489125849
v 2357.0743856743566 7625.2632967416066 7975.5649757863266
vn -0.35514716093435084 -0.73879297381531694 0.57276123814499769
v 2426.0542521426578 7560.9679926471954 8099.7389691216667
vn -0.26877503095973709 -0.82982274293951741 -0.48903394364085595
v 1542.3978562324191 7638.4438824589015 7515.1481302923585
vn -0.73996505018170733 -0.58862821711378643 -0.32552810405098459
v 2717.071211546393 7481.0312419986858 7640.4606478586693
vn 0.7714945634201652 0.15076677436206007 0.61811448645181288
v 2554.6067845377693 7577.1804163181496 7613.4058708534067
vn 0.43556608848907502 0.71674793387599334 -0.54456825269457454
v 1870.5513570640542 7760.9226594215725 7862.9603301353154
vn -0.43450808743996511 -0.49940034719386461 0.74953453234117984
v 1881.5082540807416 7721.1084031702339 7640.3425521432637
vn -0.3924312424764354 -0.59820534006644754 0.69867595567930263
v 2882.9649696584129 7333.2052046154731 7696.5670466372831
vn 0.0034462740354624173 0.69376788833279601 0.72019041948190743
v 2347.0291229082204 7689.0158926004397 7932.7916790595991
vn -0.31884818511031021 0.8627220047716202 -0.39248767793995509
v 1704.1454121764236 7698.7946156388671 7529.1831694177663
vn 0.31785005956255685 -0.82578196819563854 0.46589213412443059
v 1936.8265560487648 7733.1384455471571 7891.0153490602606
vn -0.50539530241281549 -0.16996906274858226 0.84598233197119854
v 1940.9596423644034 7727.045165140582 7891.0345917403893
vn -0.55100255577343338 -0.35902633693295422 0.75332348491179357
v 2350.9693608988455 7711.0998007907165 8002.277824098237
vn -0.31407369258673695 0.91695537278574324 -0.24607023376322945
v 2273.0754222644055 7488.8867065912964 8072.0253709081771
vn -0.13240716477468809 -0.65922675902818362 -0.74019485468187751
v 2947.199703282573 7288.5770862455602 7529.076165956053
vn 0.62249317653242098 -0.13959532608531902 -0.77007492499477581
v 2252.8059852324823 7655.5129064551975 7890.9538340373538
vn -0.091643160127793846 0.92933082636543596 0.35769504660915791
v 2044.9254533897529 8037.0615868462392 7668.2758160525218
vn -0.83747073572669517 0.53442784599833026 -0.11414746700200064
v 1870.3629073987104 7764.0963905121698 7796.6258137177592
vn 0.10537751746054076 -0.55441607656091141 -0.82554127265973754
v 1929.4399116825516 7718.5698811974544 7877.1807056614098
vn -0.6171438417070072 -0.78287679095231466 0.078977267813734167
v 2022.5524677498397 7590.548041787928 7737.6459899715956
vn 0.043803264142148565 -0.98983739234458235 -0.13528935940039935
v 2017.0657178796994 7663.1363955059933 7862.9407360662863
vn -0.077588760529486253 -0.49051518745410799 -0.86797167875245751
v 1967.7083467297052 7617.2752893436264 7737.5370689500578
vn -0.69367880537777604 -0.61123572046417962 -0.38105197676733915
v 2350.6798805250746 7662.8312182213103 8044.178209993599
vn -0.79996077104916352 -0.60003481399318082 -0.0045811328944502369
v 2542.3441945841432 7601.9304413780283 7640.402679206265
vn 0.58202091123272182 0.80582512841458054 -0.10907575946770572
v 2732.9507382434131 7473.7982536095024 7625.9799513943071
vn 0.54040090839019239 0.47469129717018416 0.69471938982724724
v 2577.0250611992087 7484.9339255871892 7682.2860460738739
vn 0.017826254360510399 -0.48054748521049234 0.87678751081054185
v 1993.8550162362417 7917.6764277906223 7666.524638119914
vn -0.73806829685444775 -0.48432024092315568 -0.46977557770760209
v 2606.9492225282302 7557.3360488659673 7682.2370653219177
vn 0.70269483437681757 0.58908874184814752 0.39899175927317548
v 2404.952293747705 7582.6530425499932 8113.4981339653423
vn -0.90186536806377349 -0.36989517557649892 0.22319591611950576
v 2222.8349773670889 7658.7363689762851 7863.0714125188515
vn -0.8359673066066764 -0.53108961769052221 -0.1382117226074327
v 1995.1672346224004 7955.2673856442434 7654.1032856321945
vn -0.69174091439315566 0.18750591154975113 -0.69737797533935486
v 2572.8537259019968 7469.3556627299386 7601.585350286141
vn -0.67333893562819525 -0.55668144189952484 -0.48653925844864271
v 2242.8631632105225 7548.3216731941229 8099.7879487110358
vn -0.70976329196740429 0.61945415077473254 0.33542901553614618
v 2337.1364184599329 7548.7684149362067 7863.2163548907156
vn -0.6467571951094061 -0.64907817812417568 0.40050299531615818
v 2933.2744022402321 7294.6505229087452 7710.2738056450789
vn 0.16791993912476363 0.76264961368091966 0.62463466185977823
v 2315.8605994131158 7639.3228473294103 8002.1410759504924
vn 0.76729254696372562 0.62001142431143341 0.16385353550420137
v 1716.0344731850964 7763.0646464713209 7487.198830473706
vn 0.18697585001040301 0.51192483221737284 -0.83843484998662943
v 2089.736765404421 7882.3228792524314 7739.4516505033662
vn 0.34921094652932211 0.032763113740587831 -0.93647119186983874
v 2101.7444196702636 7775.8977572543808 7903.4812670246656
vn 0.14454099382347885 0.83340714783304448 0.53342330943192839
v 2042.1663976158088 7581.4904351985952 7849.0680218284533
vn 0.89573701535640626 0.23141898372433603 -0.37960565497947035
v 2573.2055808205605 7605.0702161425552 8099.623615427292
vn 0.95249066914040381 -0.063119685179975682 -0.29795541703960754
v 2278.6404748757686 7557.0255786384432 8002.2269444198828
vn -0.31925059416658619 -0.61839773891876071 -0.71809699527601834
v 1787.9269451784676 7791.4212201970349 7569.7797369948203
vn 0.53667295088378419 0.79809155714609559 -0.2739197148834156
v 2042.034251321101 7958.9907224784965 7626.3870880087952
vn 0.046929668694052164 -0.39418455842151218 -0.91783230499819735
v 2390.1734967490602 7585.302999282736 7835.4893035752893
vn 0.85268356983513804 -0.50314495024471373 -0.14062677119400074
v 2386.6865668144419 7604.185005497493 8085.9083526959439
vn -0.84215851539290476 -0.46146813634860989 -0.27895554141504231
v 2371.0896666318208 7522.6489385283785 7849.7799399372352
vn 0.46466473552045889 -0.86107071141321279 -0.20650402783007793
v 1598.7158436418104 7674.7887472326984 7487.1239256323734
vn -0.13280569938594453 -0.17761769081618597 -0.97509722700853574
v 2372.6158806659332 7567.0310052724617 7907.3463796896813
vn 0.28939230681429268 -0.7305229064074642 0.618537287453791
v 1970.7204162785747 7783.1049501872076 7612.5320885219262
vn 0.065456489230099002 0.66439707865701247 -0.74450787093871451
v 2331.9143586609425 7667.2994683206562 7640.4239721908671
vn -0.13281534163321493 -0.42309010545131132 -0.8963006458192756
v 2633.7312958932671 7450.1504593496211 7668.3786138321539
vn -0.067366233397605377 -0.73990962272434091 0.66932469011515106
v 1990.884283156699 7701.0643271776644 7765.8983913460588
vn -0.29803019489171295 0.92803270556664108 0.22345760298425227
v 2425.2443377608324 7672.2164769747033 7736.7681805135617
vn 0.80137545247982089 0.59687924772030043 0.039147768820336069
v 2806.0911729393038 7260.7976358875876 7598.9454901425343
vn -0.38546219002047544 -0.92016025787750277 -0.068731360290819637
v 1729.9778569270857 7752.4340601334989 7487.2503992628735
vn 0.37268308957328039 0.28315280727530295 -0.88370345845098364
v 2294.5687505992755 7587.9169795482103 7737.6601486022082
vn -0.19694071977324484 -0.96653332078506871 -0.16440101188065645
v 2940.5484054186963 7246.7889845784011 7599.0471445393923
vn 0.099254681772390871 -0.82443069264001756 -0.55719165569789564
v 2113.2528983977609 7762.8449781025192 7849.1754929508134
vn 0.62009915104475499 0.69373331603080668 -0.36634837122945574
v 2485.5779949389616 7648.601961047807 7669.0433189190153
vn 0.4305773074098993 0.90057057217148284 0.059798218053458425
v 1750.6795735196283 7783.1742698361077 7570.9717763449116
vn -0.1215550939628338 0.94841347459143743 -0.2928075141540657
v 2529.2880082525589 7614.8211401849912 7652.8042642962173
vn 0.59523686298246747 0.78960428637448909 0.14905753213382095
v 2894.9129995611634 7290.9165907739016 7529.0270621701311
vn -0.71791948489072277 -0.45550312838140511 -0.52641097371634671
v 2820.362456790554 7417.8014382741858 7585.7652222584547
vn 0.56395060563348298 0.74449477767900651 -0.35733351426127707
v 1731.9856228440131 7731.5233105188481 7669.5960564861452
vn 0.72124789908670095 0.69014692098440178 0.059149771924918854
v 1558.8421145547327 7619.9119857905698 7529.1599462597615
vn -0.032138605264508596 -0.99621495566714369 -0.080764300014073295
v 1978.884339272724 7929.7446505880343 7682.6294074577281
vn -0.9747671642056025 -0.11830639078648698 -0.18929493782360687
v 2213.3270580551525 7661.1190847356602 7890.4472380662519
vn -0.15027982052776165 0.914572829488558 -0.37546306756249226
v 2140.9576091137715 7992.9905006262634 7640.2603893829801
vn 0.24714768439643287 -0.17670254624608087 -0.95272988419994098
v 2411.9452785970757 7616.5545370272375 7862.0823219521899
vn 0.95007108023356301 -0.27674390926775361 -0.14414489650012607
v 2000.5285720871434 7741.2250810217092 7923.2105524261979
vn -0.46286056143329435 0.37271530814227549 0.8042657519415235
v 2402.9986407040687 7603.2448306049037 7760.2885014211042
vn 0.47569103013903813 -0.83888231510784939 0.26456474679094283
v 2451.1511333074886 7688.6449097558943 8086.7627154688671
vn 0.26835321080704205 0.93028137333783778 0.25012620948276837
v 1940.5918213062282 7765.4393383360675 7598.5885901981537
vn 0.32457434044554018 0.53512147034224367 -0.77993365711648699
v 2706.5264945376603 7393.4686069465861 7597.8237399071168
vn -0.46734036929537731 -0.86924119563710156 -0.16128460259504734
v 2414.2134839112796 7619.1651775141754 7808.4088696226117
vn 0.93747247165974656 -0.34174020659024257 0.066022693672886351
v 2852.9908820216679 7352.307754696044 7571.7484784721855
vn 0.54119850391278623 0.52318454703437145 -0.6583176354215351
v 2108.2845456881914 7704.9273856898153 7696.2976334924715
vn -0.095252967479855608 -0.94003496153216204 0.32750747057663915
v 1781.5838846805391 7726.0611152004885 7793.9272669312868
vn -0.51326840671792628 -0.45699399909764732 0.7264379033709496
v 2414.6340461829568 7656.635344733073 8127.5900577318062
vn -0.52063655620003024 0.36569789099283956 0.77149376463556851
v 2544.9146338311634 7530.9967440087457 7598.6164690825799
vn -0.52461894946356158 -0.097644020522544561 -0.84571898590485828
v 2429.1090654665691 7643.0123019542843 7932.6905490891259
vn 0.98457086612790401 -0.16420613549513521 -0.060469452105192674
v 2321.6175967166196 7663.1689619256704 7987.8515919346173
vn -0.98580427911366342 -0.16771324619402964 -0.0078860847225360031
v 2433.0148909024865 7536.8631550786449 8127.5703774091789
vn -0.13245036426282031 -0.87048319531063212 0.47404209484858845
v 2812.332163629374 7400.6640685346683 7571.5805862816424
vn 0.56906365004813508 0.50708792973199768 -0.64732402528718969
v 2166.318111875913 7637.3660235017505 7946.0153975362991
vn -0.46471693235080502 -0.70886136336560202 -0.53061637772869152
v 2020.9085562853288 7964.9816670625623 7626.4123196160454
vn -0.58463239790486232 -0.045010024008208235 -0.81004879918359929
v 1850.2930596467495 7729.2200732160054 7793.763417518885
vn 0.74862730653366383 -0.65258585261862767 -0.11699940544366323
v 2124.5781105451447 7694.4341203493259 7973.5287452818102
vn -0.31037133191855443 0.45795389028414363 0.83303533580318256
v 2728.1003198039434 7502.0658719093553 7584.7963917858197
vn 0.59082563487653206 0.79258901430483364 -0.15075716757764768
v 1947.0632454938204 7789.0308187313703 7807.300268432833
vn 0.037905874400215964 0.45257795695618164 -0.89091881648291804
v 1958.2444396790233 7807.0401012810762 7863.1401171041425
vn -0.00075454532445229957 0.99897947033640244 0.045160253628097974
v 2016.3765394263391 7780.9582900454516 7695.9565717465857
vn -0.93903010510765217 -0.33635917278653532 0.071308965662596813
v 2720.0661185901117 7474.2417558599409 7556.8724213875794
vn 0.44340741526082578 0.35680614363532803 -0.82224037845133791
v 2285.0711356222164 7478.7659319987915 8085.8698868287374
vn 0.49201388946722074 -0.86650880242249717 0.084171419708042081
v 2082.8388828182651 7639.2987711610331 7708.5611922349381
vn 0.8334120294604046 -0.54296782858323311 0.10300643802354599
v 1984.9900735115984 7590.8142272903906 7765.6307904689165
vn -0.31974342677213596 -0.69236980667945602 -0.64682933748761307
v 2021.1521050969823 7614.8988823468753 7793.204736196617
vn 0.7884745383070525 -0.38321514936018686 0.48109671765906914
v 2019.0477957587941 7666.0972604327235 7806.2830497197074
vn 0.77764814776352975 0.38258914009510187 0.4988876708851821
v 2974.677421810713 7280.4332066619318 7585.1753927698273
vn 0.92266947904991192 0.085814958183661277 -0.37592130211215852
v 2330.9526662896033 7550.8904433647276 7863.1202820107173
vn -0.57749933875562853 -0.7639944527324205 0.28776203698698882
v 2830.1849410525119 7358.032655496685 7553.4285733423885
vn 0.63018430167161332 0.57966918899350983 -0.51657659379637755
v 1958.6649699465888 7583.8352954435713 7779.4787563221598
vn -0.6770095267424594 -0.64440848027118169 -0.35552188576026822
v 2408.9117850554794 7637.0886777546693 8127.5649175751387
vn -0.59490468656545148 0.17911270563656173 0.78358602117573051
v 2024.9247249476684 7585.1514840635773 7765.7500655719996
vn 0.33992153988211132 -0.93977477531004638 -0.035731196665184595
v 1756.7265193382414 7767.192809864544 7598.656965757139
vn -0.53283112704476876 0.6603555600100377 0.52917060048346498
v 2397.4850380599037 7596.989677663687 7751.8073941987477
vn 0.31490175280688565 -0.94390920309344584 0.099359460519103174
v 2967.3692886784947 7295.6117292900853 7612.3316698230874
vn 0.85388559410873099 0.51492985786797096 -0.075674524442844143
v 1972.5090346212673 7679.380931713773 7821.8139711517233
vn -0.45130220291306755 0.74192988632216239 0.49584913575380524
v 2320.9486044775877 7582.8737252671399 7932.7211677437781
vn -0.14697478649637327 -0.98527377234680691 0.087372797024233242
v 1910.5397941027768 7715.5822823670569 7626.5276359682175
vn -0.17757971118870897 -0.96642062378559257 -0.18573266835966387
v 2285.576810836837 7526.8102408495834 8100.2864829809723
vn -0.077366611761957235 0.20809415959659061 0.97504421854922207
v 2118.9335625933163 7829.1386992182352 7654.3819180466653
vn 0.18083720396295952 0.93612561353334456 -0.30160693186609355
v 2056.7453648960709 8050.2549303671894 7660.8128981783721
vn -0.94833363234161816 0.3171009098028067 0.010504035985504001
v 2040.7594075283305 7652.8739015841402 7892.4906709883053
vn 0.63401449394658271 -0.77300863552086674 0.021983422750482696
v 2138.7893461797667 7666.6062308952751 8002.4717367531312
vn -0.44106358837616411 0.62794026375632084 0.6412128633787566
v 2236.5649031784196 7611.4941167013094 7945.6458569257384
vn -0.48153822244501748 -0.86405755811929963 -0.14671563168730806
v 2126.3692033039752 7834.19342459789 7694.5501524113988
vn 0.52253594727255614 0.82008624378394579 0.23326966490375689
v 2387.4953711574199 7707.0733031156069 8071.9719507278132
vn -0.25559353366368315 0.91227757208546567 0.32003371231662359
v 2856.9623649450659 7230.9040879830627 7654.3661201451287
vn -0.15126349069159734 -0.89109912437077521 -0.4278571104112105
v 2085.3706215988932 7621.25578531871 7709.9185385779756
vn 0.74164280860085285 -0.02916130835874723 -0.67016084826364242
v 2128.5321356386694 7812.4851353362901 7722.4312650778129
vn 0.48752840980975093 0.60514158792083139 0.62938041612130746
v 1549.5474563190446 7712.300970716281 7542.9953333226731
vn 0.06316008186111341 0.42442568132899233 0.90325724192376011
v 2172.1544177325704 7694.1076325267004 7695.9909975441133
vn -0.17882131279388253 -0.94012714956716981 0.29014458591774683
v 1512.3569018968476 7731.1346969105343 7542.9856533082266
vn 0.44390317750359171 0.56647654674729275 0.6943012969795439
v 1992.7732245684463 7700.7928454576349 7737.5744960865031
vn -0.61657393885754319 0.57825332536297247 -0.53428425919950029
v 1990.8688576086461 7687.0220518448696 7918.8704680990377
vn -0.55606937820834867 -0.25156303574724259 0.79215079730100124
v 2457.3479803928712 7687.0560661725867 8072.0872227952023
vn 0.41493818814552064 0.8975403578923985 0.14915631388881243
v 1829.0675987878585 7741.0183518398389 7765.6198249502604
vn 0.66230260483236281 0.12999828095298449 -0.73787241890555588
v 2195.044390821422 7732.7191673369234 7745.1949423114966
vn 0.56444663868945677 0.6920279972236848 0.44999693680151814
v 2464.3406309545317 7555.2339451980297 7640.7231553959718
vn -0.54919315331186558 -0.43203871808737215 -0.71535265878361687
v 1562.6263354778348 7648.3375004270347 7501.1639563574072
vn -0.26572661032895389 -0.36693615772942922 -0.89148596439531658
v 2431.0545929904783 7697.2031766957271 8071.9856161512052
vn 0.16005214408295201 0.92482349280229481 0.34508668235012163
v 2367.3773901236 7581.7127754541507 7960.3208670178356
vn 0.37604879539766989 -0.7277113326291228 0.57360571810530925
v 2847.4728144172805 7399.0187321210769 7599.0716107640364
vn 0.61345848172469153 0.77071764372000318 -0.17222951215956764
v 1748.9456085067968 7696.8708662183853 7723.9389678109792
vn 0.27148686008832418 -0.93612889721390502 -0.22351190706640359
v 2639.9900880025189 7557.7493774541399 7626.9592395903828
vn 0.48539874959445561 0.86741562285778329 0.10944492274373852
v 2522.2779573489643 7568.9183863473118 7612.6331814339892
vn -0.26250375004239535 0.10251083315810136 -0.95947032799295651
v 2088.9567179286532 7942.7288542614842 7654.4175476365454
vn 0.46555234638577292 -0.63370020714221931 -0.61780665279892355
v 2390.6369197033096 7623.9473435297095 7975.0304903804263
vn 0.55645212884639006 -0.55407752078844197 0.61916001910592877
v 2203.4559279352325 7618.4406723724369 7958.6108529385183
vn -0.38295599500582655 -0.6829335740695226 -0.62205019033653974
v 2458.988348999952 7572.9473588427791 7723.9852124676945
vn -0.25114696745136339 -0.47021645118184385 0.84606246210190439
v 2320.8821554375663 7677.1151735194544 7988.3697827178339
vn -0.92798456640061466 0.34690964796416374 -0.13600860513821539
v 1969.0960517835829 7688.5412799260703 7877.2423693343098
vn -0.71092704335870816 -0.68111135184990113 0.17512871095981314
v 2091.0090645041564 8128.2459969314477 7627.4777646392913
vn 0.020713835543859117 0.99953014672736296 -0.022592538596589374
v 2011.8110654129473 7757.8981028908374 7924.3037681785572
vn -0.45686024990184487 0.44697700461841494 0.76908404573360734
v 2372.7041583470555 7616.753234996645 7696.057892101051
vn -0.27858008301113191 -0.92116366980567777 -0.27175472540444862
v 2822.9023974664369 7259.6157973096742 7696.1313265287135
vn -0.76676022844171754 0.37797744665402228 0.5188562439644635
v 2481.4658528176478 7602.0034123553469 7626.6664017808334
vn -0.25938426351320093 0.030474502895609153 -0.96529327590892278
v 2285.0736494532248 7650.9741131994524 8030.2772724117967
vn 0.47491684673226875 0.68264141358815467 0.55538697242935453
v 2216.9485950658418 7592.8570455306181 7974.3062618089034
vn -0.36343007931443638 -0.86342564172763625 -0.34987817687978512
v 2070.5392027468406 7987.5783018717775 7709.5556713338665
vn 0.068418370945563411 -0.023440905843677317 0.99738129642097417
v 1998.0205390674325 7749.9306667333285 7817.7718093150761
vn 0.0045811840686520045 0.0069392091824004871 -0.99996542946666511
v 2306.1581285484717 7486.0045729219619 8057.3045744395276
vn -0.069234737713118569 -0.84020268773618056 -0.53783454204308401
v 2163.1080871043314 8002.8198526864562 7654.3621749248468
vn 0.9309952986334451 0.35150011670024295 -0.098465333402868643
v 2022.6782773583823 7654.7259790075896 7808.4417373336764
vn 0.85034223232544304 0.38650307732194583 0.35711827052735379
v 2073.3416167975229 7980.9029057428634 7723.7592421835234
vn 0.74855489222233451 0.47044908962330306 0.46727211280218123
v 2008.6042020147815 7692.2478806979634 7794.8266725718213
vn 0.334400048560685 0.88007668593397104 0.3371077489439987
v 2551.0579685177981 7576.9174328190138 8085.7717212839234
vn 0.36748799889276962 -0.88672300679941929 -0.28049042743449332
v 1725.4808549059221 7701.607424972929 7695.8568543036945
vn 0.16796616413610915 -0.92731711293370478 -0.33447023748862909
v 2356.4062082051041 7637.6047892747438 7669.4610729130745
vn -0.33536348240577829 -0.7221506935248394 -0.60500389297116308
v 1732.4686668596385 7721.4882180051582 7636.3307798911846
vn 0.80221205071197033 -0.4973916333777002 -0.3302383816856525
v 2144.8137371140092 7696.2100767833199 7681.5745400630076
vn -0.38502823574181533 -0.92290096808718114 0.0026572138207204979
v 2103.0137795711971 7969.2220440075143 7696.2174380445113
vn 0.65163829981340482 -0.22756279048543115 0.72359014822120038
v 2245.0350211964906 7612.864539285807 7877.0328566514763
vn -0.74190432175826271 -0.63642804736664138 -0.21103866442312444
v 2393.0907313756211 7594.9268160517931 7946.642872623057
vn 0.59476960731558903 -0.79416121835363107 0.12472799796651979
v 1951.045350005566 7650.9964366724071 7809.3941376254315
vn -0.86351989630189141 0.40742021151765473 0.29722409043965464
v 2094.0740574853116 7674.7956250251809 7875.9499922523446
vn 0.39053991347065609 -0.8891655106203511 -0.23846020781166571
v 1819.009309044377 7759.1015576635536 7779.5396501527175
vn 0.12977475496487245 0.92626000466158276 -0.35383741568428279
v 2259.4900150175426 7769.4521853355654 7709.7749206912595
vn 0.16246464477276956 0.65599905887221821 0.73706883936144107
v 2978.3945002242899 7288.0198473482778 7654.5245842175091
vn 0.61327222335847265 0.7324083553381262 0.29576203456132888
v 2969.6655994943103 7294.1246277097507 7683.8322271448997
vn 0.39870259317903084 0.90875698552647832 0.12327604572318362
v 2154.3158846964134 7640.3577887038455 8045.7373491633789
vn -0.065243938613573166 0.29553075073189561 0.95310272470811375
v 1794.444505018113 7776.8677100699233 7542.5108807237975
vn 0.24584003782781297 0.82026559617303874 -0.51645622034758065
v 2538.0046948271374 7606.0204023803672 7626.4103569899244
vn 0.3150002509702518 0.86840777458461871 -0.38293965442308059
v 2312.5011643534162 7557.0109834999093 7834.2304558453025
vn -0.61342812469731212 -0.77970633216952634 0.12555465505142865
v 2002.3522564277807 7705.1267268579586 7639.7360311263774
vn -0.077391904156243627 -0.99693046188161005 0.011838384331934324
v 2408.5679629272963 7648.937048274287 7862.6074420577779
vn 0.78255904310130442 0.54080525706231442 -0.30843316617078459
v 2753.133006708711 7437.0602577290156 7640.480102833686
vn 0.60274440471282209 0.2598175111507362 0.75444949697565755
v 2325.0616882972063 7538.9531052066759 8002.1831383900335
vn -0.1254924058532384 -0.68910802361294377 -0.7137098765362776
v 2469.6787532330745 7685.3910178282385 8088.1753272964706
vn 0.23148501904625607 0.9579043674731138 0.16980550265844818
v 2115.0344198592502 7674.899990934271 7890.8809284972303
vn 0.50102422521963663 -0.83774694277245521 -0.21715152686193021
v 2099.1151577444243 8091.3468425633 7682.2034728895997
vn 0.061283269752100446 0.52038616028007567 0.85172918526809382
v 2377.1618879055104 7552.9454608527403 7890.9078916890248
vn 0.67215544383778114 -0.64582881095323041 0.36209419528897729
v 2253.2819575553231 7500.5700623797402 8084.9525872498198
vn -0.76178151837961927 -0.64051789172419837 -0.097086294791952785
v 1918.8434652240121 7707.7099900773355 7598.2076680693954
vn 0.32920031683054485 -0.90004868037645758 -0.28555126396369934
v 2486.7027689891497 7543.1398861157322 7626.5096881676473
vn -0.80977711209168768 -0.19423367344018092 -0.55365540621796472
v 2354.5874468066795 7554.6884009444875 8030.0737950920502
vn 0.80372789213666573 0.54829152485347288 0.23107981126746191
v 2473.1349074484169 7651.2305720228032 7640.7764958698936
vn 0.45938868241907532 0.7050745699361044 -0.5402146696403971
v 2215.0098227693106 7673.0953813715332 7904.8597441036136
vn 0.14492869817799975 0.90204538868121431 -0.40658306556395984
v 1563.7020955663029 7747.1631328772446 7515.1459201984044
vn -0.15909905095270049 0.95932832707704696 0.23318802039020894
v 1991.8045067387357 7677.5828776567942 7709.8829720116464
vn -0.76916989223923171 0.41132590521156004 -0.48906919405599414
v 1952.1971554666725 7595.478428755614 7779.7100671983917
vn -0.83236398335431294 -0.35674326740798679 -0.42415143566138575
v 2401.2027667465263 7640.8436859146577 8016.197458253806
vn 0.15502290009124109 -0.91038197494466666 -0.38363076016288022
v 1997.2401307422515 7595.997563810758 7806.3960303467202
vn 0.74677918573566782 -0.6627386245275515 0.055662943789401356
v 2231.1017422599816 7563.7800527041909 8057.3365251112991
vn -0.94922418649929219 -0.30984267781095237 -0.054506502104752004
v 2359.0885024184727 7530.9477630069377 8044.0183135947791
vn 0.99841082807750137 0.055247990045186372 -0.011112064325095119
v 2489.5804177399277 7590.1258434570627 8143.2613021606603
vn 0.070142224216813903 -0.21611195218750626 0.97384582583878398
v 2927.1673531105844 7354.9162454140333 7654.6437581778819
vn 0.56007708954769841 0.59820659229134632 0.57311650360372124
v 1440.6710363229467 7743.2817328543233 7515.0919610172114
vn -0.98306914112375821 -0.021447561555386574 -0.18197545404126361
v 1766.4927743565986 7725.333840037616 7738.1264950714631
vn -0.37232040601953714 0.86562789891840142 -0.33476238718763013
v 1778.880009065223 7747.1152546457724 7779.5539943870845
vn -0.70333988140463277 0.710102308049544 0.032676035996239312
v 2350.9137623968418 7682.4586070525802 7863.0801074986393
vn 0.21270497297438948 0.96012200098510903 -0.18144513687700392
v 1779.667317970355 7708.5388798339245 7750.3804933011115
vn 0.64762069105003928 -0.72160163892408213 -0.24470086887044032
v 2440.5403271295022 7573.0842946940984 8071.7805052343101
vn -0.18393751738733541 -0.63020293241768277 -0.75432834605994836
v 1992.9263541466153 7924.9555740460237 7654.328119398916
vn -0.68217326338949891 -0.34112976722165422 -0.64673806183942928
v 2989.5765904055361 7284.8065639801825 7639.2953485684293
vn 0.73443814590026302 0.67152005478986265 0.098292552421859025
v 2955.5761063988684 7250.5814089538198 7599.7561949390656
vn 0.58401491731918731 -0.74172866684858452 -0.32979563539210782
v 2233.4107689945604 7717.3491910954426 7779.6417758398748
vn -0.71322321756755458 0.63008946849732062 0.30708289371332437
v 2091.7156600265153 7855.3858246014279 7739.2315687715072
vn 0.84467515231281842 0.19963459500847838 -0.49665875160024892
v 2870.9985200018564 7299.441631791633 7710.0796441268058
vn -0.61872504566378639 0.20671079052180891 0.75792477657759305
v 2402.9088222936671 7621.1096076109134 7958.5735771359605
vn 0.66264949927136774 -0.53570702528491321 0.52336758036373943
v 2444.2320527988577 7648.7454054947866 7742.0105266987121
vn 0.85981964301185709 0.50191219027855893 -0.093778114401721083
v 2392.1177177401714 7682.0823981975855 7918.6358047344465
vn 0.40420532555888905 0.88101732523083087 -0.24581807792134597
v 2278.586491602935 7590.9788209109865 7932.7827542047489
vn -0.43135451360505178 -0.88699684337770446 -0.16483289547459068
v 2397.4010701292827 7602.4625108120199 7682.1449602337179
vn -0.57471828902862498 -0.80248552692869135 -0.16036167661255737
v 2630.5670505575199 7490.6425597004654 7542.0267815083862
vn -0.36618378330262358 -0.20522840792371994 -0.9076291849798972
v 2188.8774180219184 7687.651662256998 7959.5912617581962
vn 0.51067866951856844 0.85914319739732792 -0.032867352565131611
v 2010.8817680360271 7860.9222536752404 7710.0511018270163
vn -0.80524473102591376 -0.48662894472876322 0.33878192588621669
v 2263.4295984271776 7596.3912491819974 7876.9676905937331
vn -0.57947139904448641 -0.7504162524395398 -0.3179439349382569
v 2341.8289452520812 7494.0363410506143 8057.9147956613961
vn 0.47901228556608738 -0.87727966599255824 -0.030456820463381579
v 2218.8455741489765 7688.6611449124903 7751.7173923684759
vn -0.90843609797678193 -0.32776418782383815 0.25945036726298598
v 2175.6858160594256 7591.2708517978454 8044.0343861096371
vn -0.65163772081861049 -0.73495962366112744 0.18762364561595304
v 1949.8455921078489 7627.5822589970849 7821.2746413711457
vn -0.9765002647701182 0.17712081707491331 -0.12278212028876211
v 2077.5773894972735 7664.6199602734596 7932.198691892956
vn -0.13396394249554394 -0.86508668626531215 0.4834032347404722
v 2293.8184972017061 7697.8818313744705 7640.2790660412793
vn -0.25940478780579995 -0.11016930469118921 -0.95946437159869968
v 1798.1990812145123 7752.9685116895107 7529.0163673823408
vn 0.16025602536394132 0.11149583144839907 -0.98075821990140977
v 2417.5681625275174 7696.5693959443597 7723.9252494400134
vn 0.62730608238317243 0.77613159658797015 0.064084505013962886
v 2831.139389840997 7398.8994647660547 7640.4869163363537
vn 0.36753768335234743 0.81492278800644136 0.44812598775768209
v 2255.0242004098545 7722.7683437888045 7640.3593645054971
vn 0.20586368416802456 -0.5435291376837722 -0.81375439785570602
v 1975.0593360238126 7615.8539629242005 7850.6314937384013
vn -0.10189229585210272 -0.39668765898142039 0.9122811306049402
v 2199.6223173436047 7749.0762036836431 7738.0927147802349
vn -0.038967186293772847 0.6965073791547356 0.71649077396387173
v 2354.0193684044207 7632.5119837544553 8002.9378526412165
vn -0.1644185524736832 -0.87484977052548607 0.45563627886063129
v 2317.8182180580179 7769.4134303214487 7682.8540907822025
vn 0.47484424012786941 0.85083937189970837 0.22493401441910946
v 2107.0730925296139 7752.9245251199081 7835.0982181915315
vn 0.52508584241260592 0.80684427458734098 -0.27071604064678439
v 2009.7656932379396 7947.0144505718199 7640.5361875568851
vn -0.53395613407566545 -0.17254733487077026 -0.82771871074173764
v 1773.1420411690633 7723.1094056285438 7737.8582329779456
vn 0.4306408182739716 0.20216992704971865 -0.87958843002454035
v 1808.6606874496065 7706.8550352602888 7584.9106880739346
vn -0.34599299674245249 -0.88119955713791465 -0.32214311525333023
v 2002.6663537715176 7802.0517844145033 7626.7179146544777
vn -0.0601228838377054 0.66141974636433176 -0.74760227257438228
v 2081.1094379526439 7602.9035357429984 7723.9356678774257
vn 0.67860331109254735 -0.69255718838241687 0.24466729857926003
v 2021.6343332316555 7715.9224124407156 7695.8033933320576
vn -0.96296280704076365 0.1112688780862166 0.24560510789803994
v 3028.9159562977602 7271.7280250987642 7696.3540836435586
vn 0.769494446189944 0.56790989330925856 0.29215860480961042
v 2405.0518485343173 7646.8705094871057 7988.434893499797
vn 0.60355443345063065 -0.66805297616173021 0.43523242859826405
v 2006.9083500489733 7708.7159820389788 7739.0006823021995
vn -0.66049866569151583 0.73458497137286571 -0.15532685683053396
v 1987.3544620808966 7663.7660783869705 7877.0877513778441
vn -0.89393673341013413 -0.44381247782143102 -0.062510808585559643
v 1753.0390047491837 7777.5898731251045 7556.1016550239137
vn -0.11806294601505676 0.98508429809137754 0.12518013593243849
v 2596.9763258964867 7464.7560658426491 7584.8530071058913
vn -0.74022136040721431 -0.59780604008340965 -0.30773409956760689
v 2226.8993476402829 7668.7850811804547 7807.3020336199124
vn -0.91545754247130195 0.1582892507112712 -0.36997567628381833
v 2380.988842123953 7654.9537785677885 7640.2960513902281
vn -0.24147035430959321 -0.35945560113089237 -0.90137879873293458
v 1983.1305896030426 7710.1315092097793 7918.9144372319361
vn -0.53076026225583417 -0.19853604654232196 0.82393991421308332
v 1752.1742847930873 7779.1176361414327 7515.1542790572576
vn 0.4586936784346734 0.88680237287538111 -0.056406212660148225
v 2281.0560174514949 7669.0686767212337 7988.5419174141589
vn 0.34962853706984059 0.93583097010916072 -0.044500353380062321
v 1447.9204652454209 7731.2086076548585 7515.1389296157076
vn -0.89592032301244484 -0.38279849684469819 -0.22537099553118212
v 2537.2545965259778 7490.5198569659078 7640.3549421586386
vn -0.5701909991549361 -0.72252780131202976 -0.39094219625655635
v 2242.9202419876474 7636.9164102337709 7765.5451986989583
vn -0.77896811233323071 -0.58111439136955567 -0.23561567034302755
v 1642.3960741744077 7761.3693825212276 7501.2416742037949
vn -0.2926642799420846 0.94413786626303187 -0.15149689348059373
v 1989.6735548216511 7632.365732238839 7723.9506900628112
vn -0.50722597719696372 -0.40371096332560807 -0.76140611118331247
v 2000.7532959978271 7917.2055689031477 7654.3159310957544
vn -0.39753245961858413 -0.59428227352984764 -0.69913984503659499
v 2261.1150637495957 7602.5790892423574 7807.2607773584796
vn -0.51816630848644607 -0.7007247380662619 0.49039628690631204
v 2020.5648259771988 7936.2339675726253 7737.9682047424249
vn -0.23747496745111094 0.14842019799625672 0.95998806485333232
v 2924.3627241460417 7329.1255094687394 7556.6615979966109
vn -0.20585957913546649 0.81744624439794733 -0.53796233250838288
v 2474.8837574821387 7588.9757789058967 7626.4129980300086
vn -0.50699465908996066 -0.065493171175007275 -0.85945742197254649
v 2720.2447534746243 7505.9762491356851 7584.8352892871935
vn 0.58651431589494829 0.77561168561085481 -0.23329695753303231
v 2151.1218177248538 7699.0722234962623 7668.1905063776385
vn -0.099403555232770308 -0.9676420954557039 -0.23192177196024491
v 2274.6156606791119 7605.3987619507425 7765.7423141044965
vn -0.57730219304222596 -0.78214895408858531 -0.23444656433133809
v 2075.1776308093345 7681.0338111567926 7723.8932804888145
vn 0.97758912499774153 0.20825304620638324 -0.030824850882235365
v 2098.8871538039548 7948.5883276118193 7653.9363456369965
vn 0.46690615106256189 -0.81654620489034491 -0.33948629041408879
v 1623.4842882940466 7730.7589077940647 7543.1021955200376
vn -0.022694519923543967 0.32323128966318571 0.94604782762189854
v 2405.0750009434732 7689.0717254016772 7946.5504135121937
vn 0.56913541732221673 0.80732986251774896 -0.15589538106223325
v 1606.3291536195338 7757.2258344850561 7515.1757422551655
vn -0.45143783420595879 0.87495684821715303 0.17508396729951906
v 2804.7498107793976 7351.0313042240923 7640.47896718622
vn -0.55398210945532644 -0.092241895629091117 0.82740271639279672
v 2275.7481042324416 7717.1988939229914 7793.5382228670987
vn 0.13739852094196786 0.9878632486426947 0.0724420349249046
v 1700.2288154785465 7734.4802326067402 7612.1875091679995
vn -0.84573936489112611 -0.42447639691428152 0.32333375192859765
v 2150.4910402883688 7809.2456520311243 7640.3237342018638
vn 0.18953229864053561 0.78799622634685418 -0.58578106408038855
v 2751.9772087786441 7468.3460404882881 7570.8017182972953
vn 0.3611569097005044 0.67665616255325645 -0.64164018285506608
v 2078.5484386387689 7693.4462251711338 7724.0480632021445
vn 0.93762129158173146 -0.34726524597156139 -0.016527628774776551
v 2166.6275619428789 7696.049814434662 7932.0666020021508
vn 0.75726680106242528 0.40148228787537421 -0.51513004623205227
v 2043.142249388397 7601.3328288144439 7877.0045376151993
vn 0.89094297413418766 0.37574497134426588 -0.25502222128752805
v 2440.0510665557817 7657.2167209417548 8016.1567386381612
vn 0.095229913534208649 -0.43776599200183924 -0.89403143111129635
v 2361.1008328964108 7564.833518494007 7904.9159371230071
vn -0.11363001536278736 -0.82846451135836041 0.54839290023522891
v 2276.6938114139539 7677.2150630095002 7652.9883288966012
vn -0.36867000964541452 -0.39180960972867801 -0.84295175052449534
v 2423.1004997675127 7662.8901933298584 7974.3992643825632
vn 0.93488500793801421 -0.35344780132078124 -0.032629337631104587
v 1987.7233550919336 7744.8006379750004 7682.5914727811996
vn -0.55608114679204679 -0.16227295703567102 0.81513265521468425
v 2146.7658488777524 7698.8809483134683 7654.4026050998527
vn -0.00078585957472321951 -0.99809652960182771 -0.061666036207272651
v 2211.6710502651113 7681.2398361793203 8001.9061756132032
vn 0.14609347016084059 0.93621415920205009 0.31962438280888716
v 1730.1184716329735 7714.8468986941152 7487.2273944878234
vn 0.67771405144971186 -0.61940872520443913 -0.39627830575017448
v 2829.0497645966407 7411.0746464024614 7584.7021301092509
vn 0.57671076492116435 0.67415427759896152 -0.46143331437930191
v 2462.5906037762825 7561.2133044577067 7640.2682452001518
vn -0.59132288950426826 -0.2556040972438855 -0.76485540190317114
v 2107.4065179727086 7839.5534191404804 7671.404197789735
vn 0.48589867640440443 0.76428964818626677 -0.42398562468998913
v 2393.1379391853179 7592.7689227800884 7904.7084733868687
vn 0.8681434094402507 -0.48866946292116453 0.086770828357217736
v 2362.6615716751876 7585.0844545761156 7723.9204696501693
vn 0.10915133014001546 -0.97401803517294205 -0.19843098116601338
v 2381.134837714495 7559.2142817994636 7863.1989207435399
vn 0.99406274664244143 -0.061518386443442333 0.089748224868688151
v 2370.9287140792458 7669.8021094985052 8085.8059455410867
vn -0.95725702429206083 0.27613617282735192 0.086068597640322014
v 1878.7629132528673 7728.5509935202281 7640.4404436234981
vn -0.52213392406288373 -0.34418174941411012 0.78033011521594986
v 2236.2390882569889 7555.8666297728996 8057.8741709903297
vn -0.81906690570587326 -0.54409264833646109 -0.18191369932916665
v 1909.0166110185642 7748.8619868818405 7570.5501390333784
vn 0.46079184293034386 0.1974781021176284 -0.86525908066478951
v 2176.8511537503855 7692.3283019429564 7973.2191338750818
vn 0.31437088333555563 0.93067849432407401 0.18710555286654917
v 2410.074670291222 7636.7889422013395 7960.2866886018564
vn 0.78261162066865497 -0.58728106495965049 0.20644612356312206
v 3006.1009667631142 7245.9554415289058 7636.394956492426
vn 0.33495185238430447 -0.3284163012985557 -0.88314777337980044
v 2090.9610873397887 7783.1943272296548 7876.9152899388573
vn 0.42448895060076913 0.86263214462375204 0.27509073753887775
v 2248.4816768557794 7718.2117723136498 7807.440841808726
vn -0.32141371347914127 0.94692965536646467 0.0041776279270529099
v 2356.9982150787419 7644.8748016382378 8057.9035586562868
vn -0.78152246685980353 -0.62323940273498868 0.028200721123791208
v 2423.0279787412928 7657.0396894289743 7793.730084188518
vn 0.86514483125646191 0.36487941819386061 0.3440747464269035
v 1574.2916032406574 7745.2501006868406 7501.8905409707895
vn -0.20974753926928952 0.94181576210219065 0.26265764794946972
v 1721.0163806876026 7727.2100990103581 7596.4359391660937
vn -0.22868637213412882 -0.9728327465369595 -0.03604151031084192
v 2381.4326533667463 7725.2855665029792 7654.6182769033476
vn 0.38579221535498376 0.65635144876721652 -0.64835726437872943
v 2687.0833049523098 7501.0726544572699 7654.4734013467723
vn 0.59220352792891828 0.51224680296206682 0.62201141015554084
v 2373.3648360202501 7692.920312844547 8072.4887940981371
vn -0.51762325271027843 0.42988664325578679 0.73977269630873999
v 2871.2682441400179 7370.53275798295 7668.4734291456189
vn 0.17778469899757846 0.76541450294552282 0.61849271578814791
v 2506.5574859952176 7556.8857499694222 8113.2768739721978
vn 0.14668580811562015 -0.8944700431846041 -0.42238207294202251
v 2056.0002219242288 7696.6127733661742 7710.5603829152005
vn 0.72316297792762563 -0.47253229387036105 -0.50373459143130428
v 1724.7141616196841 7715.9342125780422 7640.5848714351532
vn -0.014521579747864241 -0.99375051655077251 -0.11067535668205176
v 2259.2407539592095 7582.5529520789241 7988.2704567874116
vn -0.29715195535218786 -0.89771994868837945 -0.32526851854630023
v 2789.9314566373723 7299.8375498110108 7570.0529395214626
vn -0.43837051761647167 -0.77674802062494952 -0.45220990893598262
v 2522.8561240605995 7664.3194624400494 8071.5179427814164
vn 0.44944233129043065 0.83473830618339184 -0.31814077235447957
v 2897.0493270976149 7206.5702147109714 7709.6874296783299
vn -0.098412720865645564 -0.97049524222218853 0.22012251405959354
v 2169.0675745652516 7688.8190978118719 7682.179542976537
vn -0.26873829486505729 -0.95160752910841406 -0.14907326862050216
v 2050.4651419155689 7666.6851082133971 7779.4603341370703
vn 0.47182685336756808 -0.72085156777704362 0.50769325155514688
v 2252.4642333951488 7745.4027494892944 7626.304902300265
vn 0.18711073650033716 0.094361779602016291 -0.97779620925663335
v 1996.6949033427318 7776.833299485962 7709.9991522422133
vn -0.91490195315363043 -0.39440650319660786 0.086011198991156057
v 2353.1013948181499 7574.9312875280302 7779.5165026863178
vn 0.29078795676373137 -0.70065456298149265 -0.65155625050672927
v 2827.0477784148843 7265.3317581026058 7696.1766148757433
vn -0.74663534539533183 0.44638663369814086 0.49322878490821592
v 2269.0941301459388 7582.7375882191191 7793.4639045433887
vn -0.4461666095535618 -0.89316131571861124 -0.056552812691136219
v 2020.6976548560606 7717.1866443206118 7724.304254262438
vn -0.76473504268470704 0.64361935564341854 -0.030568603683677059
v 2374.0945035129589 7699.314008836649 7974.7367239320592
vn -0.08029108241231267 0.97814146797266444 -0.19181400031629647
v 2839.5765283767696 7230.3978922133883 7681.8998123623996
vn -0.51093093836062931 -0.72967224749049475 -0.45445350418727881
v 2300.9435935814727 7564.9023377114991 7974.361599908817
vn -0.41985345524253775 -0.85731268399558402 -0.29788930491239574
v 2140.8212612568605 7602.9053386399428 8044.0058530528977
vn -0.58732429214570125 -0.75978428712133372 0.27888709704659609
v 2278.9586176509729 7526.9377642619074 8030.0315536707676
vn -0.39798336204288631 -0.68080644034675186 -0.61490798849862505
v 2266.2219903467776 7612.765175118866 8072.8129501876483
vn 0.2047986915630344 0.51159784063075564 0.83446099093727377
v 2656.1413868936106 7549.3144500315821 7625.4706900511928
vn 0.51052888461019819 0.84137992845291065 0.17731349067468533
v 2430.9985601332883 7711.1769705621846 7668.2731067263339
vn 0.41033831674441912 0.91159000656653033 -0.025022504658609845
v 2182.8585541424272 7800.4624656584092 7640.2085404050567
vn 0.28540620537844397 0.73800231632360402 -0.61147026013737782
v 1848.455595861685 7722.4696950171337 7618.6968740323628
vn -0.58703349590707388 -0.029992518298465699 0.80900687483434619
v 2381.2845421139514 7575.4450348155779 7849.6618498741782
vn 0.92481738420796733 -0.38032677584139984 -0.0080218105698530526
v 2567.5745434313176 7581.3256946045458 7654.0944213372504
vn 0.44890681259091414 0.87376811136310784 0.1871148341912357
v 1480.661458143597 7744.6303283483612 7528.9479391627547
vn 0.05713210201969264 0.76554866857336357 0.64083629654098218
v 2084.8810760897904 7743.1613740719249 7807.2235614220099
vn 0.30595239487290554 0.7276100064223433 -0.61398437327476929
v 2423.9176784855185 7692.6555354011016 7974.3889955393115
vn 0.82733740894845154 0.43383444420594008 -0.35679193765412592
v 2611.103128294159 7457.195228803781 7585.3514536718776
vn -0.61382500888341462 -0.76326274482064582 -0.20161557687373693
v 2248.8309610745728 7670.530569308783 7934.9584923817456
vn 0.3868856450021243 0.89443707079045209 -0.22428068148435332
v 2153.2537916545571 7972.8589112745913 7654.3500475339042
vn 0.29803521521553133 -0.93050487580427121 -0.21292178516044219
v 2528.8153464457791 7504.7572248600954 7696.1855644045381
vn -0.13672940708287326 -0.68923800596712881 0.71151671826403506
v 2031.2936897371301 7628.5799724258104 7876.9321028027771
vn 0.61166803973568062 0.0053492223568247788 -0.79109645112722315
v 2351.863396441011 7664.6678987595369 7640.3049685583865
vn -0.083116478155516718 -0.43639269834571537 -0.89590907121736907
v 2083.1163407771055 7702.6500426124039 7724.0351976821676
vn 0.42678389760598501 -0.87272376917652528 0.23708379838901497
v 2456.8657399084982 7550.9868630676701 7654.3715601020376
vn -0.69177114774053472 -0.68955051387474631 -0.21441261149665758
v 2011.5317575334866 7981.5962467092577 7696.047784707519
vn -0.86349978184071374 0.49464095561522975 0.098480717854269456
v 2939.0982317819999 7357.0890028554677 7626.5662340013132
vn 0.83639282215144495 0.53573681747250546 0.11590129187361539
v 2032.2088124957481 8012.2055733741363 7639.0068164415325
vn -0.8855125078381203 0.46460643325005074 -0.0029087187744922163
v 2113.0334369075531 7685.1195662898526 7974.5760320457139
vn -0.19817460054847408 0.31157943527185655 0.92932506864558628
v 1844.8706539706618 7712.9909123241032 7612.8559952190317
vn 0.096979567627471577 -0.65416034798045997 0.75011279324703717
v 2433.057335709067 7599.5963142712608 8056.9841588414802
vn -0.34151350786616441 -0.65056193071488333 -0.67833450321317912
v 2494.7654295246471 7556.285845400158 7709.9562316104411
vn 0.34499971614257807 -0.63594032747331541 0.69032970076237676
v 1715.1321600697138 7777.8046674743173 7528.4361914687925
vn 0.2777272261634815 0.82632084477735435 -0.4899606610065525
v 2468.2628781148051 7682.7694961453462 8036.8847230789233
vn 0.42491500448857633 0.7855951601637613 -0.44976380833471635
v 2258.3626223171536 7542.2845828506197 8033.4559990387515
vn -0.47507321287308257 -0.65080166243762572 -0.59225217481987291
v 2337.9349487798263 7690.3215396177839 7960.4681223988982
vn -0.57878703417806987 0.72221867178714838 0.37868952875589412
v 1734.044930954964 7777.0811865171245 7501.2414510032932
vn 0.21460003850864062 0.81858815562021836 -0.53278537418962546
v 2290.980923243198 7482.8817343439205 8071.949060744264
vn 0.01293250257193969 -0.96036394916294932 -0.27844898190758582
v 2441.017696945451 7624.9637726403489 7751.9838109097382
vn 0.51132735017625819 -0.19848047891926016 0.83615180466809214
v 1466.1987490784668 7711.6080063857517 7515.1076379131691
vn -0.70810914774097611 -0.65993699012403229 -0.25112666913647685
v 2856.1296980082307 7248.4227780008505 7625.4934461770217
vn -0.14557057992204731 -0.9782726214306362 -0.14762074522366422
v 2210.6735495329594 7795.3964502363433 7640.3955966511867
vn 0.029340214198389069 0.75578735399822328 -0.65415948159998183
v 1626.8062844207298 7687.1369657519499 7542.9222443826911
vn 0.14372969174689759 -0.2601763996429724 0.95480365352210617
v 1880.1494055349624 7730.2390482448864 7835.180779792754
vn 0.064382207318159052 -0.96664786314099671 -0.24788473140915013
v 2130.7073304100959 7662.9342238046447 7919.0998890033788
vn 0.38982751367231472 -0.89585732404682472 -0.2132467222156619
v 2009.7469288958273 7824.7982494101288 7669.1589009432064
vn -0.50422401091028624 0.85764352516778741 -0.10102341589609004
v 2744.2326933581353 7335.5073667069319 7570.7508591309515
vn -0.54784990641680098 -0.83602168381141528 -0.03046677265855775
v 2567.119889851132 7566.9278437728626 8113.5690479634295
vn 0.57674831592982945 -0.70730401352237204 -0.40875715593399681
v 2417.0550421467851 7673.071179034996 7932.6529545870462
vn 0.32795233099189619 0.85619579899788956 -0.39921926603728336
v 2030.6205864646327 7856.7264878345595 7725.6242737201119
vn -0.75590426249733922 -0.34344103701689238 0.55736612745224789
v 2940.9614168696835 7339.2080033068969 7598.5397000966605
vn 0.81976303227029412 0.5301603991236461 -0.21660683766693267
v 2085.165585554143 7730.0239223332828 7737.9325106514452
vn -0.076489845788018332 -0.42661272473923123 0.90119414477785753
v 2186.2816245695758 7665.8551596440739 7905.3649550486371
vn -0.69753074631447021 -0.33671435989353765 -0.63251426686475898
v 2365.180904455447 7712.1794646394965 8029.8797079011056
vn -0.21711724396072507 0.88361104335588869 0.41483927783470176
v 2449.0395300257951 7562.8113243370317 7682.2149064985879
vn -0.62380071127869663 -0.75305486323374438 0.20923920657515085
v 2872.8407481078466 7307.0801545007271 7710.0454613855109
vn -0.29603292423161859 0.16228878559386345 0.94128999667549107
v 1946.9042488988732 7608.9375466302299 7779.5612878982047
vn -0.90004446248890635 -0.30514894355067812 -0.3111335529848247
v 1839.8515825029044 7763.4778453946401 7793.5391683696243
vn -0.0069894639510596013 0.49420425734179158 -0.86931772064011503
v 2112.9503250264825 7692.8701821596906 7807.430117633975
vn 0.36370455120758721 -0.87839225630493623 0.31007425480747486
v 1965.9824831977066 7744.7972769330991 7905.6169549526639
vn -0.39783512592849291 0.027078820412798844 0.91705722289424862
v 2044.1062803340901 7700.8865156000666 7668.3523012409423
vn -0.020693236968817079 -0.96617383392288003 -0.25706013418364809
v 2430.9068348131041 7693.2135948951454 8002.2748841905077
vn 0.66067564052323724 0.66075547915584898 -0.35624415052704334
v 2916.9406428279399 7348.5042738613893 7585.7267402016441
vn 0.25997311081031949 0.632419050374041 -0.72969865450033655
v 2279.8443445484008 7751.0951895055923 7723.9713114211036
vn 0.22187476955966842 0.9052857752937139 0.36225578212597709
v 2224.3953805677115 7688.5328741451622 7793.2168760647382
vn -0.89155721935546361 0.15913522701102295 0.42403031040163142
v 2568.2938355759579 7480.9203794934801 7599.3796284026103
vn -0.72915390085719101 -0.40023220278294003 -0.55511149575581431
v 2568.8239163636717 7492.9409766107037 7584.7852597819146
vn -0.70858021916386682 -0.37185301282100686 -0.59969943293755612
v 2060.1412807298157 7730.2185902653746 7791.1301288146287
vn -0.29729372879536875 0.36497009499713989 -0.88227731954115451
v 2077.8523258550122 7773.0102948776475 7821.1774718645484
vn 0.46138158310374172 0.72483533617782381 -0.51160606935479791
v 2012.6915684595488 7668.026538285887 7821.5008804837171
vn 0.66834006389028155 0.34710623970554094 0.65790486953404881
v 2091.8048906238309 7733.2818471805676 7626.5289403690458
vn 0.037727543522561864 -0.60450880808381802 -0.79570455158232878
v 2048.7142039384507 7861.1503727911986 7656.9008956516273
vn -0.70681430676713897 0.08737947015999338 -0.70198174046327433
v 2342.5932228644633 7751.2135198803935 7655.1437794392723
vn 0.27031360196318888 0.88788862165449112 -0.37226919309845496
v 2252.3970168421765 7549.1234824085495 8099.7826273825394
vn -0.1858995487259707 0.96224485673155724 0.1988119550659502
v 2349.0243472930997 7595.1843780895178 8002.5332774230155
vn 0.9220140369798806 0.38105170155558743 0.068481503733889684
v 1877.2453107892409 7764.7355812242777 7557.1301155813071
vn 0.45924910815675657 0.52614466331839438 -0.71572484232335909
v 2068.0773531904197 8076.877091175902 7682.3520563400252
vn -0.72020192706343167 0.60545969801991828 0.33871483334473113
v 2838.6785487026209 7397.2667603559848 7627.3052961697049
vn 0.43211756459718087 0.84923432909002028 0.30343939207298759
v 2488.9574925692141 7676.508718117133 8043.3940850048857
vn 0.43425243156240018 0.77313955287935798 -0.46225540284095029
v 2821.0351689371078 7253.1667420992635 7668.52221392296
vn -0.87625090178034104 -0.26646663516635261 0.4014721527980003
v 2132.9183152258283 7628.1126507453591 8044.0710911073147
vn -0.81788683160493159 0.27934653152089334 0.50301754046404068
v 2196.5538361979416 7797.1950357966416 7699.3267965633195
vn 0.24802921562536573 0.81342756681443584 0.52613411003527655
v 1994.8263780277121 7806.3015572542445 7821.3015874675848
vn 0.13873965593735071 0.68560296377890451 -0.7146326916171466
v 2222.8885612138401 7671.0933561242864 7863.1190315498443
vn -0.92261490918759514 0.37188534381492772 0.10238662217505994
v 2273.8747085112864 7656.7942701898692 7933.464398608955
vn 0.33835284872254601 0.94050986028697725 -0.030960498450583261
v 2225.685792189528 7671.2744232668756 7752.6286825847383
vn -0.92597336045583167 -0.37293803558421484 0.059080938895056959
v 2848.9395771719264 7331.0804431464821 7682.224184843777
vn -0.51067416218241457 0.82960136821612063 0.22577304961671013
v 2455.8490155073696 7624.2410251725742 7737.9929364364834
vn 0.49759666188417973 0.042587037243540592 0.86636245667765333
v 2369.3775162284874 7685.229310699191 7835.0951704349927
vn 0.39071263982767668 0.75657459695538087 0.52434579460570785
v 1958.4495004312155 7747.6086321699404 7818.2439852332545
vn -0.23799714248282097 -0.47089278807096391 -0.84948063092266324
v 1902.2753828672539 7729.2590177001666 7848.9692707993054
vn -0.24130939842966415 -0.96565375386352159 0.096346260325986602
v 2514.6393839399193 7507.7895408982095 7680.9147680684518
vn -0.52572859309071751 -0.85060412200062263 0.009059472523534888
v 2899.0593687013788 7302.5297132032665 7529.0063255407267
vn -0.3635858524961445 0.52839851984947073 -0.76720292757883835
v 2479.979448099235 7529.9401551729425 7667.7575922959995
vn -0.42924856516651722 -0.89146127650972184 0.14506020055874552
v 2016.9327735004749 7664.9019308492225 7918.600893459703
vn 0.076374285378935133 -0.70191698760397969 0.70815218071104702
v 3033.0592115160362 7265.0869662039186 7668.3026649795283
vn 0.73701749194580801 0.66737160284527142 -0.10686608574119327
v 2011.8464827475527 7916.0969326375707 7654.1233327093487
vn -0.32641401884154025 -0.58311329662531164 -0.74393062284226208
v 2309.3158286954385 7699.1273211593571 7835.3379445341634
vn 0.20095448858740569 0.80870406814335893 0.55282458672254786
v 1989.949283577899 7581.0371738039612 7821.4097336293808
vn 0.31408016538675282 -0.93615706742171978 0.15799871780174493
v 2269.0561821379206 7598.7786559212454 7890.9309242537238
vn -0.45140694907812862 -0.73617813040453606 0.50425541805523288
v 2405.0281453766875 7707.1054393004888 8071.9377744501007
vn 0.24237776428877908 0.88052573023722025 0.40734194206904711
v 2595.9754901866818 7454.0293106990048 7654.0562155259604
vn -0.2508178520894726 -0.91438159602652958 0.31779978275826409
v 2106.6957308450001 8043.697993950911 7696.2767829748136
vn 0.33987786055044023 0.15103627278192647 0.92826240051603892
v 2307.4438961200613 7687.020888912225 7891.2267692388104
vn -0.60167239893195246 0.72126263793625578 0.34317711386498834
v 2602.995906687458 7575.0817820354805 7640.4767789342623
vn 0.53995695772656294 0.83970221732974271 -0.057850410665681966
v 2947.5016540719039 7307.7191101028602 7541.6203825585781
vn 0.79915817387797017 0.59573555815176082 -0.080282986227706174
v 2421.8370255961199 7550.7191973473382 8127.7576385424099
vn -0.61134121786890627 -0.50145156089660703 0.61221585034113479
v 2764.7273206414911 7299.8496397889157 7584.6515369832705
vn -0.79230235585721909 -0.47398171624859164 -0.38418525422657762
v 2400.7384846783757 7600.5999560615173 7723.784027934179
vn -0.43158832520631935 -0.89883731033843162 0.07630863050257411
v 2037.1163563670821 7597.162833233293 7890.8746858126651
vn 0.8792436849102987 -0.12095186427371211 0.46076153167780071
v 2028.7951011901505 7701.7799990734275 7794.028310442558
vn -0.83246733543556417 0.51453410289666157 -0.20555484034471064
v 2366.5435236019202 7538.7346014616523 8016.5463602913551
vn 0.87516413304870611 -0.47222329908402061 -0.10532281817018717
v 2096.1165113789693 7847.420397380658 7733.8704188653346
vn 0.8347553084841669 0.36050100475387514 0.41620019285068821
v 2562.6639382100293 7465.2031041630871 7626.5225231439863
vn -0.57628626673538186 -0.8011320215878116 -0.16149805806517464
v 2124.6120364426661 7641.9458531487817 7987.1664980366959
vn -0.83809294655701505 -0.54319021494439512 -0.050444061296074899
v 2021.5060097366186 7993.8149243997113 7628.8324683154206
vn -0.80803212648601486 0.34022709030268028 -0.4809673685299875
v 2160.3612940739913 7682.6944889742772 8002.3961106716015
vn -0.28242995115782243 0.78730552465367187 0.5480723798357261
v 1720.8454767659096 7721.0734121940477 7737.9431614243922
vn -0.82646382339326163 0.49559002147770664 0.26711061235734901
v 1990.8974196180204 7623.1486251103597 7876.9331459859604
vn -0.81221942997259422 -0.051042492516796774 -0.5811146715861395
v 2790.6379584842457 7283.1930307921784 7612.6502230631631
vn -0.86555243215500399 -0.45461688315898835 0.21010111074757287
v 2441.0044740847734 7663.0619586591001 8127.6049075231595
vn -0.011717774191755983 0.49793228519318872 0.86713674419337106
v 2483.5693836905994 7542.4855810350127 8127.1737350272579
vn 0.093222821583482718 -0.93663313258573577 0.33768014522421341
v 2061.1754929393792 7791.0172094207883 7849.1097430201244
vn 0.25852832074379778 0.8185293083823979 -0.51300378038804506
v 2768.7660960449039 7465.4041742668505 7612.6431838764693
vn 0.30732358634169338 0.94077720890802707 0.14314487932616338
v 1981.9454023272219 7576.1530999147944 7779.4385318365958
vn 0.041844408202035367 -0.96872139576264837 -0.24459743026836545
v 2182.8855738905236 7787.0846181589222 7724.088001186773
vn 0.39505408513539392 0.60557750186736914 0.69080254707833366
v 2418.7322542488037 7589.1201751633052 7654.3841420873559
vn -0.83329176232906543 -0.46712051024518791 -0.29567425952016108
v 2503.1177332966126 7596.926354627295 8043.9247232376174
vn 0.1361976202337965 -0.60784689175351692 -0.78228662549492622
v 2425.0905915228286 7648.3917585541194 7890.7255304633582
vn 0.97495626325875029 0.21619019933271391 -0.052173579952075992
v 2504.4620837530083 7668.4474465736666 8044.1396092458235
vn 0.56877408900348758 0.50654532902972182 -0.64800298249037691
v 2226.6813634409123 7556.6172630178771 8044.4595548839961
vn -0.67237917824669036 -0.73494653800486487 -0.088089879866925763
v 1958.5649219680658 7647.8580522536886 7835.5425606334529
vn -0.75980882236474534 0.58090027943326994 0.29196818116200235
v 1998.9511508651899 7668.9220326038794 7863.030622769671
vn -0.5288033318260561 -0.4955757726821855 -0.68903678405446311
v 2157.4717132357055 7710.7169819608607 7919.18333685363
vn 0.90819000477730616 0.33356632366713268 -0.25283279640464046
v 2414.9385690908966 7715.369872593008 7681.8116654163314
vn 0.4941008779913233 0.75641018492760359 0.42861165932110618
v 1983.7858262974778 7608.3190892736829 7842.8362496887075
vn 0.4306019216328778 -0.40290231790358788 0.80762101713241052
v 1737.5804962765842 7725.2549458109261 7738.4014738331116
vn -0.51640692881044981 0.71303542741356141 0.47424082819778274
v 3015.1098613285153 7255.9352969435404 7643.829312666644
vn 0.73375723663935188 0.25546986362453472 -0.62955179807466499
v 2067.1915287726592 7837.0096580196814 7640.2645630574771
vn 0.30784382798426541 0.45757776445949472 -0.83417909770279264
v 2462.9240498989857 7536.8572034263889 8127.5694904464881
vn -0.027736316073972363 -0.88715360264465659 0.46063997013421615
v 1911.3682502892418 7719.3295406251964 7584.4370067797154
vn 0.051393341139738334 -0.6264536062643481 -0.77776256253749287
v 1966.519412484251 7653.9799692724409 7851.1698883661093
vn -0.22855138979589071 0.64492574372013145 0.72927021556443827
v 2933.0594824602472 7343.0609882948957 7668.3582714624254
vn 0.51377496115083743 0.6471866210465359 0.56319158981009576
v 2543.1549139154158 7490.1146015314771 7682.108198377955
vn -0.14489139407229773 -0.61137830066334808 0.77796083281986816
v 1951.9276004088788 7715.8120453952642 7611.5751124222234
vn 0.23623923320527143 -0.53200932746133145 -0.81311567454374345
v 1749.3328862186381 7704.6568897128136 7737.6625443634193
vn 0.37800338096530628 -0.80977317012011707 0.44875478485740239
v 1766.4348294645742 7707.2046258816326 7740.3026433427567
vn 0.23262427764544316 -0.8654777981812497 -0.4436599219055874
v 2209.4283073241918 7568.5544182935382 8043.5552235949744
vn -0.63025984238783828 -0.77631300177023432 -0.01051923741272753
v 2089.1987042889855 7949.1561556053603 7710.1669362359598
vn 0.95651669290149588 0.13029570332771129 0.26095755573487833
v 2463.4627430706423 7652.664530996477 7709.6948908646709
vn 0.5984457055309359 0.79462891467352015 -0.10211574558491975
v 2552.3132554734348 7475.7656017640011 7624.1762728605645
vn -0.83638391202976559 -0.47351700382979933 -0.27612243440516543
v 2379.5660473532216 7588.9563420185304 7821.6520740281248
vn 0.8202892505135092 -0.56770276513465079 -0.069563754574181152
v 2791.0309906818111 7410.9362484906051 7556.756213923898
vn 0.42023693760226877 0.25959167069078642 -0.86949012690348193
v 1991.0148572490816 7957.5480082137565 7709.7834090567985
vn -0.83624226574974192 0.5410478611641647 -0.089252926581825084
v 2028.9878164224133 7672.646521588892 7793.7081630738339
vn 0.02189340048656643 -0.55780506523299744 0.8296831854482446
v 2120.8540884758904 7731.1512180473455 7807.6552555867002
vn 0.57495288932678612 0.77308278640459838 -0.26790330423434983
v 2396.1614113880023 7608.8584699952644 7696.2044837414151
vn -0.54365612471328206 -0.79741945490221011 -0.26184008670407655
v 2719.2470000679427 7474.8793838803285 7640.4946536071111
vn 0.61708527645596223 0.35292593079020979 0.70331290970458715
v 2267.9695474974869 7790.3821860342423 7669.0476712411373
vn 0.50640614771662174 0.84713306017174672 -0.16099190016538967
v 1642.0455703563675 7632.5430935507175 7517.3726541482756
vn 0.62362338656717342 -0.41488578978149088 0.66254332172611796
v 2967.1116091158779 7293.1688856138135 7584.5414965034543
vn 0.93709150257851526 0.327171767330181 -0.12172982566810139
v 2126.8582865186199 8084.6478934449297 7668.2746470500915
vn 0.96540246266547936 0.2290033695600612 0.12472185778589816
v 1896.8972420617606 7761.0489461238012 7877.0707213176647
vn -0.35321221659328644 -0.32983238795098263 0.87547228734427096
v 2262.1526378481358 7597.9823767061189 7947.3227179504938
vn -0.46329969006925725 -0.88439286653444626 -0.056592003010277885
v 2700.9167024398475 7459.1297644072001 7654.5740902885273
vn 0.4759452721593902 0.11771417758653892 0.87156151263364579
v 1918.9644675179061 7761.0643716674749 7890.990360916453
vn -0.40487718165744208 0.19301083810069566 0.89376802591544613
v 2414.3835340029937 7638.0844270799344 7843.700193317276
vn 0.94846066218082159 0.29524625922030723 -0.11511741272254371
v 2122.9475231444685 7650.9164848475257 7960.4801044487967
vn -0.36439026533724056 -0.92220597501203927 -0.12944448300159209
v 2180.1818908840578 7696.8490921794973 7669.2125579709809
vn -0.22821804140583446 -0.94384045706721753 -0.23891780423407336
v 2061.6437614234696 7747.1420607615128 7807.3486769340652
vn 0.11186601723686737 0.57350886125169909 -0.8115254649444712
v 2357.0852128722395 7548.2754560772519 7876.7075525489745
vn -0.28495334545102263 -0.76128107948410684 0.58245404019182778
v 1730.7423660756056 7723.3150667729096 7723.9135264143115
vn -0.21222656784237867 0.97619824097944097 0.044686443251721469
v 2703.2217796632031 7506.9567981906148 7612.554029091234
vn 0.57379006680180578 0.77936031379894988 0.25171901103170941
v 2415.7974688773756 7663.8447034261153 8000.9758753795395
vn 0.8163632128726227 -0.47732217193569698 -0.32513789205024701
v 2029.6026084937248 7562.975301755745 7849.0816696455531
vn 0.34915456867045758 -0.63855508830518226 -0.68581228217064427
v 2054.9335147885195 7731.1916698192908 7946.0550442484873
vn -0.17031199716948367 0.11596102240109314 0.97854323609324234
v 2271.5990844706539 7605.6150905417162 7904.3128125836847
vn -0.56563053946535857 -0.80231432344142961 -0.19066677535650639
v 2735.1050862894126 7354.1214976451956 7556.8742046620355
vn -0.53056543257623079 -0.36938451536446093 -0.76292555440498866
v 2557.18057096759 7485.0726811150344 7682.2848343953565
vn -0.17085947288668912 -0.63318271637797752 0.75490839722782821
v 2347.0342709690703 7584.9202040568052 7723.8345637100756
vn 0.0039617748981384893 -0.97892202069794809 -0.20419593955880408
v 2774.0333610977577 7458.2318297459606 7584.9512733362526
vn 0.62749058336811814 0.76696761322212015 0.13422461790857626
v 2352.4413243330018 7504.6960587186177 8058.2688072556739
vn 0.72017059386143478 -0.66871953425067676 0.18484723489635008
v 2340.9704231430715 7626.8507677659309 7681.9997644340538
vn -0.30689700739929254 -0.72864501414602412 -0.61228316178831743
v 2196.9043210567861 7688.4631210106154 7709.9038546688698
vn -0.36997445383071997 -0.71761946802219601 0.59003491644834116
v 2403.6417738747623 7708.2808596184368 7720.0321592346263
vn 0.56916533406351522 0.80744421245338349 0.15519235250456956
v 2332.9812962419601 7554.9548607084289 7793.4106595248086
vn -0.30110672447133946 -0.52818718700494183 -0.79394775392461903
v 2455.3303559653505 7676.7785433208737 7654.3005213961742
vn 0.64068304496045858 0.60493348689150528 -0.47284322173155874
v 2923.7000478647824 7238.8873312718515 7626.4534093306465
vn -0.19652201179869977 -0.91575760665202488 -0.35038137042021356
v 2261.9408516110852 7611.3198419231048 7779.9469664450153
vn -0.51085291727567028 -0.72414827269216997 -0.46329102739842032
v 2738.934436777884 7356.7783155669113 7584.7917202000135
vn -0.63298581346834226 -0.5662750996498761 0.52788395643772312
v 2385.8190139147919 7707.2971995683329 7640.1961068359178
vn 0.21809846201685615 0.38277608979617572 -0.89772797992834785
v 1714.3960525281727 7715.1449177589966 7501.3674400963055
vn 0.67227367175454311 -0.68066897516523794 0.29109767521086377
v 2080.9149596160032 8099.1685853557337 7668.3269622944681
vn -0.70441934075857271 0.70735303591512211 0.058694760813191027
v 2082.9760456101476 8053.1442988258059 7696.1528500394816
vn -0.16647007491165935 0.26719288718038492 0.94915524293927633
v 2545.9030869326643 7663.2799246769782 8085.7287731215747
vn 0.52802743056040202 0.8293456047381601 -0.18268251278454511
v 2348.9306337559392 7749.5097693828639 7669.3516918082896
vn 0.46274129621119015 0.84219927551223817 -0.27671442518858452
v 2891.6698067531252 7269.7018364156829 7570.4707042547752
vn -0.19330537257208433 -0.97586639678580189 -0.10157661423311688
v 2422.9494826882365 7665.0514700034873 8127.5851298412745
vn -0.32084030120178691 0.55332932584176242 0.76869249917522109
v 2097.0575629881023 7960.4487641804717 7640.3476267248179
vn 0.2529730045060567 -0.55049484158581463 -0.79558788853186269
v 2222.8670305731557 7669.0527388872688 7793.4175147652968
vn -0.9751888686308523 -0.21943430574827985 0.029244759517711133
v 2821.5375138896561 7254.9767900670686 7640.6074738074594
vn -0.90098686877701262 -0.41288000797822594 -0.13323948852834233
v 2453.8094343875464 7687.9951136808704 7667.9773815607796
vn 0.76265916155751701 0.6429658474952743 0.070327251098480675
v 2835.6614028116892 7354.882251880932 7556.7646084831122
vn 0.69632943212698739 0.70590008033992613 -0.12973202584479002
v 2097.0161699028604 8101.5730810203422 7654.4190897610824
vn 0.00099889645640193619 0.97667916134913657 0.21470169536409506
v 1727.0551255272876 7716.9178777370489 7626.4814645051874
vn 0.32920850081307268 -0.8871803025839009 -0.32331543993373912
v 1936.7194244652856 7753.0220914854062 7821.2027925633301
vn -0.054559959397046914 -0.66096940605145593 -0.74842678672972307
v 2312.989267560326 7677.149887628766 7918.8415167346593
vn -0.45153125690069723 0.79588549823009735 0.40334327532352154
v 2699.0608657668636 7400.9415357015678 7556.7976349136616
vn -0.46765576724181762 -0.27756577960299467 -0.83919921434594336
v 1701.229419039686 7780.7370342511294 7515.7044454974257
vn 0.30887325714989555 0.89438305076948543 -0.32353712231192633
v 2807.8764100154585 7259.77332002199 7627.1367590491154
vn -0.63496501192249943 -0.73258165065088843 0.24524183730326249
v 2029.5163216386245 7660.459072551148 7863.477469329946
vn 0.45786906459126808 -0.68329890921078584 -0.56873413855831401
v 2149.1850055875639 7734.9053290746524 7905.1023872280821
vn 0.92882170809368725 0.36925056493747582 -0.030728730323267364
v 2917.0416342647441 7375.1039968741916 7626.5773819900933
vn 0.48546454805596218 0.87217443440247489 -0.060298661308054377
v 2104.3013914414732 7735.3680189737379 7622.6070440348585
vn 0.02479499187864315 -0.58778706878083675 -0.80863562260870614
v 1973.9698767404211 7747.4205984381169 7668.7269504347696
vn -0.51632815346686334 -0.19194817053411631 0.83460238303404388
v 1966.9878201029587 7582.6502357607324 7821.5235426888576
vn -0.51999191828343161 -0.85381558193198659 0.02464461340861419
v 2129.2147818743956 7739.1500602484548 7863.1893106228626
vn 0.97955872195065419 0.16006721968063373 0.12183265339847482
v 2301.1015837269879 7763.0893124623817 7710.0532521019013
vn 0.12716151338073242 0.86192985683796419 0.49082264760910155
v 2183.7832304149924 7794.7015106017161 7710.2599757685603
vn 0.36579649313819207 0.78632205341039141 0.49788608529287726
v 1973.4280942758846 7795.658408096635 7656.7614887441923
vn -0.527340291275599 0.66325228126267965 0.53104484612621705
v 1975.0995243830694 7574.8773877553613 7807.2378113004143
vn 0.36952916933633051 -0.92911507109812419 -0.013906029912563313
v 1653.1359321108298 7643.3725970540208 7513.5103528420186
vn 0.66939720912716483 -0.39958192885722388 0.6262919914412951
v 1971.9698066161181 7643.3739875922256 7856.2139968437323
vn -0.056218251962598498 0.28905626114479505 0.95565997406988945
v 2902.885848890237 7359.2122442793552 7654.4370004489165
vn 0.18422040081135693 0.72631056839852814 0.66222035770392174
v 2529.8926156247908 7550.0224974913581 8127.6846320380537
vn 0.33059267308390183 -0.86415831614965954 0.37939279003774634
v 2107.2584057568961 8110.2140030569262 7640.6054822498663
vn 0.52061186789102243 0.60525951096961983 0.6021828687299543
v 1863.0803420567672 7776.5320688585698 7615.879708137667
vn -0.21617180056365418 0.6476697681148823 0.73061181492710792
v 2976.9668123001611 7294.5085118280731 7696.1368381953389
vn 0.31278688099837465 0.92364826017549972 0.2214458366058866
v 2613.2448483851267 7544.9976040077509 7570.6364929430492
vn -0.20295060599287526 0.64915468817490307 -0.73308201611256929
v 2262.2111277379154 7785.811197501389 7640.3073819965912
vn 0.28506539157663952 0.69144142292796562 -0.66381208273472059
v 1478.2997302862841 7689.4596556218057 7543.0284707780856
vn -0.64259146911769127 -0.67099427196109662 0.36992281737217192
v 1977.8387256037204 7802.3502254057512 7653.1983030668271
vn -0.74048827127957872 0.50770423707433698 0.4403561374094227
v 2219.4577166269755 7576.3056925056353 8057.8368519894475
vn -0.57525354135602136 -0.79893777795460463 0.17544739985053934
v 1742.4230818955257 7761.1985498793583 7599.1473718160196
vn -0.031494595026898393 0.74658872524290798 0.66453996555832628
v 1928.0215858175743 7733.4092197964928 7835.7444470727451
vn -0.32336003108038358 -0.7232531186332245 -0.61019932537410115
v 2837.8888288011949 7292.2284944004932 7695.7999446065423
vn -0.53607697695730927 0.32052480029323471 0.7809515523854822
v 2330.8916100193455 7691.156144023349 7849.2359313972556
vn 0.21132835382021503 0.926583475105212 0.31110029015349222
v 2319.1837723641643 7750.5265087211192 7640.5463742002012
vn 0.29534917800982763 0.44030361977590593 -0.84788064340516323
v 1993.0345225406609 7909.1922212573991 7724.8110499627765
vn -0.60719347624407471 -0.22353078881078986 0.76246315901836359
v 1878.8768166939967 7726.9679381946607 7570.6039252593928
vn 0.27592122151903664 -0.58242288653508212 -0.76462478429330649
v 2904.4955916211184 7244.8949040387024 7612.579980082126
vn -0.26998350606353838 -0.94381648808077123 -0.19057634501826001
v 2667.1000719479616 7410.4118722399253 7626.0782724457913
vn -0.36966401859077791 -0.79060899856589673 0.48814539303976517
v 2590.5140167633872 7563.8389258116085 7607.2453355202433
vn 0.1340598414226474 0.88449279539652259 -0.4468785671850688
v 1630.0409154242629 7598.8620638518078 7515.3161742878492
vn 0.63068652256957236 -0.22692622679636745 0.74211791370446234
v 2281.5521166383696 7765.2955913024707 7710.5902199029879
vn 0.16896549097553928 0.84271583772196523 0.51115621850072535
v 2961.0330686681264 7256.9173105992841 7584.7454342650508
vn 0.54549446715110983 -0.79054448124652299 -0.27834368948871968
v 2434.8187801609743 7665.1384149841369 8127.4892250122748
vn 0.0022394519392088343 0.58716341738952349 0.80946532114382042
v 1736.6972648063947 7718.691882451074 7542.1830916200615
vn 0.25387092517613125 -0.94663106443697309 -0.19859300388769582
v 1947.1172048849548 7700.8972759940616 7626.4669069856427
vn -0.14348604877731683 -0.90774104977097303 -0.39423082117836172
v 2344.6987325277942 7697.0114727530508 8016.19454611118
vn -0.82495733352526091 0.56492425294514859 0.01749246401331685
v 2866.7245520913784 7379.4023148792439 7598.6119790559933
vn 0.38387650931968992 0.82082788594511047 -0.42294255785793272
v 2252.6032327548546 7736.065138667167 7629.0587562484488
vn -0.1032223310488901 -0.96130545624567887 -0.25541528960718163
v 2035.104314503109 7584.9015865842211 7890.9577883837828
vn 0.56461071490352721 -0.37059386543729544 0.73747876411214142
v 2240.9016980639071 7634.454094609504 7779.5201961164803
vn -0.7839385535334854 -0.44881402201999088 -0.42895957609320939
v 2350.9521845132986 7650.9143676204221 8030.1233664165193
vn -0.49468702891977306 -0.81277242735455568 0.30771045603084596
v 2557.3937398634425 7493.0150115789293 7598.0157004696885
vn -0.75234781677166707 -0.45895645780983779 -0.47257986884076297
v 2359.5654714619723 7710.3679881935404 7776.8854969394597
vn 0.36128720993326818 0.84914166106163569 0.38526613060081044
v 2398.9832150485745 7708.9178257887324 8002.0399863596413
vn 0.34799886358886339 0.90533422411173325 -0.24344759927521514
v 2372.1372739601693 7573.2164454253116 7920.4230487425284
vn 0.29648049594146053 -0.78581340907301889 0.54276753923511845
v 2501.2494684075555 7600.9183280452935 8141.4649288257706
vn 0.20531801978572184 -0.0064204710909957089 0.97867425035209732
v 2115.6226223704871 7706.8319024172315 7668.3017659562793
vn -0.1384625142769729 -0.98221591712977219 0.12680703559747614
v 2066.9265681320467 7787.1641040839204 7890.9664225059869
vn 0.040262991030885903 0.99184222546254797 0.1209458198647106
v 2344.7993133391101 7508.2813106514077 8071.0630180443504
vn 0.66631925492190991 -0.33876181204522016 0.6642733512795389
v 2259.4173907536597 7520.3533794767518 8106.8057860456338
vn 0.12652862962476547 0.070806207092584825 0.9894326591145256
v 2984.8577355512571 7293.0678616771511 7640.6104709007714
vn 0.81776410291092616 0.57176910352223032 0.065893582750319077
v 2262.5938205172424 7592.3496618694626 7958.5783736565973
vn -0.26161031125391493 -0.82932377687326042 -0.49374296770516135
v 2244.7737914803292 7500.9461042195762 8099.7457042183833
vn -0.69634741499965858 -0.62285754773626445 0.3565792378297708
v 2268.4980355712614 7523.126071519283 8044.0855125939224
vn -0.53617868740609798 -0.61473136314288201 -0.57846155130653931
v 1768.984870772802 7728.6956618164941 7598.6795611812404
vn -0.11854307298070145 -0.77760814886276075 0.61747316271277952
v 2396.0627278026695 7680.0061139323207 7905.5764312441606
vn 0.48228300637222637 0.86282805258393136 -0.1514293678213959
v 2238.6594310526757 7682.9156334749287 7668.3551291714521
vn -0.44128540235362712 -0.56592157665705611 -0.69641938711066143
v 2027.1503227648427 7870.6893517311837 7737.8869184412652
vn -0.52705347315339102 -0.32917338968937426 0.78349187357454775
v 2052.9070855725836 7624.8173642266174 7765.9241540401517
vn 0.74698711573289089 -0.20847142894571716 0.63130809613245709
v 2026.7936335191068 7678.808956379904 7807.6710817137791
vn -0.92155859990009226 -0.36034559661782051 0.14450189600253877
v 2323.985413413815 7720.4213758171318 7780.173309430138
vn 0.2176895918931803 0.91350828544138063 0.34367696171161938
v 1702.8499065983092 7759.0503733750265 7584.8170342263002
vn -0.81624241930711894 0.56539852254846723 0.11862893248980946
v 2224.9772730432978 7650.8273339938896 7821.528660956742
vn -0.82363557191893344 -0.5620296764040924 0.07580954762351827
v 1992.882015765091 7674.1233793380179 7891.0105305070474
vn -0.93281683836959328 -0.32809719496570089 0.14901334406621031
v 2010.9796132551189 7810.8573506387565 7709.9174146478545
vn -0.59801143445743121 0.38584221988624778 0.70250132071862881
v 2327.2486763618581 7663.8015858773806 8002.5244459605583
vn -0.80577027392613443 -0.2276652684491037 0.5467200299961581
v 2055.4570331060695 7794.1973842819853 7873.4305504772465
vn 0.23960287872364153 0.90886667043622671 0.34139688908587162
v 2058.4917894699029 7967.0505935217079 7626.6323059462238
vn 0.18586482423777473 -0.35160450885948152 -0.91751214512983092
v 1997.0980633799022 7811.3691637302727 7668.2524496807309
vn -0.78711796567973624 0.61565520513831307 -0.037602878750105033
v 2024.8419838388181 7698.902769815496 7682.0506906095798
vn -0.16416117201530775 -0.74846765302670981 -0.64253193070480896
v 2544.8258086793994 7512.6484321374164 7598.7384193525368
vn -0.63289315377148736 -0.38468313593263054 -0.67191155730365115
v 2393.1531213917124 7602.8971035910281 7793.4453475175615
vn 0.53894123602286093 -0.80940341895331303 -0.23325618855850005
v 2269.5959685203852 7598.173768032153 7806.9458706720543
vn -0.36963491953704264 -0.85686450245439938 0.35937897920220452
v 2149.3636068469386 8016.9674859061706 7666.3809284837553
vn 0.75548085088144745 0.4571202912052561 0.46935032046421987
v 2377.9044361730503 7677.8829002136408 7836.3327345084354
vn 0.51687870650720424 0.66876745433104356 0.53440293298878438
v 2437.3359639897189 7571.2436027849781 7683.1121517066931
vn -0.56907372894769004 -0.82161575648733687 0.033206019233145347
v 2038.9461574409797 7567.2156567813854 7849.2247130000787
vn 0.8271956861966272 -0.37231566199255406 -0.42086618368875534
v 2233.4895750685414 7515.152596660575 8099.9335607642006
vn -0.95389184401323635 -0.19289156339718716 0.22996346382679245
v 2659.0361021115286 7541.0669802693847 7570.7340664192652
vn 0.45445234298109738 0.61973002245866426 -0.63984980051757046
v 2803.3602905647062 7408.4204950006269 7567.8955253568201
vn 0.53807721877028247 0.45815489820867006 -0.70750759422626741
v 2804.8556795560444 7266.8988214682995 7654.4113491222406
vn -0.99990885264221119 0.00018680518721385665 -0.013500055983543993
v 2183.4093655749275 7687.7572319140727 7934.1608800445965
vn 0.41105278065322315 0.81846410231579159 -0.4014375726531571
v 2147.1512322069357 8035.0420616483316 7640.3493150888353
vn 0.78679247743479153 0.53434974244176159 -0.308914146980105
v 2386.4957258746836 7598.7509663433129 7772.3566490452667
vn 0.45250293700863958 -0.8872234375594148 0.089864697427912796
v 2620.2836381804705 7557.1379047367682 7596.1326041368266
vn 0.087783389537753276 0.98747405216597317 -0.13110710438483572
v 1984.2834129610274 7702.9953766870776 7654.1441597508128
vn -0.09478165130201921 -0.86812233682859097 0.4872166323882311
v 1930.9535591083404 7773.0181562559264 7890.9883245133042
vn -0.20973218006528954 0.43727335501708869 0.87453097465850804
v 2942.9549550340162 7224.9063723318241 7640.3524961029243
vn -0.16853167765280827 -0.94260591491445511 -0.28825537773962318
v 2369.6036514292709 7520.1483006888357 7863.4560644746998
vn -0.047580002325922091 -0.89213587560305874 0.44925463029403356
v 1898.4347400936913 7750.3100478626366 7820.8266298900489
vn 0.19335532805778324 -0.84731644599155931 -0.49463982599857448
v 1996.7281684425971 7974.8219226482224 7682.2995759060923
vn -0.76246586921220449 0.5251442374019677 0.37798059237212595
v 2018.5615563399078 7822.0910056988687 7709.8089232962266
vn -0.59785601062575977 0.16150101386250432 0.78516597804542865
v 2263.1147454167221 7715.3348225128011 7793.4125020769961
vn -0.20726342198673506 0.95422609017512838 0.21562570054480165
v 2408.750605587722 7607.8896084362414 7906.8809866908923
vn 0.78494626789928157 -0.57129500164809954 0.23975274263892649
v 2124.6449574846629 8104.7823367444107 7626.4659998731204
vn 0.88794648291546208 0.40522047150526619 -0.21759460689803573
v 2214.8837219423804 7719.0266665542076 7751.9016799961928
vn -0.51100208986088402 0.30754937482127226 0.80267692517279554
v 2946.3104644022151 7305.1331782024517 7528.8053136949156
vn 0.5638019542938183 0.44255759574444858 -0.69733071837067695
v 2848.9207080645192 7393.1928779238187 7640.4236660399301
vn 0.048761187829312352 0.92670661802875909 0.37260862934609285
v 1982.3688484510103 7698.4815216772631 7751.8625450685831
vn -0.84135729900664324 0.53865044201901668 0.044425181158478481
v 2013.7866787670609 7996.0912376956039 7682.0213761505001
vn -0.76224396154759899 0.50744210551939406 0.40185401905451507
v 2654.0553931162503 7426.2582721661838 7585.8520340181822
vn -0.6557311100396056 -0.69173062875738822 -0.3025317315012343
v 2226.0069789067138 7645.8639235212595 7849.1361438759513
vn -0.87659847495634691 -0.4802139965646483 0.031138901837004962
v 2430.5572805202173 7650.5591855710745 8016.306707401458
vn 0.14891052745803407 -0.76667010735498176 -0.62453390724641289
v 2373.8105109359303 7546.2811581289798 7833.9868590980423
vn 0.79028071221456997 -0.22880224032290042 -0.56842407648238635
v 2278.7429565221391 7623.060692738436 7709.8439707394718
vn -0.48711253823548428 -0.72351996678439989 -0.48912189969176895
v 1713.0752007751507 7781.1860941728601 7529.1305380840877
vn 0.12088018336541603 0.84517538711906415 -0.52064051540163825
v 1851.1612602778696 7749.0027165841766 7542.9392562233443
vn 0.37578450902804467 -0.027812301075031732 -0.92628963002047215
v 2543.5793196078012 7583.1365985662633 7612.4250783765601
vn -0.14987800037967275 0.6425968263826306 -0.75140262424692261
v 2477.8863995371285 7594.7379611132001 7626.0956332840306
vn -0.22399945983838382 0.059367924384561906 -0.97277936426837364
v 2688.4220527760335 7415.8372558067786 7556.6513455708864
vn -0.30796933930184267 -0.40391821931830413 -0.86139709667070319
v 1986.1780682260378 7919.7612689729758 7723.9119784398754
vn -0.65315959102960075 -0.11997922319283202 0.74765468944432445
v 2673.3158263067198 7536.9350469997516 7612.3427632375397
vn 0.68533085892606982 0.69777623064927519 -0.20839852625329408
v 1996.9974360416818 7708.9076924849251 7821.2945221420596
vn -0.25034192758402651 -0.29167826273225955 -0.92317534106095189
v 2219.7229641082658 7670.1282950291152 7683.9290859723578
vn -0.55440261083353171 -0.73877815271582314 -0.38320306127529791
v 2204.171581849776 7686.6186260164759 7737.6091533331301
vn -0.74373616478860749 -0.6441408417079445 0.17871511751755723
v 1971.7831393772676 7705.4628084185897 7847.7684399857771
vn -0.57060135820674163 -0.77917878687666553 -0.25941185033461656
v 2111.7800072698228 7953.5691833578385 7654.7668759818889
vn 0.51762262901689615 -0.84170270845111717 -0.15363386513295313
v 2232.6861250361067 7630.8543120223858 7877.1049053123406
vn -0.72700927492599987 -0.56532185286304548 -0.38970337033064673
v 1812.7785374475316 7777.157395111446 7612.6929052622099
vn -0.017321035823013479 0.82730339829693589 0.56148826246357042
v 2894.7367668469378 7224.9008599858143 7668.2919279230227
vn -0.1483581550221289 -0.92165186292922419 -0.35853549531046514
v 2645.0045344030773 7442.9099421536484 7556.8223930971326
vn -0.25347675523781649 -0.63007123875467408 -0.73400256719459689
v 2172.3408793385124 7811.8704736814188 7654.8079171290001
vn 0.23732316643874016 0.91769368471061119 -0.31861578070420693
v 2321.1234590974764 7540.9812531093648 8085.8747623140025
vn 0.43267622804600631 0.19279796413110262 0.88069303773266117
v 2415.1251866392026 7553.4340964567609 8113.6914245305015
vn -0.6724186491034515 -0.72383275330978292 -0.15465867442167072
v 2720.1009266500223 7490.0750400986926 7626.3467314884183
vn 0.77084691186609111 0.43136731832356845 0.46874009338741662
v 2175.3743333894454 7596.5198043411965 8016.3483146132075
vn -0.61222453565304225 -0.75003739056218099 -0.25024993646970445
v 2054.0241781032601 8042.8669536026773 7638.1683830409711
vn -0.94850544879036747 0.30387923691943669 -0.089413774018573422
v 2246.896015339662 7698.2460044603049 7835.423895349566
vn -0.60347013149655127 0.61697632519655121 0.50513761940534052
v 2678.9396864629798 7534.499432469891 7622.9229025247305
vn 0.74997076425761799 0.66138448914781667 0.010696273815019633
v 1714.8150197902141 7741.850433361481 7641.801864803092
vn -0.40816053109254202 0.91287126907755856 0.0084277488679812447
v 1900.574580999988 7748.4849167496277 7877.6817331599314
vn -0.61202803136240502 -0.55384023050253994 0.56451987378971225
v 2120.5649206092812 7694.3771550937508 7862.5336222961896
vn 0.68477393568663092 -0.70199977372957945 -0.19565524446807214
v 2363.036000764143 7699.042544552125 7821.4871410547757
vn 0.35154751418907548 0.75113205002452166 0.55876201436160766
v 2197.4653062065063 7578.0558310814558 8043.9399246428939
vn -0.53227861596069381 -0.84281386852124851 0.079650850712443891
v 2569.128205801987 7462.7340272999209 7625.2037286358554
vn -0.44236951486888293 -0.89185462357435186 -0.094363884636657208
v 2504.775902610525 7499.048089217421 7654.3960229914492
vn -0.58865911298695484 -0.78327630040464757 -0.19989668812118933
v 2124.3070985389659 7756.503123085964 7916.9022892833491
vn 0.50161457379198082 0.72746310495013 0.46816690431490932
v 2543.5181352116988 7501.226803733538 7614.3140845681846
vn -0.58353743552888471 -0.46859630224237514 -0.66325075715082704
v 2049.3433176497947 7680.595535622474 7821.4376353242169
vn -0.037032457138399706 -0.99534346490161607 0.088994291928965324
v 1811.5977862798463 7738.0667724411505 7821.0979566497717
vn -0.64886268294515759 -0.68644743169501088 0.3282790614713878
v 2021.5888548165894 7715.9007297902717 7751.9667183894635
vn -0.1560574454083716 0.92388628294477515 0.34939978523047222
v 1725.871761407303 7727.7592992569289 7712.9880256454371
vn -0.039999569033526645 0.91920501336296578 0.39174248925221555
v 2017.315329527371 7720.8345014708038 7626.4524113930356
vn 0.55987735341142097 -0.51071262467771661 -0.65246453093775203
v 2256.6719636899616 7611.1229863625485 7821.8577504303921
vn -0.7715098134339492 -0.6115450559862502 0.17545726623279795
v 1968.9972002475915 7576.8616437672972 7835.3490032550417
vn 0.046866392427116821 -0.92192744372164637 0.3845170084323164
v 2065.6039668040612 7660.8971006220772 7904.9178520106907
vn 0.14673903864816235 -0.90975649830895577 -0.38834362145043649
v 2200.8891696970286 7716.0753063860657 7723.8443527260579
vn -0.64711403931063338 -0.73656039613166302 0.19677957967595028
v 2410.0428617031021 7696.956693318306 7755.4449529782687
vn 0.60688286184726059 0.79393139136710056 -0.036961301356669946
v 2684.7699023297228 7402.9370290455317 7598.6975879169195
vn -0.53602993272408372 -0.80625124733312536 -0.25026153799094608
v 2234.4822478206552 7666.3315707290958 7905.1364320574139
vn 0.36957375658235203 0.80994942676720416 -0.45540878837049881
v 2238.991509621068 7683.0903441335595 7877.0629624205103
vn -0.10111918579559601 0.79503137580425209 0.59808028035610228
v 2298.8597703438113 7572.946447618916 7890.9383994799891
vn -0.37775095283032106 -0.76548482839265142 0.52090036968354836
v 2233.3039913093799 7775.2710739798131 7710.8874136532695
vn 0.2613127588030717 0.63579980066811181 0.72627422889506199
v 2621.2154983219216 7550.8683444253029 7668.5438635318706
vn 0.65392644032705405 0.5134184893728182 0.55568126242597138
v 2036.7560640936899 7686.013412184042 7933.2087689058071
vn -0.32479150600808582 -0.30699665854640584 0.89457449620830409
v 1995.2324572812113 7897.2631602164493 7695.685225114039
vn -0.88002911415168206 -0.41865065939363766 -0.22423287813047876
v 2149.504347868382 8024.815116499748 7654.3921562483365
vn 0.83592412229722501 0.50077417119520351 0.22462433355576397
v 2153.7386186262556 7674.1309073961856 8003.0021500835355
vn -0.41803629235110523 0.63580841495772833 0.6488399785357577
v 2028.9766304021182 7558.7043130223319 7877.0734966772452
vn 0.19151670368002363 -0.88845760613325553 0.41709043901233578
v 2731.3825790289229 7370.3342732410274 7584.8936529314287
vn -0.66379566161007797 -0.52102419079305462 0.53657162824368687
v 2751.0875545655949 7332.6951134653127 7570.8108552105214
vn -0.70567487556538688 -0.70262955755027046 0.091294440424852283
v 2319.3839776201276 7630.8306255679272 8002.1701345855927
vn 0.81496227580459979 0.54634323848459176 0.19324998001954846
v 2392.3333970156673 7680.5602103598085 7876.9131131177382
vn 0.45904039351767273 0.88354874820324714 -0.092862945611344339
v 2310.8545083266217 7635.3215187011519 8016.1158493201174
vn 0.66899321516935206 0.59500210116430774 0.44544424754107204
v 2235.5138894934594 7622.7107714805134 7806.4828574822222
vn -0.81607302537909743 -0.54333249082557222 0.19701426766071187
v 2229.881037415078 7677.4928854050331 7810.5422204550023
vn -0.96418573047697442 0.070310399153631187 -0.25573878257988214
v 2083.0377622169399 8075.1919738501601 7612.473618060947
vn -0.57621325309058924 -0.024839420160503362 -0.81692183846978328
v 2056.8428235957936 7735.2731776371602 7793.6773104594076
vn -0.26499231634268 0.48114300500181645 -0.83563178554741635
v 2414.76999608797 7562.8349009813546 8100.0393324734396
vn -0.57265177455100313 -0.8102997487200494 -0.12443577591597965
v 2613.0491699974518 7563.0624464987914 7654.4817729922033
vn 0.42687490122131255 0.77892489587611791 0.45940594825456227
v 2435.9975006869045 7696.0857260598077 7654.3206385216818
vn 0.45203445533396469 0.73286299422725565 -0.50850435876518019
v 2149.3153119900908 7664.6892684179538 7932.6097919647864
vn -0.12741586701631369 -0.89107673063470139 -0.43560011128769571
v 1891.5570083641351 7806.3002287327536 7835.3698522783779
vn -0.73067260161801129 0.60943413184629958 0.3077459799664557
v 2719.4219305422903 7384.7926638254603 7612.2541623327261
vn -0.34938809750536215 -0.93697470193644949 0.002522945240231654
v 2377.1848045750944 7548.9555488482874 7877.0433835438153
vn 0.75999802077544276 -0.43624375975509327 0.4817617569838335
v 2082.1714879777091 7853.1265106332821 7655.0444769721371
vn 0.56226936928855475 0.5751051730209813 -0.59422823588614337
v 2867.8656617747047 7392.0083684617548 7614.7395182975497
vn 0.3268774137345466 0.90335813822401634 -0.27766027892850126
v 2181.47375047792 7697.3872389305843 7946.3468828559799
vn 0.69119915126510934 0.72183219767409923 -0.034670040256286998
v 2277.8611129459823 7518.3974597563501 8043.6742507500985
vn -0.44145708164635061 -0.59254256278092199 -0.67380186728540936
v 2720.7127524778407 7359.092072056279 7570.8171721745975
vn -0.82860971411972351 -0.55333550959469491 0.085004443930945445
v 1986.4767091986023 7963.5218478950392 7682.4557246631739
vn -0.81525572885425324 0.4496800824755911 0.36489165514583355
v 1980.9086358085624 7946.2755285667572 7710.2822537157344
vn -0.7992991545671857 0.56823979508259581 -0.19551060532020162
v 2224.960534854567 7574.8220192648078 8016.1671324778808
vn -0.49549689109096484 -0.77184656778138505 -0.39841649906007182
v 1999.0215823969393 7694.9816180595753 7781.0889450763025
vn 0.024313870402432183 0.95328261385287727 0.3010998070937273
v 1609.874353364939 7561.735060058003 7529.3611241950466
vn 0.23034185073740659 -0.96116509670049233 0.15200094961413751
v 1692.8454553369347 7692.7004115212594 7513.0077394537548
vn 0.7055773020429944 -0.70153448230072257 -0.10005019232758226
v 1810.2024619603562 7706.960267348697 7598.9754897292305
vn -0.44630784278932067 -0.7063173925380547 0.54947707000655321
v 2065.4293905613304 7677.0324757047256 7807.3959305684148
vn 0.42980623203684559 -0.89906647998527778 0.083343070912770614
v 2009.0737009397999 7693.0437298768829 7780.2032162606174
vn 0.0293628813902902 0.73957610152189246 0.67243216107956894
v 2738.7942301464718 7368.7527502234443 7599.3446065897606
vn -0.68994916031140419 -0.68144417157064319 0.24413929879883747
v 2228.1374087065415 7680.0952939771341 7992.9916965905904
vn 0.10338784132203732 0.98406658633406241 0.14465098661120268
v 2164.2513332636445 7786.0308264389678 7626.5781012204625
vn 0.13643218038079599 0.35675274021524933 -0.92418274302512959
v 2006.2103765526626 7781.7599538459317 7903.8364585005447
vn -0.3444132058661723 0.83704136986656763 0.42513678828923462
v 2074.4764625806383 7977.0347691181414 7709.9757097453949
vn 0.4275145246060581 0.52145494654351665 0.73845519158318218
v 3009.0507282988256 7226.8677312308555 7668.1926555631107
vn 0.33553478467412895 -0.93730212754094344 -0.09423974735167108
v 1946.8996540403573 7604.9799923755781 7807.3970305175808
vn -0.96371869605038696 -0.26492504104756237 -0.032572956710886267
v 2324.7567265857506 7763.3970353412615 7667.8720408609142
vn 0.49162719893352114 0.83843883517747275 -0.23520845421672823
v 1593.732870718115 7617.2290604017908 7501.1939390596672
vn -0.30700139167671159 -0.30785054866266143 -0.90054327225106778
v 1728.9976014045569 7714.8862178801937 7556.9306822474009
vn -0.14603471836787282 -0.97227165687760109 0.1826518170281925
v 2157.374398472708 8011.8910291233624 7654.36158878468
vn 0.91012994810979653 0.32440658988519255 -0.25772823282038737
v 2004.5207288346935 7563.1984566658657 7848.8856411695051
vn -0.29128813804170228 -0.49171159680124488 -0.82059181461148401
v 1877.329601685833 7753.0473936591479 7556.9263461063974
vn 0.44439148229317188 0.1074689128364078 -0.88936305479766697
v 2446.7400733457016 7658.0904139865888 7752.2298588149242
vn 0.95924945763465774 0.27831787248827639 0.048781552673265456
v 2248.4000896407442 7680.1031611487415 7976.0438372911185
vn 0.25202481964925028 0.96765902061246123 0.01093206787828192
v 1736.3784691517794 7771.3790795521472 7529.2338702302277
vn 0.32031154957008168 0.94351716774615269 -0.084710479754819518
v 2238.7033641370654 7753.5762030143833 7723.5593113338709
vn 0.068897557223808609 0.78290183371056199 0.61831856302494403
v 2147.3395175748155 7784.5161465953861 7744.6193796294538
vn 0.38079582337005063 0.49185565379034685 -0.78298949976254184
v 2376.5134221187836 7698.0550205943273 7791.6441256384942
vn 0.49081998731196896 0.85826195135301886 0.14994053126085383
v 2419.8367082763752 7618.6883166580183 7893.2191172681742
vn 0.84620090638553125 -0.53251768766569541 0.019207768102677065
v 2333.2798601767136 7688.8161891714153 8030.4690606173745
vn -0.92943022776707696 0.3507477510988668 0.11461006418254452
v 2168.9451182732773 7614.9162018766183 7974.3608828323149
vn -0.51391171464184493 -0.8051500968749552 -0.29602038959525984
v 2517.1753807921245 7609.1356177472044 7710.0188457866479
vn 0.80652988400620096 0.29481385158529227 0.51243959558019059
v 2247.0571309545721 7630.5799218106304 7835.2620384560923
vn -0.8102448867133043 -0.54938704155025342 -0.20414970519597833
v 2297.0906541981094 7482.869553280434 8085.8329391372536
vn 0.36795101704351618 -0.79536444499411563 0.48167151534613778
v 2460.7521347041875 7588.9212995961534 8057.8066586476816
vn -0.16259656551800175 -0.72122611819927596 -0.67334630266227358
v 2379.7121704057718 7593.2911248648343 7763.2835479673258
vn 0.34432330105678338 -0.93771942065661262 -0.04608418896743903
v 2651.1913209015106 7500.7128440424731 7535.9961481639048
vn -0.034579314753331529 -0.002381704640710143 -0.99939911870793363
v 2186.6035887560356 7607.0369118709732 8057.958844948289
vn -0.22123928005595286 0.0285630355325244 0.97480117663115873
v 2321.262711102172 7584.9976110266725 8057.8168000673177
vn 0.61238777439884529 0.47966143169664655 0.6284155668898983
v 2079.8345458188405 8104.5043458102082 7605.4795716742665
vn -0.017838044354555521 -0.0069378001861287782 -0.99981681877341022
v 2284.9175963999878 7524.8358715655049 8030.0782842309018
vn -0.33307256128505741 -0.64483442656731338 -0.68793257753403125
v 2677.7549722077711 7412.0914502373807 7592.0759358643118
vn -0.50145899295129281 -0.82774537904733148 -0.25174682888581695
v 2913.9246678407362 7256.930008202713 7584.7856363691208
vn 0.097343101550659034 -0.78970063340531371 -0.60572042245556179
v 2294.5605047657064 7678.7966784326691 7904.7590156636124
vn -0.42299671808170669 0.87089424808309768 0.25023386091390837
v 2054.9806052850422 7804.842267398797 7737.9752540750496
vn -0.3895234678742856 -0.034332097553946013 0.92037643116973433
v 2025.6381319215943 7960.044250396757 7626.3594627117382
vn -0.33133514599163105 -0.34840732283181924 -0.87682915007877615
v 1714.3124012418912 7726.5109922349857 7710.5058345739026
vn -0.7299626503853156 0.39970735498312882 0.55442633362317517
v 1737.2821492157548 7714.9789156770785 7709.7322585268594
vn 0.68233115477166362 -0.54573463195176763 -0.48641330853137327
v 2125.2534148631094 7801.0520348435311 7626.5366890876294
vn 0.15023804524185777 0.3844661081326371 -0.91083167570042767
v 1630.0172757056662 7642.9207757986187 7529.2076635362146
vn 0.43948377470950889 -0.26503761679304788 0.8582593276229179
v 2635.4927087421261 7555.0328337328583 7598.8136474227931
vn 0.38129036799872906 0.92445435960085598 -0.0013387629981087949
v 2494.4658334073183 7672.322760793867 8114.139302931967
vn 0.24294425466180489 0.79454435911650145 0.55648661306716807
v 1830.9944187050714 7726.8901463067577 7779.3453610330216
vn 0.64348610430574948 -0.60590555620394881 -0.46776499497781315
v 2260.3576729085253 7609.2406025928613 7848.6611414880635
vn -0.55763946864060332 -0.79821932159828446 0.22778089832424558
v 2218.9035883816887 7677.0906176758872 7765.6566758171066
vn -0.95757669576910776 -0.28746095044837217 0.020324214307969869
v 2910.5493174583698 7309.9264339753727 7529.0062976671361
vn -0.17831483165462897 0.76483232225176956 -0.61906004527101133
v 2741.6435665086269 7477.761202716295 7572.9090372092105
vn 0.35404032603605634 0.59348291204773007 -0.72279560087733608
v 2178.7215632688603 7752.6884080275631 7741.3745653961341
vn 0.65914744890265287 0.58890658316460209 0.46766834071863178
v 2387.1359989004941 7540.9111200113102 7863.1253775631667
vn 0.94390461624714439 -0.31057272012269782 0.1121992020600843
v 2485.7957363289024 7680.3248556480376 8058.4940277772575
vn 0.33968550207605497 0.93971290765959647 0.039413333496230524
v 2399.4873176640358 7609.1463293330917 7793.6278425733717
vn 0.56113734677822757 -0.80293034040829481 -0.20106652258024171
v 2607.1026194132719 7454.8641532306174 7668.3527311837952
vn 0.029168263468943197 -0.75412783642482151 0.65607958262349853
v 2105.8303943198989 7861.0579175087078 7723.4796501603814
vn 0.97414230035357507 0.16703951662333685 0.15213342350741663
v 2230.5562798209285 7613.0992759322107 7918.6355510726298
vn -0.50686192283007225 -0.71359119381892167 -0.48360996607709422
v 2160.3697988426779 7685.4589348055006 7918.4239709665435
vn 0.72206446953396441 -0.36741838289050044 -0.58619675344611388
v 2537.1106600857383 7657.0758733832909 8071.8124767259342
vn 0.54652423793045801 0.76018379054445562 -0.35132870925672327
v 2091.0110421276586 8131.1206382265145 7640.4551788694334
vn 0.29852884000262186 0.8570293268099517 0.41997769544866315
v 2087.2997299150293 7625.3252963844479 7723.7171871060318
vn 0.87013062546326891 0.2830967357426622 0.40339674371857503
v 1796.3767510842008 7717.2008048342959 7793.7554871998254
vn -0.48572569448547598 -0.71077280809344245 0.50879520928519406
v 2975.4604847665178 7279.1469342872297 7723.9587887465541
vn 0.40539406645943338 0.54974338698042391 0.73036830390617069
v 2377.696130735214 7629.8605847014551 8086.0935649917246
vn -0.94188384638591582 -0.33208630305811038 -0.050729747076733292
v 2096.7352544697278 7663.7571462462447 7939.518195697915
vn -0.15707230094303498 -0.97193372604113215 0.17513744448364535
v 2527.0590620145049 7645.0668855302974 8043.9302538924221
vn 0.49632278088348514 0.35615163221153123 -0.79171946549844674
v 2387.16877942463 7574.8677350408989 7904.7560364899873
vn 0.84084705150413341 -0.50766087391298775 0.18776760390095756
v 2067.7925673135505 7637.4230838448402 7751.796475504505
vn 0.9945698877552116 -0.075249117799090146 0.071890949646284508
v 2254.9182378010273 7502.9487928601702 8071.8609797693152
vn -0.78961425961288734 -0.47229189754906975 -0.39172654304436771
v 2499.0283938321627 7612.9910100343786 7626.3621748514724
vn 0.023176834632006014 0.42164398085618021 -0.90646521595932938
v 2041.1062468551791 7718.2264253280773 7639.0951530396324
vn 0.19937268799046662 -0.6112173414108153 -0.76593987547466869
v 2365.6817448129113 7634.5976382004219 8001.7149236433233
vn 0.29875449752773564 -0.82764482529665917 0.47513134327953227
v 2458.3853288861719 7658.7644945887187 7640.3073003233094
vn 0.30472949057037169 0.34487060569406403 -0.88780865219084859
v 2252.7500452610311 7531.0757410562837 8057.8462211687129
vn -0.67559406654727905 -0.51810723755906596 -0.52453555421441578
v 2353.0977319570793 7540.3083433617594 8056.9748121598968
vn 0.83721797005288312 0.36213682462402547 0.40978407835317043
v 2073.118420799743 7744.9460211201913 7807.6097897103609
vn 0.1828546924949643 0.62974238464512744 -0.75497595353364755
v 2000.6931317289063 7883.1159163156844 7696.1025504134368
vn -0.90054938125055595 -0.37282736926209009 -0.22363041979647982
v 2342.9123139902895 7699.066160046732 8030.1227844494551
vn -0.56627968254767025 0.79090303966789466 0.23194762981715147
v 2034.7308960686642 7658.8857409641896 7918.9293936341001
vn -0.30654807369323006 -0.86070608837604179 0.40646439936036616
v 2792.149390414852 7270.6838844873346 7626.5976919737604
vn -0.80827643229551061 -0.48488348076849086 0.33403176356968461
v 1839.0948664595853 7732.9210390574954 7807.5649724067762
vn 0.24582804648678605 -0.89437426189640967 0.37371546826127361
v 2449.8848169833072 7558.0369466485281 7709.6400320811299
vn -0.44710281631571341 -0.89429237091853953 -0.018445242190194656
v 1936.9130467410159 7724.946869993526 7654.4745069072251
vn -0.26656723528987974 -0.2424471854022292 0.93282435182645562
v 2051.2057480874937 7814.6705343130161 7737.9769007352152
vn -0.47792152497162194 -0.16289454886278648 0.86316648563274789
v 2101.1297791335705 7855.1006590918569 7682.1963567908797
vn 0.82031358497923501 0.51084190781513195 -0.25715008753315943
v 1868.5842847949589 7779.1603679727241 7612.5566371925834
vn -0.30964368376804347 0.9440189808109275 0.11379346629421999
v 2609.0305097061937 7556.2858016577093 7667.0011032912389
vn 0.66922734899527192 0.70876853247673399 0.22311862927047893
v 2537.1419021134207 7578.8929083171661 8071.8657261817607
vn 0.33404775699862321 -0.84270057756766914 -0.42221775496928776
v 2423.0593502395841 7701.1088516654299 8002.3141146926273
vn 0.60679002124992798 0.75239166956503567 -0.25634477892215801
v 1962.6670423846706 7767.1442694417265 7807.2479177457772
vn 0.11066100331808833 -0.72548163151660927 -0.67928679118368906
v 2257.435843292405 7607.4717911491616 7894.2169032053707
vn -0.51037561873602566 -0.82249393730093467 0.25103874382856733
v 1902.9907468281745 7809.0965052890533 7835.3337871354415
vn -0.23127534164916599 0.94845954773472829 0.2166476463197699
v 1731.7476459334575 7730.5538946724137 7514.3442679767422
vn 0.562860984020916 -0.76638585184822494 -0.30958074674287578
v 2368.9984717732004 7673.9303139560725 7636.8706697710877
vn -0.16578151909756342 -0.26353734144863616 -0.95029708911891819
v 2490.6817440136801 7517.0448761489242 7654.4264941370675
vn -0.65746866449818608 -0.74767708633743635 -0.093348432064676315
v 1755.7148115167402 7727.484920414423 7531.1844345839781
vn 0.29288273614610727 -0.6733077568339888 -0.67887875755156157
v 2156.9679063008152 7809.1436408214176 7640.3298604001702
vn 0.10530344169908043 0.82611976635661255 -0.55356780686852114
v 2334.6600509180498 7575.1276873131028 7779.3536730231135
vn -0.30354885440128188 -0.60229807811712555 -0.73830557229922511
v 2149.4696151791973 7716.5806097445493 7906.3837064379131
vn 0.92109777143903648 0.12717857726004148 -0.36797351118817256
v 2024.6510786347644 7727.2745231821173 7807.4158464320644
vn -0.31966900773435103 0.081963526503477518 -0.94397759815434668
v 2325.3770058047303 7621.4908161745097 7692.7054133695265
vn -0.040374597658820087 -0.80458556724777552 -0.59246262062721189
v 2586.7706005659165 7507.0151204881295 7570.8145023066972
vn -0.49937711907119336 -0.045167191097983554 -0.86520657521569577
v 2175.3481812744212 7815.0561841646468 7668.3392104102422
vn 0.14956486253514109 0.98267048110882016 -0.10949464576957399
v 2422.9636327724434 7578.9307739819233 8071.8355323124479
vn -0.35676931191331951 -0.5813561367042811 -0.73125966687160449
v 2411.1641480743742 7659.1445183742535 7807.380452638763
vn 0.71659876166742587 0.41799839079424356 0.55835791394958723
v 2360.3367070860036 7576.5529338765054 7786.1665780444009
vn 0.75300240140266472 -0.55501754022300387 -0.35347264890883195
v 2363.0063337529682 7588.7545010251424 7765.675075307804
vn 0.39111812754188346 -0.84790752287249227 -0.35788188409636662
v 2045.0105966814072 7657.9892508243502 7779.8040722460473
vn 0.73377615396516038 -0.28212622617077299 0.61804316061156706
v 2931.0545147833827 7322.7629613104909 7546.4684332658271
vn -0.087674891251209003 0.81778623635278891 -0.56880469853547189
v 2984.8860020597558 7219.4096814515933 7695.983760250454
vn 0.30195993713345509 -0.91377853073011261 0.27171491152138944
v 2366.9713840094919 7582.9896602080926 7946.4293174372033
vn 0.36645461797582962 -0.9304156581851647 -0.0061413327589048567
v 2192.9957233494069 7680.8833499945777 7682.1811653489249
vn -0.2872077735542814 -0.91976001903733906 -0.26749430309901251
v 1985.4744583915272 7735.496240340859 7917.9990680489618
vn -0.52106773065848089 0.31219400885713638 0.79436976333451348
v 2603.8250347700732 7523.3688087324863 7682.4281808190808
vn 0.30405894474800249 -0.0041938198405092894 0.95264398911339199
v 1976.2184630280135 7680.9830593094048 7876.760009281832
vn -0.82224027604331007 -0.56877006384720141 0.020531510501463776
v 1866.5956039504854 7714.0874934905196 7580.6266382793747
vn 0.13530288625643316 -0.74752277995190852 -0.65030978958005037
v 2032.3221339374068 8018.4776886456093 7682.1855065054333
vn -0.8172847296181236 0.5037415713047908 0.27980368130603794
v 1714.4480404600313 7724.3715755021822 7626.3407714871182
vn -0.91218893309274274 -0.39789894261450942 0.097917219166900507
v 2704.2465291196895 7395.6179250235973 7586.2662907975537
vn -0.52947899777400387 -0.79116612926119012 0.30611786427143062
v 1992.7507065183217 7943.5174303204876 7696.0331839464943
vn -0.89362170476455649 0.44711746794587043 0.039066848239411832
v 1987.3151804735971 7935.9323947227995 7696.7484235267075
vn -0.89422227434756385 0.44710484933402245 -0.021535500056212076
v 2389.4731591076088 7630.9439133719452 8054.7927382614916
vn -0.34200158521767743 -0.8124168698214832 -0.47224331158636756
v 2001.3911613882738 7708.3714555304687 7626.5747290831878
vn 0.47867395460602546 -0.71192395908903283 -0.5138438689493392
v 1986.7095308675575 7662.3112366016103 7709.6364367543019
vn -0.75407317290675346 -0.053856422797081444 -0.65457859392577389
v 2490.2704451015725 7525.1627275353312 7668.0436602118334
vn -0.66923457982880896 -0.73134448758451454 0.13137852808241246
v 2341.0244719995462 7648.8809319005486 7654.3410948788624
vn -0.17041002759564952 -0.78462627114088546 -0.59608895068638834
v 2334.9900060175496 7648.922989894083 7654.3330077525097
vn -0.081778520778856362 -0.72515288879333073 -0.68371453210671895
v 2615.1092540727977 7521.2677281803617 7556.0463251884703
vn -0.32885526877607107 0.15878504344707367 -0.93093583139533786
v 2506.28486970624 7673.492930394299 8072.5912814825933
vn 0.36078299224742971 0.93124146080246228 -0.051234501924848692
v 2113.451158892105 7664.7041925929598 7932.718513264208
vn 0.17114158468284404 -0.97900547481862266 -0.11071963812896125
v 1680.8050250780784 7748.9637333304054 7557.352786090989
vn -0.72827782012203013 0.042497980533738135 0.68396296564131165
v 2867.2178349819283 7367.0618561234605 7584.7944173705146
vn 0.55426947985396757 0.43172672942347357 -0.71161603045724253
v 1667.6725506194307 7656.1338592187185 7501.2136220233533
vn 0.73343786854662474 -0.41511770415451205 0.53828076751753895
v 2821.8580894042179 7258.3896194076133 7599.2133839815615
vn -0.44601357189194041 -0.87205715958711316 -0.20146514363792375
v 2962.2026235482722 7261.680743217803 7557.284259513619
vn 0.71979751814500681 -0.67348842434260914 -0.16824052766440661
v 2141.1279730557353 7704.9715290068198 7835.2840627315436
vn 0.91304724414411209 -0.38458378935626553 -0.13579410489862115
v 2077.0459904434319 7931.3064164308089 7654.0486747338764
vn 0.47326881031659945 -0.42854344445933168 -0.7696539153362647
v 1997.0142006907554 7598.8854888985516 7737.8615328084452
vn -0.38075491425428332 -0.84848606203050903 -0.36755557105174236
v 2006.9248583194421 7676.9734015872336 7849.040815052922
vn -0.52074030967335128 -0.58858412017971484 -0.61838358916903124
v 1743.6295733527731 7748.8076187906481 7613.4273738307093
vn 0.45610811259431855 0.48260165742131922 0.74770383834767362
v 2054.040268509244 7765.1447296934548 7933.0381823740927
vn -0.038368630674980225 0.64404992384604376 0.76402064355227495
v 2062.6074577838299 7782.5093966783461 7821.2494099872201
vn 0.33029737934799364 0.7702557068116519 -0.54553623831962816
v 1827.8293365535524 7730.0927358940535 7765.4286053216392
vn 0.63511662701503102 -0.36458313643238571 -0.68095962194404325
v 2251.9404656819879 7667.4480291294876 7668.7186561369672
vn -0.39982348977940513 -0.61655720139763259 -0.67823181466614857
v 2265.3293189883043 7630.9377247651391 7723.9837515122827
vn -0.72228682097776142 -0.5527593829218872 -0.41564265040254655
v 1980.8058398417793 7937.4061810250896 7668.2341134367043
vn -0.82509203258869679 -0.2147954199817951 -0.52257637270880997
v 2428.7418124126343 7543.158567415373 8113.4116472916248
vn -0.38437730729379244 -0.83624806541927432 -0.39107960662772295
v 1670.2537571610519 7607.0477015117649 7487.2648653585902
vn 0.91793779768013106 -0.30627897164907258 -0.25215747285324952
v 1453.7461942286172 7723.5569868481252 7543.1584398846899
vn -0.91111310302796622 -0.00052449183328862135 0.41215608499580281
v 2419.8520902914183 7672.3464161167358 7987.3376474195838
vn 0.9349687219524212 -0.28358536312671029 -0.21310286434242937
v 2159.1975886241416 7696.6633635406888 7654.8060591363719
vn -0.1513707375348807 -0.95250276538242384 -0.26424492758988072
v 2569.2395977092056 7599.4285948223551 8085.7382363742727
vn 0.83836025331609498 -0.24178493825895528 -0.48856128509214292
v 2756.8399750859971 7318.9725857228605 7584.7031208943263
vn -0.81521496766270418 -0.56274436838843211 -0.13690629038068572
v 2557.1194099030981 7587.0448681749258 7655.3322762621974
vn 0.55123542891440291 0.81587883650281467 0.17458873404766886
v 2200.510531551628 7639.3043405790886 7904.7717144515336
vn -0.78197945003275271 -0.57079390443983657 -0.25040458937647331
v 2431.1613146308919 7628.9952190579934 7765.7312152115956
vn 0.41283964848466664 -0.81310092318653815 0.410402623471459
v 2377.7098565840442 7714.4792107992371 8010.4619829042213
vn 0.021630606493503342 0.99144387807101508 -0.12872899245402883
v 2019.6603098582054 7839.5206346187506 7680.7299331566164
vn -0.87503106647590245 0.22690565346427469 -0.42759146054147901
v 2254.6183567401058 7644.5114834194947 7694.6768130918317
vn -0.6753303490858672 -0.70977881295141809 -0.20035707197111025
v 2174.2744890673785 7779.3053379526682 7626.2846507924442
vn 0.12830128558886561 0.3360394430407263 -0.93306820374350063
v 2295.0014007561908 7578.3041481467808 7848.3769562610651
vn -0.71362303252797665 -0.61571949958455918 0.33411325217194582
v 1716.8290094434064 7717.9317439384531 7623.8923124042412
vn -0.56018942196794363 -0.73205662625940626 -0.38766081497220906
v 2125.1568489322817 7705.102013242933 7669.0111209024089
vn -0.18818847139456524 -0.96717529171331107 0.17075436841688316
v 1922.7268875178997 7783.0456412853673 7640.4544638904308
vn -0.28257579101177943 0.84545718332414943 0.4531589936210717
v 2330.6151736240936 7574.9993759392337 7904.9370298462045
vn -0.52335791919764463 -0.63716872329437968 0.56578485881872254
v 2042.1440284126074 8030.2968709538982 7668.2757013557102
vn -0.82808181944723303 0.5432420341773162 -0.13845068654164122
v 2136.06747398671 7626.6267469840323 8030.1030970171141
vn -0.9969918489682581 0.0021884118982016666 0.077475569983175799
v 2779.331543308117 7316.0647172829995 7626.7422700128909
vn -0.8804989006148557 -0.13331033259004005 0.45491762027949978
v 2493.0704371245083 7645.0695092237147 7668.2932393473138
vn 0.4305773074098993 0.90057057217148284 0.059798218053458425
v 2356.933944537348 7751.1220473183857 7696.1065260364903
vn 0.44147884446667091 0.89086368953587858 0.10704352645019975
v 1977.3869256288763 7623.2064256600061 7856.1890206522721
vn -0.049795784000873942 -0.17735621984677119 0.98288613337324193
v 2125.3062704011681 8079.1584365592271 7668.2145590550235
vn 0.98772190349054556 0.033498324039153059 0.15258867471598747
v 2011.6450070782412 7546.5419347062034 7863.4178346462777
vn -0.11533304552915266 -0.98940973690256506 0.088128662371372457
v 1973.2088710174448 7927.8697061822877 7710.0508837359894
vn -0.98630236224754719 -0.015443231156605522 0.16422288767511076
v 2008.9887345788393 7608.2828198869975 7904.7963243391232
vn -0.12179315523093658 -0.3712381031619762 0.92051545239587962
v 2515.9080816145906 7515.9241299367459 7626.4195328572541
vn -0.36213528648439031 -0.92664434919385519 -0.10093703180679033
v 2063.2448185541289 7994.9980126397204 7708.0409384250797
vn 0.56317810981769134 0.36457104489726389 0.74156481162787757
v 2066.6525080784158 8128.5375013655366 7612.4818905909242
vn -0.75490023228933545 0.62193751799639019 -0.20813304158157361
v 2372.4454849625872 7637.5189430660976 7654.3377833422091
vn -0.52422968587605312 -0.7414082991042833 -0.41892358547304109
v 2321.3634965327906 7589.2042803665281 7765.558633114787
vn -0.13259994744110162 -0.89490668000697371 -0.4260977446754593
v 2113.0073557420201 7682.8357807799321 7876.978169942864
vn 0.52179131738740725 -0.82190241191084634 -0.22849561570027435
v 2023.5966246477692 7811.3389197342185 7627.9266890540612
vn -0.21820333623008834 0.71411215283827523 -0.66515497233858423
v 2155.1079105602148 7719.0902338242249 7946.6510270253248
vn 0.53318511392888657 0.84330492160993964 0.06745697497734271
v 2480.9967127205327 7586.3958648496555 8141.3584533938701
vn -0.12051884779203925 -0.33460486966228692 0.93462013060128513
v 2095.1121445282397 8053.0679695922936 7696.1832770457768
vn 0.16768393995112177 0.26757873000508708 0.948832819590118
v 1867.0472135777818 7771.0566170944549 7556.826568937835
vn 0.31880010164191308 0.6118653131748647 -0.72386969388594435
v 2377.0718822656213 7640.8544833680835 8016.2620787403675
vn 0.011032378029510371 -0.99472995518295704 0.10193430677022414
v 2486.8310429482153 7530.7756270853642 7626.5043297446318
vn -0.86511739349649619 -0.36557077931394488 -0.34340923223120196
v 2517.012211659101 7524.8560863228777 7612.505896831186
vn -0.36529434602273442 -0.55883847812131504 -0.74448612890696308
v 2484.6713788821207 7534.9195411642513 7640.6370201285836
vn -0.80441193340532113 -0.52870623283591756 -0.27090803006844566
v 2108.8841377433346 7849.9610239321482 7723.8979687191932
vn 0.91586037535831799 0.21517945424414886 0.33896544856328831
v 2243.0432321183616 7689.0633687388581 7834.8727922721664
vn -0.55894651929365891 0.76727212409554346 0.31443962243237766
v 2571.2457840191819 7635.0538134581748 8113.574859276051
vn 0.69421577288249381 0.68934436080239625 0.20704785174229023
v 2322.1659288379014 7629.8539597277704 7989.2795095518668
vn 0.70344800901490534 0.61214326562959553 0.36116688795804613
v 3021.4934900464432 7241.3365931628068 7696.0891469307071
vn 0.48350491979745264 -0.51338375995797858 0.70898526609730572
v 2626.9710283811364 7456.9596606424966 7556.812226080131
vn -0.33617840873875893 -0.51865771459215104 -0.78611592821410436
v 2526.494058016774 7661.6066720042063 8057.6078607121553
vn 0.52151663444686414 0.78881118141903528 -0.32526499975177425
v 2228.0756739027674 7674.3546964090056 7931.9018785136122
vn 0.12239338877063907 0.93334958383629518 -0.33745875709166862
v 1775.0523109008554 7710.8864778938387 7765.8269771234209
vn -0.13220091363047393 -0.83334399582807628 0.53671286835007337
v 2051.0162657589244 7668.8929796991815 7807.4313504930014
vn 0.2427076746609001 -0.94776863929718524 0.20694828104012056
v 2810.7321568130865 7268.9855401913483 7584.7280102889026
vn -0.27391525126743815 -0.72468086857076386 -0.63230378288495137
v 2538.8040997358612 7640.0161821138217 8127.7320313104137
vn 0.52049841628462501 0.50534044829060865 0.68826770225446721
v 2290.5466855774503 7605.8223313686012 7724.5241408751444
vn -0.35397582411500561 -0.70301966434743879 -0.61681801812440362
v 1987.7282271281856 7562.1883401469713 7863.1274101421386
vn -0.91578426776748878 -0.38602174044298737 0.11102428029458733
v 2569.3202385963473 7593.0824678642075 8099.6677068969493
vn 0.72341829690080828 -0.46407150153303994 -0.51117864702470073
v 2027.335356843482 7755.1814563084863 7709.9336279751769
vn -0.96032190467893153 0.018582250838283073 0.27827421610277209
v 2306.3304200504863 7571.3062488040596 7794.0192294181325
vn -0.16061360543923711 -0.57205537511139259 -0.80433569953967166
v 2003.1435736223084 7584.780609138842 7765.7069089511297
vn 0.034671408333800752 -0.96763831113131438 -0.2499479791378369
v 2228.808826982382 7540.8863654831002 8071.9081584096502
vn -0.95856388862509312 -0.27314091150982278 0.080927831328432495
v 2813.1780734682552 7261.610656713161 7612.7465453424074
vn -0.52045722344203815 -0.84918370428851542 -0.089505949175680097
v 2776.1218732742373 7308.574604970363 7556.7866394918792
vn -0.42483527999680998 -0.60474516575112713 -0.67364550719994709
v 2959.1068737917835 7315.164408732323 7612.5601070376033
vn 0.85647964168441781 0.51378010888507419 0.049725477314679099
v 2517.0945401148638 7613.3014227648127 7626.538906740675
vn 0.20724659732463468 0.86016342544545477 -0.46601258504819615
v 2878.9241125660083 7248.9062845790777 7598.5351413922363
vn -0.071322087382924643 -0.85956092271066464 -0.50603179742001725
v 2133.3589935409018 7829.0631735213747 7668.4802214365118
vn 0.30476620292052459 0.95115008998500661 -0.049305860492637396
v 2035.2589940363664 7582.6753423002301 7863.2535528622711
vn 0.9203773826015974 0.26306155303363982 -0.28931659632824835
v 2228.8013082337943 7666.7011077015468 7779.472415647012
vn -0.95610483354083076 -0.28796826951082927 -0.054201688486603623
v 2407.0085639504687 7695.2156172288142 7765.6220548757628
vn 0.50341896490598104 0.74649883846235765 0.43509634559180294
v 2804.3174019737062 7362.990340907907 7640.3515390725488
vn -0.57004771081171635 -0.43545694360599246 0.6967229418238281
v 1835.1181133042028 7732.4098606187526 7625.9314675852493
vn 0.18983930355547271 -0.46422530102310333 0.86513346294983995
v 2392.984931914998 7590.4507523603188 7709.4360533619674
vn -0.45465815275357568 -0.88747918653204261 -0.075277205096431168
v 2933.2391995499929 7365.4386441735096 7612.1548848933844
vn 0.60952238791170443 0.72475911198439413 -0.32125797769083703
v 1643.7157801487483 7696.1500806229014 7543.2678555876792
vn 0.13971743614999926 -0.22560425869322259 0.96414820255765266
v 2955.5675013509094 7313.5512226427254 7586.7352044522931
vn 0.85112982912159396 0.51370629919589972 -0.10809186900918663
v 1688.2009819057439 7725.2292276133867 7543.3943371353653
vn -0.10436224063172946 -0.71005223835166131 0.69637227223814757
v 1938.948679517327 7726.9309489626476 7835.2332501377941
vn -0.34296348343985344 -0.76446896990577751 -0.54586009478436948
v 2189.6434227970058 7650.0640023339511 7918.7926552937661
vn -0.61538661615507417 -0.7489142650300723 -0.24581850274475681
v 2153.0203596685105 7605.2045993733145 8016.5999862947474
vn -0.34497583049990332 -0.91188100441244702 -0.22240663246101439
v 2332.3261816463164 7684.4052198951613 7912.4496331649852
vn 0.1198885373714261 0.99252292922677654 0.022912301631202763
v 1787.0270380995898 7715.3823266345153 7750.1257821778418
vn 0.604896288773764 -0.71126382767141716 -0.35805620686413403
v 2429.1033693790405 7661.0436766275825 7932.6873488983856
vn 0.91804275917686384 0.33561920724299704 -0.21108585943286887
v 2389.3136097211436 7675.3748211275706 7892.0075903944162
vn 0.35502358526691413 0.93388350743490145 -0.042659681730088855
v 2173.4486262209721 7616.0072213580816 7988.4012122209951
vn -0.50975560698835354 -0.82563365759925966 -0.2418228371829336
v 2030.344337824692 7686.7251664210144 7821.5048694459529
vn -0.44922053678070117 -0.89322003500256497 0.018944086266574203
v 2317.5807563442795 7602.5299611046576 8044.1028193448919
vn 0.62465852560402324 0.51579067835759496 0.58631194982672818
v 2032.2151493624988 7794.641569108644 7849.4279231617311
vn 0.07270330186397013 0.9961936117872835 -0.048088644525329592
v 2093.0937151244939 7720.9419039055683 7640.2304577593432
vn -0.018930997002914264 -0.72548755905282736 -0.68797486800903263
v 2014.3898453697429 7657.3451885125942 7821.5543599435387
vn 0.67461622244524611 0.22365348316927688 0.70347144354263325
v 2098.7229458824659 7700.8456101313141 7654.3716170168564
vn -0.09231840070922076 -0.96238165789176278 -0.25553641119025194
v 2746.6510484159226 7447.4333333953909 7556.8015850579559
vn 0.27945208661457588 0.30262219252405353 -0.91122244258945595
v 2820.7198561656919 7282.9299198322333 7668.2769587538833
vn -0.91043016142185929 -0.0062368624830127168 0.41361579118758895
v 2341.8735738534251 7657.823413228266 8030.3640079082907
vn -0.6743196517915595 -0.65115836745736944 0.34826109127774163
v 2048.7819730604351 8036.9593455732247 7654.427941923529
vn -0.84180356694210745 0.53932516183645607 -0.022251393071561661
v 2252.8526517935916 7616.6497498638028 7779.515190609759
vn -0.62597636859452521 -0.67232609539860733 -0.39513441688528461
v 2124.4997831853307 8082.4544312258658 7642.6537741239845
vn 0.7239358595771388 0.39666986005472027 0.56441996185684085
v 2335.3041391702573 7500.8741582766315 8043.9625163911442
vn 0.16956250255429442 -0.78963239557719811 -0.58968571085158605
v 2143.7088076476357 7661.1899963488577 8016.5374411092289
vn -0.41736526588393641 0.6753357509381781 0.60805251281316008
v 2217.4283802213467 7791.8167839814323 7698.4181482318309
vn 0.38131101150482821 0.71223498731814638 0.58934135723287273
v 2532.7729156871064 7509.2624094177663 7612.3469144026894
vn -0.63829759004787368 -0.38621401130001543 -0.66589407867515094
v 2950.6186481968807 7323.2980801163976 7583.2012685538266
vn 0.81937227897762732 0.57325820609909273 0.0020242487642348397
v 2417.0714938622477 7657.9881678134025 7960.367771049715
vn 0.9824366658873489 -0.1577937513369547 0.099595831033035251
v 2403.8024129344922 7619.0797921576013 8058.9334658393918
vn -0.49566160171689805 -0.58622890365485447 -0.64082388306231719
v 2907.1728486508364 7284.4858648884911 7543.0750173016995
vn -0.32884697054216466 -0.86172185015624692 -0.38638727066058409
v 2224.9296570200222 7689.0949289843611 7849.2239248703372
vn -0.63044284917339422 0.76778027496842272 0.11425963108441249
v 2018.6220844641484 7720.3884699371129 7737.6162039032479
vn -0.55665805807037227 0.83038153785610092 0.024460334688199699
v 2548.8734301824761 7506.994977542683 7598.7971657948065
vn -0.6913071712394866 -0.34952297563148899 -0.6323986752821108
v 2751.0136075748887 7443.0885234416055 7640.4772935433648
vn 0.66687385008495925 0.26024916141289817 0.69824755069870925
v 2597.0759572398674 7571.0939895172378 7654.3969892761088
vn 0.49502979019339649 0.74956428033389377 0.43943019521718568
v 2526.342849078686 7486.0806578675129 7653.9288759169203
vn -0.68618210136885049 -0.7224542618644455 -0.084935053275591366
v 2313.0303867755711 7498.9516743193672 8085.887844888678
vn 0.39265830665211121 -0.37322095117500725 0.84055075743295804
v 2662.0464653187664 7519.9774072261716 7542.8984532739505
vn 0.26500085121274253 0.65778220944984211 -0.70505114267534252
v 2102.4239215544367 7805.7372671819758 7626.3640638344677
vn 0.22311439987100284 0.37342176698954666 -0.9004310903720546
v 2500.9926382659396 7566.8875313406297 8071.8523104540945
vn 0.11145596113446145 -0.92390390492994079 -0.3660316150044971
v 2621.2561332285786 7447.0510479010427 7570.4410517733959
vn -0.51450314359789739 -0.79209969484927234 -0.32842744807273783
v 2934.8690171450048 7272.9536280464117 7543.0678151344227
vn -0.28500027739335898 -0.88658935264613214 -0.36432699825873549
v 2511.2338506406595 7504.639248658008 7668.4105897681084
vn -0.59537177159619159 -0.75513652510778928 0.27441079066710411
v 2012.9404785867046 7770.5706329408113 7710.1730082917747
vn -0.72534086190726055 -0.6685002165150089 0.16428053617826685
v 2139.5313936249049 7615.8054704484903 8030.4017080426493
vn -0.81345007486905496 -0.57831502672553925 -0.06205405352567972
v 2390.2107622068233 7688.9786199035725 7928.9791490164416
vn 0.24768653951546041 0.82826385056785778 -0.50262348928931067
v 2035.0640999260195 8025.1719174456102 7682.2623324266069
vn -0.82091460532878047 0.4956004445729788 0.28368893192537259
v 2351.9839211514336 7711.4574702922255 7807.4191978031504
vn 0.2134427711170688 0.97104888395691968 0.10726718241795739
v 2012.9434326373685 7880.9389320666924 7668.2317205017498
vn -0.68522094389352617 -0.31509505732332044 -0.65664858402350845
v 2126.7825955167791 7625.1435218933475 8016.0705748347245
vn -0.97672623548949788 -0.16923079421337794 -0.13178315217213171
v 2402.2893984010225 7648.3611686729819 8114.1724373275993
vn -0.4764662835728195 0.17108671077490328 0.86238577099493596
v 2597.7518473081091 7446.3268562154062 7641.6252558288252
vn -0.40713213253638281 -0.86419588174040152 0.295649969794193
v 1990.8371830570218 7646.8382540352213 7876.9247414760848
vn -0.88407493818495031 -0.21418241180357855 -0.41537621278460157
v 2210.8941943019158 7642.6782304555263 7890.8989617105935
vn -0.67326524573229118 -0.42826800594438758 -0.60274407833960142
v 2336.594678823446 7698.9230993305027 8002.8273315245888
vn -0.79977116760440203 0.4809060938187863 0.35929849484328236
v 2239.845965837621 7549.180620565051 8042.8514406130689
vn -0.53386610450699801 -0.81867898828716412 -0.21154596804389428
v 2375.0341759755393 7588.6764815354682 7945.1710863146182
vn 0.60111062166503393 -0.78287357403458913 -0.16054590496112048
v 1993.1295654547439 7636.0832316886635 7835.3953052838324
vn 0.66745304895732849 0.27418860156027236 0.69233448434408362
v 2389.1133407965444 7678.388720021474 7823.201490277188
vn 0.5531080252028564 0.66798198242834728 0.49786703406360561
v 2242.7077996701737 7663.0621289245 7682.0182149251268
vn -0.42546579119301819 -0.67472574218530257 -0.60309537666690138
v 2253.4891261135053 7672.8220758097668 8016.2003551147654
vn 0.17373494046692789 0.9002306446452788 0.39925049392893536
v 1776.6472214843789 7750.92596150388 7765.5461228514068
vn -0.50686860452018612 0.84403578403430535 -0.17517937384679363
v 2315.4454057384428 7628.2967961235991 8016.9997927170589
vn 0.75223395672681936 0.51051062070450104 0.41656089650256278
v 2312.2621397243947 7650.2628815061316 7961.8396461148768
vn -0.06038805086146283 0.99178515266349232 0.11276300044521161
v 1829.6843383838577 7779.2251504163278 7598.3889578877479
vn 0.034502098871432914 0.9751202329267098 0.21897519610774469
v 2377.5416286393774 7537.1733040291292 7846.623977543145
vn 0.82959832568701619 -0.30409988202715615 -0.46828397342677563
v 2352.237543591822 7693.9646849459978 7877.0624420970762
vn 0.20507176757411152 0.97824737068900147 -0.031267425287112981
v 2006.8177146665225 7631.0828806090249 7873.3025876739457
vn -0.50925985874699231 -0.046331251928685237 -0.85936477200529593
v 2133.9490533535391 7967.7339178111069 7654.1441353642176
vn 0.42677337959540274 -0.87778657547125816 -0.21761252351636237
v 2397.5795831802352 7580.3291632475812 8099.6568718508734
vn -0.91355382250997796 -0.40351083360119616 0.050974704941523022
v 2242.9818520265235 7676.9462203543744 7668.203975558552
vn -0.41855123013221751 -0.52144591020964182 -0.74357853013682806
v 2000.8631876967102 7548.9377530357469 7863.1152958631337
vn -0.40261822904996314 -0.90922403171721811 0.10587833482142819
v 1572.0945439708303 7700.7140275917191 7487.2217698027798
vn -0.1433485985787957 -0.14849828972494644 -0.97846790301688547
v 2417.0982650076257 7659.0430283669302 7904.9002025238733
vn 0.75092056925104922 0.66031166639542316 0.010334500364287184
v 1990.4636380448223 7590.9309076542504 7849.0684662629064
vn -0.85057146517645688 0.084149030686904519 -0.51908296375630536
v 2769.5970938700193 7314.3932400846952 7571.6165692064751
vn -0.63991117567027644 -0.67577372905904387 -0.36584635349545114
v 2244.9881044482172 7602.1468137517804 7932.8982813390976
vn -0.38528683324234919 -0.92250271386876959 -0.023298047876104622
v 1958.8804563417066 7643.408551228611 7737.8437224032332
vn -0.91650672469247518 0.13190306519252643 -0.37764666685446557
v 2956.5823209499067 7323.4752210448187 7610.9368700321338
vn 0.87075689701059744 0.49169472026134214 -0.0043276293275130518
v 2057.4730977998843 7720.9644708036249 7640.1920667021423
vn 0.067230538269009238 -0.66133425855330519 -0.74707232125665668
v 2198.0523121343322 7610.2695506548225 8057.8046425738867
vn -0.30555161679705223 0.22988226782625812 0.92400884866529498
v 2821.6725992557695 7239.7774125394189 7654.7503633075257
vn -0.60785961165004188 -0.79100301093112302 -0.069432911667003508
v 2373.3863681443108 7633.3098492199715 8099.3053596581722
vn -0.87084384113693247 -0.3407044682535329 0.35433242818848887
v 2390.9851324247938 7691.2085586517824 7793.3547072373694
vn 0.55024873557543086 0.83220551021036493 0.068266520148207721
v 2348.4286321352147 7513.4622137800843 8030.3733868908666
vn 0.47887477588888872 -0.66279413943077548 -0.57565864690247148
v 1956.9131171956992 7663.0496148439925 7807.4173017132744
vn -0.75975121968328763 0.56112330979082525 0.32850984064278282
v 2863.2291121193266 7393.0834044371313 7627.0027654149744
vn 0.21344445601280609 0.97694270181800158 -0.0049418176757805377
v 1917.0091574077851 7741.0654883303105 7570.6792510574924
vn 0.36107754768749334 0.065077871200097143 -0.9302622615349122
v 2738.8606975208677 7383.408007187063 7640.6146171619912
vn 0.39964293552650781 -0.62591188124578079 0.6697162391633662
v 2915.0504440574778 7375.7960093192705 7639.83549837377
vn 0.37112712867706271 0.80546908695237096 0.46204350912444692
v 1597.6558300947072 7588.3072699567892 7515.0135142565314
vn -0.58148502333950791 -0.5624692481088992 -0.58779546830820462
v 2778.9052054201397 7346.8961343990595 7626.5643750162062
vn -0.66406228638132581 -0.015669205998323089 0.74751304723689482
v 2274.5212500561142 7657.5923720405081 7945.9240756222243
vn 0.56100556926491885 0.69417353202080556 -0.45099430006986102
v 2224.6494456742812 7674.33219948244 7723.5573704109829
vn -0.69939262988628015 -0.71418918724872671 -0.027995608186924089
v 1706.7950088009379 7724.0543214470854 7694.9366413616572
vn -0.86300918336679333 0.39523421172505285 0.31465070682688218
v 2077.7932517732625 7706.7204718348312 7668.3330732591548
vn 0.11073915713238237 -0.98848965335585059 0.10307785545906491
v 2143.5697727438237 7716.0561231983947 7807.1537261507956
vn 0.97454228252303499 0.21217859338665684 0.072440210403151781
v 2246.6126071485614 7637.0642235459636 7751.6599497645939
vn -0.91149532104137732 -0.37717131345365235 0.16406730334628825
v 2059.6476735097431 7669.4165464705857 7764.6798429425207
vn 0.85484552298775385 -0.5181432813412461 -0.027688839425296895
v 1961.8624207883759 7700.6964110170065 7876.1347430315982
vn -0.73380092053137669 -0.67936037291286444 -0.0023859469813440172
v 2294.1092136966927 7663.8135732491955 7961.0896347150083
vn 0.37982584728774405 0.89832501982800839 -0.22078153111878596
v 1970.9684312420625 7758.8022763487743 7906.0421665223521
vn -0.23229297898385179 0.050480342768495695 0.97133501270611222
v 2090.2869045337538 7753.2819524603692 7932.8043665751611
vn 0.1227650360201669 0.61624994674716294 0.77792335680649538
v 2369.0508221786245 7735.2187319013938 7709.9533647455364
vn 0.53323450068734479 0.83556121107850001 0.13228163068902807
v 2186.2163981511385 7623.7829682735792 7958.5274831748829
vn -0.36841473971088606 -0.71735790011839873 -0.59132750883201912
v 1983.842008728765 7684.2827337095096 7867.4252811456317
vn -0.53824028517319678 -0.48783567091501689 -0.6872508665688033
v 2228.4619270159683 7676.9426112063975 7877.9778700844217
vn -0.50561691138756093 0.6586299960517209 0.55727737009483302
v 2830.7563561424977 7210.8895100494465 7696.1002474987117
vn -0.49543755151233099 -0.86154796852617743 0.1108004083019701
v 2051.3676751734329 7602.8536684391574 7723.9935613631751
vn 0.39101074464991059 -0.90194637537736322 0.18331212047204851
v 2245.4209343720468 7556.7817547760096 8029.6043452758458
vn -0.40934341620958442 -0.76731608044709365 -0.49362333848104911
v 1711.6410448435586 7708.3935491278999 7668.3486500097206
vn -0.32399311284089954 -0.91340966705809268 -0.24639651571499172
v 1878.7291200082509 7798.7555589943022 7836.7932221691308
vn -0.23955205381704678 0.88582310542756781 0.39740689400499174
v 2268.7388373223948 7673.215573031388 7974.5156982127228
vn 0.16371472157451189 0.98516811807328541 -0.051393278468310565
v 2376.5644946344837 7614.9556537958097 7682.2208570630119
vn -0.35797939089518432 -0.90135918669032633 -0.24372601884752915
v 2672.177281283688 7534.7703767285966 7600.4617041858692
vn 0.51367357009604075 0.83357817852882177 0.20319174113472097
v 1903.8443990676096 7773.3052775703209 7625.6460996406277
vn -0.37542957448599368 0.8484908042059639 0.37298255961798327
v 2383.7878609412346 7609.7389619587757 7682.3355507272991
vn -0.51658060344009504 -0.83401416882154744 -0.19381652755730244
v 2284.8955637576482 7657.1776806541366 7918.8457007079141
vn -0.1234487480506367 0.87025511109462028 0.47688200659955782
v 2048.9393887062884 7890.051938341473 7650.7666217256838
vn -0.63861647578795899 -0.23402997767477371 -0.7330750073503477
v 2352.0864429026569 7617.0158268888117 7698.0737430336985
vn -0.0033489391399673814 -0.95876848796472203 -0.28416856105571797
v 2292.6937569993224 7650.7997123636233 7946.6385840780176
vn -0.06038805086146283 0.99178515266349232 0.11276300044521161
v 2479.4518912727217 7567.3427455328419 7625.9882052919129
vn -0.41060205083548384 -0.11097106130534395 -0.90503667295997481
v 2319.5312026821885 7715.7162466609461 7819.1873336572753
vn 0.13170872220146507 0.80796882392712555 0.5743162822503598
v 2059.1366372425291 7821.0384768024378 7626.4339922929748
vn -0.14465784494782996 0.64619484935690641 -0.74933725688748087
v 2012.8111419059551 7590.9849001316215 7779.9295578925312
vn 0.45812896341686249 -0.82367722999533843 0.33417611175216777
v 1982.63697388935 7699.2173896158802 7783.1467383545605
vn -0.61550174053301454 0.72737217603152249 0.30345893451338257
v 2000.9513335790725 7763.2280532461809 7917.9767607459289
vn -0.28947456192697496 0.11596900662482632 0.950134552313322
v 2097.5147287073341 7826.8797483729668 7640.2611063228787
vn 0.28637997471015081 0.65781308836388586 -0.69661212368302905
v 2126.7000297086443 7654.9531769619834 8002.303215981723
vn -0.8763323033805438 0.035390525579642576 0.48040525054473271
v 2416.775666862507 7706.0967631219091 7653.5276635592345
vn 0.39765741321648107 0.70069540923435525 -0.59236350764701584
v 2256.7966198125523 7599.0926784240437 7877.2167929596453
vn -0.48082767570287499 -0.82371230112926563 -0.30050422833381379
v 2219.3801116704467 7706.468649470693 7755.1161549629051
vn -0.74570047393701255 -0.013137162298481107 0.66615179811876069
v 2955.2989076698013 7295.4776015095022 7542.9002475213447
vn 0.89801962314804218 0.36372825298374822 -0.24751265507532927
v 2147.0575140473225 8016.9354683364909 7640.3143257737338
vn 0.78504545405062098 0.032417826805673643 -0.61858929798344531
v 1989.0567215950741 7596.6747308812119 7835.2896693762086
vn 0.50519407083954537 -0.6976458202117598 0.50800517746340856
v 2210.6000840471042 7693.18012144981 7724.1693194979271
vn -0.85778891485382447 -0.51367094834623672 0.018448153809415321
v 2118.462420862772 7741.6712459703413 7835.1764022824391
vn 0.5744575827436541 0.70220603206503462 -0.42060096785409024
v 2432.9654388114577 7568.8581266200308 7710.0015399280865
vn -0.53720540103338754 -0.83627599900672256 -0.10978529312191682
v 2453.0430184351762 7577.6224266449153 7723.8974599499361
vn 0.043307598478912641 -0.47521626117187959 0.87880256999613349
v 2589.9401235147952 7602.3039660036575 8113.5666733119469
vn 0.99296144074222781 0.075877487647770872 -0.090940552381111373
v 2808.9508499755066 7423.2453493346002 7584.7479858588613
vn 0.61026700810775347 0.75915327933958776 -0.22640776771824977
v 2292.6743111126261 7662.9441001683736 7654.3033427539485
vn -0.2786933827072961 -0.64598464956235646 -0.71065732316283359
v 2028.9550139116473 7725.7369806326224 7726.5832085607117
vn -0.78953268836109658 0.45107217049796772 0.41613943698182687
v 2104.9359948906567 7698.9154879404341 7654.3766347174214
vn -0.29453304608384262 -0.94840484516409018 -0.11738200217175941
v 2557.244641309946 7647.2182415738152 8099.5289686327014
vn 0.53490294489753043 0.73533700622308917 0.41612297078966221
v 2218.9029463102133 7694.8781300754654 7765.9592837988366
vn -0.98180011661322208 0.13876933748533024 0.12965956190017849
v 2012.7251821052378 7830.890131235552 7682.4490066131084
vn -0.82308170690669391 0.51757225969039411 -0.23378507171019802
v 1626.4512099806284 7751.5725663085477 7501.4262685591821
vn -0.22902278351360511 0.96970755400694064 -0.084946008343868659
v 2278.5850522170904 7582.085759504751 7878.0116974548637
vn -0.68477698072503612 -0.69327833243133907 -0.22460106956629883
v 1471.9588769841939 7710.667721087957 7529.1529987354552
vn -0.57849535271962327 -0.81557925890718652 -0.0131757095521734
v 2327.317837686549 7562.8063585355303 8071.9721660635132
vn 0.60466115184326297 0.39257691322351679 0.69301389499451893
v 2696.3464374076284 7430.3202297362586 7654.3370788724205
vn -0.15265720532410185 -0.4497509693711671 0.88001127448023686
v 1700.2743728633391 7720.1366617620315 7667.4723490497363
vn -0.94078326293250869 -0.33744850047014718 -0.032486331225782004
v 2324.6206317488404 7680.7696786378074 7933.0330752126501
vn -0.55232086533392455 0.8221310327347694 -0.13799357496364198
v 1686.1295661422764 7765.7901221013535 7557.3926371148355
vn -0.54244069790655047 0.57340506746220454 0.61397452541886377
v 2728.1064528939996 7483.199186261003 7569.9433557762877
vn 0.51456684260883589 0.48341459491826239 -0.70818874172609236
v 2009.9174660284552 7968.7074094549807 7723.724212894389
vn -0.73959899451857325 0.1363308616823756 0.65909576198004538
v 2294.776222659224 7573.3290674448544 7877.6632416459106
vn -0.52057703065894056 -0.83827153416662781 -0.162173950301054
v 2350.7351440798157 7630.9696760012948 7988.6725522224478
vn -0.16215853974800781 -0.98066339337155972 0.10956238810728459
v 1821.1525278479785 7783.0941053792039 7821.352402853594
vn -0.62194660284554726 0.75002091690925576 0.22505787568419469
v 2064.1011071380999 7699.5823247528242 7947.4250311843134
vn -0.46915813086159808 -0.017864824466172838 0.88293346085265367
v 1670.0566131612577 7600.6310721147165 7487.2653304346486
vn 0.80472671131825058 -0.56869880686191754 -0.17028384293509544
v 2514.5590926410805 7504.9682749934218 7696.202452674479
vn -0.4612900510792578 -0.68803439912426434 0.56019653193946883
v 2131.1282294006969 7710.5552404306027 7778.6011442534364
vn 0.78179172199616909 0.23454058791886487 -0.57774770967692979
v 2123.1329959802842 7752.9426433138578 7865.3805728710158
vn 0.92186779216737413 0.37814983543199393 0.084631410996195838
v 2037.1797178724373 7856.1321810802328 7738.0354462144678
vn -0.51561596469439563 -0.31626815773700728 0.79631314779671147
v 1497.8735735337432 7751.2430270141067 7515.9954512309287
vn 0.14301733820922341 0.9875454745422334 0.065574207450060151
v 1728.7480121633853 7782.1315599119007 7568.7110957848854
vn -0.045477775083116491 0.99896469247298725 -0.0011468068013381104
v 2137.0892432350888 7639.3803383080794 7971.2083682638531
vn -0.36214417800646925 -0.92105873692078943 -0.14318658274397972
v 1910.8032575769466 7795.0848192743579 7877.0738714137315
vn -0.73590034687506989 0.48203949598660828 0.47548775355221123
v 2947.076990299905 7270.9569142683631 7542.8543500566811
vn 0.17477432895318681 -0.75840801289767923 -0.62791020051561253
v 1716.9168594276671 7724.9628391979386 7611.9480118350093
vn -0.35669217241658469 -0.67053587167824336 -0.65050160563171244
v 2389.2425495089906 7565.389887895657 7890.9244980112799
vn 0.74219007888549038 -0.65885678507761425 0.12272580641878041
v 1733.1069168698195 7702.8340667848915 7710.252269581888
vn 0.093713949757142687 -0.99485549832495634 -0.03847379723290039
v 2075.2351327628453 7644.3591238119297 7723.881375688863
vn 0.97623607554040359 0.1370372368721772 0.16788067346752614
v 2757.7053081826016 7326.1772786223592 7598.7596173386055
vn -0.76866490510622787 -0.36082472747712069 0.52816643181775125
v 1993.2107109728058 7602.5866245332563 7751.7862301000832
vn -0.0021547106322215635 -0.99475300565340186 -0.10228301406203529
v 2251.3212986494591 7683.4194515376712 7877.3266752134377
vn -0.19917787417253147 0.8362186850746921 0.51094665589674237
v 1987.0018977948787 7690.1442022126885 7891.0861953598087
vn -0.80165253157132133 -0.58583555402373644 0.11895344579705669
v 1629.5379812825631 7632.9385572884566 7487.2920554415587
vn -0.0026139264162523255 -0.26824218749384171 -0.96334796218044139
v 2014.9957165878905 7564.9308467737628 7890.9897348810391
vn -0.12113063196240635 -0.84561337707875661 0.51987054783460174
v 2142.7851311204795 7745.1290048922601 7891.4476377548344
vn 0.86583663782935538 0.43795403444738462 -0.24191564708306224
v 1527.6148336981569 7648.6700721897068 7515.0944746675368
vn -0.78487904132275799 -0.57942114462152683 -0.21962701941643759
v 2232.9488075671356 7705.1364079089053 7807.3301273218494
vn -0.77642219033317195 0.62204884055055221 -0.10111291869960716
v 2469.0208827802271 7599.8336049890786 8142.1774581033878
vn -0.19411224683758388 -0.26018981521061468 0.94584443524732487
v 2061.2450314474718 7717.4885045129968 7949.8449066497396
vn -0.37042534143764477 -0.041607629663080938 0.92792988505308105
v 2324.3864622158967 7651.4686149017416 7973.2292959768693
vn -0.77518928735420733 0.26278823978304372 0.57447707508916823
v 2089.890129873163 8090.5092656337456 7654.3454396062662
vn -0.91929341868771541 0.37500711232566231 0.11945407511935674
v 1903.7526399060089 7780.3253569695371 7877.3322497762201
vn -0.53601656375873508 0.46375976475151115 0.70541698588416535
v 2247.643212897834 7649.1843510757608 8043.9799039444842
vn 0.1226176475506779 0.63069034355559328 0.7662862409405935
v 2877.2126722402636 7335.0217373451769 7570.6773331955492
vn 0.23271290233731362 0.62414136604757398 -0.74585002532279387
v 2371.4626641783543 7680.3701872889942 8099.767228518991
vn -0.61608197432616441 0.67941787281480437 0.39854028028567157
v 2878.4240339871135 7367.4532443359822 7592.3100141997966
vn 0.33071131112977137 0.56817794062885585 -0.75352760830216425
v 2240.3230571019812 7793.8518180090978 7640.5196727048506
vn 0.15215100605207524 0.81951272148107301 -0.55249341234808103
v 2455.3955832020147 7681.1953723591196 8099.5902422807194
vn 0.19379727743580596 0.9436488489408289 0.26827125293463322
v 2020.9813195134038 7700.8558477632932 7654.3568517473923
vn -0.34474898447274988 -0.92542870284336243 -0.15725728491443375
v 2155.290837369384 7699.7864362887231 7970.8062796412978
vn 0.45266388744454417 0.79197205699616291 0.40972633054376623
v 2189.1974901306239 7704.9089001876764 7640.3232813598115
vn 0.19969939281589733 -0.75827740017615008 -0.62059289142807672
v 1690.6883174561472 7688.2499943774037 7529.3155906009706
vn 0.55219942699257141 -0.46685874189432641 0.69073779970834259
v 2120.9953040213504 7735.1625163886538 7821.3370479741588
vn 0.59296209252467369 0.64402056724188761 -0.48335645831849355
v 2000.801523467806 7894.5301258697791 7722.492630048333
vn -0.65466375171518754 -0.42569104204723751 0.62466191568794416
v 1984.9072490737599 7961.0296801635486 7668.2634189976397
vn -0.85634352720703621 0.40664900744616261 -0.31829600712805467
v 2148.9407898146537 7725.3157139053583 7921.5610743994621
vn 0.90200191126896978 0.41285458286363735 0.12626814909397177
v 1754.3269911773866 7706.8571132227798 7723.4850293240197
vn 0.66466621534967618 -0.61645241759427305 -0.42214362368145975
v 2606.8138145441808 7545.2066289768154 7570.9073448724666
vn -0.23090162821507709 0.6026160757048229 -0.76389678844052333
v 1603.0077721782538 7753.5965808110059 7515.4963112787264
vn -0.47399268856936638 0.83424564327886597 0.28171818871527415
v 2590.9747310991525 7529.2097768927397 7570.7485367989784
vn -0.39440483209092164 0.12469687097339338 -0.91043699331297856
v 2578.5902707292621 7570.4877954833892 7614.8266151584721
vn 0.17808831521679028 0.86151930071827576 -0.47546718758831102
v 2341.157657671487 7578.9807055140918 8044.0411309991759
vn 0.74170661580343189 0.4574460437551271 0.4905246304990224
v 1855.3217467567983 7721.0276239085961 7570.5959120209754
vn 0.20943165639922626 -0.82037025024794241 -0.53210058617333311
v 1770.2210015621458 7773.1276802261145 7515.1988313459042
vn 0.80650912122838025 0.56463927937867608 -0.17528696916244282
v 2103.6356082983621 7678.2104206587774 7862.8846954231758
vn 0.37657933612228645 -0.88082201252264924 -0.28695049374630466
v 2224.0909607793656 7801.3124251586078 7663.8088896664576
vn 0.016173613972436201 0.96463209504788849 -0.26310327898867414
v 2158.3639517646043 7689.6033869071998 7681.5762346023494
vn -0.14696027750986354 -0.98760429680674799 -0.055140092156912075
v 2818.5917306747037 7388.6742952530731 7570.4726119475108
vn 0.64782303831772436 0.32542702003716206 -0.68878339530982069
v 1651.8370585866287 7702.8555958334691 7543.1126771273885
vn 0.34621271765972783 0.035340342498252637 0.93749016758725101
v 2166.9528132281703 7696.9168101640098 7710.058659292974
vn -0.19549980332064837 -0.82091857422688619 0.53653753027247231
v 2079.4519861888566 7784.9277142278597 7891.6040962358129
vn 0.3348393458108328 0.92241883206443198 0.19242170030914613
v 2226.73144730899 7592.7752558204811 8071.902039484954
vn -0.60118507175391234 0.30382584281224312 0.73909834713634248
v 2161.0811903384383 7809.7379486693007 7697.9593302581543
vn 0.38680137291960348 0.80902871386837671 0.44255760985886355
v 1971.3317918024568 7580.8054730602998 7793.2978348800216
vn -0.33826815929651377 -0.92989094211556278 -0.14449044320500734
v 2628.415853000346 7509.3418276857428 7543.1425204663692
vn -0.38837204793164959 0.30521656995835628 -0.86948835403830005
v 2296.165989703899 7573.6615451797625 7793.3161353319538
vn -0.10781197436010993 -0.99142309574223331 -0.073870314832559555
v 2654.1174876533551 7412.9323661955204 7629.141690147907
vn -0.42314050356399041 -0.80309500733692529 0.41951224467721643
v 2159.4217724091923 7639.2236188629586 7946.0627781512139
vn -0.19748094631700386 -0.7454855657769287 -0.63659449185489603
v 1726.4247715123995 7702.4540466474637 7683.7891992357945
vn 0.27570367678517504 -0.95044183969741747 -0.1436933956719102
v 1807.5393614849472 7751.0202469641254 7765.2807242860654
vn 0.022606844558060186 0.69208242094741257 -0.72146438109909217
v 2093.0449387446133 7763.0802293875022 7821.3445053293945
vn 0.42322009506762748 0.8242018212154496 -0.37626600834527196
v 2203.8719662104522 7710.0737146134852 7639.2437904787075
vn 0.24384128477833478 -0.74943417330210449 -0.61554028927816107
v 2050.6759263513841 7792.9997226918958 7850.0371777051532
vn 0.21020666958981787 0.93285840362552752 -0.2925548749297972
v 2868.8979533538804 7226.9724681376319 7723.9813862213559
vn -0.48219469079207716 -0.4785663752036487 0.73380004408310961
v 2247.4963305737001 7584.9823320222495 7988.7913297272626
vn -0.31104888147215337 -0.9088565159292189 -0.27790003020497095
v 2092.7031117757033 8121.2517870186975 7612.7653117099817
vn 0.49014999464417242 0.55170529882373309 -0.67481423073326874
v 1964.9267377014967 7677.0562663759683 7751.8372766453358
vn -0.83865413608683959 0.51670322473544295 0.17227018770649538
v 1850.2661675724303 7757.7414232089504 7848.6961103389185
vn -0.54167059278837948 -0.13728074751749458 0.82930510987773587
v 2713.6032036986198 7388.1908626900895 7584.9007720050267
vn -0.43470451486881345 -0.81622217605557801 0.38054348512064484
v 2419.0755636803924 7691.081950478917 7751.7983957584165
vn 0.71367499406326207 0.69724166656561848 -0.067246273157711853
v 1777.5763525300135 7738.6070295587415 7529.141711614182
vn 0.22562956910466944 -0.49239467943867854 -0.84061809236187757
v 2481.5595556857106 7681.1167736456282 8086.8156388550497
vn 0.22475151711353039 0.97386031425151676 0.032906593277087462
v 2349.6217728174092 7701.8305415744726 8029.5647218200684
vn -0.45779952335327395 0.85504461991609637 0.24355347332783706
v 1958.794136429311 7713.1308405627915 7862.9328954342927
vn -0.56099634263134135 -0.76521679007203569 -0.31579481906153645
v 2161.1358546929378 7701.1862287155673 7918.7888701490692
vn 0.82215907747217831 0.18393838280526131 -0.53872174882872692
v 1862.0132498862004 7728.154516328832 7627.4792868694421
vn -0.55295869398661024 -0.40700599234262907 0.72703700383255199
v 2742.5568921709564 7487.6747419356361 7584.8151407544938
vn 0.60489559363750345 0.78332992940379564 0.14316264351490968
v 2299.7307242019742 7721.1024820906041 7807.3932383507454
vn 0.16254586266203697 0.98120718757966707 -0.10397738972225742
v 2089.4155479872084 7834.8867914800403 7643.0701431354501
vn 0.28342057019520289 0.69927601589157018 -0.65626658759153556
v 2556.8987426278468 7606.7136979302013 8071.7343903478713
vn 0.6508025655511197 -0.1751481603224925 -0.73876866650374862
v 1907.0776628823642 7755.1257120501168 7570.7740457571244
vn 0.51209209939725919 0.48756773416630633 -0.70713463098256013
v 1643.5080585792748 7712.5047787576332 7542.8260883194353
vn 0.31616932530049763 0.29964649793348819 0.90013828605121793
v 2026.4850733754095 7714.9682639392304 7933.1272932666907
vn -0.37192949136901426 -0.036907342567237753 0.92752698155612212
v 2895.0742853513084 7240.8857162792392 7626.4432402689181
vn -0.11495912248390822 -0.89465939862005084 -0.43170471461235937
v 2078.1395132516627 7740.0540462252393 7946.1474516056769
vn 0.032256040841835538 0.48700104838920188 0.87280554919009767
v 1725.6876566227347 7723.9226467669996 7584.5338018997027
vn -0.29824959330701273 -0.95345250849912022 -0.044446531123771317
v 1483.6066823085712 7693.2568138201823 7515.1446751923622
vn -0.41533213819175607 -0.88578226754683642 -0.2070965704318854
v 2117.5181124033206 7800.9354244490696 7733.8156605293389
vn 0.60192827353558653 0.70837519713011621 0.36862844926746646
v 2648.8412250324109 7534.9551557532104 7654.9815315589876
vn 0.47070767989495749 0.76939403415079233 0.43181836494187653
v 2187.1702901893041 7608.7586389370081 7974.2663834690511
vn -0.45182114830320846 -0.82271323468207502 -0.34496461184435567
v 1958.896156128465 7661.0081163032592 7737.8436882490223
vn -0.89277183111312786 0.00079552764820570642 -0.45050840692119581
v 2373.1982943521507 7544.6679118256689 7877.0052620358911
vn 0.33898908099591007 -0.65098033327022742 0.67919879907206238
v 2367.4371076500556 7550.03793610515 7890.911326117317
vn 0.049206555061720406 -0.82267550597106109 0.56637772450390067
v 2517.4020704414424 7591.3077385639299 7710.0456961330619
vn 0.81811410960787678 0.11478640174237922 0.56348326118488046
v 2060.8175925538144 7711.1175389858599 7779.5780274059671
vn -0.49058738157368326 0.67993524399207017 -0.54498815126397138
v 2085.0407380596007 7664.9104532072324 7890.8784552482875
vn 0.23131134319652336 -0.957605085759059 -0.17171942882797323
v 2059.3355902868166 7703.0839158601693 7737.8280598625024
vn 0.74163224942980555 0.097048180544983473 0.66374939341486028
v 2051.0452283320774 7692.7782045252843 7696.0576127169224
vn 0.41542959859139955 -0.89738040890136472 -0.14875029524074285
v 2147.5740765976661 7798.8861348989421 7723.9887442610316
vn 0.35903946445503787 0.70475889967369698 0.61188688194351692
v 1956.7919656439108 7748.9865452117201 7598.5382562276873
vn 0.31866402854032122 0.028725428246395318 -0.94743236523063457
v 2291.0600227696204 7663.0974365068914 7988.4449125458023
vn 0.48202740613728007 0.82966571138868228 0.28161034618507458
v 2459.9165376489254 7557.0575887958757 8085.749896891788
vn 0.32716502617157378 -0.93359757508661867 -0.14614586358340401
v 2377.4514375778363 7583.1381804750708 7821.3008296658318
vn 0.82824854805326342 -0.49774350548402169 -0.25740191412679647
v 2133.5997841592962 7984.6419844958909 7640.5723181394069
vn 0.41135470186244016 -0.44915050634763964 -0.79312743736635538
v 2868.1448760450462 7340.9399556785929 7570.4100656606579
vn 0.31553152367940113 0.52859803704639496 -0.78805074252566609
v 2092.5597154767111 7683.8330937133169 7962.745745956463
vn -0.56681519309157147 -0.19934982413294877 0.79936236119717763
v 3009.1076631629749 7230.9445205949887 7696.1593200796769
vn 0.46449518814615737 -0.65285828366001497 0.5983479603421118
v 2131.4196654290618 8070.7385089806303 7641.654553532424
vn 0.883999416238336 0.31911987942698949 0.34162484488805106
v 1761.1173135801946 7712.8612790326952 7584.7717074135362
vn 0.0751718392387771 -0.97540678199026587 0.20719750054682889
v 2122.6619979090037 7730.6822500760663 7947.7188302282248
vn 0.32515981030874486 0.65761872902894636 0.67956508517605152
v 2371.378053041065 7741.171785930339 7693.6221093840632
vn 0.47713628807183928 0.86949263375715258 0.12776354114956712
v 2039.1262621106321 7722.108473480238 7797.3098773045376
vn -0.45437747139877249 0.19557659837883715 -0.86907474227008841
v 2284.5721570530932 7673.1026180962381 7904.1745140542298
vn -0.22056297307158212 0.88548086451115982 0.40899341497681069
v 2268.1511087842832 7474.8653399067316 8085.6237332755763
vn -0.41367120271029478 -0.90806517214331195 0.065526934832595973
v 1765.0109702831619 7783.1980918467498 7543.0557135025929
vn 0.13985461860702431 0.9803929454851642 -0.13881771535797463
v 2945.0691305439632 7349.0618045899864 7612.6190825542672
vn 0.86737823547804227 0.41705932805186563 -0.27150785164323371
v 2155.5074095144441 7664.0386498196567 7931.506226542464
vn -0.049649675224143118 -0.50385144404875915 -0.86236223947951085
v 2198.8843231810897 7683.099342619169 8002.3040209605233
vn 0.1538358024835009 0.93575622709518902 0.31732448586082113
v 2845.8948044866884 7250.1081204794937 7600.2980660738604
vn -0.17862743224676184 -0.9140681282666181 -0.36410396501011882
v 1984.8013989545479 7642.8832357164301 7723.8612717481337
vn -0.78653664438724913 -0.10131607199720193 -0.60917580433820884
v 1988.2091139588274 7767.9781272429536 7682.2498344536234
vn -0.65297186168954002 0.071848995792494139 0.75396649106263769
v 1978.786435482536 7736.5929236385418 7668.2254548472538
vn -0.45113007251714943 -0.59060098898125235 0.66908305126123013
v 2576.1988075648333 7576.7465558969998 8127.4706690036946
vn 0.6803357779364877 -0.41450332692260722 0.6044255299287451
v 1955.74909576244 7628.6564800807482 7738.0424856623958
vn -0.89578050821131849 -0.30084509251789482 -0.32721477872579541
v 2064.1468058820169 8102.400530200006 7640.4664390077032
vn -0.99860692297840226 -0.051047362903136106 0.013355902075226371
v 2015.7718121051184 7615.798008390273 7821.6151259629605
vn 0.94002710461557237 -0.25807026962640944 0.22304434205560131
v 2199.7732103349517 7807.5028097146896 7683.0186149767778
vn 0.073147329812664891 0.99256089499924438 0.097325936212174183
v 2276.3505146983352 7721.9708215120045 7640.5653456673417
vn -0.45469306906536577 -0.79884030787444493 -0.39383800662071772
v 2372.4260540672421 7702.8933718197259 8044.600504988879
vn -0.31520676337667436 0.92257105758190461 0.22250244950069001
v 2144.3230878178633 7697.9922263054577 7905.0275256243458
vn 0.68199513827141767 -0.22414255561274174 -0.6961628732829257
v 1850.5455556395636 7780.701805098859 7612.2307607406965
vn 0.31159096492867228 0.69738307921629605 0.64542072433228859
v 2382.3539973007901 7641.719957977004 8041.9208565594008
vn -0.28210314179287183 -0.94254125361744168 -0.17897989445703791
v 2181.210395090362 7610.8052465101209 7988.5505708089549
vn -0.40500191291982118 -0.87886540389354872 -0.25212903912543522
v 2687.8492630596884 7395.8526298667566 7613.5083861088351
vn -0.26441476957693294 -0.9461414700593197 0.18681849015439256
v 1835.1164702406786 7751.2675719065983 7779.5336638655972
vn 0.66755131210781893 0.40213790356544132 -0.62662616624197975
v 2916.6096108997735 7278.9217323476933 7542.828135164269
vn -0.33927899079899765 -0.83861217261390963 -0.42616826529692714
v 2030.9712722385448 7767.0651691962375 7932.7830045932315
vn -0.14772626519808627 0.60339275845346863 0.78364158236820158
v 1770.6542274910405 7711.8315725489356 7736.4995503972759
vn 0.57737612603988175 -0.46813514503166614 -0.66894416438545856
v 2769.1570881309508 7458.9748274109024 7570.7387630006961
vn 0.57917184506309194 0.57606953525840054 -0.57680487552844428
v 2821.0178703404813 7254.4162169726751 7683.9298094489031
vn -0.99828742012745997 0.0306265390260126 -0.049842170122783531
v 2223.1257250912277 7574.5677015613255 8030.0480613558275
vn -0.49449329021168237 -0.77985511351911285 -0.38379993206580482
v 2401.6611470660068 7630.7376191375088 7975.3275399861759
vn 0.53309007994250646 -0.77923937022501799 0.32954661363486859
v 2327.5072241092566 7608.1804736439371 8030.8336876351914
vn 0.77634932729110506 0.44573848198140475 0.44564439601049816
v 2084.5403289522073 7695.9378500433486 7960.760287743562
vn -0.50220222468255127 -0.040566938925825503 0.86379815292120454
v 1598.1213919752045 7759.1693740927003 7487.2276490360837
vn -0.26495022645819055 0.89462089602362338 -0.35979831836411186
v 2148.6874813278928 7673.414280107434 7919.2140940338213
vn 0.12705838790241433 -0.66729638758393661 -0.73387444238171173
v 2910.8067605040123 7266.8471916042708 7570.7103228972455
vn -0.14985711356400649 -0.98619214707372616 -0.070483292803178138
v 2303.4864467409971 7582.8910206007658 7946.343919977493
vn -0.13432155866834139 -0.9760827340793562 -0.17093921466145837
v 1916.0128078722119 7737.1140204420963 7835.496154145023
vn -0.094588395750947171 -0.83432361105930286 -0.54309957412819543
v 2425.1304401757734 7630.9822799094036 7932.6592459880321
vn 0.92018809753463648 -0.39146944802573225 -0.0023529594162792159
v 2353.1723727798503 7648.7881024071576 8016.3949154988695
vn -0.17359880890335569 -0.8383899046306128 0.51668735359093898
v 2406.8689358930105 7608.2681780812381 7668.3807474471714
vn -0.56246399281230086 -0.79944828655562827 -0.21098979575542001
v 2227.7609115877831 7658.3409498007413 7696.2947108768431
vn -0.54796450631386595 -0.80302863856180917 -0.23426460567010185
v 1932.0263173739586 7765.1711120935579 7809.0917290959969
vn 0.087390031177427635 -0.89365682794008894 -0.44015958052377618
v 2416.3180442173452 7621.7384746902899 7791.8453490743732
vn 0.93747247165974656 -0.34174020659024257 0.066022693672886351
v 1672.4005632207568 7770.0187296925515 7487.2079000256126
vn -0.10408281165026373 0.8149659930021208 -0.5700852555267879
v 2756.8903722562718 7401.9902641374683 7644.0274099279168
vn -0.1379611847930346 -0.23074395630883393 0.9631842700737222
v 2388.506705720014 7723.6741348178912 7710.0741957665759
vn 0.50996347148478682 0.84016376113400804 0.18455923772150395
v 2029.2321334414128 7638.9281258857291 7793.5067676077533
vn 0.95458215924979084 -0.032583188163083004 0.2961608297718254
v 2961.2534902649586 7266.6665469696018 7570.9042933805622
vn 0.54270565807753546 -0.83329172414499764 0.10533504242219986
v 1825.2383662109278 7787.2262607575021 7584.6849233192561
vn 0.17530676839183473 0.98186712184667713 -0.072142165150030246
v 2306.4438843597145 7677.2336877998368 7891.2088459833194
vn -0.5816683095574956 0.74663216854792425 0.3228039382441753
v 2077.9679891520523 8094.3370540693004 7625.6786004475352
vn -0.97387712777304647 -0.2109731176633669 0.083986210915366954
v 2547.0802496128231 7647.0534809094452 8057.8400658460132
vn 0.75640082680970777 0.48622889992876894 -0.43753770817570653
v 2032.1172959800751 7833.8132175130886 7721.6535655446278
vn -0.7805168429714866 -0.07052167675484311 0.62114422716910855
v 2945.2041160676254 7292.9863651517153 7710.2794780994536
vn 0.21302379481430786 0.88152466408637387 0.42134917758353035
v 2544.2733388058132 7559.3742882021634 8113.7999087725821
vn 0.16299198108683299 -0.80743846094282024 -0.56698919380503121
v 1590.0470479836033 7652.6621990783433 7543.0821446061364
vn 0.17510667830833626 -0.10946536871363537 0.97844518715368456
v 2548.7057160802069 7483.1835948809094 7626.3617122414107
vn -0.60818001696230672 -0.66728748205698285 -0.42993544080219775
v 1950.9303334106626 7722.8490081853379 7835.2457667130593
vn -0.50348191980325885 -0.70206355416026056 -0.50359976404987306
v 2244.739449140634 7620.4261806343584 7849.6234983605855
vn -0.765546811398095 -0.63985451004225402 0.067262809462561177
v 1982.3661100870459 7690.6249473852313 7737.8752562124409
vn -0.72475441130590323 0.56255645408288713 -0.3978206621862696
v 2094.1347004350059 7616.0380830143231 7723.9655355179266
vn 0.92913728046969879 -0.23551477500264656 0.28502053399154431
v 2369.1840051721624 7639.0338031595838 8002.9772323798234
vn 0.21310867570903821 -0.87429758535589286 0.43610597860886413
v 1929.4831483943171 7726.3286182369848 7583.7146723004589
vn 0.45260939127675631 -0.49936406557751928 -0.73876942880575069
v 2058.10191335528 7671.8753249779784 7805.4401103650789
vn 0.34049207952367944 -0.87754307521658259 0.33761412132946034
v 1702.3929313564765 7734.3393232939161 7669.9437915527687
vn -0.80805650902370119 0.57714357537670513 0.11810999799264646
v 2974.7987616137943 7283.2043279762074 7710.0683671554289
vn 0.35673692147396335 0.82225581309103191 0.4434344897448611
v 2968.154248312524 7269.547708098833 7580.85135023354
vn 0.89100155860177754 -0.40560557630927413 -0.20396161167245389
v 2387.0462632603758 7527.9251364426282 7863.1485009892458
vn 0.84969225082798727 -0.50295748994971068 0.15829353172620589
v 2950.785196232046 7325.8170814784635 7570.7329831090301
vn 0.65545931987710548 0.6981187526620739 -0.28810291072426242
v 2048.9602816687106 7747.1151618862286 7807.3017296954858
vn -0.15054041364802007 0.50393963332256875 -0.85051891797031653
v 2051.0810805830461 7612.8585898827205 7765.714670039215
vn 0.77717539980447725 -0.46500861163905788 0.42398748689114257
v 2222.6884363663266 7593.6387182996605 7988.2494557995969
vn -0.3700080554015015 -0.91891914417627651 -0.13668081578750946
v 1732.3155398977196 7720.9954951494128 7738.6725620165071
vn -0.26478204255646903 0.80833548017943169 0.52581766937096341
v 2021.0913185529625 7771.8043546064982 7919.7637806568782
vn -0.36032050277032701 0.72041440274179414 0.59259785994004621
v 2339.1851115030586 7736.151665929181 7640.2446827382319
vn 0.24403042575989373 0.35845855427518969 -0.90108635333711817
v 2094.4429242981969 8112.4971144948613 7668.3314588158883
vn -0.31611894071580293 0.93611058706651262 0.15416155195997402
v 2515.7087368116554 7492.2409965539555 7654.3888273546399
vn -0.57993043299934899 -0.78971498714204391 -0.2000773149670616
v 1896.411905115121 7794.7776562744111 7849.4010260579307
vn -0.32250395534098508 0.73955035935871671 0.59081000733045563
v 2196.9453792437034 7673.0916289183333 7904.8350947564713
vn -0.2821480560484379 0.71714222431369823 -0.6372593699385587
v 2382.849231473178 7725.5222828962578 7709.6700405098563
vn 0.51575283798479488 0.81770630871515704 0.25564702775127707
v 2329.15536816638 7528.8628398303636 8016.1148631682672
vn 0.031284394957799617 -0.68096119900706531 -0.73165096328712942
v 2586.890028979713 7488.9858579450847 7570.7562553050702
vn -0.58488478110858011 -0.12631485306185153 -0.80122053813137561
v 2902.8746998004644 7213.4581155221367 7695.0722731008245
vn 0.19053227876772108 -0.80066484814405181 -0.56800814403848288
v 2815.3331915894232 7404.7329421286868 7640.1486302065468
vn 0.0069406706862772203 0.79427113461064647 0.60752381995666715
v 2368.2582100687432 7729.1965396555297 7738.117048961125
vn 0.39450933352243112 0.89773902109282278 0.19602815045545699
v 2019.0446018967177 7700.2905522891288 7681.8104115826873
vn -0.74026855142672499 -0.67165698965489729 0.029654005063388049
v 1769.3707898443654 7740.4542620119691 7751.568652033764
vn -0.29536664561156634 0.86845673624342123 -0.39817262830786843
v 2534.1518564366779 7647.3862244678121 8113.7002001798646
vn 0.53638723007550382 0.69918434260867979 0.47268382081767601
v 2081.2027922400875 7954.8298661890985 7640.3963405055447
vn 0.28673720405195968 -0.54272143076420398 -0.78945248394170009
v 2328.434885367169 7726.9435185390939 7764.2284819175966
vn 0.17437994338460988 0.83250336013768644 0.52586099941395326
v 1999.1465389320419 7959.9052932570212 7696.3991264135566
vn -0.89175686796064935 0.42779255157171159 0.14752362951330031
v 2334.7231290761865 7675.4183246422872 7974.6344545501161
vn -0.61158263951569636 0.73377089589045563 -0.29588333408141104
v 2366.7097568099043 7646.9051043377021 8044.0363554873129
vn -0.69596154841901636 -0.71807126620254658 -0.0033436172742129845
v 2374.8709610857177 7631.1780738723537 7988.5002006371978
vn 0.15534895036333113 -0.76162681624152129 0.62911946115409212
v 2439.032490875481 7686.7307247145782 8014.847554402867
vn 0.76848601495225977 0.34945847054388074 -0.53601121461022339
v 2087.1041495682325 7910.874427883944 7668.2591583052435
vn 0.83685634888930938 -0.10229922694915396 -0.53777906196621283
v 2814.6460281611303 7280.7328624068778 7640.5433870651796
vn -0.96115528807814754 -0.012539968650975654 0.27572316077117243
v 2441.8581923492311 7673.39107297585 7640.3162786657631
vn 0.30472949057037169 0.34487060569406403 -0.88780865219084859
v 2105.7421799067906 7690.9746211935962 7780.6845863903791
vn 0.45694578041580947 -0.81796557892601895 -0.34947512851762347
v 2944.737163976195 7331.3957976447582 7598.7213537703101
vn 0.8316842572268901 0.53743254879845692 -0.13952616877471519
v 2199.230672664431 7688.3893947084507 7974.5872693839319
vn 0.27831013363628665 0.96000579007590503 -0.03053444835083537
v 1981.8930778214685 7927.4944599956261 7695.7363943033515
vn -0.96169278124448887 0.14548884001176274 -0.2323359462809651
v 1794.6755806458805 7769.2636538167653 7529.0962330598886
vn 0.28751547599435179 0.66209893810792331 -0.69206925030671718
v 2404.9028338230746 7600.6682190250267 7696.1082142165824
vn -0.54908566522681446 -0.81336067739707585 -0.19222211294904779
v 2400.9050705601312 7584.9114098215341 7709.9777856857518
vn -0.51081833900396023 -0.85712478671519632 -0.066345493710306652
v 2063.9068768286388 7708.0177409424914 7709.60026776624
vn 0.60286615517856545 -0.78326149359661434 -0.15183488264893136
v 2303.2145780681312 7701.1244523211126 7835.3467918774522
vn 0.15543302102515083 0.81772113744300823 0.55423164593327556
v 1812.5372457961166 7736.7302951788952 7612.4175874215343
vn -0.6948178431401979 -0.69295975748601302 0.1924446397251155
v 1901.1153101789751 7759.9518545051524 7804.8624684415672
vn 0.22880800920946776 -0.26119042849390467 -0.93777740161766043
v 2234.4996730982457 7641.6556209814007 7737.9357192191173
vn -0.88482750027473656 -0.42490529209923772 -0.19114336897633305
v 2055.2979383181628 7667.9424060053861 7710.3366992660012
vn 0.91744507172684686 -0.35778024967848138 0.17403400042556147
v 2278.8157574499928 7789.1372426621601 7682.2434681085815
vn 0.35084429757624003 0.85939683567168124 0.37194805779266582
v 2539.0233231052971 7653.6466723076273 8057.2085435237559
vn 0.59272759503849815 0.65642679985039454 -0.46666674888837784
v 2322.9857343012391 7721.1267476450676 7807.4240352064962
vn 0.15435236122365181 0.9826239218127204 0.1030804388139287
v 2195.8638979793541 7615.2939895192721 8057.9941995944973
vn -0.28709921382675829 0.18889292477184214 0.93909185088105007
v 2016.8129620652198 7934.6534690121298 7738.0292060603142
vn -0.26338749708648207 0.12781007251613477 0.95618597131621774
v 2922.7267800113186 7228.8676039238781 7654.4027827928367
vn -0.1536109918153494 -0.98036112155679345 -0.12367592543987992
v 2059.3113652565935 7659.5799640919895 7892.4328564217885
vn 0.33689966151280382 -0.93309913392622401 -0.12579596312556646
v 2438.9942551333988 7697.1508389042456 8057.685092336359
vn 0.26184418923995556 0.95692348340871314 0.12543949721760164
v 2077.8776235342584 7632.501117840904 7723.5389370089833
vn 0.65074387215408813 0.363822881485515 0.66645729327653147
v 2343.0131468496702 7536.9045872901133 8002.2296123713513
vn 0.16982156510934987 -0.6770191745332842 -0.7161045128597372
v 2646.3095114898701 7441.9684863677103 7653.4084716301641
vn -0.19666769844283988 -0.72757578816978052 0.65723305520821051
v 1746.0310374876353 7743.4737892489729 7511.9602945869883
vn 0.65651013109925105 -0.52089422534416174 -0.54558560626830133
v 1708.6740756726349 7712.5366028606495 7709.943610051464
vn -0.8382805121019169 -0.17596504431239451 0.51606403305237702
v 2425.0191376424318 7669.2515624196858 7946.8043716174207
vn 0.81347805265375162 0.54068924067066015 0.2142629293033321
v 2410.6453157438118 7675.5442230313201 7932.691342427559
vn 0.32795233099189619 0.85619579899788956 -0.39921926603728336
v 2380.2984995457709 7685.0537488086457 7918.0412534522238
vn 0.0027545254829760314 0.8964057799748113 -0.44322577792487849
v 2211.3093177808096 7763.9790396836306 7726.4911461235733
vn 0.34397898227330787 0.54299766074589961 0.76604960686544332
v 1786.844772542976 7717.1709114570513 7543.2060856165663
vn 0.10278692545601026 -0.86325422837093435 -0.49419326700695071
v 2398.9227639072396 7606.8753957422014 8113.6786251713411
vn -0.83866954407515082 -0.16531937055224855 0.51894402546034479
v 2233.267744103498 7670.0352479370549 7723.8620758380102
vn -0.53577603335406243 -0.8432592089738723 -0.043103927479354265
v 2083.8176463283362 7878.9604219814446 7735.2206886484328
vn 0.97223805843695377 0.23372672182117402 0.011179321690972275
v 2923.224155768723 7370.9677032347927 7612.9060207802177
vn 0.51911608015647537 0.7803248238741024 -0.34872864030478912
v 2242.9863516592086 7688.7958107962204 7850.697902346883
vn -0.35002531735396308 0.8546730284283709 0.3834270356773693
v 2063.9484621949832 7653.2790218908076 7708.1876643055384
vn 0.81320719260395447 0.4208288050768077 0.40199151572492287
v 2220.8998652151886 7677.1204955383337 7849.1986047912569
vn -0.95489103402561815 0.2719574853312629 0.11925703044173787
v 1843.1139327873102 7720.9043324809209 7793.4955417740503
vn 0.63771309598331682 -0.76758677483818549 -0.064284915064777154
v 2749.9217644448945 7479.1814261472755 7612.9081024260513
vn 0.72872004642568711 0.6817120502256856 0.065082828107239976
v 2307.1485210706196 7663.4405153292601 7932.559212044408
vn -0.69442230028731511 0.70303601369272672 0.15335590081478517
v 2312.9369013361056 7588.7228809920043 7904.9499822428634
vn -0.32623355674215609 -0.86543151055634771 0.380263023434465
v 2107.1315779287725 7942.4764903614996 7682.0411847834021
vn 0.82372773539693467 -0.51781747311635395 0.23094952364798615
v 1996.7748769226932 7801.150784234851 7696.5601422897344
vn -0.99244627981117983 -0.11102120394282179 0.052198409592974948
v 2191.1013956803108 7691.116438002824 7946.5687070327494
vn 0.13155987972786828 0.98817299366403499 -0.078779011411974048
v 1893.7023678031521 7779.4240115451539 7864.0898110489698
vn -0.56518242596103352 0.46063039422969887 0.68438911833590188
v 1439.8431335199275 7753.096600162884 7515.1753190368418
vn -0.79753816362986363 0.5887335566094184 -0.13162703702480627
v 2084.946304341569 7791.1776650948414 7863.1196042832898
vn 0.32269381931715957 0.94650260364359562 0.0012329924570060257
v 2095.0188757179494 8087.0439760208401 7612.4960146749181
vn 0.32267038468426174 -0.025037569288271815 -0.94618018525640524
v 1698.3667277054628 7781.1373602969561 7543.1828088440516
vn -0.32651125474775122 0.93299264774217538 0.15137740842706426
v 2043.3872711264994 7795.1173400908192 7877.040172143068
vn 0.067031097804511136 0.84716302429082724 0.52708788849824784
v 2841.0430545287345 7248.8923284026177 7626.2635444562584
vn -0.28081273110315125 -0.93652704814191412 -0.20990783250984699
v 2072.6183996377963 8077.4960952026477 7625.2298288981146
vn -0.97981110212069489 -0.15286960284585613 -0.1288452121220621
v 2189.9842139729208 7706.6331182302547 7738.3821181419753
vn -0.63905761053274113 -0.76808858607378983 0.040562228283833289
v 1820.8434657859516 7763.2453269339412 7793.5978095290329
vn -0.23431923124339646 0.94941005603642459 -0.2090814275979978
v 2018.3481702516992 7876.4175832174169 7667.3178660312287
vn -0.65256018064715271 -0.33567063582131029 -0.67933087290441374
v 2553.0825381260584 7467.227342864775 7654.2370666365732
vn -0.59492688257914816 -0.80192996773338121 -0.0545007452774229
v 2162.9343300728774 7711.283894594153 7946.5927948380968
vn 0.54322375215738428 0.8320416109824067 -0.11231523799491415
v 2003.9002465126414 7589.3523580974361 7821.7040043364268
vn 0.78722887045094048 -0.58848477855916048 0.18427254524945383
v 2510.8872848286483 7542.7569235144219 7612.5551832743668
vn -0.41251771486270045 -0.29054941608337448 -0.86337139849433608
v 2233.4212403991951 7648.6717333468623 7781.1231636015145
vn -0.82033211833971897 -0.48352096237752801 -0.30538941461972524
v 2193.0636750771137 7681.0930869342064 7918.7586130948293
vn 0.24805007284875516 0.92440804319550907 -0.28972561335715052
v 2006.5412532345472 7567.874882603981 7890.8236190267498
vn -0.61489477034964757 -0.65435406149507269 0.44014223110439732
v 2074.6321587842431 7982.7193334573531 7626.3476311054474
vn 0.20226344116060505 -0.26113173784320204 -0.94387484120558052
v 2022.7902219006501 7942.9133327377276 7640.3207744820993
vn -0.087382998510502852 -0.50144973498865331 -0.86076267045633592
v 2836.8898526245466 7245.0507654705862 7640.9983642144089
vn -0.22825097499023081 -0.83941524448032501 -0.49323781257122334
v 1760.8909551307318 7733.0341092043927 7751.8133693273739
vn -0.83621391424469793 0.53449061312324542 0.12274393714843249
v 2037.1083983744329 7644.5717344453442 7890.9327218853459
vn 0.98631868920530075 -0.14891780692814799 0.070703112407079979
v 2919.0988747623269 7333.0925125578142 7682.2409468156275
vn 0.44699011517068898 0.64522520424493646 0.61958395133087019
v 2391.8977116447709 7584.0611131117757 7877.7637862857136
vn 0.85135552406309323 -0.5091194820269932 -0.12645601870935957
v 2231.0522742728936 7805.1024166033858 7682.2347991480528
vn 0.15017107421305412 0.94872321124698533 0.27815987652949747
v 2514.2277466038031 7661.2259748216038 8043.8702885606372
vn 0.47384786044070792 0.53516976690028673 -0.69932933997627778
v 2310.7200183386922 7775.1909398685593 7682.1309089276056
vn 0.45203033323235031 0.85801946296993803 0.24386713391236134
v 2282.5765855988138 7773.842627432663 7640.1516683695918
vn 0.60056675375271218 0.56689473593477391 -0.56387049280519375
v 1840.2137424046527 7789.7535042487416 7821.25697748938
vn -0.52561060841555474 0.8438902251364786 0.1076233071417788
v 2107.2196500889841 8123.0073903391421 7626.4904805970118
vn 0.71726138942295292 0.6859512968860848 -0.12250272463644875
v 2122.6652642894051 8033.7912302051227 7626.4706732444811
vn 0.38133780675765422 -0.12479170716650799 -0.91597407548452503
v 2045.2219634636876 7726.3484239816789 7736.4825194280966
vn -0.13043692962350906 0.3578389859571704 0.92462828613423664
v 2019.0943086581415 7601.1172151541041 7849.1560568796849
vn 0.4773771271700728 0.82095910890692392 -0.31326860672208645
v 2168.824902229564 7601.9864803441924 8015.9867203008871
vn -0.61222453565304225 -0.75003739056218099 -0.25024993646970445
v 2704.0538165983307 7421.9522879530959 7645.6580550731142
vn -0.21960541686496365 -0.80369273906326488 0.55303837304526404
v 1539.384376403063 7743.8837308985976 7492.2624653927933
vn -0.34567959004882215 0.71512594345064628 0.60753642362207494
v 2327.05091430424 7540.7395495347082 7807.2502532555582
vn -0.37235848504098074 -0.87918177838493539 -0.29730213449265402
v 2344.8559058919882 7673.8044835395986 8044.0514257195382
vn -0.94964192868306752 -0.30954255898662492 0.048616987392430533
v 2042.9682794868909 7559.2923619373378 7877.0004260544656
vn 0.77078416424760143 -0.573078118968814 0.2783401546746222
v 2091.1837916625764 7903.0517101550458 7682.2911542834299
vn 0.94068833841219013 -0.31266175820015629 0.13171209107177617
v 2394.5478128015875 7705.1630871245989 8057.4219234712564
vn -0.16737286102779803 0.98141240617260306 -0.09389363344695445
v 2950.0637200858346 7325.5624561120885 7626.2742852264855
vn 0.85652060846360989 0.51606324166674611 -0.0071538715068840183
v 2262.0559270793624 7664.8551232855443 7667.6245367196625
vn -0.3698350550903951 -0.60486050023724525 -0.70524166586995829
v 2495.0605659771163 7527.8199575386916 7641.1519669273475
vn -0.6630354257591734 -0.72614287827060076 -0.18193555047114646
v 2176.4207237109149 7714.0946755625864 7739.5668361240787
vn -0.21315657654105624 -0.97580913321031859 0.048588161321697292
v 2772.603571020758 7289.4943191228158 7598.4498509100813
vn -0.69978037371918755 -0.59348501483794269 0.39759648605117376
v 1840.9657605263419 7732.9170518649626 7835.3625326550646
vn -0.45902049773332865 -0.75539597148465476 0.46762924301780134
v 1841.0224264930912 7732.7979836293325 7821.5375680248635
vn -0.1250910085175482 -0.99145883359667442 -0.036900147305730484
v 2661.8135466262011 7544.9956940282918 7629.6323205770814
vn 0.50020862631474272 0.85267817762696629 0.15076888126889387
v 2347.3512270635329 7528.8358800698807 8016.176833607874
vn 0.43848402236581641 -0.70267333337673987 -0.56034092184233275
v 2991.2139605786651 7222.8708677603718 7682.1779576378758
vn 0.35180114286754804 -0.90887174858551945 -0.22402700841681406
v 2513.0807986728141 7584.9733644102671 7723.98215363912
vn 0.68016866769540452 -0.26267242934066576 0.68437838828365372
v 2513.2642052576957 7578.9168143099014 7710.0806404653304
vn 0.70541848550253494 -0.11035964140983519 0.70014677736829045
v 1986.5988603082315 7583.5284790195392 7803.5822868185423
vn 0.45889723279394046 -0.88813153132759926 0.025213345588352021
v 1600.1229512749305 7612.7702757830375 7501.2149820942068
vn -0.38695709738657158 -0.38724608493554263 -0.83684208455613285
v 1738.1322000899436 7744.9760596611068 7487.2085325526305
vn 0.62979117346040769 -0.029004439818434157 -0.77622279037798259
v 2141.1986277484175 7724.7168794518948 7948.2376827076405
vn 0.39098228664234269 0.89302678901387544 0.22279139488654398
v 2116.8930561595334 7758.8321704219707 7919.3264385448638
vn 0.13211955850846444 0.73489555050051925 0.66518640403579143
v 2292.9742947116083 7506.9170278437959 8043.868407871063
vn -0.32063452516391494 -0.66470318481685409 -0.67480602943900991
v 2014.7147362237376 7855.0190804594695 7688.450488203026
vn -0.79717867643489748 -0.17674292149723084 -0.57729377056930786
v 1851.6920813127126 7738.5944769673233 7810.1550896137405
vn 0.51272206146765342 -0.84053975149125737 0.17495431931614347
v 1840.5508427747009 7779.4097461543897 7834.8933799023507
vn -0.6458722367401466 0.44118726001355613 0.62305927118534299
v 2338.5465984266393 7557.5537091236829 8058.445581359817
vn 0.65895365225638092 0.51222158289782638 0.55082586557969648
v 2104.0800379808443 8098.8066366617995 7654.9122981515684
vn 0.50170917205683163 0.8636901154241059 -0.048242006516553318
v 2265.1391080046192 7682.6025427576751 7654.3630246125431
vn -0.34822831757080225 -0.32000537540380403 -0.88109795060167906
v 1963.0578327628646 7637.1559594647006 7846.6634851791496
vn -0.63404324284086988 0.26418496220456295 0.7267705772475983
v 2270.2979508711578 7734.91914347906 7765.9904836983569
vn 0.13433684170424218 0.87169780854875978 0.47127119955734492
v 2719.220613935222 7411.2687763890335 7641.031098406007
vn -0.32161444079763268 -0.51832712859568331 0.79240213227387268
v 2244.2076064147459 7647.2758968073003 7696.2995709445831
vn -0.57285416181669246 -0.78080284578713488 -0.24936925492130405
v 2126.9661539044137 7724.9037462805682 7821.4097451479311
vn 0.97467871628319247 0.20259154213725372 -0.094647065876323808
v 1994.8779375727588 7647.0501322448072 7904.9578546741559
vn -0.92017151082250692 -0.30798102981558889 0.24172727596271434
v 1967.0649921984784 7665.0771933079632 7821.8150698039299
vn -0.41382304238846435 0.72592504338840302 0.54934808725424744
v 2251.4324042182852 7738.6808765015885 7626.4272455689543
vn -0.074791882718878336 -0.32050056612610928 -0.94429103638243272
v 2768.8162697443622 7368.776293678965 7626.4277305846335
vn -0.35572944209730195 -0.74903249273411543 0.55893370702942902
v 1772.931313962712 7769.0278644656473 7612.6838797008531
vn -0.5683099326454093 0.57855345254664192 0.58506386232866148
v 2356.5057639700808 7545.5508694566179 7807.26081095874
vn 0.83072582859605237 -0.39336390015685768 -0.39390283034879037
v 1882.9580900816909 7759.1497751364805 7640.4840477984935
vn -0.49136753998978067 0.50793299437850248 0.70750407339186361
v 2301.4735131524108 7655.3019519744103 7950.7963945270203
vn -0.23113123724584225 0.60855673695528822 0.75910279216686993
v 2177.4872494001174 7800.2784965508872 7707.852678228428
vn 0.34688256908010684 0.80245818811330905 0.48552377861263402
v 2168.7748269788281 7681.1935476616181 7918.8992763846354
vn -0.084798116832818057 0.67227263693248318 -0.73543101716847192
v 2208.6926828846626 7625.0902836964378 7932.8969068438455
vn -0.50514682443937964 -0.82523725886544796 -0.25260671475448199
v 2253.0015002417495 7735.0944379991579 7765.7953200504116
vn -0.28815119297372715 0.83877200117959927 0.46198530282357259
v 1986.8451550414868 7572.8762918507127 7863.1285954380592
vn -0.9727850845250926 -0.080398654423102137 0.21731368040798352
v 2340.9046229166379 7707.5201520655064 8002.2429211166645
vn -0.59922207392251414 0.79287631466959185 0.1108154130072484
v 2898.6161407797772 7339.8623605155444 7683.8429229142694
vn 0.15099944857714706 0.76522429907324752 0.62580423347661573
v 1671.8967198994396 7777.0786888457269 7515.1843152999081
vn -0.13494631310373972 0.98818481598948327 -0.072665411493630733
v 1772.8628236927539 7741.2446779567872 7765.8648989921603
vn -0.7651042759544997 0.62817728214205504 0.14145228565407403
v 2058.8935622590579 7662.8573768462866 7863.0762493006514
vn 0.15971579855010926 -0.96617112977196473 -0.20249496706996487
v 1973.0957950422808 7580.8410143133387 7821.7031155496534
vn 0.12995447307008562 -0.97460040643306001 0.18238937115301038
v 2224.0590411244216 7649.8358137240057 7793.3626968926865
vn -0.90238960599523277 -0.4096427841382867 -0.13373775979580974
v 2278.7096645284887 7730.4577762735034 7780.3030619877172
vn 0.075193631975428527 0.85587663072564835 0.51168458124908944
v 2997.9480463098016 7270.6115445095111 7639.2763685164973
vn 0.65056557058812814 0.736189176837861 -0.18652060012807131
v 2961.2130572553015 7306.9598580840857 7668.5220004206858
vn 0.64210918076697254 0.71964979047440991 0.26419685661435321
v 2032.9618573061744 7592.8476852374024 7737.7925393984278
vn 0.21317788232597676 -0.95056593368161602 -0.22578661654537785
v 2618.675173365873 7442.9267077461827 7612.5984550440126
vn -0.5684422814073119 -0.80358185194782572 -0.17643576714644119
v 2769.1241334502702 7374.9240544179193 7640.5209007419653
vn -0.31691057215617568 -0.56882026024278154 0.75895401757483294
v 2409.6983429189222 7614.5163686271153 7920.5235302340534
vn 0.80846569931867851 -0.58136389674038014 0.091647327249630234
v 1683.1845758257 7645.8313860658054 7487.2294120577453
vn 0.89110443452623278 -0.37083544520970319 -0.26156062269348629
v 1704.8545844127839 7728.8476082064717 7613.0188202532108
vn -0.71697265134846822 -0.56793768647899645 0.40422394968041281
v 1958.6077657909991 7577.4009956594673 7835.265827790171
vn -0.51007266028207321 -0.8042415397469872 0.30499414253090823
v 2438.3171276844137 7671.3050018514441 7751.6835247350627
vn 0.84336728801668903 0.53730092070547419 -0.0062720102379329352
v 2684.479209159188 7517.6231615252618 7640.4956710086954
vn 0.7624924049694668 0.50295493470593289 0.40699099009539424
v 1974.2987566153329 7687.4433301982663 7780.5553505462085
vn -0.80743528609943827 0.49822917299946068 -0.31593662328668343
v 1972.9089794519268 7617.0130010714965 7750.3178196795516
vn -0.84277661703309847 -0.53028410487609279 -0.092338193062281471
v 2016.9794386114663 7617.3375375033356 7709.9136568474587
vn -0.37367977531153035 -0.59123786876476203 -0.71470358055744065
v 2121.6936782232769 7852.183341999611 7743.5830446071559
vn 0.66233541624762493 0.38168327645379618 -0.64469347201563998
v 2378.9539425668008 7699.2312375175807 7807.3818775438267
vn 0.39838082986831047 0.88619922176674992 0.23652410814427208
v 2676.3909973494892 7505.6432134884908 7542.9860716107423
vn 0.60951506812785927 0.3054256736568654 -0.73157811585389909
v 2673.8670214737995 7515.49695274431 7555.5448877328108
vn 0.442466295307678 0.70733425002661821 -0.55127292356507074
v 2299.5482878639741 7761.1104924455904 7640.2708194419556
vn 0.37941725390116199 0.34986291308441264 -0.85652699285556078
v 2513.0713130710719 7671.0814320318277 8057.821285699134
vn 0.5459815779987377 0.81876228474849688 -0.17757375245072021
v 2390.9800308403355 7711.1005520181388 8030.112997479413
vn 0.11319069540483878 0.94960651942070162 0.29229321707400219
v 2565.1638270711146 7557.7844297509782 7695.9655009455764
vn 0.41900713778799697 0.054840697070850514 0.90632528179870042
v 2068.9110580784427 7989.5035332177285 7724.1122551055996
vn 0.62317151432405216 0.62262847354872675 0.4732769249197028
v 1453.9242151851649 7745.0869033701692 7529.1532089610155
vn -0.45060825052113734 0.49929046859829057 0.74004137217400179
v 2014.5797611805824 7580.8193181641118 7842.106202593769
vn 0.13545025463242447 -0.0092194326850116737 -0.99074125309334815
v 2266.5520498539408 7553.0082107324015 8016.1568398824529
vn -0.41785168302441 -0.70964708603961313 -0.56727505168934955
v 2345.2313102002895 7591.3013938422555 7988.3266466112282
vn 0.90762415721801759 0.055310809484843841 -0.41612390413002559
v 1904.6838258585449 7791.0490279829155 7863.2645289070042
vn -0.86516537999532261 0.43023924294084293 0.25764910069945779
v 2359.1234272403753 7514.6452889785332 8057.8698084679236
vn 0.87714795299423542 -0.41854633202411939 0.23543669320472965
v 2290.9876101057635 7708.9126066188874 7640.0864544182577
vn -0.57436074475484733 -0.63006074430801262 -0.52262146278802046
v 2324.7984805992091 7569.3590745640759 8071.9072861061723
vn 0.60296223777633229 0.39591215700172411 0.69259663856677789
v 2335.4227067628826 7494.1480312181275 8072.2452162208665
vn 0.53678972279794002 -0.59391935801000639 0.59926337254957662
v 2399.2152687920443 7734.2193884274493 7668.0986714304499
vn 0.45749427942657811 0.87751779612193126 -0.14374109287627057
v 1640.0398808352334 7572.8820957884236 7501.2154628765275
vn 0.51562588957201982 -0.79970681077518257 -0.30756943736796977
v 2406.9559836951089 7602.6574627097971 7807.3157818013287
vn 0.63332367168806791 -0.77355192262759742 0.02277169029061649
v 2038.5307904443025 8017.4834137011076 7652.5699265854828
vn -0.83945287394894053 0.48702228429350652 -0.2410978370296982
v 2336.9690898218105 7538.9035646126958 7849.2424961903635
vn -0.81868362589737476 -0.5375593940066864 0.20195796246420006
v 2355.4681197926884 7567.845060698437 8016.9781675958639
vn 0.85047009375832683 0.51580063238941809 0.10320042271899503
v 2804.8536430194526 7254.9749224230163 7654.3971939789653
vn -0.97870376689557648 -0.20483616548729291 -0.013456670199995668
v 2348.9725819807754 7526.8884719770158 7849.2220705063255
vn -0.59587640314592583 -0.799993499242029 -0.070297321032652751
v 1947.4480776387936 7591.4223496957566 7835.3322641986315
vn -0.84527375195308918 -0.42720474008276005 0.320949208302449
v 1990.6629023633614 7676.9097250164014 7863.3242029217727
vn -0.61078648200145313 -0.37554720699920319 -0.69706826690029888
v 1739.1354010350296 7714.9984660424834 7696.0691627554643
vn 0.92543071867455362 -0.3678692869677756 -0.090830460966129345
v 2656.36706860087 7439.3642504604286 7557.0363025764836
vn -0.17921738432989029 -0.63009872926675925 -0.75555060752431913
v 2047.4765459864429 7661.2952582881589 7862.8717346510548
vn 0.3907804543555693 -0.89914494682339396 -0.19705075766312313
v 2271.9799846451024 7607.8502769814204 7751.8122670267476
vn -0.50776801214766532 -0.80961443556781476 0.29444203429506638
v 1993.1628482120104 7897.0507194135298 7682.1895362871483
vn -0.85123678153553628 -0.44070779986034125 -0.28490801481053346
v 3018.9741207467723 7236.6641654403447 7652.8154884209689
vn 0.65227712172227326 -0.60927299650317357 -0.4509112686657436
v 2625.3027015459584 7430.1260960049203 7626.8924051126742
vn -0.41612821591507149 -0.907402248188243 -0.058808740015936209
v 2448.8736061995878 7683.2249405589209 8099.4933334919942
vn -0.017431701142990884 0.97555723137498029 0.21905301665862675
v 1568.287359422714 7714.4127044139386 7543.5458375123762
vn -0.10974848077580063 0.4309966750361589 0.89565458580592283
v 1859.2872822243999 7757.2648313709169 7626.6821503009651
vn -0.32209584175769501 0.32110617317637075 0.89058693807535072
v 2036.0162954293119 7657.2329180210209 7875.8813532873937
vn 0.40851387484084101 -0.91235708999197906 -0.026850594106825585
v 2938.6981695064751 7212.7807997970713 7696.2865458605611
vn 0.22597971188952184 -0.78947616162052581 -0.5706667679541626
v 1698.3847837675598 7724.9252932328409 7557.301500004176
vn -0.42647013652726962 -0.76815820771238175 0.47755229093211721
v 1966.0041229297049 7674.4502803459345 7780.6474719968237
vn -0.77420432541025874 0.60778616446711065 -0.17664552300696637
v 2222.1318182600298 7663.0044027041295 7877.1655219695294
vn -0.61512461342186553 0.77357010489774303 -0.15235157620154574
v 2268.4345363299317 7602.6224115209061 7842.4202454167462
vn -0.67332485481410331 -0.72167706515974372 0.16067312629057048
v 2230.0956925507271 7794.5939933134869 7640.3395904950112
vn 0.07055539656799871 0.8428037822704717 -0.53357634936878495
v 2125.7436910200322 7696.2073447948551 7794.0640631853712
vn 0.67467102427963166 -0.73547037852457808 0.062468642616807062
v 1896.714488713973 7734.9958859806147 7835.3126978511
vn 0.19154226903641236 -0.88087089799195084 -0.43287182888614595
v 2435.1223677099588 7697.0335271363601 8031.3818429290741
vn 0.67150360100705331 0.7370455941257078 -0.07646375621457846
v 2323.0335619444868 7580.4358767861131 7738.5385258345996
vn -0.033748746438160698 -0.99820761649434842 -0.049422428982442111
v 1889.1221026073749 7747.1167964194374 7863.4121932698872
vn -0.46931902961427902 -0.67649593977840494 0.56753228269874145
v 2035.3600258218339 7618.2971684749355 7877.2056588773785
vn 0.82335154830609658 0.34227584169479952 -0.4527024144999342
v 2597.0166849024463 7557.0939573094356 7584.7271348625454
vn -0.17587219737616325 0.8624812653551801 -0.4745471916484254
v 2473.0543524780032 7675.0488275981952 8030.0281400037748
vn 0.53065810727660812 0.38151027012915578 -0.75686979525383791
v 2005.8553411505609 7833.2539366217352 7696.8874375079304
vn -0.93321196129473138 0.3317662231035714 0.13800945077795307
v 1493.8965777222766 7670.8180731450557 7543.0725843410492
vn -0.8726366267471749 -0.46768526962837659 0.14062647770581646
v 2420.2230606938547 7653.3402861469422 7918.0394844376769
vn 0.80379772481728085 0.44195639086331484 -0.39822577283952332
v 2055.7984010564851 7641.8613119350575 7737.7282927856959
vn 0.97650151505331373 -0.17044424331713962 0.13188461251651262
v 1948.8837334389227 7708.3525370837324 7876.7550306042149
vn -0.46431044328800997 -0.88501458966278568 0.03413192549070232
v 1964.940899486181 7727.013884469603 7905.0100501374964
vn -0.57499998948624431 -0.15256548913117732 0.80380270192192282
v 2967.5215283578982 7298.7408141400156 7654.407198023704
vn 0.6797078047998647 0.69200723818625598 0.24315279638938858
v 2005.5147757344803 7823.2753733059662 7668.5051956329326
vn -0.5784215779265558 0.80985831064111691 -0.097764998207279352
v 1764.0775713663361 7755.0418213497242 7515.032358908079
vn 0.41536751471718525 0.017886571355317661 -0.90947781626756574
v 2048.8282550997501 7837.1402544928278 7640.2813921400384
vn -0.6655062832017552 0.39127900804848359 -0.6356116148085873
v 2065.6584966022465 8062.0205395626799 7668.9762633936107
vn -0.84687357313877665 0.493754291962331 -0.19751417743528768
v 2001.8645380298549 7632.4955466532265 7709.9914107741079
vn -0.48022652849495956 -0.3838756246399993 -0.78868370474920446
v 2099.0254149132888 7709.0745664230017 7765.6236139797011
vn 0.25615007156998737 0.64638403129026589 -0.71873139970898381
v 2689.1966245515177 7508.8773400385562 7556.8051304295532
vn 0.65721965351747924 0.3178343746469105 -0.68340590963436354
v 2380.9380638529256 7622.7072254745435 8099.789636067464
vn -0.80965683489606288 -0.39866364992316078 0.43072393007126181
v 2077.3223021337635 7669.9396029569134 7876.521639861845
vn 0.20708897857397904 -0.97552456081207539 -0.07393230826636811
v 2123.6366073647496 7712.9467318340767 7821.5535094085935
vn 0.99602245417904023 -0.082148590405639432 0.034509127278566677
v 2045.0758730130585 7644.9943712034146 7779.6643176495854
vn 0.77065132014557947 -0.060783767346016926 0.63435154006678418
v 1986.9600000584178 7759.0009777922678 7682.2948477723994
vn -0.65377081386522973 0.067096936009561986 0.75371196362809834
v 2609.1026173568489 7538.9858288203995 7682.2682236079363
vn 0.51505516335777946 0.11177474690004101 0.84983797553058493
v 2314.3550193541996 7630.6964091842774 7679.0083390718419
vn -0.09780697504381422 -0.77758181752560029 -0.62112825783920245
v 2293.1714219125897 7578.5414482868673 7821.3215586029055
vn -0.60319209697982545 -0.77569223013230404 -0.18563636026773814
v 2424.4663857091291 7611.3651943666482 7640.367992576751
vn -0.3570186385576577 -0.15482005464276655 -0.92117774745314351
v 2861.3452427813763 7243.1854578933007 7639.5688943139321
vn -0.23563809642170089 -0.84909207159361355 -0.47277620654134339
v 2248.7383232606117 7631.014874267501 7751.863648845112
vn -0.83571105569914639 -0.50394948399922312 0.21822453794001961
v 2058.7825032617848 7668.4512013899512 7738.3500561767432
vn 0.97369978195789342 -0.11388954123730592 0.19732690392317709
v 2663.615064485326 7462.9884958314506 7668.5257550884462
vn 0.13265751523204078 -0.34920292511802803 0.92760945485774016
v 2671.8175614256434 7437.6393019898505 7654.037442465833
vn 0.043103313691110104 -0.56066616414866799 0.82691931693948495
v 2109.031089269065 7718.1937398365972 7962.3851035399039
vn 0.087470958519052677 0.34027117497938364 0.9362501582877879
v 2153.2503000877714 7989.2569744223265 7668.2699553436141
vn 0.61780329336432449 0.067025390008416438 0.78347092339308555
v 2414.2043539587812 7701.2620009287393 8048.9039816890308
vn 0.32797902675039892 0.94192399779357694 -0.072172989354931077
v 1996.1777941460803 7602.9974449698329 7877.3937375632268
vn -0.85178503319650645 -0.27104337031962505 -0.44832772458125397
v 2018.8201962251787 7628.7243031157923 7907.1288119421206
vn 0.62041926656469826 -0.045074259084609956 0.78297397456320039
v 2979.2218623078147 7262.9661847324023 7612.5892598708751
vn 0.61374626568879553 -0.13144867678388461 -0.77848363292032308
v 2052.8663132940324 7820.3675886936235 7629.1248323503132
vn -0.3088798967326995 0.7038162829683019 -0.63971544394604085
v 1831.0893646646 7755.151549525357 7779.6419999351947
vn 0.28493849805938054 0.7508305202548512 -0.59587211897981407
v 2392.5993557843613 7640.8723096974991 8030.2362796332454
vn -0.26348789184114835 -0.94372917249952848 -0.1998734095032717
v 2567.0521251292012 7563.8182586464463 7599.8152069243115
vn 0.17350570480248037 0.67985862181011469 -0.71252229772228615
v 2480.9176866525859 7548.277408396687 7710.0694336006618
vn 0.096984017818835963 -0.57911453243261335 0.80945689113940544
v 1730.4017705956676 7716.423061575264 7723.8579902560768
vn -0.89740347344778604 -0.38604836177919805 0.21362038341751499
v 2566.6125887096896 7640.8116820860996 8099.5789728394238
vn 0.79968287343938937 0.59945585676109181 0.034058445686011234
v 1815.1657284655587 7776.1341481845911 7599.6701695720039
vn 0.071015105511055762 0.95896698684059267 0.27447982246265068
v 2225.5557425265224 7684.9775549080023 7974.8223969724177
vn 0.12844104934402675 0.99167265815027161 0.0093933977122163288
v 2823.3371185909782 7377.0091092355433 7570.7915168191039
vn 0.61228621345263667 0.45707773393075929 -0.64512443602808456
v 1920.7779573399603 7783.1464865252256 7626.3425930324447
vn -0.386934671250664 0.8803458725254717 0.27435871575640969
v 2654.8542917932646 7456.8560714207897 7668.3528653977482
vn 0.078413252362931812 -0.51669487550316795 0.85257126827182783
v 2429.9805872044053 7600.8269753814511 7640.4638835444603
vn -0.42563343285631555 -0.09018801457609639 -0.90039008372025631
v 2091.5812737957458 8096.2254997031487 7654.2898505563635
vn -0.95889872534632958 0.16840376547769548 0.22837120287399987
v 2091.5749708679373 7736.49856340107 7947.4527103002883
vn -0.060686189058694849 0.60649523944323125 0.79276775350050033
v 2535.5988039907129 7477.1755489205989 7654.8974197181269
vn -0.52071103750939551 -0.85144611463003839 -0.062446211232552583
v 1849.6433803616494 7755.742151335241 7620.7922753139665
vn -0.47628968868794053 -0.016518149565702592 0.87913325678447052
v 2416.8809246759702 7569.2025975389015 8085.8103425893132
vn -0.46873318612128417 -0.74333367512374948 -0.47722557313665581
v 2222.9047477484746 7763.1023634555531 7626.414272725764
vn 0.1076165676755214 0.28081098500750723 -0.95371057719879226
v 2159.197495905506 7677.1643901370862 7922.9798259601212
vn 0.31471175349660463 0.34234419599456234 -0.8853004934370754
v 2832.0060233891281 7410.8193955873621 7611.6562316209975
vn 0.54098551212834456 0.81698337974995339 0.19968182911716365
v 2827.0545994859503 7331.0867150747754 7654.6221596296109
vn -0.51393101178762435 0.12041935580463971 0.84933744405303624
v 2360.8793440971749 7701.0743359713888 8057.930753467971
vn -0.61814814580348576 0.71900444631796079 0.31768770201994739
v 1998.2571715535087 7797.1096563420861 7849.216555672615
vn 0.041605813927785194 0.99910677520288105 -0.0073897219911234213
v 2944.8767743979452 7255.8905880722941 7556.7665852429454
vn -0.029512008702359743 -0.99855935754516867 -0.044813511370252607
v 2397.0477392824432 7695.1957219582837 7960.5932986634398
vn 0.43783081099582555 0.87531536989686265 -0.20524907835373166
v 2998.4082520472875 7225.0399334917283 7655.5603493949602
vn 0.27387831685077696 -0.93486341499659953 -0.22587842495440141
v 1979.9011574447361 7808.9180902696089 7821.4166012081969
vn 0.18054231811775648 0.79873398254760652 -0.57395861914628199
v 1671.5251745513388 7752.0146215709719 7543.3468873563361
vn -0.61178663904261221 0.29320619235645873 0.7346749193029336
v 1805.1226541518045 7710.8774517945649 7765.6489990832852
vn 0.40549042595370843 -0.81463934138396754 -0.41465679534932942
v 2261.5633938257679 7674.8939634071339 7960.3500484302449
vn 0.22908964694908721 0.93712045259071919 -0.26329297559355463
v 2098.9671839115808 7964.67323249325 7696.3571734910656
vn 0.73818688619733741 -0.16340762652363264 0.65450597295990531
v 2037.491216265269 7709.8726231475957 7752.9675276271664
vn 0.40001924111673659 0.60147846830244778 0.69152603631745602
v 1979.0551430217295 7651.1351210904486 7835.4705376105276
vn 0.020285551038939524 0.67617008084191466 0.73646623696764613
v 1831.0263770593374 7729.6082585445383 7542.9299873239943
vn 0.37224520551510093 -0.58464673311466342 -0.72084790658596753
v 2273.5205485328333 7753.1068479505229 7723.9692098802952
vn 0.17090508571359009 0.90814277480254457 0.38218863438250661
v 2238.952771509139 7727.0831627934313 7779.6506985073802
vn -0.64602981310350505 0.64837981320582638 0.40280156207322215
v 2411.184288915998 7623.556676644137 8044.3728964473794
vn -0.44991197905950214 -0.64786128058796555 -0.61469909078644602
v 1948.8761247343452 7612.633310482981 7821.3565712205709
vn -0.96910614843138776 -0.14790870995566638 -0.19737346982746057
v 2443.9494994385168 7652.1889260626631 7736.5360784102813
vn 0.81543136849842679 0.13557275803341912 0.56275368550369798
v 1990.642416339293 7702.485182696777 7637.6702310415258
vn 0.18592164061151692 -0.98254202024353143 0.006657477606566424
v 1708.8737246237506 7706.871110818478 7696.2109582965159
vn -0.78663075550036987 -0.59905107151028147 -0.14949872314940019
v 2133.0669222497982 7704.9279036391808 7807.4335023104877
vn 0.57632589846672788 -0.80269704033594536 0.15338161621404459
v 2055.4608161072351 7618.8432304308235 7738.017059533704
vn 0.84769476690592893 -0.27958762440499169 0.45082628854124751
v 1784.4508505439589 7771.196867838903 7529.0585574623728
vn 0.56995481213001253 0.65684195055980243 -0.49367009643550019
v 1525.4814604649728 7757.0737345869638 7487.1918130593403
vn -0.8960845523412837 0.43215197729100441 -0.10137624760660879
v 2664.9566789380651 7524.9789253644776 7556.6164269045403
vn 0.33915002295679908 0.79970189764181332 -0.49543328192248576
v 1846.7925402001601 7742.8873871305932 7542.8913495742909
vn 0.3692775539163296 -0.37680384234349024 -0.8495015906805321
v 1766.952801514537 7706.8432325203794 7751.8358622670694
vn -0.42381903260868781 -0.84438423555367015 0.32770823966919094
v 2362.9842457791938 7649.7722418570556 8099.7203307047239
vn -0.93661185756495091 -0.093785229076270016 0.33758341054596225
v 1529.0230469941616 7743.0968052898343 7487.2932996495465
vn -0.96250354828950446 0.21015431779905541 -0.1715286630290318
v 1696.1209289522621 7674.2531491745931 7487.266655856356
vn 0.87886556499150059 -0.38073631858434764 -0.28746334441630783
v 2994.3347070001582 7281.6053987188561 7680.4183375021948
vn 0.49542469110014276 0.81699880605958508 -0.29507173084784072
v 1773.3730201666422 7781.7161634659524 7547.4804077275403
vn 0.66603212896073072 0.56158021173230044 -0.49094691055422834
v 2111.6576656433863 7691.5882542602139 7849.22526866313
vn 0.31975896468672421 -0.94568111832493063 0.058663676548463856
v 1861.0770543521699 7742.8645674847321 7793.4360466874205
vn 0.75383814220374568 -0.49420398432959267 -0.43300170580675668
v 1768.9175916974273 7756.9556764604604 7612.6655846044778
vn -0.46838018669253439 0.18504786386441338 0.86393129865347762
v 1491.043368902232 7689.7573654905718 7515.198052863152
vn -0.41533213819175607 -0.88578226754683642 -0.2070965704318854
v 2400.0934340087988 7599.9202337929128 7835.3602203300015
vn 0.82395507231872323 -0.55994231608980649 -0.086963448943971303
v 2131.2007530326528 8006.9172996428524 7682.2101151066954
vn 0.62250227719149387 -0.18851260135222542 0.75957482450567138
v 2433.9450985507247 7630.2657490865568 8028.5577576530086
vn -0.045821775749331502 -0.5088385379408793 -0.85964161554299268
v 2225.9679506023635 7698.367735033491 7779.5186979650025
vn -0.80346485590732453 0.51119505830173495 0.30516198598401467
v 2359.0755584974449 7548.7818219010624 8030.3891402996633
vn 0.9310780600118721 0.23265728760068147 0.28100575206002898
v 2584.9825970976704 7563.0355249853901 7598.5410645686588
vn 0.027725836511308336 0.8892644621945589 -0.45655229083596793
v 2361.1764958795611 7743.08604837238 7709.9620125434612
vn 0.56598169900996709 0.79976206321295373 0.20011336444913069
v 2839.3798774053653 7404.0337542278176 7613.3661001529645
vn 0.44824211321616486 0.8702728196225471 0.20421612905382475
v 2352.5244235030646 7544.2534364509884 8002.0254605323535
vn 0.47963857448048564 -0.442821768452832 -0.75753265226961275
v 1777.0278257794853 7736.9497151268733 7612.6985541058093
vn -0.18320081514729922 -0.74878333852431944 0.63699369955890417
v 1944.1217323675519 7776.9602699116731 7890.5550068089287
vn -0.24698314135113686 0.44743887275304806 0.85953346824763377
v 2075.1883030398599 8044.4605808146007 7697.4793576549373
vn -0.29332972785018724 0.26057662876575877 0.91981383513209181
v 2414.6342245118867 7595.164821846236 7654.3667747968702
vn -0.76421668923271269 -0.60729784247227048 -0.21716855763833937
v 2249.6248238906815 7542.0734332117026 8044.138339848435
vn -0.60957372391948472 -0.66071000942976021 -0.43804355781846416
v 2123.0352663725994 7968.8122680033312 7668.5727108820356
vn 0.53130201915815778 -0.66262865367755974 0.52786497493575857
v 1521.5597864466254 7659.2842215458513 7515.1663844465838
vn -0.6860724732996708 -0.70942985584179363 -0.16128806843894047
v 1991.0427247798125 7740.8836922941628 7612.5080196425979
vn 0.26535349883116732 -0.22737051372528611 -0.93695793403245009
v 1976.3988640230027 7691.5815125868912 7905.0548319014524
vn -0.86499844974539597 -0.45312699137498136 0.21553099922173424
v 2993.2505555609077 7266.9276170366848 7710.0654626059222
vn 0.80738933912596189 0.2086643585856538 0.55188915601031718
v 2395.8099813321651 7590.3190198802422 8097.6745033509815
vn -0.90986955628257438 -0.27431836300766677 0.31126648754233904
v 2896.0497635855572 7210.8318557918046 7696.110129775273
vn 0.071547205337527689 -0.96642415941360738 -0.24679007579335902
v 3000.8810273173804 7278.9138971608509 7669.4587498845385
vn 0.26847775145866926 0.96204323549710424 -0.048913290688322036
v 1827.5336243186994 7734.9211901931312 7807.34213346667
vn 0.037938283106824608 -0.89820646167683205 0.43793360099093998
v 2411.0473753410479 7703.1131340278198 8071.9676214241554
vn 0.3309810074964285 0.81353346041868546 0.47813688568844837
v 2433.1160362437977 7687.0816635419014 8002.2963743104647
vn 0.87866324899148707 0.24924300550743658 -0.40722084803868291
v 2031.1588792724356 7644.9444071978978 7876.9385214229806
vn 0.52663752144134446 -0.42228265945888799 -0.73778741960706162
v 2066.9098406805715 7698.8666295184012 7682.1859183831521
vn 0.14734110137150208 -0.96752166936931583 -0.20540793350658351
v 1723.5472450391571 7754.267976374259 7614.7050580788218
vn -0.20086875187390407 0.80865370885333443 0.55292940207441199
v 2904.3844584998151 7268.7761531915294 7570.8711781890097
vn -0.14886658321867446 -0.985779946038572 -0.077952795902312758
v 2141.4611409486502 7999.940867395886 7640.322071075243
vn 0.58930527686433387 -0.0069376133915040944 -0.80788065961519406
v 1735.1379477512987 7717.6415781776468 7655.4278967015698
vn 0.97921292032818896 -0.18622810759516958 0.080381270230457103
v 2026.4200456096005 7960.0743158649129 7738.0214061746137
vn -0.29898853446639329 0.17688449034257175 0.93771943209783548
v 2349.6660235963955 7566.420776053903 8042.7364868039103
vn 0.79657934698818955 0.52669451629571551 0.29673933082065801
v 2107.0799176035416 7714.8422103961166 7710.1902399556311
vn 0.063998451173644555 -0.94229812927472234 0.32860072095589377
v 2379.0658865249807 7582.8925313177351 7960.5566679655149
vn 0.63149016563489768 -0.65190831892125656 0.41980437637984519
v 1550.0463844990445 7654.848336651572 7501.5442320571692
vn -0.25102697715764349 -0.3703948120492157 -0.89431154523807976
v 2243.0857227086162 7731.0075694037541 7626.3618770674339
vn 0.12713843749780449 -0.43142184281090717 -0.89314669078279507
v 1804.281810278866 7718.9043873051751 7599.1760299158896
vn -0.47552288769457318 -0.62428647964040873 0.61979381621374696
v 2006.92963508291 7975.0429203252534 7723.9680466525424
vn -0.76782519901144941 0.19469567210813055 0.6103589591587818
v 2287.6306708521843 7637.3341212822106 7682.2884451027357
vn -0.36271241970299967 -0.69313622711130674 -0.62289796215680315
v 2023.4495861546166 7949.3264614148356 7737.9905110214013
vn -0.32232719638977669 0.097893048942311309 0.94155304122300221
v 2795.119821707689 7415.0593539528418 7640.4731621491319
vn 0.28857600040318576 0.47043922746944322 0.83391296023581141
v 1462.6917263997739 7725.2612758106116 7529.9279629672201
vn -0.99932212173212964 -0.036521221967740922 0.0046365248600296737
v 2121.0821987840941 7835.1593421702437 7682.1857853955134
vn 0.62523726688392811 0.74870418464480959 -0.22027347546826068
v 2289.0561006390453 7515.5587611524097 8099.9560310180304
vn 0.35624163125678682 -0.11185524740154405 0.92767467562084649
v 2310.299691638349 7561.601084789545 7821.7395833002383
vn -0.61702094401107976 -0.77688245578829951 0.12545439227072441
v 2400.9718495507896 7593.4981851318407 7875.7402132960051
vn 0.70983586321685199 -0.69976809718734312 -0.080359551081321756
v 2035.5989310045311 7561.7619266909187 7863.6699477777493
vn 0.74683557138571655 -0.65938491852122594 -0.086302714555955201
v 2106.05711994169 7737.7766783876186 7942.1710934974017
vn 0.26753461087167973 0.73075607500041839 0.62802929138354824
v 2002.7203802642171 7682.9055070532631 7821.392888790213
vn 0.30596194382660941 0.75332198103869175 0.58214541294575517
v 2173.2306972346778 7696.8228867188554 7710.0560171155639
vn -0.18627369533131163 -0.81496435468996864 0.54875788013693327
v 2144.7008311709506 7792.3823130892997 7626.1634763124093
vn 0.042127901447266441 0.411681131450016 -0.91035371473273186
v 2040.9916063296332 7602.4799991072023 7751.8166550912947
vn 0.32543094954088214 -0.94063543222823642 -0.096434852194207069
v 2133.5690522541991 8048.9279237599403 7655.0144722197865
vn 0.80782142257599532 0.57448574571699773 0.13187371684790081
v 1718.4711792936089 7737.1599088204912 7626.4037161460965
vn -0.77326879822462657 0.45643320312485425 0.44014099647434274
v 1869.0692510258668 7745.0833273778999 7811.16349372481
vn 0.70596528707208284 -0.59673718632593087 -0.38146788056800118
v 2330.6134455171064 7763.5509109545346 7681.6100212554165
vn 0.51107387225414969 0.85953664460807599 0.00050366163181077631
v 1677.7508780636927 7674.4204052897039 7501.5837671867921
vn 0.73995564493072696 -0.51866284564685505 0.42831588352600058
v 2115.1932350368043 7959.2428492768449 7682.2665867525675
vn 0.74385394860915199 -0.49694372144385346 0.44690965625739937
v 2811.1137148958724 7423.1705628089403 7612.6484494078386
vn 0.69846237709762227 0.70036617873295182 0.14709698659776044
v 2488.9281367607182 7659.22176735828 8030.0060707140874
vn 0.43036890774138348 0.3341637177913323 -0.83852084825683582
v 2118.8908582225376 7761.276273158921 7863.0816696674092
vn 0.71057223198253106 0.68208007797355164 -0.17278272589283225
v 2548.3086607206624 7586.3656697511424 8070.7676687580042
vn 0.52305504660474855 -0.6273335099333055 -0.57694547882452785
v 1993.6888496971769 7586.6592749150714 7797.2381341225991
vn 0.53924950624851908 -0.77481477811537791 0.32995761792197803
v 2531.1073579776121 7629.829933195977 8043.5335930963201
vn 0.46737976101175377 -0.026415192192955891 -0.88366192439077351
v 2636.60971963456 7438.6837250060989 7571.0659820274568
vn -0.42810109972421173 -0.81474827360610225 -0.39104309106644047
v 2301.5879291850042 7592.3757958413207 8072.1832787259864
vn 0.45955598963535238 0.59488282973366691 0.65948670288212552
v 1993.0685950829647 7726.5842572365145 7681.3621504942348
vn -0.67041473351546221 -0.36639439056438261 0.64521255075234418
v 2956.1186139144702 7285.5642492302941 7723.9956127698442
vn 0.2145231161341675 0.64235343313037629 0.73577299460479362
v 1746.1865845739594 7765.0440945934815 7501.2899576156924
vn 0.41750094429451667 0.25788260218646342 -0.87131482542346606
v 1937.5776271689856 7618.5236942576448 7835.4801807390259
vn -0.96870779196568291 -0.082130500328726944 0.23422167854561191
v 2846.9369223337926 7276.8479365497369 7570.6906840224228
vn -0.27650328166908222 -0.83133655752784674 -0.48210524094224205
v 1715.208152180423 7729.2426756108107 7586.4446990070819
vn -0.50321502058643264 -0.85256464092094375 -0.1410963362654695
v 1814.9352640650905 7738.5638899111309 7807.4343364427405
vn -0.60124325430814407 -0.64628032806690772 0.4699237030653835
v 2387.0341295820908 7731.1440402693988 7696.1153202167807
vn 0.51377363117413355 0.80135931449870179 0.30636563935323452
v 2364.95358606636 7725.0962799900954 7751.8344121200598
vn 0.41499006579990688 0.80861237112501361 0.41704829282826739
v 2417.5433580800118 7702.4831805401973 8028.0684988424164
vn 0.43531463434734052 0.89461513192593323 0.10082130157950939
v 2028.9068590402603 7764.9721907691273 7723.973298148092
vn -0.67886457629295194 -0.18588910164361255 0.71034366960276463
v 2199.2056142661895 7630.8344423367889 7932.7169324556235
vn -0.49595744083194693 -0.82738252719406558 -0.26356094281472603
v 2425.0872119365285 7651.0207548265298 7946.6763537527486
vn 0.88834067162020114 -0.13187912424345591 0.43983945677275138
v 2452.4438236424103 7662.6079672484721 8016.4546238572502
vn 0.32957150816077946 -0.082189876618640037 -0.94054635462056946
v 2704.0143701327179 7377.7202171176978 7571.6245451324339
vn -0.69157038694453299 -0.71734499517960892 0.084537315974401034
v 2234.8595247589083 7703.1494626206641 7793.456931274055
vn -0.73498531545056878 0.62520880169216686 0.26250817198455512
v 2056.6225922656449 7702.9566831972516 7668.7931736776227
vn 0.18273098064496995 -0.97824249020452525 0.0982396003197131
v 2002.9051213637758 7576.641635676664 7891.2307121332569
vn -0.59242794841686164 -0.61770033315981565 0.51718026291501196
v 2383.3651289767913 7706.9416311150062 7766.6018158102524
vn 0.40985582160693218 0.80791929659795969 0.42342014085251617
v 1833.1146796718663 7716.6246866127003 7612.766289539225
vn -0.11501980873698943 -0.82023326428438459 0.56034617493072025
v 2041.5648154001028 7791.6486365538622 7821.3190397220242
vn 0.28713061505777693 0.67263598257552304 -0.68199475426223299
v 2991.4845339866915 7244.9901777190898 7724.069926114531
vn 0.77849528212285168 -0.23290917179285936 0.58283652374162842
v 2349.7784649066284 7574.581434100789 7918.1826338792371
vn -0.22938581323454316 -0.92807609707334882 0.2933545750927149
v 2373.132321981745 7587.2000666552613 7785.7953185433771
vn 0.37924366212177579 -0.91127967876452232 -0.16044809693883366
v 1808.5371353532464 7743.5762301615796 7821.0898136810611
vn -0.87283943618447557 -0.28125088549757848 0.39880980184543485
v 2379.4869298223639 7736.140362889053 7682.1675837058974
vn 0.50550137229675784 0.81906041115837402 0.27130869038637534
v 2033.0894392245245 7775.2316634063482 7918.7379206603082
vn -0.084687524812506382 0.80459705731217024 0.58775130668142905
v 2231.2749232907445 7640.4992778762171 7793.0718922274855
vn -0.86242516243399581 -0.48944612796316189 -0.12909425635001845
v 2132.5529248668663 7700.4946241342896 7696.7438992311763
vn -0.17605817041877991 -0.93197548546770315 0.31689937695746728
v 2152.8393567303783 7698.9029220760258 7696.238963587447
vn -0.24536615574213255 -0.92219620112411349 0.29891406164411399
v 2262.9470738934324 7723.1219988248977 7807.3780982495673
vn -0.23114056207560577 0.97291025672451303 -0.0044354169607069222
v 2229.6471714479412 7691.4700539910937 7667.8672701691157
vn -0.24917526240205667 -0.76133590937409623 -0.59856438392572608
v 2818.8795675754664 7373.0474269882834 7654.5362358829843
vn -0.16919194939368931 -0.099462893845604375 0.98055148615879473
v 2279.0584687027922 7674.4623927780121 7891.5588035125165
vn -0.30301456428569862 0.83500876116595568 0.45928481643403379
v 2888.5711008975049 7227.1556450552507 7667.3928676499709
vn -0.18247295504337738 -0.91301617364071075 -0.36483569911429048
v 2409.6888466895471 7727.0869751874197 7668.6914270620164
vn 0.56171488922092094 0.81143614854607304 -0.16139318467718544
v 2184.8896522992677 7654.9760373331219 7904.8486239403192
vn -0.81638303968454151 -0.29558881594715464 -0.49613101536024495
v 2640.8340858122092 7419.9321407136467 7628.5175186193592
vn -0.46939765044122611 -0.83698833921125315 0.28127631571933814
v 2043.3383121587904 7605.1334399001134 7765.7315686759912
vn 0.79329169927185872 -0.47408640652866813 0.38200832322228445
v 1722.7070296905467 7693.0749537378124 7710.0201528778543
vn -0.010321961980848183 -0.9814445598169772 0.19146809944877438
v 1622.4971596278192 7570.5095752296838 7515.1586449317729
vn -0.04072309657166924 -0.99917030490060077 0.00057550886610809602
v 2991.0680797554487 7279.19354026976 7658.9582705567009
vn 0.57125466918936052 0.82017439482830656 -0.03133791628962769
v 2002.6986979170599 7908.102640199324 7666.6967169325271
vn -0.42329477501846097 -0.66543870114102144 -0.61482751114911971
v 2245.7573319373478 7618.2843052511234 7738.0510883726029
vn -0.73773539065815363 -0.65226137878828583 -0.1740735106547395
v 2332.9924110508819 7669.794030174251 8030.0269312476585
vn -0.95094646702332519 -0.29252129577363856 0.10065837458834326
v 2577.7736331968827 7626.2644502073244 8085.4567298164275
vn 0.94201119749593931 0.18833613806677077 -0.27774881258136941
v 2279.4312781530953 7623.8256347935021 8056.9872515069983
vn 0.31451713129681297 0.59214465992711374 0.74191891459958492
v 2027.105781734921 7829.2565080937384 7640.3027698001333
vn -0.40270577935281143 0.88152921213110136 -0.24644330673679155
v 1974.7666208199807 7725.97497224377 7611.8884082777367
vn 0.35036747795934214 -0.294846521873455 -0.88899277777017738
v 2089.6087560870628 7780.0869334353265 7848.1077225379831
vn 0.45271538047096205 0.70017935681569499 -0.55208482371297962
v 1876.4659093560149 7801.0916790973242 7820.8423389439631
vn -0.19013230342178308 0.94984909557738428 -0.24826679767208543
v 2273.4948378399549 7601.0957898779679 7779.6142049400878
vn -0.48504539636526361 -0.66640948016711665 -0.56624143985428832
v 2864.8790481366814 7367.2315292102467 7668.2999710283111
vn -0.167015279761279 0.65654553331578125 0.73556363355549192
v 1922.3411758506252 7761.8479625374212 7588.6004226176665
vn 0.52644515051558127 0.54192173546163125 -0.65511551357976616
v 2296.841313119713 7513.3219206381282 8030.4892912745863
vn -0.32403604327958124 -0.63579098155548475 -0.70055011985469429
v 2067.1651877776421 7680.7744056297261 7821.3828720096626
vn 0.13856268365099184 -0.97180828008837583 -0.19075913988878257
v 2467.0082750762667 7596.9300105067614 8043.9276451407914
vn -0.054967569372816022 -0.73451839389437668 -0.67635885101628557
v 3035.0797169620955 7259.077610414115 7668.2082086109331
vn 0.94525097514786538 0.2389688824784709 -0.22224866071362545
v 2904.9820261309505 7246.9079960370709 7598.6579952405373
vn -0.14992160404207525 -0.91269856469769373 -0.38013792581143613
v 2497.1116304961542 7679.7664487027623 8086.2687194198661
vn 0.30952212003247176 0.9500495866490426 -0.040022994872793587
v 2594.6783083175796 7448.9707197556736 7626.352128859191
vn -0.52981112995366086 -0.78525506469390471 -0.32042885317929226
v 2708.4010389780137 7413.1453342030381 7636.027005373182
vn -0.31764246739749713 -0.62565462375002401 0.71250231907401251
v 2031.6880784006162 7668.9449158593643 7807.274471100036
vn -0.42055265663774549 -0.88144043063732602 0.21493773571157732
v 1655.4288419964307 7652.9813200784502 7516.3613785399557
vn 0.61578686503503732 -0.49807896180436229 0.61051116669411498
v 1938.966038406209 7789.0955505618003 7626.4792224033108
vn -0.16309109476093281 0.98635338519764637 -0.022545383536855722
v 2020.8504695338233 7983.7893309976789 7626.4370192563738
vn -0.7004743656470187 0.20583471458770997 -0.68335037377761243
v 1974.7785511287229 7696.6987160357503 7890.47048459702
vn -0.81234014741560512 -0.56259957269489014 0.15357475606466031
v 2385.1372406850596 7671.194393203461 7863.1417904105128
vn 0.42832564124687655 0.85601160409452492 -0.28944995889785591
v 2070.9324793584019 7757.1096654075081 7737.9983512468298
vn -0.26056076288516816 -0.086612145230881094 0.96156457148919738
v 2560.9349290441351 7472.9276522759174 7612.5428435115346
vn -0.68228155161905035 -0.54841328523095656 -0.48346122171534156
v 2257.4581714896231 7791.6133368191049 7668.3693450154506
vn 0.19264021274014967 0.97069000834685315 -0.1437033615856495
v 2322.9022584369304 7717.0552432285913 7793.5479051647317
vn 0.14841547703623406 0.9870401429975546 0.061029519803730975
v 2387.0723639875805 7667.1615389584049 7849.1697887808623
vn 0.53276007881351761 0.83861843784319667 0.11351569993640177
v 2101.3065386636517 7884.9161411465902 7723.7858669204479
vn 0.96504662998868851 0.21511948289501776 0.14969505678697431
v 1848.9227451168317 7794.1532687328281 7821.47087256339
vn -0.31195466116851289 0.93617915967936638 -0.16202737533291603
v 1994.9197425178472 7617.0009383409761 7904.9720234474134
vn -0.72928647031878202 -0.1242288308951545 0.67283611807363275
v 2288.3381110459177 7598.4591841998044 7766.5381604878421
vn -0.30950877911989771 -0.89910995997719212 -0.30952478982711917
v 2856.7821340308346 7256.9842820743106 7710.053728975101
vn -0.71533431745927523 0.11443153355651148 0.68934914114182944
v 1527.9046960137143 7636.4363415872185 7543.083627763689
vn -0.63925850870536904 -0.69039948682502261 0.33866961428438341
v 2004.4990769704018 7701.0293025631081 7822.7518595650854
vn -0.37121750955822425 -0.40245510375746646 -0.83679594290182635
v 2547.1146039552236 7635.1120464499036 8057.850413108692
vn 0.79686143307304813 0.12582288895137744 -0.59091493219980284
v 2494.4235478250775 7515.5346021239238 7696.3465102123519
vn -0.27642525030264609 -0.83957104132820315 0.46766392586792077
v 2109.5824431078217 7996.6039090838749 7693.9028782788228
vn 0.44941331733228324 -0.0059577848130394984 0.89330407757074182
v 2016.9288499129434 7991.2134279634784 7696.1478367183145
vn -0.55950825741272292 0.79817184787405326 0.22332087038227577
v 1796.5323282802274 7758.7778611426329 7779.3501223591975
vn -0.42296900551199174 0.78460742574636599 -0.45330829226902253
v 2008.4048685697094 7867.1682105095761 7697.135603173303
vn -0.86626626313887123 -0.46150043730580587 -0.19131154621184271
v 2146.599117678039 7629.4338720127553 7977.3920106835412
vn -0.49603284313368001 -0.81178360827491747 -0.30815384448173522
v 2230.8539146405574 7698.9088514279028 7821.7354798199658
vn -0.64447885896509083 0.64995813594710838 0.40274237654264139
v 2307.0365026979125 7695.0907740199327 7849.2351372830781
vn 0.20266636128599685 0.78207425972764066 0.58930993396900799
v 2916.6437109249491 7325.7093057594375 7695.9167815947339
vn 0.39421593586986831 0.57241555791898602 0.7189813801194993
v 2343.1265835763479 7625.2215205976972 7970.6981397768795
vn 0.066710162804825696 -0.028047941518861884 0.99737809638827957
v 2197.344452148729 7594.5617682179509 8057.9888815029663
vn -0.4095559052585061 -0.4759763606321657 0.77827402923857358
v 2246.0639525328188 7540.0972801298994 8057.5468322881397
vn -0.79338577190664017 -0.45330430216903739 -0.40626866304349274
v 1902.9643748233575 7705.0306340083771 7598.9716809916263
vn -0.17255113585930659 -0.9840758848099137 -0.042670346251799933
v 2237.2649386502526 7755.6372709732022 7626.4754812026767
vn 0.11935726606713082 0.22024618198762255 -0.96811438495502966
v 2099.9982805794752 7704.4475335777242 7764.7443796672424
vn 0.34462712914319371 0.041823255712418093 -0.937807526702646
v 1732.6341337179601 7715.2208016276263 7529.878954467461
vn 0.43734514727603452 -0.89835438788246225 0.04109277219207938
v 2965.1245072258957 7279.0654125020337 7570.6302725849309
vn 0.96336429030993098 0.19402606906513575 -0.18515703788615312
v 1886.9996540610282 7730.8905066317229 7849.2406573408825
vn -0.18819200681258358 -0.95103773582192574 0.24517543436192285
v 1942.4431713358326 7738.9194683210562 7586.0978777593282
vn 0.59167388711354441 -0.11842953605977337 -0.79743116085127719
v 1989.7227497903332 7757.8267672311231 7911.5942982817387
vn -0.28346401678927502 0.0082302760373232867 0.95894755526151632
v 2166.1056395492269 7685.0968641216004 7988.9464413859841
vn -0.048399071401168774 0.83561427329220661 0.54718033239311681
v 2387.0689901200349 7718.4925552258865 7738.3258050364329
vn 0.48347161201553579 0.85460208248913072 0.18950060944582825
v 2041.0526746298219 7793.1342869837927 7835.2382513965313
vn 0.30691010523217221 0.93994056960797123 -0.14939181005469976
v 2214.2814833596817 7672.5699718122996 7821.2866654248683
vn -0.98553062311887107 0.16653247595644144 -0.031564621758335576
v 2270.9546475856405 7685.1901904570404 7863.2506778141633
vn -0.099684076349050438 0.93157491934028092 0.34961586717222354
v 2291.4198817490087 7656.1352408274652 7918.3758533720766
vn -0.22227120971521216 0.83102820300695257 0.50988982647114212
v 2307.8307574821738 7586.8261042169925 7919.9092786779729
vn -0.24306545502035951 -0.95643599363442011 -0.16170768273735495
v 2332.660941521955 7652.2460003829783 8001.5050257000375
vn -0.69581315281244571 -0.55446414427036517 0.4565233499961811
v 2076.985008796627 7728.9261556918527 7626.4707602113467
vn 0.034923299621266807 -0.58395162954305868 -0.81103690267309636
v 2035.2443785511477 7806.7169912524369 7724.2813896983025
vn -0.52752594151176535 0.046433470349485029 0.84826901031655588
v 2378.3674646945601 7636.0231833156595 8056.4380794950248
vn -0.41873476801381909 -0.86516527873256643 -0.27595331947996876
v 2271.1096860159305 7594.7455711269868 7835.309199161069
vn -0.72171403560969238 -0.67406008929867511 0.157390745657532
v 2994.2633748113549 7269.4055397129951 7626.358019862173
vn 0.76972490096379609 0.33024315143115857 -0.54631770772060029
v 2887.1941145978635 7357.245967589899 7668.2571830175466
vn 0.44626662995775351 0.72289147173822144 0.52751683866422461
v 2228.9730238549746 7570.9129374884669 8016.1682796242712
vn -0.49563239677835663 -0.7938687255887098 -0.35230806660634301
v 1972.6009333556522 7703.0606941156693 7904.6749519181585
vn -0.76583199891457454 -0.4094310867646036 0.49585031474151819
v 2298.8446254378541 7596.8778381675129 7752.0873610817744
vn -0.43470832691883177 -0.84625775060415398 0.30802027538755888
v 2028.935875591952 7789.0473154600331 7723.9929144943299
vn -0.34833360223532417 -0.12846469947430375 0.92852599454336215
v 2739.2882512591277 7372.660355200198 7612.7077891125718
vn 0.13503081343935827 -0.92130718220009611 0.36463647026651624
v 2111.7941002730076 7691.1335849344068 7793.4726355148332
vn 0.30216201220657107 -0.95088799715730166 0.067157540466068893
v 2332.2460444636322 7680.5171118787457 7959.8591390354213
vn -0.68312021508374976 0.61487792299110111 0.39404557041296773
v 2338.9866226511294 7697.285312063409 7946.6198164232374
vn -0.43961669719431734 0.89801555566940294 0.017470584527520903
v 2113.4134823748136 7834.8968237676418 7709.8713948859913
vn 0.76104144342661295 0.5986802172063026 0.24979575439336837
v 2947.6586974390229 7303.1551724057535 7695.3826450522374
vn 0.39409889557053474 0.8301896904669096 0.3942982860126853
v 1753.390148146409 7783.9970807663431 7543.5179191351799
vn 0.27025842720440296 0.90960526826941879 -0.3155608316339677
v 1929.3990835946479 7783.2752048405109 7640.7072545407636
vn -0.39083550402270711 0.76267340820159146 0.51534151901189285
v 2173.6597791055574 7662.5928377966156 7919.7895233501149
vn -0.60248719154268615 -0.48194582288317905 -0.63618975772363873
v 2658.7245485320445 7525.3074812368295 7556.8781280979465
vn 0.36265339220425136 0.78141207180065664 -0.50781659205559149
v 2886.6917224574468 7242.3164863598731 7629.5224754738365
vn -0.2664534356815369 -0.94268809972697098 -0.20085246636936602
v 2936.3057537224859 7312.9843563656113 7529.1747445075453
vn -0.035389418390747815 0.64089718418252872 -0.76681052964397323
v 2898.6309209221654 7248.8924012477764 7598.6686994630199
vn -0.15811278256822839 -0.91055420282185207 -0.38195731661010696
v 2432.4369784894079 7699.3032913518109 7683.7098876909695
vn 0.53829368810626665 0.65979103643182779 0.52432403491463919
v 1704.6919768163079 7735.2632457530226 7655.0917662327483
vn -0.78301858394658852 0.58148311258087892 -0.22081505151943831
v 2335.6294220610544 7507.9545827546399 8029.5963454554712
vn 0.30167834219973683 -0.71362441890190453 -0.63224233217535952
v 2250.9706901823438 7731.0777154712341 7779.6630279587916
vn -0.2791377478187822 0.8383621678803006 0.46822109436643355
v 1908.7763158784655 7764.0521879584148 7806.7473880708148
vn 0.20672434830610587 -0.67773809721192424 -0.7056458852746017
v 2368.91318283687 7591.7320474079952 7748.8090742400454
vn 0.22043793667203151 -0.97462237982245503 -0.038965790444844953
v 2200.8942408912644 7684.8900171902405 7696.183962613326
vn -0.45631365311741678 -0.88689385115075059 0.072091239201641011
v 2510.4908922836039 7548.3515152181571 8127.6182508452157
vn 0.21990784752599005 -0.91545417956510766 0.3370225270115661
v 2411.1441701815711 7630.2331252707845 7821.3934234464114
vn 0.97183261402967469 -0.23553906818314491 0.0079194486970430508
v 2606.845800225703 7565.3539847672437 7613.1429251248428
vn 0.21639670574852518 0.88539259133018144 -0.41140299580680323
v 2055.7672882956776 7785.4244587510821 7836.8896705396783
vn 0.3646327241208881 0.9037086161784299 -0.22439633139837087
v 2360.2662127431831 7745.025238006232 7668.5608627211641
vn 0.26981227337175601 0.94097489565563885 -0.20437118897688153
v 2564.6911356431665 7560.9536732600245 8127.5381416680211
vn 0.34763367907673765 -0.78621264779165567 0.51090165161604806
v 2429.0939726171782 7634.9440469707297 7779.5968142417114
vn 0.42683988314141702 -0.73156286241883473 0.53162344990545951
v 2287.749746763594 7639.9146553744622 8044.1471135013508
vn 0.41991897154285501 0.6606090105576331 0.62230522455500559
v 1998.6724381096374 7972.83266660763 7710.0474512125638
vn -0.94993888121343373 0.23011789271097943 0.21133356906376277
v 2705.5786912326384 7497.3953179242908 7638.5793810769264
vn 0.52362214899234827 0.52220155294759241 0.67314588551350274
v 2282.8146551425621 7552.9573653100324 8002.2520748629331
vn -0.3365633718255987 -0.59537619973328704 -0.72955621958594319
v 2081.0079874147632 7735.0758476233241 7793.4325657647787
vn 0.13477459589426807 0.70959572995087661 -0.69159938428039347
v 2093.9472791412782 7690.4527603642337 7766.2812657336535
vn 0.50386626765305131 -0.6050525984795968 -0.61646584446704866
v 2002.7349746598711 7973.8789749390689 7654.443070661373
vn -0.75747280139319673 0.47183065072543795 -0.45123252562902905
v 2866.9834225188351 7393.1146935051647 7640.4507781963539
vn 0.23171900849694499 0.8754759557130759 0.42408507645220112
v 2450.2690810475478 7686.872528062624 7653.7291670615814
vn 0.62310669455375522 0.59811860255035332 -0.50397637294371811
v 2975.3037341330387 7230.7956855130524 7710.0369795055549
vn 0.39484311132083932 -0.81335502369651402 0.42726165621328849
v 2028.4235885042835 7996.4092891966302 7711.2404204478298
vn -0.39602088447932282 0.90497031885712886 0.15555121678675976
v 2137.1498955913275 7739.018553700962 7849.1490691166782
vn 0.89713962159748339 0.43542211850402712 -0.074485421911869645
v 2274.0773672969226 7632.407396455199 7698.5307775698448
vn -0.3415062668546846 -0.92201832553767959 -0.18236139139541205
v 2275.0408904179167 7673.097486626757 7974.421929657844
vn 0.34140622451508201 0.91940189979218589 0.19529960706790195
v 2006.2635619332377 7700.713756466721 7709.8871305686207
vn -0.9124508016043007 0.3922296889287758 -0.11657360668052223
v 2115.0815343067534 7773.1019595736616 7890.8639668632959
vn 0.61150008569273406 0.77999823992844264 -0.13293002259200368
v 1991.0054091949687 7771.01487515606 7612.4517446881337
vn -0.14353950012088568 -0.10205291435753816 -0.98436863754194204
v 2087.0179829961298 7704.8947863342873 7696.1363889744625
vn 0.1949193678016849 -0.93554118948391163 0.2945659906282786
v 2254.7627489307488 7701.1077607990173 7835.3648956959987
vn -0.17301427268647329 0.82493952014123628 0.53809000135285689
v 1544.373476863133 7726.2429760295709 7487.1383108700647
vn -0.20746268735934145 -0.10840133758847478 -0.97221827968963315
v 2321.0219301046782 7506.923935371582 8030.0267621845278
vn -0.077216586271729726 -0.74362339415133316 -0.66412487265226816
v 1952.8817633501335 7586.9783134759564 7807.3677232928294
vn -0.83692528163904145 -0.54356507860644265 0.063977169935712008
v 1842.8598624154802 7722.9498771773597 7556.6652139416983
vn 0.32702253897816591 -0.74151800079582031 -0.58583898256777323
v 2934.2241148268113 7227.5189542071284 7639.7872944511382
vn -0.18096922813944966 -0.95414028254576677 -0.2384668943272758
v 2513.4840809395901 7601.6458793790298 8043.8545093055518
vn 0.29981368635364647 -0.46454563281808037 -0.83325212781287683
v 2383.7622733374556 7684.9941173320149 7823.8325495228037
vn 0.50990654101388022 0.65697909557078848 0.55531413399466878
v 2439.0095396106835 7598.8564940690585 7737.9613719470599
vn 0.17502109689455272 -0.71006416282244456 0.68203848888247387
v 1877.1072881511463 7744.8260497372266 7821.2739690664821
vn 0.14321192795176876 -0.85751445645056357 -0.49412478248984026
v 2314.5497096771869 7584.9076270563401 7932.2694050612008
vn -0.32321343143012726 -0.93895427086532235 -0.11788958803445386
v 2116.1199917984804 8098.0204916490438 7638.116888752189
vn 0.68811565408372333 0.42913830708256184 0.58509585539400488
v 2224.5791707236822 7605.6513234293798 7960.9121781066606
vn -0.28622502807968775 -0.71213918313242675 -0.64104057371453649
v 2053.8195412348578 8054.0762161265957 7681.7570125561415
vn -0.81828984074556366 0.50450308203231209 0.27546029977566294
v 2887.9014358101472 7354.9586197886911 7584.2898340850943
vn 0.21810955551013494 0.51839668702982311 -0.82685736174486291
v 1946.9048002078894 7633.0125370150508 7779.5622313297863
vn -0.89820744809511788 0.11494842050121133 -0.42427613745146331
v 2029.9219581261073 7844.4566537633482 7668.2086281845095
vn -0.7618689855323082 0.30195576137421803 -0.57304307609191807
v 2022.7760580230629 7867.17162440841 7668.2006215346646
vn -0.59608923506554667 -0.09858286996619102 -0.79684317251778003
v 2118.6522156102001 7801.1321500916092 7739.6817025088149
vn 0.48224295132297279 0.56358843816293791 -0.67067861772116255
v 2244.8823635730514 7709.1612823564574 7793.4777957320903
vn -0.47789486977346363 0.85030515018400044 0.2204487355708093
v 1980.9637086537768 7606.7513736877127 7751.8552577221208
vn -0.60758407422912031 -0.75388050756928882 -0.25001154583381613
v 2282.9069916991712 7663.5243087254121 8015.836235750764
vn 0.59365798755080634 0.77370089117066276 0.22126256985502316
v 2220.1989263823925 7620.0946134209371 7918.0069062370994
vn -0.51743387712835909 -0.8067712225778314 -0.28527596677635747
v 1960.8935528172638 7665.0136839215193 7751.8308016375286
vn -0.98776331083315161 0.15594169155996573 -0.0024146646448529605
v 1682.878603312005 7738.8928337307689 7556.8902812392207
vn -0.63385155720353237 -0.44208901475034462 0.63465699906936079
v 2917.4075686468641 7277.1929917638836 7528.9559305599796
vn -0.15270500362770686 -0.90508872043235222 -0.39685714055965987
v 2407.1412659778671 7699.1055194867658 7737.629699422534
vn 0.69541837515923799 0.71860034552691587 -0.0026128336116577376
v 1464.0388984158885 7731.5621790780197 7536.3831974359
vn -0.88223905971070504 0.26089500722311276 0.39190309609241814
v 2453.9951789285442 7658.4565662535242 7709.1620017968489
vn 0.53775863304302263 0.83607586537878131 -0.10859465879508845
v 1844.9162138441043 7785.0802051823975 7807.324732021716
vn -0.21411562344898791 0.71739297362038112 -0.66294933531542088
v 1831.8715879669035 7783.1181007211198 7557.9258328730793
vn 0.11690434380869966 0.89783629702780043 -0.42452721719350878
v 2514.3095589599034 7628.3135725817228 7695.7468456858887
vn 0.47238042245846201 0.86667104563513031 0.16043077988863286
v 2002.7358434379439 7580.9764778251847 7877.0924522700034
vn -0.93716029774135179 -0.25503213976919298 0.2380949054937713
v 2078.9148481440861 8131.1079985951546 7640.4522585124068
vn -0.47900463266333188 0.83164352106437134 0.28093347212235337
v 1516.9100998588092 7728.0257828756994 7539.2298887517927
vn 0.71074858394592766 0.44330776498551544 0.54618190735542105
v 2026.9508182948293 7688.9594315178674 7695.9632020604331
vn 0.0043609953400458798 0.011465749238737754 -0.99992475632621403
v 2916.408418812669 7297.1065700049039 7709.1795952928605
vn 0.21733838886403692 0.63205567523294603 0.74382097855049056
v 2398.2503305977125 7686.1956457340702 7786.9259294883332
vn 0.62552646321180438 0.71908505216522423 0.30270997931067278
v 2068.3049448408128 8097.5879627545892 7639.4419322905151
vn -0.99698885744958221 -0.064946639226557121 -0.042369236180890134
v 2218.1751932859042 7622.7524357493658 7890.3813102329113
vn -0.5983361011870818 -0.74345528929331917 -0.29877774823107101
v 2361.6295930001766 7556.2609222616629 7811.099853747146
vn 0.86134552317754387 -0.34103784599785208 -0.37653296973724415
v 2306.8614342098081 7723.4455852619503 7778.9066381258417
vn 0.18308202791147729 0.8445516507459917 0.50320321966183945
v 2724.5191739640613 7350.7516575449918 7570.9231271797207
vn -0.80426934052819588 -0.58878814011384129 0.08049443426488978
v 1979.8933694525492 7721.3472934422771 7916.9560259637901
vn -0.56948167025599128 -0.02088442782790231 0.82173868590735566
v 2399.0586450476367 7659.6666080887499 7862.3793248558641
vn 0.44538891059321634 0.82939480205728111 -0.33724320696042415
v 2189.4167655366982 7694.8826987952052 7668.1594620074702
vn -0.13854661680003391 -0.95452561582892603 -0.26398046082934673
v 2963.067027112018 7214.8988446424155 7696.0671468581422
vn 0.26315705088306984 -0.961604180111999 -0.077883036417795662
v 1606.6960235223814 7748.4180800707136 7501.6103278603296
vn -0.37214795837643533 0.92601710242407997 0.063231503970425026
v 2550.9440540033338 7593.4223011664462 7626.6030246173941
vn 0.5726831630430651 0.73615010990767615 -0.36071735534890248
v 1682.7609886598402 7778.5345745579061 7514.8071226489719
vn -0.13494631310373972 0.98818481598948327 -0.072665411493630733
v 2271.4416114337473 7580.8727459852835 8086.0183919309284
vn -0.11132968316143813 0.27490601327259445 0.9550038667532933
v 1962.9163961702779 7677.06015945746 7793.5089761416693
vn -0.78635475282926459 0.60988043849332718 0.098448227236517624
v 2900.6968791459149 7330.6356498419555 7696.3142792853587
vn 0.2218769225449492 0.61246163138520926 0.75872352100284246
v 1556.5892505276115 7612.1026466155017 7543.0950705579426
vn -0.082715794049672303 -0.94965344511931682 0.30218608768066241
v 1856.9256641210086 7785.096538754955 7807.3120385888078
vn -0.049816291132171654 0.70566961059458622 -0.70678761861051287
v 2141.1201463504372 7631.108427241511 7988.6519657164908
vn -0.42400642256501386 -0.8777725936384696 -0.22301082368533801
v 2470.9468379519021 7566.8688669359872 8071.8617527127954
vn 0.00050919487256730739 -0.90605310689200413 -0.42316368961895606
v 2465.0141673437993 7542.885895271781 8113.5664920603313
vn 0.1229198699262453 -0.80836553332498517 -0.57570467264868286
v 2129.0928899292921 8097.1279102443223 7626.4501630442155
vn 0.874392117302356 0.43025399997768404 -0.22432102153544625
v 1791.5698725939292 7739.3821826726962 7752.1441155240282
vn 0.36765221126304737 0.543914390485848 -0.75431358689592776
v 2039.9695991246736 7596.6295133094427 7765.7906680573542
vn 0.74619807708555574 -0.61292518931796725 0.25982906314219939
v 2372.6045967873961 7702.874447603408 7961.6543774746524
vn 0.012914876979642213 0.99375679445078691 0.11081804652445912
v 2727.1195056207143 7394.7828315883817 7640.3979864453613
vn -0.36150796148572117 -0.29870856123243467 0.88322431421971581
v 1653.1658158821865 7770.9253376796596 7515.2156058322871
vn -0.17204148758693516 0.98016266339090963 -0.098401625206664164
v 1878.9491791601099 7747.1009383045403 7640.4861188237628
vn -0.42556500937693065 0.0074540822180154606 0.90489715407459426
v 2252.9862792676277 7616.7852998813378 7835.189438091902
vn -0.80180037923762637 -0.5752216376816196 -0.16197598401390867
v 1971.8172415222107 7797.4741784631369 7637.7906042816603
vn -0.8412799571116909 0.49028687937461157 -0.22774285867015967
v 2024.7354311313702 7730.5552077233297 7696.1111025365853
vn -0.8798517632367 0.13053779477396982 0.45696910055803447
v 2452.6145631853706 7609.144641570233 7738.0797767040567
vn 0.16802798105096714 -0.12805346748134661 0.97742974532696703
v 2278.4817464499301 7654.6734630434585 7668.6016635274173
vn -0.44042965239352871 -0.62342835108636885 -0.64603313564727216
v 1852.86859487123 7728.8038210407694 7835.2706471325528
vn -0.34676052258213486 -0.93776384804422908 0.018870751968182855
v 2137.3293314424809 7700.9407149231083 7891.2317970227296
vn 0.76538171952814504 -0.43412162151549971 -0.47510971485004716
v 1875.6347021485635 7768.8531356840467 7864.4217041767042
vn -0.44090978224500499 0.36261993852829788 0.82103918548531885
v 2054.6445165007826 7800.8101452469746 7863.2111508488233
vn 0.22932619419307382 0.97106936887424722 -0.066586616456249165
v 1567.0776968461578 7748.4688769433269 7497.3642638053861
vn -0.12602388628778996 0.51120542332162244 0.8501688039745301
v 2410.2012919754252 7608.0963484314889 7765.8225975759215
vn 0.52402404026622029 -0.76088068941767928 0.3827001197992283
v 1958.8759007050703 7628.9186252360669 7765.6202789341332
vn -0.83167504645191548 -0.21670204984192759 -0.51123070985956132
v 1814.5035166134894 7716.9572033840104 7765.5654352750062
vn 0.54011135599059168 -0.72241171226111767 -0.43174186861823405
v 2326.8142426450213 7667.0622076337559 7974.3754312670244
vn -0.86179973261752585 0.44668668326245836 -0.24035854021928357
v 2385.2483157549214 7586.9801753679931 7849.4325422602678
vn 0.85640400672080896 -0.51323915873949977 0.056193800449115983
v 2966.7669880977382 7313.0545878266757 7639.9310295134383
vn 0.62614443799058217 0.77736433998111909 0.060397232545682029
v 2013.0000068615518 7680.9461858213945 7835.1942336658267
vn -0.44001653953631398 -0.71740312972822629 -0.54010942816306495
v 2010.8629063672179 7712.9892316662954 7710.0005749680577
vn -0.85501099850905604 0.50596104709282419 -0.11384028835732914
v 2047.0705892865608 7728.9107686959942 7626.4117055358611
vn 0.036242535126484628 -0.59889149353385462 -0.80000966095441284
v 1565.4733499331705 7627.18682316579 7543.0127496358873
vn 0.28620132279655197 -0.82521682420516795 0.48693530974682936
v 1947.8763254300316 7655.6575038980745 7793.7375128743679
vn -0.9207170157703165 0.3898638674605055 -0.016921634665128315
v 2879.0386246840485 7341.1568955109469 7682.3128167375826
vn -0.14094693690264795 0.61088575327048489 0.77907159968061546
v 2160.6151272893203 7620.2606601591306 7974.8840987578205
vn -0.32186469258623734 -0.89821296473154322 -0.29936030073230863
v 2829.2634820611129 7284.6102562724409 7556.7609765919278
vn -0.52390652983962283 -0.47935903351538761 -0.70408583637124666
v 1670.8882738273837 7738.9228949596263 7543.0685581109901
vn -0.64974411948574406 -0.33109551238921142 0.68425751064158646
v 1781.9473019444122 7774.6073514045747 7599.0488482312685
vn -0.30605350587822283 0.87076739992638674 0.38483163430919876
v 1666.0439640766126 7674.0301348064859 7529.4979855119436
vn 0.38313065925750678 -0.63661243425580105 0.66927984168642907
v 1630.088041277575 7574.9540489065439 7515.2542206372937
vn 0.60513004677923798 -0.42642627784610154 0.67229328127482924
v 2133.0438833364155 7733.9507972277579 7877.3335463194153
vn 0.84888545721314235 0.35182628972529434 -0.39447654225589585
v 2022.7627979678455 7680.7333575229386 7793.1450509394745
vn -0.65944604059106238 0.66275119083800127 0.35481231459967988
v 2036.9954239440558 7787.2236905449827 7891.0545519928892
vn 0.12322704492422432 0.96640273847768354 0.22556782231088954
v 2411.1450925311751 7648.8225236039671 7821.0565823985644
vn 0.92116148217266725 0.34835406358613397 0.17352512827968938
v 1984.8289339993125 7673.2008862551556 7723.865909666104
vn -0.74579665223864888 0.36451280717076817 -0.5576000062034705
v 1971.0075180678514 7773.0127027552662 7807.2915208431741
vn 0.16287605947042552 -0.0051966250057634156 -0.9866328518450701
v 2562.8875812656447 7526.8870071711881 7584.7225913401298
vn -0.5076873007368643 -0.056212642476266061 -0.85970561443807747
v 2972.9262415035018 7268.7566993401351 7598.7049344510478
vn 0.85236838187642883 -0.37101501211352395 -0.36853222703551997
v 2109.4478866308436 7718.7232419675101 7723.9254198548424
vn 0.0097101620102192834 -0.96805345962995448 0.25055580626321849
v 2952.9579071647458 7224.900564544836 7654.4058295271716
vn -0.14735015585511413 -0.98339470028686371 0.10593769403372504
v 1797.6718029137919 7733.3125685292871 7600.7178168586397
vn -0.31632447761593246 -0.75128482177118283 0.57923219993129649
v 1818.9095875909402 7775.1169127918492 7612.6664325127058
vn -0.037213879472898309 0.86716469423907871 0.49662915766175242
v 2133.1881951277137 7734.9945216744072 7932.841817780949
vn 0.62860904327891964 0.65631662312341543 0.41725191541781809
v 1901.0363796855163 7779.1435934844058 7598.5321562915451
vn 0.12835379755042692 0.93636505155580207 -0.32671974669322329
v 2262.7417832341744 7494.91130910418 8099.7625298146586
vn -0.25794134392415213 -0.79669169081043789 0.54657900882508093
v 2829.0988760483842 7241.4281125327971 7681.8802679542332
vn -0.763842339294169 -0.49414884312733326 -0.41516478841242027
v 2336.692037120738 7685.335234699719 7862.885789720669
vn -0.17400136118562481 0.9475405885173801 -0.26812377630058598
v 1964.910411028829 7679.0564451671335 7737.8590915194536
vn -0.73373133006641933 0.52384180937381231 -0.43269861801366283
v 2128.4544138177002 7646.2664805174063 8015.9096081271127
vn -0.79983252274314243 0.34239057401185513 0.49298745459714577
v 2060.973718620734 8099.2318954616712 7612.6082398621384
vn -0.97798273822997583 -0.071376552156821316 -0.19609985090867116
v 2004.9589985248058 7685.3869500520414 7806.7518598168645
vn 0.39954038620743876 0.83206732089576718 0.38474855852433171
v 2392.8652767046697 7593.0053170831161 8085.7492478779077
vn -0.88493966653059841 -0.39550534985056957 -0.24588067195347382
v 2320.5439352822436 7650.5502988395801 7960.4122474310889
vn -0.43211397949319486 0.73998237668002553 0.51546444196426933
v 2325.4168510289542 7582.6255462456229 7918.8256904706541
vn -0.33652619361993241 -0.9355685558998853 0.1070588539966825
v 2886.4254973014122 7304.7529849599823 7542.9957552464684
vn -0.81289803208032307 -0.26120887212506944 -0.52054463263305972
v 2935.0408300390591 7343.0946463312612 7584.7710621996812
vn 0.47873763201095781 0.76822217865714526 -0.42502348631082726
v 2627.519296855331 7442.4987877541253 7584.9157417990091
vn -0.64949992509553289 -0.71809058705242157 -0.2499915120311203
v 2048.2682686448716 7673.0132311637326 7849.2110815391916
vn 0.021252620381593298 -0.96402196345407354 -0.26497165906011338
v 2390.6460687039125 7696.3947291550567 7774.6368304320913
vn 0.52908880979436168 0.75018887314613103 0.39658755144119678
v 2393.3072572667006 7614.9325767821647 8070.7669033419243
vn -0.69825624514576645 -0.60314375590373648 -0.38555910808755295
v 1722.8991109020831 7761.2723960805542 7598.6187034981222
vn -0.23793492728043608 0.83902842923090959 0.48930385786581132
v 2163.7982812519804 7774.5641748971975 7737.8900233466702
vn 0.25587277020202759 0.39304388963032905 0.88320191705713702
v 1781.9667265939443 7709.2709868356978 7583.7534485646347
vn -0.30681891477765766 -0.87063714539308568 0.38451672863015934
v 2325.1680200282426 7637.4083484660987 7671.6715909868126
vn -0.078286608374986105 -0.76746582974209443 -0.63629191974079002
v 2019.0400876305112 7637.2146771037187 7821.7168120927781
vn 0.77969707688214374 -0.024396754315431576 0.62568144185385022
v 2002.9838200120939 7608.9932476327231 7905.0069040446633
vn -0.16274151222555619 -0.37725833489998178 0.91169696113732457
v 2613.2583764893461 7442.6829834944801 7600.1132696131399
vn -0.61364771528460749 -0.77204827333261083 -0.16546282111131655
v 2016.7147304898972 7991.4366541013278 7655.9167659993245
vn -0.82186987412822821 0.48563956270040382 -0.29779879976354989
v 2003.0297523575427 7705.118008786565 7765.706547364578
vn -0.050947948891937787 0.88689838628232354 0.45914655494026629
v 2322.2596594554543 7558.7745097081124 7850.4562314358191
vn -0.65298157876123475 -0.73012546142602297 0.20132528002196462
v 2117.1617088423809 7761.0508105572817 7876.9509568839321
vn 0.80024239302053257 0.57558967671158578 -0.1682517057144553
v 2490.6900690066977 7651.2471749940014 8029.9454443385184
vn 0.36634730475934074 0.17228436683645815 -0.91438927664279135
v 2273.0404712516292 7537.9180682576607 8099.544566303186
vn -0.0027541823503787013 0.67808988243274382 0.73497382662373001
v 2268.9585778188557 7717.0873288002422 7821.4641756769233
vn -0.073713349931933583 0.80595589995642902 0.58736822298046976
v 2091.1262182630016 7670.8940996354086 7835.2901038812661
vn 0.31672981278157059 -0.94628627324535219 -0.064996267298776014
v 1512.8545634004258 7747.106943226634 7515.2271733210609
vn 0.12043971600694349 0.99241100720180386 0.024792490654790892
v 2024.9641820785346 7548.8128953936903 7863.1544040798854
vn 0.18928977504080818 -0.98129972632096418 0.034931764733565379
v 2033.5438708797635 7699.2632495300122 7765.6416935555762
vn 0.063472871024605498 0.69744038419920351 0.71382638304559831
v 2597.1438007060106 7504.9875545407704 7682.2745951564775
vn 0.10817002128692857 -0.014422276048999826 0.99402778856949059
v 2219.8271708812681 7591.7204999419619 8001.4069256818084
vn -0.40152030049062398 -0.79774431599033202 -0.44987270932902373
v 2395.681238554359 7659.0463811464379 7849.8259125478289
vn 0.60755854778023255 0.78713817320405854 0.10623609228577827
v 2983.6765546637553 7245.5049927725368 7627.594613365829
vn 0.51001755647487257 -0.45701629791107096 -0.72870995295183072
v 2357.2210760916132 7693.3324115153773 7933.2674646004671
vn -0.13273176785179497 0.81401532376485297 -0.56547442955357308
v 2318.5893391040918 7635.6951477010907 7988.5061519903156
vn 0.68774519590232086 0.64348990671135198 0.33604655253981364
v 1731.3324255814896 7721.0207838746064 7626.0710773474311
vn 0.65374201454787595 -0.75446147389457197 0.058388892982438545
v 1887.0764598511789 7760.7318388999065 7870.9886864054379
vn -0.4134978640973066 -0.58446344095801306 0.69815614483472432
v 2038.8719832289171 7620.8031450147282 7778.0804619351602
vn 0.58391622770827112 -0.29882701177366089 0.75481405395856715
v 2222.7784810206576 7801.2109670436712 7668.3468418373304
vn 0.014659855753119243 0.99755563354160004 -0.068321640925219765
v 2415.1116541025081 7620.9847848492755 7849.2717189074701
vn 0.95886716684545226 -0.28262688494420501 -0.026378025940364338
v 1708.2396191945227 7688.9433125303494 7487.2273621942213
vn 0.90506560848812112 -0.31760151149669941 -0.28281712152385519
v 1551.0384049365807 7686.3930058405313 7550.1183622779326
vn 0.05590038391363103 0.14263366169722516 0.98819572232890707
v 1668.2046658670788 7764.9848209936899 7536.9976880148024
vn -0.64386649013822383 0.65251657137989738 0.39957235508942268
v 2019.0683287040483 7987.2910538153355 7723.9063650534044
vn -0.27115511501907902 0.77313305890592521 0.57335868077997854
v 1978.8998527355898 7943.0116845029661 7668.2651800247659
vn -0.92331273704939165 0.030622255438651529 -0.38282615777165885
v 2971.2046823749097 7255.174651441941 7612.3851245502456
vn 0.63813006877698986 -0.44631010565576129 -0.62737333774413573
v 2212.9720162472163 7579.4438953849667 8058.2937924983344
vn -0.89377076974890546 -0.38712716319050161 0.22650909620261162
v 2257.0098476195672 7542.2265108918073 8099.9044998598847
vn 0.58429693780663106 0.54087648050840353 0.60502043048366272
v 2791.9560631437707 7434.2613347925399 7598.6728925211728
vn 0.54214190936399431 0.83844439877118571 -0.055616007411423446
v 2813.0680051169911 7385.0477433506312 7556.8277282963281
vn 0.54398969476976489 0.23062018531871578 -0.80677725681123369
v 2111.1660474940782 7954.9457410456162 7682.2583161381808
vn 0.83549152377637825 -0.44538458254178181 0.32184854719558426
v 2238.7916388079611 7707.0791126703043 7821.3006329803229
vn -0.49899065424200195 0.75521242291513213 0.42504414271201829
v 1970.1059430727446 7755.0662592426943 7667.9517158864583
vn -0.63655238455781826 0.049433885777106522 0.76964755092882053
v 2069.0163578841366 8087.0539317036073 7612.503538093747
vn -0.87201481949551041 -0.41889567384544879 -0.25321249774404903
v 2701.0763108441461 7440.9904674652789 7654.4966605040754
vn 0.40265470744521148 0.059742245263547621 0.91340026861342738
v 2664.8754549064602 7408.8406652036974 7612.2682444314332
vn -0.47194897580933037 -0.87969710047239058 -0.058285295341044992
v 3003.5901099490625 7263.3870077804695 7640.8067444069266
vn 0.5716327099173365 0.48692888061156536 -0.66040617060936835
v 2055.2249440703686 7682.7951730899258 7751.3674783581491
vn 0.82218183427811842 0.36267846934403197 -0.43872697575751918
v 2453.2376663330756 7633.0671779448994 7737.8680085152582
vn 0.73112290424690474 0.4357068754811258 0.52499411191369216
v 2681.0646465583054 7525.0576453351514 7640.4512081529856
vn 0.59125311559020999 0.59393154984750529 0.54558690178614999
v 1804.8864708089518 7712.8154256464504 7779.5264893714066
vn -0.02890795512089292 -0.99949759412121231 0.012995748406176727
v 2084.9434673071646 7709.2218019853026 7765.9037295732851
vn -0.0054748341622942428 0.74513483208308628 -0.66689137661796627
v 2250.8802191971636 7563.6236012471636 8010.3623074198804
vn -0.41060677033330978 -0.73498086383085182 -0.53963432985578619
v 2010.9579212216522 7704.8721628571711 7668.3185982467976
vn -0.43571178400831234 -0.79382701288671831 0.42425689727763288
v 1772.8491258377921 7716.5626397516571 7765.9006083165095
vn -0.85215747242823359 -0.20567541188071609 0.48117072555634766
v 2626.1138941887166 7558.5968436412177 7645.492533886294
vn 0.35786814574858744 0.86772598532701883 0.34493768226553911
v 2430.5645119371602 7582.3016546099288 7721.9526153620573
vn -0.31900196051979784 -0.66680344733092833 0.67350643041630665
v 2198.989270419097 7681.3740679835992 7960.7282357271579
vn 0.26550056336222178 0.96133590442453976 0.073093978675367197
v 1835.228794461636 7739.012539591944 7779.5372336540577
vn 0.68306758609608942 0.10041883203105834 -0.72341877982146674
v 1707.0168778589082 7734.7975463801522 7570.9266180418954
vn -0.47182990036038008 -0.82315600188849369 0.31589672629019733
v 2227.1757360905794 7756.6481032038973 7723.3007941221858
vn 0.26745151365445213 0.55941603288455621 0.78455298737283985
v 2450.9246419317278 7690.2778767953323 8031.2821000289441
vn 0.47009444855227112 0.84763632158600066 -0.24601600713874303
v 1710.9546981765088 7744.6614565428572 7654.6925300026051
vn -0.56642220571569146 0.81763032364928201 0.10318206589006286
v 2667.7470386456316 7420.1640393287698 7570.6169998029536
vn -0.65282250830560007 -0.67437780548068926 -0.34501789536868133
v 2302.9635009272242 7562.8893238423334 7835.3285749392981
vn -0.56974187556887279 -0.82093936717150784 -0.038114966237785278
v 2985.1855671310777 7236.2622136715909 7709.9855538076245
vn 0.78508200317598975 -0.47986297054120053 0.39163475049151353
v 3018.9540998133925 7270.7482537572623 7668.676033580231
vn 0.44316516511348358 0.89529510457744932 -0.045291413640918661
v 2610.2571665167034 7435.8910612771069 7626.6329210516105
vn -0.49293363011801833 -0.86210891795041167 -0.1174080486552907
v 2140.6550658740289 7644.2027179288843 8030.1121127398683
vn -0.6754475839747861 0.61777056976209355 0.40265380221530572
v 2143.0833293332917 7718.9830705365148 7890.8454692524692
vn 0.86869877072490709 -0.12085074555196826 -0.48037229628754469
v 1699.3129128032015 7768.6282236667321 7487.194067415985
vn 0.47259290495790518 0.39349406540637405 -0.78855460601876692
v 2536.4955947718372 7576.4446491740446 8084.174419139923
vn 0.21651753538530488 -0.90826185919414093 -0.35802311657751346
v 1657.1088208526958 7637.7242460328889 7502.0141369573339
vn 0.58730437602813335 -0.40528561804555774 0.70058342665498097
v 2630.4933358368771 7549.0249113510963 7570.6685881024878
vn -0.30622487302631363 0.70984787913861158 -0.63430459214988588
v 2487.0557525932672 7524.7892509475496 7682.2376226311171
vn -0.59402726318871357 -0.79666993093946559 -0.11157343646869487
v 2176.5799110108201 7811.2860768550308 7682.150496530473
vn 0.16223137169549734 0.9181494761363429 0.36150037553003528
v 2497.4509340326431 7518.3191390570646 7684.7283120723896
vn -0.52211539622342706 -0.85287337175417954 0.0015889553520533242
v 2655.2843338280509 7532.8055274819926 7654.4896447228921
vn 0.49746537258773055 0.65622941671246127 0.56735452383617546
v 2786.9475581300158 7276.9246626068034 7584.746859129913
vn -0.49425616045366899 -0.69616491699041916 -0.5206392764720309
v 2149.04026243933 7643.0781462203649 7946.4389356404727
vn -0.30053296191414097 -0.74316311705892002 -0.59781980583314853
v 2868.3477006111643 7262.9575390895452 7586.6486769713429
vn -0.12033119044445344 -0.75232207821837072 -0.64771281848625817
v 1835.3672878087018 7765.0282771266848 7543.0310632548353
vn 0.20582843452464181 0.4665350446728645 -0.8602207319247912
v 1772.7244403613192 7726.1366142254656 7781.4847884459668
vn -0.87596875623560122 -0.20109800202125142 0.43844991924062954
v 2780.8019321942847 7447.3015005617199 7570.7588884309971
vn 0.77756759765894168 0.46999652680648096 -0.4177222712050998
v 2073.7362739877281 7700.8960606925548 7682.2159825369918
vn 0.042434764358554686 -0.99717071205062802 -0.062047254590977423
v 2228.4188607562332 7692.5608934746488 7806.2633294632797
vn -0.91096703403804236 0.2776448244267315 -0.30504493827136658
v 1952.0552269397813 7785.1372416530885 7890.7660844767815
vn -0.27040936487814082 0.18033340345828575 0.94570536584252907
v 2078.9121178567366 7719.2970245417637 7728.7739957862586
vn -0.24732945998460026 0.031771043242345823 0.96841041869396416
v 1993.2516846545823 7972.6751955252657 7667.9071548077409
vn -0.87112559459956895 0.41914440602312791 -0.25584793400195122
v 2248.7237971214417 7783.1713768777408 7696.2451768227274
vn 0.2893794049658025 0.71797974765684647 0.63305974594523784
v 1914.8736758875166 7786.9343225433986 7877.2337904559154
vn -0.62848018438355879 0.16200628499856401 0.76076712695684467
v 2516.242695244975 7557.5189976248002 8114.2937879294477
vn 0.063767436774334024 -0.82831323482801122 -0.5566245584017897
v 2384.9484743809862 7565.0657845709547 7876.3153612460419
vn 0.89018391573721967 -0.38566179728836736 -0.24256457753566779
v 2118.6568147942457 7825.1525382926811 7724.7969398560854
vn 0.78566102454427478 0.42234074868070387 0.45206752428797969
v 2678.0895685297205 7407.8344840042264 7627.564526913754
vn -0.17196285900247896 -0.78743057804604155 0.59193062083471426
v 1991.0485219184156 7691.3152087021863 7835.2703556574688
vn -0.40881714529674756 -0.82420993206006021 -0.39185013666575258
v 2426.950553690489 7562.8458166699502 8085.8213227096885
vn -0.38815008703849097 -0.87584282363594734 -0.28677318252832262
v 2517.3904433371972 7600.3752414053852 7724.1067174257059
vn 0.75982535004651774 0.16570172652092577 0.62865600709344316
v 2263.0331447280596 7667.2121277927772 7946.3627467447695
vn 0.27560919859069111 0.92704409551213018 -0.25422197904251587
v 1955.1248795286738 7736.6939841989551 7598.8536151642329
vn 0.46558612381537912 -0.34201424528144059 -0.81624494934739844
v 2014.8611317265722 7717.058554303816 7710.0118463057506
vn -0.88844814963765351 0.45474478142286318 0.062185763435870678
v 1659.7904441374885 7766.8053749833052 7529.4719393463592
vn -0.37976800710374842 0.69211233589462751 0.61380516068450375
v 2176.2145685601554 7690.2278246634041 7930.9721343168849
vn 0.0057439338136920075 0.79893348277779186 -0.6013919664585583
v 2006.9898771289872 7670.8968580963128 7918.9308064739216
vn 0.084278459298544869 -0.010855447175807748 0.99638310933339136
v 2084.6013687538402 7779.8686627478619 7904.6190893164394
vn 0.28295224395922963 0.89593170378847653 0.34240971041299939
v 2131.5601312053514 7701.0575293294096 7974.3528545883782
vn -0.094995708059671335 0.48301689743401144 0.87044269900060822
v 1952.8979833527535 7655.6406139163473 7780.5701575031717
vn -0.85963979070245722 0.3085913220529361 -0.40717419637626429
v 1598.0251281451783 7723.0316461996408 7543.1063686888665
vn -0.11202554458714772 0.43214524626731149 0.89481884395028122
v 2042.4588306880178 7697.1754457596189 7779.9486464453876
vn -0.57973706762165433 0.78259823851675825 -0.22681474708649946
v 1972.9290078385748 7687.0753913561784 7737.8617379863417
vn -0.54142853998673646 0.7463242073123979 -0.38711150030366132
v 2089.1723994190997 7883.4010640956949 7710.0107730193322
vn 0.96848087845337594 0.1122963095693201 -0.22233831637234458
v 2268.9412113379785 7494.903533179815 8099.7961186137791
vn -0.13883660768809489 -0.47912202854035169 0.86669860859069148
v 2927.9589262457594 7220.8422835391557 7723.8260837792304
vn 0.093088129398016098 -0.53499098021875346 0.83971379127042778
v 2349.0722978287158 7553.987854451233 7875.3403536734331
vn -0.39468124540965188 -0.8277149869421907 0.39889173332268385
v 2685.010130505374 7526.8556051178311 7570.4942134338362
vn 0.40349855328882234 0.74775600965465316 -0.52730434050856956
v 2336.5073196250905 7685.1028325974221 7918.6186830690485
vn -0.1656949034727101 0.97457778077926915 0.15080897909118079
v 2534.5631673133503 7605.7066661913304 7682.2018632571162
vn 0.57491159621377241 0.80316683601017702 -0.15620400146069832
v 2288.6137546386817 7573.0136798369494 8086.0194384398865
vn 0.29826309170351134 0.31557505246932199 0.90080603594028363
v 2280.7678058146594 7474.838489188247 8085.8092630071533
vn 0.43472427749506509 -0.89681585331647307 0.082073916664428495
v 2421.2427749162252 7604.9051880000743 7751.7084612432773
vn 0.45648330965471645 -0.83200561778224558 0.31526122499517761
v 2068.6220301802509 8056.7954504593372 7640.6958213425605
vn -0.84349569298679605 0.52942018763097642 0.090715383709194256
v 2414.5907438387294 7623.9758550567967 7919.4581519825824
vn 0.90034889290402131 -0.42718395297090461 -0.08298036738081524
v 1976.0847881763561 7767.4918219974552 7905.232539607141
vn -0.3043236615030489 0.4644523181450243 0.83166769398545892
v 2174.3405121070246 7718.7877849246925 7724.0825541303875
vn -0.10370810720378823 -0.92685823852030425 0.36080248639282753
v 2241.0295698327827 7675.1157686362239 8016.2137676763086
vn 0.14466657802708766 0.8990529062152659 0.41324986754724652
v 2439.5703025323237 7570.337894394972 7668.6021025200389
vn -0.74186401759324494 -0.63897096695884315 0.20335654104082962
v 1720.9251042801363 7737.5339844393229 7710.9649757999559
vn 0.11314348647642104 0.96044787826497635 0.25443746698209596
v 2242.9282458534763 7646.9285763563312 7710.0063731580085
vn -0.73788822728803005 -0.61218275678100509 0.28417113915691244
v 2352.2098663894258 7536.7492795606322 7820.6265441110372
vn 0.20112362995572056 -0.884500005228676 -0.42096202468145083
v 2845.1204988528771 7392.9786107866094 7584.7105131323397
vn 0.62372688052848158 0.41826216998891269 -0.6603192679775256
v 2415.3456254512812 7612.0253649779061 7877.7335311460502
vn 0.85121402309971272 -0.51272421776919508 -0.11202037043042168
v 2362.855998204378 7665.0018926141274 8099.7522389396554
vn -0.92534180643397956 0.12115250902930494 0.3592556343627803
v 2942.2121787119886 7224.8625490651848 7668.3822714094058
vn -0.076154813193014592 -0.96436907522299509 -0.25336284491038241
v 2185.4117151524624 7596.0182354468525 8030.5643227529181
vn -0.57932985724587172 -0.81009435815851383 -0.090133497564577225
v 1768.8962352204326 7744.9219762636967 7612.6683917568389
vn -0.4494926750389725 -0.33513241561647844 0.82803538516742903
v 2337.1268460264982 7578.9482223877803 7960.3852571291936
vn 0.52656220917997387 -0.78345727849099445 -0.33004080451209333
v 2347.5499624750664 7698.8340246523512 7947.242655529175
vn -0.23288978736048055 0.96943889272279582 -0.077140004016008748
v 2273.0600692896587 7785.0276519831705 7653.9554744238412
vn 0.50389886717472687 0.85348599035915762 -0.1328442543758479
v 1825.7473634644866 7725.8531403586367 7625.3006266693574
vn 0.034543112971776181 -0.95734043413782499 0.28689033882482023
v 1936.9789874016114 7742.9533235515119 7654.4947143838453
vn -0.17588236276518837 -0.023323522780797468 0.98413485242279086
v 2592.3775590496807 7524.9227775200961 7571.0654497749583
vn -0.48613309338066008 -0.04637483975469868 -0.87265341903752169
v 2407.2365072560156 7612.8933339745681 7793.8909919902853
vn 0.63923139331939283 -0.74718114697826599 -0.18194383582630885
v 2104.4671543622389 7714.7355742677719 7738.1988953678738
vn -0.11843053647931823 -0.90163690481399328 0.41596285880672462
v 2076.9899777721139 7821.0977417036556 7626.4320939535883
vn 0.096446152700581309 0.47427664116763169 -0.87507702933627829
v 2424.5215454682739 7575.2242923711674 7709.8087590223504
vn -0.53392190814679996 -0.81217988882200798 -0.23514086032408488
v 2780.9220446950785 7304.9046353408485 7626.5503242431478
vn -0.85948936281680033 -0.27939865388885604 0.4280355445636097
v 2130.7994070416025 7796.7838956142441 7626.4970187938252
vn 0.12959973128650351 0.36872163533473323 -0.92046089829310296
v 2576.7553763700798 7600.9477753407155 8127.6889011528665
vn 0.52978833533099268 0.055001654164529394 0.84634457390969386
v 1733.3076790995642 7710.2105530716772 7723.9175058419532
vn -0.15833997520665041 -0.81646445293167047 0.5552605238539341
v 2241.4630978455243 7679.1164399070531 7993.9330738825738
vn 0.17708250857034255 0.97108882974329525 0.16008831908116181
v 2235.8381157229014 7684.3138238224237 7866.6378819866877
vn -0.48925556551475141 0.77025798160609404 0.40906189432034235
v 2943.0436571355185 7276.9211744285049 7529.0194684399785
vn 0.2738754501479585 -0.65288968887965426 -0.70620626729085412
v 1982.9190245563568 7927.8781419532388 7723.9568553640747
vn -0.69573181784984273 -0.068098801411438592 0.71506628425459884
v 2079.0709006619968 7833.1235852348755 7640.3112873554956
vn 0.25443247700757565 0.63791085113783819 -0.72686577897462501
v 2099.4492163971317 7779.7424238791882 7862.3815715819237
vn 0.63928732060573401 0.75985083309807444 -0.11806114158733066
v 2355.1795997031982 7523.7398829905942 8032.9989319597007
vn 0.81633998550962494 -0.4621782265610388 -0.34638174742765876
v 2412.4984663028354 7589.0007464604832 7724.0792064089992
vn -0.50323367458002866 -0.84858490666513819 0.16327744776545347
v 1975.1518563250283 7701.7134423805546 7835.7168238732211
vn -0.45604477978386299 -0.75786920792368806 -0.46653769677595125
v 1717.0247635069991 7704.8284068440171 7682.0051578519133
vn -0.50323847876930405 -0.85834692325336504 -0.099957955298408133
v 2069.0787391474623 7775.0939092445897 7918.8724079518215
vn 0.18424537019630846 0.68854250341235312 0.70140064482139941
v 2458.5504574423976 7569.7697028033654 8071.6830313749142
vn -0.023102184894848381 -0.79231133129624964 -0.60967945951347968
v 2268.937758577767 7566.3601164335068 8085.6295306007687
vn -0.11665102019050783 0.30160572530099278 0.94626979554151247
v 2304.7386250592244 7623.3893164472247 8044.0444134681529
vn 0.62375897552790061 0.51542631091587321 0.58758868136140763
v 2531.0858624324392 7619.0770089951548 7696.1224559523371
vn 0.59215122270934917 0.7819912771045916 0.19454195428275231
v 1811.1421057165026 7766.4781779469322 7821.2795913108348
vn -0.94146437102694358 0.18864317271633613 0.27938967674979698
v 1825.1040943847402 7718.9001290890292 7556.8627116903444
vn 0.27459242655452393 -0.92246881901318201 -0.27138584566503016
v 2358.9328086672922 7653.0311129729998 8071.9792394002761
vn -0.87762426506263569 -0.25744812996387828 0.40434652187371484
v 2571.2412117375952 7461.8451306193301 7653.4108062941541
vn -0.3885711182854048 -0.9176183458408721 0.083600582597800357
v 2045.5645607921178 7688.3086972068595 7696.5626911599174
vn 0.56031446917965821 -0.58035772710715527 -0.59095905460102249
v 2767.1082584999494 7298.2895528201589 7598.7161609017039
vn -0.74686077369334991 -0.45495064335863433 0.48499370802695518
v 2243.7379273110828 7615.0547754869795 8071.9180666452285
vn -0.13689065498950181 0.50974903968055707 0.8493626228656963
v 2042.5645864166859 8032.6465612893799 7640.2095284979769
vn -0.81175443760112709 0.57803452732206817 -0.083251536072502214
v 2974.9102434622064 7289.3542242800067 7596.902931590861
vn 0.82478150031652131 0.55347526046829276 -0.11576101582650256
v 2257.6889986190035 7652.6098412240572 8039.5530801413588
vn 0.190003680164857 0.65189412200802743 0.73412032747717448
v 2340.2644621999552 7588.4191090407621 8029.107751251242
vn 0.78684932155787757 0.43831041154183525 0.43445612931334604
v 2145.3424215360246 7808.8528895448753 7710.2832751875339
vn 0.36872745245838978 0.80715972324560603 0.46101328286029081
v 1924.821792012066 7702.9042927141636 7640.4187745715808
vn -0.51039027426583039 -0.84484894007205613 0.16041208306724783
v 2111.5047466080505 7968.7789938874193 7640.5176964301936
vn 0.27270454512115355 -0.47098800595083118 -0.83892939471729344
v 2412.6526704680637 7596.8941343279712 7696.3999963372444
vn -0.48472753820607584 -0.8597860221393242 -0.16064622572135065
v 2330.7408012572523 7573.1342241542588 8055.49750245613
vn 0.70726208373070831 0.46288106653835465 0.53434208439651454
v 1663.9793540490209 7769.1250919029844 7487.2426696172797
vn -0.13975329429555972 0.81923601299743998 -0.55616667622359139
v 2353.0276363619341 7734.2952346383754 7736.9675859972158
vn 0.29159791200596674 0.91311371205078495 0.28494562038851695
v 2404.8162124528667 7588.6786328203725 8113.5894363408797
vn -0.88989492406306148 -0.23170447613728093 0.39293773026364653
v 2301.0724020599955 7632.3668108120073 7681.9788149411215
vn -0.10437129953562009 -0.76905048938929466 -0.63060921068704057
v 2341.0040686117741 7658.4131932154205 8016.2552764888724
vn -0.94103467202169311 -0.31274378956244869 0.12901576703311612
v 2645.1202299759098 7557.0942893767351 7584.760966541483
vn 0.2881731643600447 0.94838649309157541 -0.13236044372916619
v 2093.1255665147009 7676.555827573603 7960.5710998313971
vn -0.63593378197183414 -0.56212256523790705 0.52877825843859605
v 2515.5460981416563 7588.9025288186795 8057.8317900846396
vn 0.14616132333744605 -0.71482239160027161 -0.68386096249684747
v 2343.5174794156228 7632.6893107276228 7974.1064773957132
vn -0.52988863176436696 -0.70191779231614326 0.47595110122460998
v 1642.4079761619305 7583.5558397879213 7501.0076467604376
vn 0.59650372210506608 -0.73301476648185959 -0.32691384436017235
v 2143.2089407176973 8036.6326093675052 7652.6190339252153
vn 0.86531470872745675 0.50118449560325051 0.0066750450809147594
v 1854.9713747967871 7783.1634150310592 7570.7929030879113
vn 0.10713752833976666 0.95582744759253757 -0.27370685130259415
v 2796.7611775385735 7274.4376171567419 7612.3893582273631
vn -0.69959283788270499 -0.7141362824548223 0.024067223870433023
v 2282.1813582598716 7575.7796201123092 7793.5076749203599
vn -0.31060788530008759 -0.94988159505957737 0.035322754089691703
v 2119.1292338790186 7658.8634409290617 7918.7845591511114
vn 0.30878031969583469 -0.92898048857722848 -0.20408323304806775
v 2860.7493716191202 7246.4048048081177 7614.6395670551419
vn -0.21890625686685214 -0.96160996514843056 -0.16548814347794805
v 2229.0045629808719 7600.8287218555142 8071.9928347373534
vn -0.31078070055648438 0.038238501954191248 0.9497121527757344
v 1954.0549505660574 7664.7525774829783 7792.600737274719
vn -0.83144769138282459 0.55488584939713526 -0.028221102618273174
v 2130.9238218783516 7616.0696467326125 8015.8605407805526
vn -0.8558486861252198 -0.4971051606906568 -0.14286177120717525
v 1942.5763198725936 7705.1467479064504 7626.0472872959899
vn -0.14870452681133742 -0.80347151984019116 -0.57647244557871924
v 2862.5830395757439 7222.924645320878 7681.9563546260106
vn -0.043820476951670337 -0.81176312340492685 -0.58234044791651363
v 2762.6549234055565 7375.0292235849774 7640.4758224394081
vn -0.19694793800674948 -0.62605709569536794 0.75449587317915157
v 1985.0400721021651 7637.0460522626709 7849.3108024857147
vn 0.63445518750200591 0.42022705803834864 0.64874943910898974
v 2673.1143252661659 7470.8517712126086 7668.3626845547542
vn 0.1690309671016102 -0.20704518070833713 0.96361860987952408
v 1815.5391320952936 7742.9388717595448 7626.3979461301988
vn -0.48272280645523002 -0.33481306725474641 0.80924588483566295
v 2414.3096042391485 7636.8949731699122 7974.2570324852149
vn 0.77991277411222015 -0.56276647987161499 0.27391596139964552
v 2245.7849002152798 7677.0400293850871 7958.5600558712249
vn 0.088660362785762864 0.95353982099740986 -0.28792559775560866
v 2721.3870888004967 7492.1619707846648 7619.553860787506
vn 0.8417805182328274 0.39668492287107071 0.36612379203002532
v 2848.87915408547 7311.7741948006505 7696.1215523624269
vn -0.61304890561035541 0.093711504618955652 0.78446745836395082
v 2252.8953500937996 7548.9599785262799 8085.9420339741819
vn -0.16455361247517827 0.77231557398905537 0.61355583510820333
v 2499.0615109290957 7563.7636223953559 7723.9834451999031
vn 0.43494369724109028 -0.58372508950080715 0.68563036697445479
v 2813.5402721152491 7294.0682070235798 7653.9888609224772
vn -0.92407728922141419 0.29675894604186565 0.24086363671032582
v 1978.8601841132781 7942.9764857141181 7682.2513114967151
vn -0.92833053131508059 0.10607596273889094 0.35630087672819116
v 2453.262067239375 7674.7969876146626 8016.388522884421
vn 0.51651483321839031 0.3814175608618175 -0.76663750973429434
v 2744.3256217507324 7357.4381513250573 7598.7393184061148
vn -0.77801048516774463 -0.36623099213539678 0.51046502854610276
v 2070.8599111517883 8087.1709975756694 7640.4053014757537
vn -0.98213487678789924 0.094074645935409665 0.16297559568519818
v 1758.0775752587156 7726.9084181683784 7597.9630328703806
vn 0.39645698701126469 -0.51458148675186666 0.76028136301121341
v 2099.0007064668771 8123.2725921273941 7640.290962905894
vn 0.66075520971570034 0.66541109902476536 0.34731919343482132
v 2181.0217527317291 7685.0802143021156 7988.5768810526406
vn 0.086700465599362037 0.9783427534309812 0.18795873502963401
v 1963.7359777030658 7572.3108284353739 7807.5150460003051
vn -0.38318404998684641 -0.92346719583521197 0.019450502613770945
v 2280.0553479693262 7597.5269679491139 7862.9673752554809
vn -0.58062840745025623 -0.78903701784606761 -0.2007267718326671
v 2844.4602841824635 7326.9897428261975 7682.0871121687733
vn -0.44780438321191568 0.89049846740150973 0.080521512229701109
v 2183.5518489565802 7673.870652898524 7908.961512946782
vn -0.40308856495885664 0.31665332382596523 -0.8586327977135384
v 1837.314438283629 7718.8749279440235 7793.7095431707639
vn 0.37576797104470261 -0.91756126839204011 0.1299220946711456
v 2117.3517222621922 8081.1237491634765 7654.1955592388786
vn 0.97027024338512202 0.23722844877725596 -0.047940774838470181
v 3028.4768430629892 7245.275541258271 7663.758372871248
vn 0.80508702473090066 -0.45106851436318984 -0.38519096297827515
v 2405.0333439246242 7602.8093440130615 7863.3285653640851
vn 0.79437313287835565 -0.58691981088498624 -0.1565134542196239
v 2856.8803523581446 7235.1468694127743 7710.0923297188665
vn -0.67234448972112915 -0.33286853088689627 0.66117427981344967
v 1971.1235640090658 7720.6093111425034 7612.7189349284363
vn 0.23505733842108056 -0.54243612896986182 -0.80654267936829549
v 1986.6124673213067 7624.7649746309962 7850.909391909795
vn 0.70458128492504857 -0.10595880264117717 0.70166797352894461
v 2518.9539061043142 7574.073174004774 8086.0485497900254
vn 0.11851940892856534 -0.96414955010827497 -0.23742113371230142
v 1888.6845136484553 7716.7648632273358 7626.0346030975397
vn -0.30093185700475833 -0.92649063233305073 0.22595381306535087
v 2104.9562417161906 7690.8222058445508 7793.9583931047027
vn 0.21479878961416476 -0.97572928423018435 0.042589246012835889
v 2947.4423704296278 7334.7864344337922 7640.3804796515496
vn 0.80756282442343597 0.58302138300452644 -0.089041291369407721
v 2521.2690868835134 7501.5478413896799 7671.9022264406694
vn -0.46905524283019551 -0.8674192397647823 0.16604530002199258
v 2289.2375604394219 7616.4341475999972 8058.4705399517516
vn 0.46275085107506603 0.54955798390637123 0.69559159867990539
v 3011.7043911108303 7244.4158406339466 7639.0927013865148
vn 0.44902374184116395 -0.35763095352176849 -0.81882707597274185
v 2560.6254462087982 7473.6429196005693 7669.3528857039746
vn -0.29358633715977073 -0.70387288935228332 0.64681528914209963
v 2324.7829926971044 7590.7152416846911 7751.8365352328274
vn -0.0024283134469920385 -0.97322615863406603 0.22983678435834187
v 2610.7961323102791 7569.9928874788257 7639.4159403784952
vn 0.63545930028591713 0.77209901070600728 0.0073888664176319412
v 2327.6671017439321 7683.4160519828174 8003.3126414604676
vn -0.80899468238713823 0.22803761006338147 0.54178081570494419
v 1735.1368268632827 7733.015987115934 7654.3791097882295
vn 0.94959104857219312 0.29945844839003199 0.092744154313882957
v 2204.7861367010046 7596.8062993737703 8002.3725708003003
vn -0.49650387682446567 -0.75999344586347617 -0.41939702257268735
v 2828.5204838959326 7381.9785042705262 7654.5097196532997
vn -0.038764351992680968 0.45992097485449057 0.88711330837919611
v 2483.4476776608012 7564.7253245569045 7723.9441201382278
vn 0.008220354991041269 -0.64141885016315547 0.76714684671136901
v 2001.2437135666905 7824.0186682882941 7696.5554768105185
vn -0.8761068606685517 0.42961967161273035 0.21877775584566325
v 2070.8686617948479 8123.0906167850044 7640.4333396888724
vn -0.86861466995942382 0.44342962279119102 0.22108533366676153
v 2572.2081150889417 7586.1620967431263 7640.4516175521703
vn 0.42739377319495903 0.89803715912665361 0.10422966689913887
v 2146.6710150641316 7721.6647668993801 7626.4519673808436
vn -0.098920453744919076 -0.54031969583296813 -0.83562513732287158
v 2091.3263178470634 7886.2832084095489 7682.2558667676985
vn 0.92675228761055228 0.236666337762308 -0.29175202137909056
v 1954.3456082331272 7642.9682891939738 7821.3854220168214
vn -0.8827911894418029 0.46455387681143584 -0.069781167827659654
v 1986.9460202488917 7683.0921694733088 7821.4575485444348
vn 0.012067407907651087 0.82312200131895119 0.56773633722976968
v 2291.9257068585557 7659.4224678847877 8003.2189543639797
vn 0.52181526630200759 0.84345331966550507 0.12765314488646223
v 1610.2179793038522 7579.2156825313396 7514.9336386708756
vn 0.35044643913712537 -0.91681955646677538 -0.19138754968956165
v 2109.565872099884 7661.5863430825175 7962.0837268278992
vn -0.80277210062272975 -0.56591734328262244 0.18786834494855187
v 2303.8996042420222 7729.9518877187247 7765.6000630037124
vn 0.15672711967080896 0.86815877705707556 0.47088952821065672
v 2112.914282956744 7667.0318104621147 7988.4567417390535
vn -0.81293199483065148 0.23795229248908037 0.53152636649544371
v 1677.4461102854984 7772.2744553530001 7543.3418764702528
vn -0.67832362886779607 0.68492432337089748 0.26599948453811512
v 1482.373640468868 7745.0639393884867 7501.0227505882795
vn -0.2128633785821539 0.5566476319667063 -0.80301469219712851
v 2542.6647159651038 7660.2660543540887 8098.3675989386611
vn 0.40522947308157714 0.75456837413554301 0.51615466955213174
v 2634.8224665085763 7432.9417611403551 7640.443620951608
vn -0.16118267450773374 -0.85221078145634832 0.49775187534362364
v 2542.9745497318727 7601.1680392377675 7681.390747590558
vn 0.67224394550336064 0.73791946183191515 -0.059690414504938921
v 2769.2831134109128 7424.0468403194945 7640.5153365909309
vn 0.22136541095979712 0.46996578433069885 0.85447616490399025
v 1698.954511819891 7743.7172207898238 7571.4671329364728
vn -0.81290511250631026 -0.27787172076162731 0.5118325750302295
v 2190.9339387775981 7604.9155351299887 7974.3730635247721
vn -0.46285923414459335 -0.81255506913547704 -0.35428179319479663
v 2065.1960279908681 7651.9236479716119 7751.6655862100579
vn 0.9857929163119955 -0.13301121663870999 0.10256872036532957
v 2633.2857323009098 7559.1035937493734 7621.1365089546607
vn 0.47734088574589989 0.8747064033586528 -0.083871250847293896
v 2122.8941905367956 7643.2230123112895 8001.9546447047978
vn -0.84475790681704022 -0.53417923502286524 0.032196641757788511
v 2665.1443700837308 7439.2003609778458 7654.7506566197881
vn -0.093071212975876991 -0.52521291205043685 0.8458659151016189
v 2944.2791187220464 7342.8463541407637 7637.1721296472133
vn 0.87723653069689922 0.39496071479116662 0.27287745048376377
v 2254.5612135961346 7644.8904951080949 7723.9654006084966
vn -0.87254194446992761 -0.44734165913934304 -0.19635680568571484
v 2406.8471076436426 7667.2845532392648 7890.8799875469676
vn 0.57113973348749414 0.81892100981025584 -0.056283074926527399
v 1956.5786586402378 7592.5862864309056 7793.528558455977
vn -0.75537458012007364 -0.63943584100230766 -0.14328659724515047
v 2060.7924348166198 7672.8400057439603 7793.2905341064979
vn 0.27979468988673512 -0.94964952648924039 0.14099896577616131
v 2649.0453533061591 7422.6752061595525 7597.250763433387
vn -0.60494454311627177 -0.73128681315210253 -0.31505824328794674
v 2384.7751396995118 7644.7468548134584 8002.65777297759
vn 0.37099535697035851 -0.92815008565818136 -0.029997726566303017
v 2914.9626755949575 7359.1595988724011 7654.4361504979652
vn 0.10717292792780932 0.79241886563010833 0.6004883886578265
v 1875.0260711615501 7746.9850931128967 7556.7640588123868
vn 0.22860543977415027 -0.12797221857128932 -0.96507132595451695
v 2574.9620291399142 7582.1462012022939 7628.8040159465172
vn 0.33712037158903763 0.85441837899360196 -0.39537208892082271
v 2212.3048343295668 7706.8675954438513 7751.8472634783348
vn 0.089527749296204259 -0.7414294343840947 0.66503171047314535
v 2412.7605049853109 7617.2133570744236 7833.512019376396
vn 0.91335647707111489 -0.32910992944531259 -0.23972192251177851
v 1892.0102001778432 7716.4521437709627 7640.8477577677641
vn -0.40858996809271825 -0.62264155166699842 0.66736177303746114
v 1879.1581674551853 7775.0472484603852 7570.7360105910848
vn 0.5223381602154431 0.77541063931121179 -0.35482557239540108
v 2669.3509337737923 7482.7936259175185 7542.9177288903375
vn 0.3170206902099369 -0.21355133368322793 -0.92406369361691187
v 2861.1153971819749 7252.1796142496314 7723.9816736695584
vn -0.64363467696541521 0.013634379942998707 0.76521141280772564
v 2110.8244026505999 7679.0462238889904 7974.5495995346173
vn -0.75412831396100699 0.039271190904275964 0.65555187410859295
v 2131.2377204877853 7711.0777856899776 7793.1353966438173
vn 0.77084852622278432 -0.067580060925073931 -0.63342362206151159
v 1778.8484206033172 7716.708233111025 7560.4093302002075
vn 0.12971481068887641 -0.98135453628730307 -0.14183561610639697
v 1758.5600389659453 7714.7661471857355 7751.6788009387874
vn -0.61231818510386149 0.024915987767420499 0.79021872525566439
v 2230.9384959176532 7658.9247901991184 7710.0278518530304
vn -0.5090180650554762 -0.75407907279013786 0.41504862537676829
v 1889.2803681594196 7769.7733004875072 7626.1399837884619
vn -0.23852235234795816 0.91464890106592789 0.32638087445389141
v 1895.0999419073123 7767.0814510892151 7570.7202790570736
vn 0.48992583809790891 0.53005777109824581 -0.6921065181476197
v 1895.0255788290815 7712.8325958773694 7640.4248482632729
vn -0.38217893902545441 -0.85797495654840572 0.34324660595720291
v 1745.0781673145511 7728.9090412460937 7612.7111952342175
vn 0.54963360972549224 -0.35961748400985721 0.75404121920127509
v 2097.0080403471075 7753.0417676487705 7932.8057419397373
vn 0.18130051686122878 0.5997528888891086 0.77937577256097712
v 2345.1662799178921 7555.2050344694144 7793.2420573084128
vn 0.40879035640416694 -0.38003143550237323 -0.82973884598767567
v 2360.8749974103912 7713.098145333066 8016.3515743726039
vn -0.42902213828545022 0.81347287787449585 0.39268547442395385
v 2854.0287827415418 7338.5838584948669 7668.023562909987
vn -0.58933688479734192 0.33309524305898935 0.73602282251900131
v 2230.8943916424923 7636.9464085269556 7849.1998274263924
vn -0.87659847495634691 -0.4802139965646483 0.031138901837004962
v 1988.9288582032386 7705.1031828342502 7751.7555142600468
vn -0.60440540937790943 0.79562363882685905 0.040952734397466967
v 2107.1006475605163 8112.9562522218976 7668.3794643837136
vn 0.42059277247989846 0.89762582193038865 0.1317937917409876
v 2418.0052356599845 7585.6774474302183 7682.1713575511321
vn -0.47118315117028547 -0.86925003666321865 -0.14963559674834362
v 2888.6343362824509 7228.5113198156441 7658.7284042308429
vn -0.15551289035187366 -0.93331781603585118 -0.32362570232364896
v 2340.8875347912399 7536.9279836513815 7835.2671580466231
vn -0.51638613246162135 -0.79832394231370607 -0.30987779095964829
v 2121.5031848716239 7752.6638090586293 7877.1092386828695
vn 0.8505236354732697 0.41776106282608033 -0.31950780880560103
v 2394.9642211879327 7592.6821373091825 7806.6373853436135
vn 0.56957969040533951 -0.81962031150900905 -0.061656477677797257
v 2260.9713208518406 7562.930099523699 8002.2332846825566
vn -0.36461068015131731 -0.67887515781945273 -0.6373284647771561
v 2018.9749025341589 7755.3188878563815 7932.7478167107492
vn -0.46418417198482931 0.32038081718190747 0.82576581817159977
v 1827.0083212680602 7779.0876317416933 7807.3438717294994
vn -0.45114158500240753 0.62260120710580735 -0.63940519797066653
v 1821.5252063053563 7774.5339980849731 7809.3668870094289
vn -0.4691603424156266 0.68259213076456493 -0.56031826324218914
v 2505.2628289470158 7560.9608544129514 8099.9576877100189
vn 0.16866923760071267 -0.84960838336386757 -0.49971620266410205
v 1932.9360283454698 7729.1440447052037 7863.5074004680173
vn -0.48436489484753165 -0.83645320319045191 -0.25639166817931536
v 2491.0060534263757 7521.8122888811413 7626.3252785487921
vn -0.63014667199936547 -0.70704142791684266 -0.32094795680520583
v 2170.7593027315743 7669.1118918693392 8016.2435109898288
vn -0.45709886355676144 0.62606502987306611 0.63174615733311268
v 1954.8979873134676 7594.6288566382636 7821.4045841154157
vn -0.81009999928189957 -0.5810078840307078 -0.078535532452679149
v 2334.7383489760205 7541.905395963382 7841.06625299402
vn -0.72526350647651194 -0.67100858658285367 0.15407895023485602
v 2028.0179145551447 7807.0930279907916 7863.1351249444124
vn 0.038462465026117366 0.99924429034806883 -0.0056113270176317903
v 2334.8231843180693 7561.0255223198546 7988.1049802989655
vn 0.43934579587595418 -0.65688941417624158 -0.61275734935561443
v 2872.352595610213 7273.2194651994214 7723.9541834621705
vn -0.52950918946522019 0.28385066334754039 0.79940529094386592
v 2299.9878022900448 7677.6386448467802 7640.274394260995
vn -0.17048259603000945 -0.35970204148812629 -0.91736041216096897
v 1928.4254021944889 7728.7497141772155 7849.0468250378763
vn -0.058762446487641173 -0.9979119272702357 0.026809705231329688
v 2563.4738916633851 7589.5444770731656 8086.2367935490092
vn 0.71024654581864799 -0.55512254335956035 -0.432884287086852
v 2720.9287662852839 7382.926819042601 7626.5338781812079
vn -0.62838614301144369 -0.71013461521994858 0.31755264687546997
v 2340.4768681373962 7541.923280352341 7820.4220661251966
vn -0.5157018482876039 -0.84836266547596129 0.11971796648486492
v 2081.1438137708683 7676.9192274632869 7779.5421947227678
vn 0.6414063744358135 -0.76532430256087358 0.053633709016041885

# 6666 facets
# ------------------------------------------

f  2109 3263 990
f  2036 2090 2667
f  839 1485 180
f  1006 2713 1480
f  1609 2442 1312
f  2457 1455 2492
f  1868 121 2037
f  1539 1195 677
f  2816 2358 2872
f  1050 123 963
f  2985 2326 360
f  1244 1469 66
f  1319 983 3131
f  2898 908 2665
f  2377 1716 1836
f  1462 1667 2851
f  700 1457 1153
f  2562 873 67
f  116 705 27
f  1519 2957 1040
f  2853 212 186
f  2404 2518 647
f  2698 3118 1784
f  2646 2439 2641
f  1672 306 1783
f  427 1723 429
f  2850 1597 2231
f  382 3130 2986
f  1379 1883 1085
f  2920 138 663
f  110 1121 1796
f  3095 1065 2182
f  2069 3208 2304
f  2766 1075 1909
f  1473 501 1728
f  2367 3211 2663
f  3053 2495 801
f  1275 663 2967
f  2147 1371 735
f  396 1515 838
f  579 396 838
f  362 701 2591
f  223 1537 1017
f  311 2706 969
f  2318 1783 2950
f  3325 48 259
f  54 269 286
f  1076 538 2870
f  2445 811 2263
f  21 976 1600
f  1692 1308 2108
f  102 3159 146
f  1690 2755 3309
f  2018 2849 2642
f  2397 77 897
f  855 1731 1403
f  723 1735 974
f  763 2987 2622
f  1885 2202 39
f  1594 1851 2476
f  113 3155 438
f  1218 2240 1745
f  1016 702 2965
f  1594 33 313
f  506 1415 2841
f  2713 846 1480
f  759 2446 3326
f  3183 1145 3206
f  1280 2262 2846
f  2601 744 1474
f  531 826 1251
f  123 936 963
f  1607 638 249
f  2973 40 522
f  2737 2076 2680
f  3128 767 2297
f  45 325 3206
f  281 661 441
f  544 380 1955
f  1692 1854 1308
f  970 1407 3003
f  2152 2502 1339
f  257 1861 2999
f  1080 257 2999
f  2345 1640 663
f  1709 2783 1957
f  1588 1576 64
f  2212 3059 132
f  2288 141 1753
f  2636 375 346
f  2855 2003 2887
f  416 3130 2704
f  2942 332 1344
f  1849 712 482
f  1220 1497 778
f  259 757 881
f  1207 80 367
f  2656 1673 1313
f  526 291 2681
f  2420 782 2161
f  2955 37 333
f  3026 3210 867
f  943 3026 867
f  2129 620 1456
f  2348 769 1555
f  1899 1526 2329
f  1003 431 160
f  2184 1798 120
f  782 2917 2486
f  1411 1381 3081
f  2706 2945 1139
f  2368 1052 2857
f  931 2020 3237
f  2116 656 206
f  3157 1721 2158
f  2216 2735 1730
f  891 905 2334
f  1525 2930 1869
f  2280 1990 3271
f  194 1074 978
f  706 237 454
f  3209 1579 1928
f  1949 1698 2808
f  413 1852 2447
f  2891 331 469
f  3272 2565 2587
f  1036 2613 3103
f  2083 1898 2232
f  3302 2479 91
f  2295 1144 1868
f  3099 2427 2153
f  330 214 672
f  870 3038 2315
f  421 1168 2688
f  2928 246 1870
f  1070 1734 2043
f  2859 195 1684
f  369 2417 1221
f  2021 3004 1374
f  1545 32 2001
f  1204 2631 1601
f  212 2853 383
f  3210 3051 1521
f  753 2070 1233
f  2946 1359 2621
f  1934 1191 1764
f  1379 1283 1936
f  3065 1900 1163
f  1143 780 964
f  105 863 2563
f  151 2510 2892
f  3260 2458 2761
f  471 1536 1325
f  15 1249 2828
f  1699 3084 515
f  2271 726 2058
f  67 1253 2806
f  474 2825 29
f  1013 991 1678
f  2486 1961 782
f  1770 2114 1727
f  2042 640 2490
f  1934 908 354
f  253 3239 397
f  1028 1726 966
f  2470 420 2485
f  2297 1116 2733
f  3296 2300 258
f  1351 1525 1869
f  1787 2538 531
f  3244 1060 1535
f  2520 1391 3059
f  1284 2230 2928
f  782 2420 2738
f  2562 2127 796
f  2912 428 1287
f  128 2167 2044
f  3235 346 1605
f  2469 1488 340
f  968 426 2516
f  1088 1773 1247
f  54 286 2391
f  2878 1093 2145
f  2664 3097 1657
f  2775 2462 1749
f  3251 2953 1176
f  617 1223 815
f  815 556 617
f  516 2454 1867
f  706 459 3268
f  3304 2773 833
f  301 2074 2390
f  1668 374 1434
f  1066 2790 1422
f  1867 2876 516
f  1711 2012 1278
f  2924 1688 742
f  1134 2326 2818
f  19 1100 1005
f  864 1393 46
f  854 9 338
f  1199 2111 1848
f  848 789 2710
f  1021 2707 1653
f  943 1341 812
f  896 225 960
f  2183 1856 1568
f  2523 234 902
f  1159 693 2919
f  6 2548 3207
f  1131 1137 1227
f  1891 1967 1089
f  1001 719 2
f  962 1737 774
f  2077 3293 596
f  584 2486 611
f  2926 1306 2792
f  1920 372 1617
f  2447 3319 156
f  1488 784 1201
f  2472 2040 1901
f  131 1609 1466
f  223 334 2224
f  1699 1682 2452
f  2652 2478 1140
f  1079 2654 2964
f  903 1214 2340
f  1185 1361 1347
f  988 2516 1062
f  395 2618 2276
f  1880 773 1713
f  869 926 1590
f  2060 1996 1828
f  1625 3141 932
f  690 649 1278
f  1902 430 2879
f  1727 2114 1653
f  1776 3067 1266
f  3179 2818 1517
f  3191 2829 2298
f  2752 2930 901
f  1650 222 1509
f  2594 3110 131
f  1932 131 3110
f  337 2835 925
f  3181 877 2290
f  1115 2984 1641
f  415 2778 1452
f  2908 2214 2995
f  318 2214 2908
f  2982 2238 2995
f  2722 48 1820
f  900 3043 651
f  1934 2517 1191
f  886 270 1658
f  2712 654 1198
f  1168 1868 2688
f  2845 1069 2313
f  1817 2918 1560
f  1407 970 2263
f  1483 1381 3132
f  1306 2373 2792
f  2834 2495 3053
f  2537 560 733
f  367 493 809
f  1824 1324 38
f  38 1615 1824
f  47 301 1442
f  2013 1708 1641
f  3297 154 1843
f  1819 3057 950
f  596 3293 287
f  2413 2029 800
f  1707 2702 56
f  2195 793 3136
f  2448 2411 3286
f  2333 86 1180
f  347 278 2172
f  1186 1459 1942
f  149 2854 2324
f  642 2845 414
f  2333 2284 2747
f  1767 33 1030
f  2851 457 1866
f  1988 2733 1116
f  2879 1916 856
f  599 805 2378
f  906 90 879
f  2578 2077 596
f  2747 3166 520
f  682 2401 796
f  2532 157 644
f  588 1447 3327
f  1267 2139 1829
f  787 2844 1152
f  1624 1831 2667
f  2668 87 2655
f  168 2387 427
f  1496 1118 2942
f  1485 839 2054
f  2394 1130 2370
f  119 2672 1004
f  2876 3072 104
f  352 2406 1790
f  2096 3297 589
f  911 1953 2021
f  2397 1059 77
f  1564 1680 527
f  1265 1715 2115
f  602 1451 3110
f  378 1282 2825
f  764 928 1380
f  565 89 2817
f  1207 367 509
f  2354 3220 519
f  2705 3153 1308
f  845 2175 344
f  489 3040 2804
f  1382 489 2804
f  2928 2567 2837
f  3272 1629 1825
f  746 2775 2887
f  2403 2337 2957
f  46 1565 1389
f  1652 2419 2483
f  3111 2198 1637
f  2879 678 399
f  3115 1467 840
f  2685 117 2137
f  3268 3123 97
f  1729 1609 2161
f  455 2657 1243
f  2447 156 413
f  98 481 3
f  3207 2342 2674
f  2802 3083 1448
f  3280 1957 1511
f  1025 2239 1659
f  1181 2094 2097
f  2440 2699 1643
f  2988 569 3010
f  2617 695 295
f  2086 1872 1686
f  1234 499 1287
f  2187 2185 1885
f  63 2406 264
f  416 1717 2411
f  1717 416 1540
f  1774 3156 718
f  1045 755 190
f  718 68 691
f  52 2078 2418
f  490 289 184
f  1429 1552 891
f  663 2881 2967
f  893 3080 24
f  2991 1843 154
f  2535 3321 2503
f  3092 401 2164
f  645 783 2240
f  3153 1799 1308
f  971 1930 3024
f  678 2693 2122
f  2106 1192 1754
f  962 2410 1737
f  2100 547 770
f  1223 617 150
f  1806 17 1449
f  1343 337 982
f  1978 2363 2364
f  947 1075 2766
f  2172 3138 2031
f  236 1576 7
f  2615 2293 1815
f  1600 2977 3196
f  1122 2396 3065
f  2407 2135 227
f  1899 2329 2741
f  2960 1913 2302
f  942 3054 2244
f  2089 235 326
f  1511 1352 3280
f  296 652 1403
f  2718 3019 1823
f  365 2806 1253
f  2873 417 110
f  706 491 967
f  1523 3036 3287
f  1089 1967 3199
f  2062 394 1436
f  2087 440 1050
f  3314 1180 246
f  1711 2628 219
f  198 1235 1493
f  1088 955 2217
f  3226 2201 1577
f  1582 1560 2467
f  1924 2996 2030
f  1665 2896 2943
f  15 224 559
f  1607 249 3136
f  3202 2266 923
f  2786 1737 1121
f  2570 2191 2640
f  2045 1843 2991
f  2104 3150 2883
f  2522 2150 215
f  2867 41 2767
f  2162 2882 1707
f  1260 2524 1851
f  957 403 3090
f  2377 1149 96
f  217 2399 2828
f  1557 1566 2409
f  1798 2154 2537
f  829 1291 2573
f  3204 318 423
f  1944 1228 2598
f  2469 720 1928
f  1797 2383 2601
f  2477 3208 2069
f  3075 1924 479
f  611 2917 2593
f  1346 658 1919
f  962 872 2410
f  719 2506 2
f  2328 164 2007
f  84 1421 1805
f  223 133 635
f  2384 1303 965
f  2945 2706 2759
f  83 1860 1972
f  631 1164 95
f  95 2509 631
f  1101 1903 248
f  3149 929 2986
f  1478 2942 1344
f  2835 2971 925
f  3281 1671 3070
f  1350 3119 161
f  2986 2687 382
f  3327 1983 2317
f  2460 58 2990
f  1947 1381 1165
f  1968 1348 2056
f  1565 436 1676
f  1478 1941 1496
f  3180 2041 2170
f  3307 1217 191
f  2965 702 2568
f  584 1961 2486
f  1604 1769 565
f  1494 984 2778
f  1384 774 1472
f  227 876 2407
f  763 1765 2454
f  1118 2165 1463
f  1498 1579 3209
f  3005 727 590
f  630 3079 951
f  1981 507 2328
f  399 770 513
f  538 1361 530
f  890 3324 530
f  2847 594 2785
f  264 1021 63
f  216 3286 2789
f  2225 880 2103
f  2103 2373 2225
f  619 2487 899
f  1903 3219 3041
f  2261 1048 3125
f  2903 2235 1014
f  667 1914 2515
f  2318 353 997
f  2401 298 1635
f  3232 1494 2778
f  2271 1056 2507
f  1820 917 2325
f  2585 534 2423
f  2275 1608 2524
f  162 2730 2515
f  1839 1176 2119
f  3207 1154 2755
f  1767 2710 313
f  696 3052 2204
f  917 2672 1011
f  1101 319 986
f  1977 827 646
f  146 1752 1931
f  2165 1118 1496
f  752 2138 11
f  618 117 502
f  1866 220 350
f  878 2294 178
f  2903 1777 252
f  2235 2903 252
f  1023 1159 2919
f  2110 861 1366
f  1100 1037 1005
f  2226 3150 3160
f  3050 2310 568
f  987 1946 1933
f  948 660 207
f  2724 720 340
f  738 1756 2711
f  775 1454 2366
f  2134 3122 1563
f  965 2621 821
f  133 1695 3214
f  1890 2784 630
f  2023 413 1706
f  2207 2805 1203
f  1646 3185 3308
f  2473 1512 2180
f  583 1879 2598
f  575 2360 1331
f  537 2349 1613
f  76 191 1217
f  114 1735 723
f  2073 1441 3105
f  1712 1528 1493
f  2414 3244 1535
f  1550 1942 1217
f  2056 1464 1910
f  2159 2671 2787
f  2358 240 2554
f  1853 871 622
f  2820 3106 1501
f  3146 1840 1571
f  898 2754 2260
f  2449 1476 171
f  133 223 1124
f  847 3049 7
f  2908 726 423
f  2641 2439 2959
f  2287 1182 1356
f  1299 2001 1289
f  1808 1164 1266
f  89 1850 2817
f  1566 1891 2266
f  593 371 604
f  2220 395 2276
f  638 2392 2173
f  2998 1133 2979
f  63 1653 2434
f  3284 922 823
f  19 2969 1100
f  1790 1935 310
f  593 1816 1551
f  751 2247 1084
f  2119 2893 3063
f  1636 3191 497
f  865 765 2925
f  2258 2084 851
f  2690 2476 1608
f  1966 692 3216
f  52 2418 165
f  2050 2999 2613
f  202 2632 2856
f  550 700 1153
f  1490 58 1311
f  2683 2114 1770
f  555 3112 2822
f  501 2822 3112
f  1851 1283 1379
f  1653 3197 1644
f  1406 2146 1628
f  2620 2307 878
f  628 1987 1271
f  46 1071 3077
f  778 45 1220
f  1049 3158 17
f  916 2738 1932
f  2161 1609 131
f  552 2983 1052
f  725 37 2955
f  368 1645 1445
f  199 1206 1584
f  384 451 2497
f  2241 97 1782
f  1846 1418 209
f  2309 1794 345
f  577 646 174
f  2673 192 2999
f  1256 1685 47
f  1918 2833 3071
f  3155 2601 324
f  3237 3078 3317
f  2770 1479 2405
f  1338 1225 2186
f  1962 979 1404
f  1268 486 717
f  2407 436 3264
f  2398 2134 1563
f  528 2465 2140
f  839 308 3278
f  3219 1751 3041
f  3074 2498 2543
f  1088 2635 1262
f  1262 1506 2913
f  2358 3239 253
f  304 739 993
f  883 2110 1741
f  198 3295 3061
f  318 719 2214
f  2469 340 720
f  2370 1345 1300
f  287 2144 703
f  651 1230 683
f  1236 2042 3089
f  387 284 1272
f  1622 559 1361
f  3242 1789 1992
f  1017 1309 334
f  1859 2341 1423
f  3149 1408 125
f  1380 10 2244
f  809 641 983
f  1260 1315 2468
f  2524 1260 2468
f  2684 93 1196
f  2099 800 885
f  1341 867 1521
f  897 2014 1213
f  86 1763 1180
f  2843 1392 3143
f  1298 1197 372
f  1558 2875 1741
f  2797 728 2772
f  3279 1137 2201
f  3226 2888 3279
f  2631 1420 1601
f  1639 1000 64
f  129 25 1320
f  1990 1781 2237
f  1718 2911 626
f  1165 2102 1221
f  799 1956 2625
f  587 129 2303
f  2338 3229 2419
f  2874 981 2067
f  2180 12 2473
f  3294 539 570
f  2060 1828 2968
f  1259 419 282
f  2421 2348 1638
f  2116 206 47
f  2261 36 1048
f  705 1893 605
f  1301 2348 1555
f  992 1959 225
f  527 222 3046
f  1725 2230 1161
f  490 184 675
f  2942 1478 1496
f  165 1974 61
f  1164 232 1266
f  2057 2907 1814
f  1257 1362 729
f  2036 1487 132
f  2048 2033 1055
f  1786 1141 1106
f  3065 1163 2282
f  463 1855 2440
f  2910 2022 2283
f  288 1231 3162
f  2150 2408 1126
f  1998 934 1651
f  2541 2763 327
f  1540 2116 1717
f  2030 816 3205
f  1337 2981 335
f  1763 1012 385
f  2792 504 1613
f  3018 3311 2145
f  2361 1101 986
f  2924 204 697
f  1583 2480 3297
f  3283 2070 1580
f  1251 1787 531
f  2674 2088 3207
f  1837 3199 1566
f  2275 889 1264
f  688 3026 1871
f  1514 3214 1038
f  77 1059 1514
f  373 358 859
f  1368 827 1386
f  2299 3308 34
f  1917 439 1762
f  17 1667 1049
f  106 1553 5
f  392 30 1773
f  750 2635 1247
f  997 353 742
f  374 2661 1434
f  1584 260 2325
f  1276 285 1011
f  1546 1730 2927
f  1427 2830 2883
f  314 104 48
f  965 2008 2384
f  1980 3038 1399
f  819 3078 1193
f  1330 2068 3284
f  2068 922 3284
f  2315 976 1800
f  2283 878 178
f  3241 673 1377
f  206 656 2074
f  1023 938 3023
f  2223 1386 832
f  1149 586 2425
f  2456 2455 3217
f  444 708 1876
f  2303 129 3187
f  398 2481 3000
f  2803 2655 601
f  1527 2240 3120
f  3277 118 258
f  2557 3245 2838
f  2360 3064 1252
f  421 2688 660
f  64 921 1588
f  204 343 1814
f  506 2841 2554
f  1749 1791 2775
f  3221 1760 1730
f  227 862 533
f  802 2723 2570
f  710 3284 1596
f  50 721 2637
f  1194 2537 2154
f  2628 3025 797
f  527 561 1564
f  2649 1077 153
f  1566 1967 1891
f  314 3119 262
f  930 314 262
f  3098 3317 819
f  669 605 637
f  3146 2949 1328
f  1567 2547 1149
f  3220 2734 519
f  2538 3070 2719
f  2566 791 1046
f  2134 2843 1043
f  1207 2374 80
f  3143 1043 2843
f  742 343 204
f  275 2661 2616
f  16 3005 1567
f  2365 2884 764
f  2529 3312 1811
f  1811 3148 2529
f  688 968 1388
f  688 426 968
f  1911 459 1370
f  1361 890 530
f  3280 397 1758
f  2135 2407 3264
f  2709 2368 1660
f  1951 1732 907
f  1476 1837 3152
f  225 344 1477
f  327 85 2541
f  2204 3052 1598
f  322 95 1808
f  2881 690 2967
f  2545 3114 938
f  3217 968 2456
f  2562 1662 873
f  2019 2108 1799
f  1875 658 3069
f  291 238 3248
f  1098 71 1321
f  1748 1652 3109
f  425 2915 153
f  918 3145 412
f  2814 45 1386
f  68 718 2906
f  492 1857 2741
f  2257 3112 555
f  2416 1229 761
f  1746 1842 1323
f  2854 2133 2324
f  492 2259 1857
f  2564 1116 767
f  2002 2255 179
f  1108 2247 2068
f  2647 738 2711
f  954 2666 1483
f  1590 926 3008
f  2492 2115 1715
f  2167 2963 398
f  243 2309 1460
f  396 33 1594
f  1803 3230 582
f  2310 2923 568
f  1327 2172 278
f  1244 66 2391
f  2117 12 2180
f  1385 3292 453
f  3234 2211 1022
f  2741 2824 2863
f  1023 3023 1159
f  2366 880 3021
f  2839 2831 1635
f  3255 389 300
f  1800 1578 795
f  857 588 42
f  1471 2149 3274
f  2553 2193 2791
f  1136 527 59
f  1251 2202 1787
f  3215 487 1592
f  309 1530 1277
f  1229 2416 1455
f  1725 2141 2166
f  3199 31 1089
f  1522 2169 1519
f  2827 2260 2098
f  74 1821 2063
f  2136 1124 2224
f  2192 2491 2650
f  1822 1887 545
f  743 294 2526
f  1759 2979 247
f  486 1268 2430
f  1386 230 2814
f  1873 230 284
f  731 2306 1190
f  209 734 1373
f  2898 1148 511
f  2121 846 1098
f  3262 160 2470
f  3027 2331 887
f  2301 1562 2857
f  2838 1091 2557
f  2307 2326 1602
f  1621 2965 1205
f  1100 2969 2938
f  129 2501 1905
f  3011 1884 1883
f  2427 101 1369
f  1705 1470 2790
f  771 1746 1323
f  236 2268 682
f  192 1080 2999
f  3044 1430 1620
f  430 3134 2472
f  1444 79 3055
f  750 3055 79
f  2664 1657 2082
f  827 1368 2612
f  1326 3099 1218
f  460 2691 3010
f  251 2505 2869
f  2863 1899 2741
f  2299 2666 954
f  1866 1295 610
f  2823 851 2344
f  1571 1840 277
f  3039 2489 3108
f  2518 1234 428
f  3189 1063 62
f  2715 268 3161
f  3161 989 2715
f  527 1136 281
f  281 2973 527
f  1380 928 1408
f  22 2399 1722
f  689 1012 86
f  717 1574 2660
f  2665 1934 1550
f  1872 1178 1686
f  1993 2958 2210
f  3005 16 727
f  2589 2132 3210
f  1214 2870 530
f  2153 1824 1615
f  175 1986 2386
f  2636 346 1880
f  980 3121 312
f  2337 529 2957
f  1759 3025 1711
f  1733 3278 308
f  2910 510 17
f  671 2171 661
f  2381 521 3267
f  1697 962 774
f  2399 2895 2828
f  2253 1385 2291
f  2396 1122 1838
f  3230 2396 1838
f  29 2825 1282
f  189 1743 305
f  474 378 2825
f  115 2441 684
f  2765 2441 1780
f  3308 954 1646
f  2143 1448 3241
f  494 1832 1231
f  2724 2634 3321
f  1378 2679 2425
f  2736 2904 1243
f  1205 199 1241
f  2276 777 2444
f  1346 93 147
f  441 443 457
f  726 2507 2961
f  798 3032 2152
f  1725 1451 1836
f  3188 851 946
f  2198 2882 989
f  3127 872 962
f  499 373 1287
f  1244 1014 1469
f  356 228 803
f  228 356 3231
f  2112 3286 1685
f  240 2144 2554
f  1930 971 782
f  12 2878 637
f  1569 2067 981
f  1048 1129 3125
f  96 2491 2577
f  1036 3103 624
f  1088 1247 2635
f  1101 248 1240
f  1061 1101 1240
f  1273 751 145
f  808 549 1696
f  1885 3147 2187
f  2953 3104 79
f  2932 70 2292
f  2883 939 1570
f  2532 1222 2658
f  317 2105 1139
f  742 204 2924
f  2202 558 1787
f  2319 1669 1160
f  2107 2821 1105
f  3254 1370 2015
f  2813 2667 1831
f  1939 2104 2883
f  2389 3189 62
f  801 2675 363
f  1831 1624 919
f  1962 1909 1075
f  2711 973 1890
f  1762 1854 1367
f  3242 3169 2867
f  267 994 650
f  736 267 650
f  293 387 539
f  907 2043 2290
f  377 758 2280
f  2612 772 827
f  585 2521 256
f  886 1242 3029
f  2392 2070 1979
f  396 579 1030
f  2813 1831 289
f  2132 2281 2438
f  66 1813 2391
f  2018 1787 558
f  2754 963 2260
f  158 3084 756
f  756 1871 158
f  609 2451 2450
f  933 3052 307
f  3214 635 133
f  3286 745 370
f  3164 623 1683
f  376 120 361
f  83 200 201
f  3069 238 1700
f  884 2106 2
f  2032 3267 521
f  874 3174 1812
f  1395 3055 30
f  2861 2981 3287
f  1837 484 2356
f  2155 1300 2587
f  693 1159 3038
f  171 1925 379
f  1604 2817 622
f  2064 151 2922
f  142 3300 798
f  3227 1804 2552
f  1662 2831 2312
f  75 880 2225
f  1484 713 331
f  3224 1582 2433
f  2934 172 2489
f  2408 2150 385
f  476 2662 1468
f  2658 18 2532
f  1386 827 1977
f  869 2308 540
f  2096 154 3297
f  1367 1917 1762
f  439 1917 2614
f  591 180 1485
f  2751 1335 3021
f  352 1665 2406
f  1258 2724 340
f  2805 2207 715
f  223 3045 1537
f  435 2606 2785
f  2643 1261 1677
f  2773 2971 1343
f  1109 177 2281
f  1040 2215 333
f  2862 3285 668
f  2717 567 2105
f  221 1693 1146
f  3216 900 651
f  2890 1658 2987
f  1183 1679 2608
f  2970 3113 844
f  1327 3138 2172
f  2693 972 2122
f  2623 552 1125
f  485 766 1385
f  3031 128 685
f  793 1169 3136
f  2144 240 2816
f  1336 836 74
f  3139 173 2890
f  1822 1259 3201
f  442 3201 126
f  1374 3014 536
f  3211 2367 918
f  2365 1345 2245
f  1508 1079 852
f  3053 563 2834
f  136 166 547
f  2975 869 1140
f  2975 1140 2478
f  2393 849 1949
f  2578 506 2638
f  1599 2659 2188
f  939 316 3255
f  2394 2155 1130
f  2630 3172 573
f  763 3139 2890
f  2322 922 2068
f  2360 1252 1331
f  1222 185 2686
f  1591 1562 1847
f  2472 1901 2446
f  1399 1800 795
f  2110 1366 1741
f  136 1978 985
f  1160 271 2319
f  592 2201 1481
f  2570 1853 802
f  2641 2959 814
f  2640 2191 1775
f  2273 2038 341
f  353 3227 1254
f  536 2498 4
f  2693 678 2879
f  1453 2422 885
f  3241 1448 2023
f  1584 1206 260
f  1587 2130 105
f  438 1170 1502
f  2184 1502 1170
f  2156 503 1910
f  2266 273 3087
f  1530 1907 519
f  2575 3290 2511
f  2732 2484 996
f  387 2190 284
f  69 2844 3100
f  2440 2203 1964
f  1064 1440 2395
f  2333 1180 2284
f  1470 1705 945
f  3304 1443 2971
f  1714 2950 723
f  2584 2666 1936
f  787 835 1948
f  2354 519 2678
f  990 1471 2109
f  2336 2016 673
f  1278 649 1160
f  2901 2463 2902
f  2603 2975 1689
f  1389 1676 2846
f  1308 1854 2705
f  2101 2398 2827
f  322 1072 95
f  1486 3019 2714
f  1273 145 2951
f  2141 766 2166
f  1015 1200 841
f  1157 1023 693
f  2681 3008 245
f  2259 320 3115
f  1558 1543 2875
f  2124 1996 1994
f  772 646 827
f  3061 2644 1956
f  2815 2614 2174
f  1553 2682 1971
f  1463 1904 1118
f  483 2935 3177
f  305 465 2771
f  1587 3038 1906
f  902 234 1832
f  1491 2853 861
f  1054 384 2497
f  273 2266 1891
f  42 588 190
f  1182 2798 1356
f  149 393 1099
f  1 1483 2608
f  2915 3198 1943
f  2342 3207 2548
f  1352 3331 3280
f  3204 2550 318
f  1448 2143 2802
f  2127 1402 796
f  1011 119 1276
f  579 432 486
f  624 1904 1036
f  1619 221 2017
f  193 3260 2761
f  1142 13 1621
f  1904 2942 1118
f  36 2992 1219
f  2043 1732 1070
f  127 2603 2045
f  997 1688 1064
f  800 2099 1428
f  2834 2595 388
f  935 2920 235
f  502 286 65
f  286 269 65
f  2061 1207 1788
f  3218 295 2356
f  1887 1742 466
f  2145 1093 2715
f  3112 1123 501
f  2078 2369 2764
f  676 3322 1135
f  2370 3175 1345
f  2843 2101 398
f  2530 1384 3015
f  1813 66 1469
f  1761 2604 575
f  2376 1690 3309
f  20 1365 2452
f  1981 1517 507
f  198 2424 1235
f  515 1341 3056
f  212 383 2913
f  1015 2297 2733
f  835 787 1842
f  408 2548 6
f  919 55 1048
f  2401 682 1127
f  3053 363 1494
f  742 1688 997
f  2629 1498 3209
f  1501 325 914
f  653 3222 872
f  2046 1025 1081
f  1269 2117 2208
f  3094 636 1380
f  2294 2779 2852
f  2160 448 3196
f  3043 1589 651
f  3133 1528 1712
f  1914 1410 2515
f  2470 2485 2856
f  704 2101 2827
f  1306 2225 2373
f  930 104 314
f  2062 572 394
f  2987 1658 270
f  606 921 1000
f  889 1627 901
f  3154 107 211
f  1419 610 99
f  245 3008 82
f  1874 488 686
f  2538 1691 531
f  1192 2106 884
f  508 186 212
f  212 1506 508
f  3130 3149 2986
f  2798 1592 953
f  232 1666 420
f  475 2295 3142
f  662 1480 897
f  406 2947 2471
f  2233 1339 2726
f  1365 456 188
f  483 781 2374
f  3328 1962 819
f  3140 1704 1257
f  822 2778 415
f  367 80 493
f  470 2296 1660
f  654 2712 2803
f  1783 723 2950
f  2141 88 2291
f  276 1264 889
f  2832 836 1336
f  627 2837 791
f  1070 3031 3259
f  3110 1725 1161
f  3151 3063 3163
f  830 698 570
f  674 2338 1102
f  208 3064 2360
f  1374 1281 498
f  669 1573 2978
f  2479 3302 2925
f  398 2963 2351
f  450 2001 32
f  1503 120 2285
f  2685 2694 1294
f  2504 1088 2217
f  1146 2935 3168
f  59 634 882
f  643 1505 3117
f  3033 1519 1040
f  2847 1921 847
f  1569 981 2070
f  767 1116 2297
f  1521 867 3210
f  3167 1785 2941
f  2032 2781 3074
f  4 1705 2790
f  1974 1556 84
f  1347 2212 1185
f  1637 2980 1618
f  1605 375 3183
f  3133 478 393
f  1990 816 2940
f  2742 119 1004
f  2057 1814 1533
f  369 2102 1013
f  1054 2157 1895
f  1450 3081 1381
f  254 1809 2046
f  2780 3266 1551
f  627 2787 2671
f  872 2572 894
f  1136 59 882
f  2304 2947 2069
f  2763 1292 1453
f  2188 2599 1039
f  3066 3270 2909
f  2839 2789 1795
f  2913 2305 1262
f  2223 359 1368
f  1981 909 1517
f  1655 2862 3273
f  1043 3143 3030
f  3191 1636 2829
f  3002 1097 2010
f  911 2021 687
f  2361 986 102
f  788 2219 2780
f  2721 1317 2269
f  173 242 1544
f  2557 513 1536
f  2973 302 40
f  3324 1214 530
f  1737 2434 940
f  1678 2599 1013
f  414 2845 229
f  495 2187 2984
f  2696 2912 1287
f  1850 1548 904
f  1666 232 3286
f  1786 2858 843
f  424 2229 2179
f  1899 2863 43
f  1175 1120 996
f  2696 1287 1396
f  1822 545 3193
f  778 1497 2322
f  2918 3253 2609
f  2335 1560 2609
f  2744 944 1863
f  2158 458 828
f  89 565 1044
f  1676 436 2407
f  416 2411 2448
f  579 2371 3096
f  1258 3257 576
f  710 2643 1677
f  1897 1590 2681
f  1090 2459 129
f  272 2840 226
f  1119 222 1650
f  2745 557 2727
f  1865 1511 2579
f  3286 232 631
f  2327 2239 1025
f  158 3026 812
f  1559 386 281
f  1 1679 1296
f  1619 2017 2526
f  3078 819 3317
f  3130 2197 2704
f  376 361 1712
f  1712 361 733
f  364 2226 771
f  1583 3297 1843
f  3137 768 1779
f  527 1968 855
f  1613 2729 537
f  545 1887 466
f  1267 2298 2829
f  341 761 2273
f  1533 343 1848
f  2348 122 1638
f  556 1926 481
f  1747 1668 2067
f  1307 2502 2708
f  1146 3168 3020
f  2553 2174 2614
f  908 1934 2665
f  190 755 42
f  1058 3254 2933
f  297 1628 370
f  1190 2306 1511
f  2032 1458 1033
f  2172 2031 347
f  2475 1201 784
f  2302 2861 1110
f  1097 3002 1449
f  459 1911 3268
f  1107 2175 1215
f  2494 2470 2856
f  1382 2350 2868
f  2209 108 276
f  142 2233 2256
f  323 557 496
f  1744 92 272
f  1822 419 1259
f  2770 43 1479
f  2138 1722 620
f  2033 1475 916
f  2738 2420 131
f  1302 152 3114
f  2979 1759 1192
f  2317 707 3327
f  969 451 2089
f  2940 816 3274
f  1701 755 3033
f  1184 2867 3169
f  1585 1885 2185
f  1280 1077 2262
f  1743 949 1849
f  780 1143 3258
f  1733 2047 175
f  1560 1582 3224
f  273 1891 1958
f  1837 2356 295
f  3291 2798 3234
f  3207 2755 1690
f  1734 2906 1184
f  2194 1298 1525
f  2357 1851 883
f  1741 2357 883
f  1335 2904 2164
f  2287 737 1998
f  1187 2741 1857
f  2467 2896 1582
f  2085 1120 1175
f  1966 683 1329
f  2860 790 1232
f  1172 2102 418
f  1491 2728 383
f  1092 886 1544
f  2718 241 1909
f  1712 478 3133
f  2177 2415 1940
f  3057 799 2625
f  3273 3062 1171
f  2345 2721 3060
f  2179 2196 2976
f  514 1337 335
f  3105 2626 2073
f  2320 1155 1818
f  1325 166 471
f  281 1449 3002
f  102 1931 2361
f  3070 1792 307
f  3214 1514 1059
f  1988 2384 2733
f  1401 1742 1887
f  2786 417 3015
f  573 3172 293
f  3295 113 1502
f  1204 1601 3096
f  1578 2784 795
f  2916 3 186
f  1131 404 2905
f  2139 176 3195
f  2802 2600 1839
f  2019 2226 2108
f  934 831 2617
f  2454 2931 6
f  1426 2629 1995
f  1896 16 1489
f  1250 2299 34
f  2964 3233 2427
f  2500 3128 1015
f  3295 198 1493
f  168 1808 1266
f  621 885 2422
f  3149 3286 1408
f  1435 2561 1390
f  1005 1037 1768
f  2694 2685 2137
f  1634 1279 2033
f  223 2224 1124
f  322 546 1777
f  644 2521 1431
f  2697 1323 1842
f  2853 1491 383
f  1057 1999 1611
f  3234 2798 1182
f  1306 2751 75
f  2133 2854 658
f  2167 3000 2044
f  2957 1519 2403
f  1685 2411 2116
f  3167 2249 137
f  505 2946 231
f  727 1709 590
f  2833 1714 390
f  2930 740 901
f  1647 2519 1074
f  2241 1782 3104
f  1395 30 1913
f  1120 2205 2848
f  2205 2264 2848
f  2465 528 529
f  2824 1993 2210
f  2993 14 2287
f  635 3214 1059
f  1371 2147 647
f  1069 2845 642
f  2540 2586 2764
f  3091 2884 2680
f  897 1480 524
f  920 1282 1556
f  2437 808 1696
f  1341 515 3084
f  3125 3118 2261
f  389 1318 2124
f  299 557 196
f  936 123 1720
f  2917 782 2738
f  1707 2882 1073
f  146 2375 517
f  2432 2465 529
f  3097 2522 2169
f  2978 261 669
f  2657 1421 3092
f  2332 1493 1528
f  1805 1442 61
f  2718 469 3019
f  1145 3183 3299
f  804 1337 233
f  2379 1130 2155
f  2059 811 2445
f  2445 1969 2059
f  779 293 2388
f  844 2900 1413
f  1924 1437 479
f  2552 1804 2950
f  480 1352 1865
f  2381 3267 762
f  2276 1410 2220
f  1464 2056 1348
f  2869 1695 251
f  1603 1019 1554
f  1580 925 203
f  1043 3030 2386
f  182 355 194
f  2281 3101 933
f  2293 2264 1742
f  606 2569 1402
f  152 1302 2229
f  1449 281 441
f  486 1574 717
f  1976 2072 1305
f  1687 1555 3184
f  155 115 684
f  3234 1007 2211
f  1091 513 2557
f  1391 2667 2090
f  865 2250 852
f  2609 3253 2272
f  441 457 1806
f  2099 580 1428
f  335 2302 1913
f  3199 1967 1566
f  1314 1083 1615
f  44 328 1894
f  2633 977 1387
f  361 1798 2537
f  3265 499 647
f  1197 1298 2194
f  1045 1046 1416
f  2270 979 3154
f  220 1462 350
f  2847 2606 1921
f  2096 1921 2606
f  2961 1413 2900
f  128 421 2811
f  3164 1686 707
f  1186 1942 1550
f  1934 1186 1550
f  1349 1954 1886
f  2222 1815 2277
f  1299 1289 2540
f  2586 2540 1289
f  2593 916 1475
f  1820 48 1004
f  1741 1366 1558
f  2140 2465 2432
f  2352 1057 1611
f  496 557 299
f  1 1296 1322
f  166 2858 471
f  2521 644 3324
f  2069 3329 226
f  994 267 405
f  833 2773 888
f  216 1408 3286
f  1674 2046 732
f  3135 2479 2925
f  696 307 3052
f  46 1393 1071
f  825 853 452
f  1493 376 1712
f  897 3269 662
f  1914 667 1614
f  2826 828 243
f  79 2635 750
f  1610 450 2748
f  1699 2452 3084
f  850 952 265
f  252 2246 1156
f  2435 187 219
f  629 1991 2966
f  528 3171 2215
f  2895 2295 2828
f  606 1639 2569
f  286 2509 1072
f  1186 1934 1764
f  85 365 1834
f  577 792 646
f  3266 896 960
f  2347 3266 960
f  430 1916 2879
f  1552 2864 891
f  3087 923 2266
f  640 2944 1271
f  221 1146 2698
f  603 1845 3194
f  3194 2891 603
f  761 341 2416
f  2490 2424 3061
f  772 2612 2278
f  700 51 2677
f  1989 1626 3278
f  1367 464 600
f  380 2402 1955
f  1925 171 3152
f  1923 806 1874
f  566 924 2498
f  781 41 3180
f  2858 166 136
f  2263 970 1979
f  986 319 102
f  2021 1953 826
f  2500 841 1664
f  2728 2305 2913
f  299 196 2412
f  1777 1244 1072
f  1778 2739 1613
f  21 1800 976
f  500 23 487
f  450 32 974
f  2001 1299 1545
f  1599 2560 2659
f  1001 2 2106
f  1327 155 74
f  507 2818 958
f  1297 3121 813
f  1882 2023 3083
f  2760 1194 2154
f  920 1735 114
f  2137 117 2692
f  987 1933 156
f  1458 2032 521
f  2125 2347 1950
f  1632 659 82
f  111 1185 2897
f  1704 292 1257
f  518 3298 1432
f  1469 1948 1813
f  3254 3285 2933
f  1555 769 3184
f  3005 2539 1567
f  2679 1055 1567
f  2786 1472 774
f  70 3187 129
f  2414 874 3244
f  990 3261 1524
f  3154 1616 2270
f  826 2719 2021
f  620 2129 2138
f  3276 3240 2445
f  829 1054 1895
f  2343 275 2713
f  3058 679 703
f  1750 73 1534
f  2417 1945 1221
f  3034 1132 317
f  3033 333 37
f  2290 1992 3181
f  2044 3000 2481
f  467 2619 712
f  2361 1878 1101
f  1339 798 2152
f  2503 1572 1715
f  311 2330 2706
f  1178 1872 2159
f  324 1194 2760
f  1131 2905 1965
f  2740 1757 820
f  491 97 2241
f  1821 1080 192
f  172 1290 2489
f  18 157 2532
f  3065 2282 148
f  305 1125 465
f  334 1309 1807
f  2089 451 935
f  593 2801 2311
f  2082 1657 1522
f  3212 309 1277
f  301 2390 118
f  937 585 421
f  1853 2388 871
f  117 3040 2692
f  2204 3275 409
f  2792 993 504
f  1378 2425 2559
f  57 435 205
f  1267 176 2139
f  3079 1578 1516
f  2885 3021 1698
f  2747 1898 3166
f  1878 3219 1101
f  1297 1124 2136
f  1066 1423 1281
f  733 361 2537
f  125 1408 928
f  259 956 1412
f  9 2818 1892
f  1898 2747 2284
f  2758 762 696
f  974 32 1293
f  569 2988 2663
f  2282 1163 2597
f  2330 1629 3034
f  492 2741 2329
f  2686 185 2189
f  946 381 3188
f  2729 3188 381
f  1269 109 268
f  1656 615 3060
f  3167 137 1239
f  2079 253 3331
f  1659 1081 1025
f  2207 2042 715
f  2848 2264 3229
f  2706 2157 1054
f  610 3003 164
f  2360 2604 208
f  2653 607 2669
f  70 2128 1290
f  1099 393 478
f  838 1515 2371
f  679 1424 703
f  683 3216 651
f  1188 746 2003
f  832 1328 2223
f  2177 1748 336
f  292 1788 1257
f  31 3199 1476
f  916 1932 3013
f  313 2334 1594
f  2655 87 362
f  2368 2857 470
f  1023 2919 693
f  2615 2264 2293
f  317 1132 761
f  951 21 553
f  3303 1047 2487
f  156 2336 1706
f  2103 1454 608
f  3054 2079 3272
f  415 285 1276
f  1445 1703 608
f  155 3173 74
f  1180 1763 2107
f  1950 2602 2125
f  2004 1150 2109
f  453 1150 1728
f  1704 3140 141
f  1232 790 267
f  1018 1103 1189
f  566 3004 3281
f  870 1800 1399
f  1373 1907 1316
f  743 2017 1784
f  452 669 261
f  1822 3193 419
f  2862 668 3273
f  2993 394 1360
f  1794 898 2260
f  766 2141 2291
f  1236 3089 323
f  1857 840 2800
f  2167 176 1117
f  2277 2956 1856
f  2956 3076 1856
f  2914 2795 2939
f  1955 1720 1224
f  1219 2992 1623
f  660 948 1035
f  1006 1480 662
f  758 377 1185
f  2130 1587 1906
f  802 2459 1090
f  2346 2490 640
f  2255 1021 264
f  826 1953 1251
f  2039 1645 2793
f  621 122 1894
f  1797 1528 3133
f  2040 2051 1901
f  831 934 23
f  828 2754 898
f  1014 1244 2903
f  3048 1335 2164
f  1776 2631 1204
f  1635 3252 2401
f  2367 3145 918
f  2594 602 3110
f  2076 3091 2680
f  1001 1669 2319
f  1541 2305 348
f  1643 1293 1357
f  2655 2803 2712
f  2556 1418 2730
f  2413 2902 2463
f  1672 1064 140
f  1053 1046 1045
f  1511 1957 2783
f  903 2870 1214
f  417 2873 3015
f  1548 1850 1756
f  2671 1161 627
f  1532 2230 2166
f  1437 210 1788
f  2988 3010 2691
f  547 1325 1536
f  2488 2971 1042
f  1847 1052 2983
f  1235 1271 120
f  619 952 850
f  2726 657 3066
f  932 3223 1625
f  1019 279 1554
f  883 1851 1547
f  57 2774 1002
f  2236 3084 2452
f  2748 2418 1610
f  484 1557 1651
f  1133 1511 2979
f  758 2331 3249
f  2098 1441 704
f  2659 2560 495
f  608 304 2103
f  3128 591 767
f  989 2882 3018
f  2716 1193 3078
f  101 1326 254
f  2241 2456 491
f  101 2427 3099
f  1934 354 2517
f  1269 1093 2878
f  192 2389 2576
f  2629 2475 784
f  3040 2877 2804
f  1540 2859 656
f  3209 1928 3236
f  2741 1187 1439
f  929 3149 125
f  384 2508 935
f  1388 2143 1377
f  2337 2403 2522
f  1622 1361 1185
f  1293 32 1357
f  2482 1482 1575
f  690 1358 3107
f  1280 1095 1077
f  891 2864 542
f  930 2931 516
f  1532 1898 2284
f  623 1847 2983
f  2146 3286 1628
f  2718 1909 2227
f  1711 3016 1759
f  1382 1670 598
f  1067 1620 1430
f  1085 1884 2122
f  2026 868 1303
f  1478 1232 1941
f  897 524 2397
f  511 1148 1051
f  1027 2000 1051
f  2290 877 907
f  1295 443 99
f  1156 2235 252
f  1326 1745 1809
f  1700 526 2708
f  407 863 2938
f  2233 830 2256
f  329 582 3230
f  2074 3296 2390
f  46 3077 587
f  1663 1306 2494
f  2856 1663 2494
f  380 544 2419
f  2239 2327 1809
f  1622 1185 111
f  796 2569 682
f  2618 1342 550
f  502 65 1191
f  2979 1630 247
f  2183 58 1490
f  425 540 2308
f  480 1865 1629
f  2487 1047 1359
f  2353 1174 2289
f  480 3272 2079
f  2170 3131 641
f  272 92 1760
f  1317 716 2580
f  716 2268 2580
f  1732 2043 907
f  1333 255 2622
f  1421 84 1556
f  3151 3185 1839
f  2511 2512 2575
f  2559 194 355
f  1466 2594 131
f  2226 2019 3150
f  3119 314 48
f  547 166 1325
f  945 998 1470
f  2388 293 3294
f  2133 147 2091
f  2913 383 2728
f  1086 1812 521
f  644 274 2532
f  221 902 266
f  22 1922 3001
f  997 1672 3305
f  378 3092 1736
f  1538 1619 1255
f  3211 2652 3141
f  2372 2718 1823
f  2981 1337 1862
f  3004 2021 2719
f  787 633 2844
f  2929 1212 124
f  1031 1505 1008
f  2737 1417 2176
f  233 151 804
f  133 447 1695
f  2701 1531 1647
f  1243 2904 2632
f  1122 3065 2651
f  2059 1969 1981
f  29 306 474
f  73 561 527
f  252 1777 546
f  1678 2933 3285
f  3168 2199 900
f  2910 17 3158
f  2022 2910 3158
f  2669 607 879
f  984 1452 2778
f  648 1261 574
f  2065 2855 2340
f  234 1231 1832
f  3280 2323 1957
f  1446 2317 1983
f  3141 1625 2663
f  288 1468 2658
f  2381 2758 409
f  2556 548 3068
f  3147 39 1859
f  1859 39 911
f  1138 994 1114
f  1518 76 1929
f  2298 2352 1611
f  1238 2285 1271
f  154 57 2991
f  3020 1620 1146
f  1104 3137 3233
f  882 2605 249
f  3166 213 1073
f  116 699 705
f  1095 869 1077
f  917 1004 2672
f  2564 1405 1988
f  2964 2654 434
f  1519 3033 755
f  669 637 2878
f  2356 484 1651
f  2083 2610 3301
f  2278 2546 1583
f  2814 922 1497
f  2179 1044 1982
f  1035 2353 2139
f  193 2315 1755
f  2699 3330 676
f  2008 1332 2733
f  1235 2346 1271
f  1144 121 1868
f  3200 2772 728
f  438 3155 2154
f  290 1523 1212
f  3234 1022 3291
f  2968 2830 2060
f  1012 2408 385
f  1833 2871 1738
f  3055 750 30
f  2434 1737 63
f  3311 3018 2882
f  183 3071 1210
f  578 1360 2088
f  2779 1544 1597
f  1270 3041 1065
f  757 48 2722
f  2523 3162 234
f  1297 813 133
f  203 2488 1499
f  321 2477 379
f  3306 1669 1001
f  2210 2863 2824
f  2277 1815 2293
f  2203 728 1964
f  3028 2929 124
f  14 1182 2287
f  1645 368 2793
f  1694 1739 1036
f  2696 2130 1906
f  2795 2092 2771
f  1538 2523 902
f  3064 208 2402
f  1006 662 2695
f  449 2849 1649
f  696 762 3281
f  203 1499 1233
f  2980 689 520
f  3282 1228 1944
f  2086 1896 2536
f  955 1718 2217
f  1449 17 1097
f  1055 1489 16
f  1487 1230 1504
f  889 2051 1627
f  2058 2267 2271
f  2499 3208 2477
f  1976 321 2072
f  1329 2813 1966
f  429 472 2428
f  3124 1693 2131
f  1419 3003 610
f  511 1923 2027
f  1077 869 540
f  1111 1559 882
f  829 384 1054
f  992 267 1616
f  1961 584 1771
f  328 2355 170
f  2289 1174 1246
f  379 1925 2072
f  1457 2677 2592
f  998 2316 1507
f  382 2750 2197
f  1606 1835 2220
f  3282 218 1228
f  77 1514 2014
f  268 1093 1269
f  3062 1724 756
f  2350 1661 1751
f  403 1309 2286
f  2056 1731 855
f  690 2881 649
f  3129 385 3093
f  3036 1523 290
f  2363 3185 3151
f  3061 1956 799
f  1155 1274 326
f  1508 2250 35
f  865 852 765
f  1223 1543 815
f  768 839 180
f  2057 1151 996
f  2121 995 957
f  835 754 1813
f  3127 1697 1148
f  1880 1211 2636
f  862 1632 926
f  2070 2392 1569
f  1263 275 2343
f  1588 921 169
f  327 2029 85
f  880 75 3021
f  1410 1914 3303
f  3184 940 612
f  2382 802 1853
f  366 958 1462
f  3293 2077 2638
f  629 1630 1991
f  2010 510 2910
f  2743 1144 3001
f  368 1593 1237
f  1073 213 2461
f  975 1950 2347
f  1812 1060 874
f  389 316 1318
f  1670 1382 488
f  1918 11 411
f  2312 873 1662
f  2470 160 420
f  2516 49 2456
f  781 3177 41
f  642 2921 1069
f  2800 1683 1857
f  1683 1187 1857
f  1531 2701 3024
f  2075 721 50
f  2212 887 2331
f  3163 2364 3151
f  3120 783 1068
f  2065 2453 3162
f  536 4 1066
f  1608 2476 1851
f  311 1629 2330
f  1733 1989 3278
f  1180 2107 246
f  714 713 2777
f  1798 438 2154
f  473 736 62
f  1414 2939 465
f  639 686 488
f  2837 1284 2928
f  2076 2737 1996
f  999 2990 1568
f  732 3135 1674
f  2062 1436 2533
f  2533 1436 1651
f  2506 786 884
f  2611 998 2414
f  1576 236 64
f  3216 692 1430
f  1433 2665 1550
f  2307 2294 878
f  2124 1920 1617
f  185 274 2189
f  893 558 2202
f  3080 893 2202
f  2768 81 2571
f  841 38 1664
f  2953 2119 1176
f  1599 3285 2862
f  3309 1154 523
f  2905 2157 1965
f  1331 3225 575
f  2190 387 2889
f  3211 3141 2663
f  2988 2367 2663
f  2745 609 3171
f  994 1603 1554
f  2576 1821 192
f  371 241 604
f  2607 1086 2381
f  1094 2853 3
f  1841 3286 2146
f  88 419 2253
f  62 1063 473
f  1541 2911 955
f  3269 1213 2304
f  1462 220 366
f  1080 3007 257
f  311 969 2639
f  2639 2089 1274
f  2392 1419 2173
f  1077 425 153
f  1881 2267 2982
f  2003 294 1188
f  989 3161 1334
f  2742 3072 119
f  2605 882 634
f  1936 677 1195
f  3128 2500 1779
f  3197 1653 2707
f  655 2005 429
f  1083 1314 2240
f  1669 3306 1160
f  2445 3240 810
f  2127 2901 1402
f  1749 55 919
f  2061 2374 1207
f  2827 1794 2260
f  2681 1590 3008
f  3165 2206 1194
f  1014 633 1469
f  3100 2844 633
f  1346 1196 93
f  1764 654 2803
f  3194 1785 1484
f  2268 236 2580
f  2851 17 1806
f  2113 1049 1667
f  1175 3271 2237
f  2308 3198 425
f  1275 2345 663
f  1824 2153 1324
f  274 185 2532
f  594 2847 2951
f  453 1123 1385
f  2257 555 2460
f  1085 1851 1379
f  2100 1539 2094
f  2954 759 3326
f  2429 3019 1486
f  743 1188 294
f  3117 754 817
f  1211 1880 1713
f  2299 1250 2097
f  1617 2076 1996
f  2709 535 2368
f  2722 1069 757
f  1061 1240 1292
f  217 1533 1456
f  1087 1001 2106
f  621 2422 1078
f  1568 2990 2183
f  2180 1372 2208
f  1128 1807 1997
f  347 700 278
f  2994 616 2047
f  2247 2670 773
f  810 3240 1024
f  1803 582 2962
f  1414 2914 2939
f  1073 2198 3111
f  2513 2476 1353
f  1783 114 723
f  1780 895 1835
f  3304 833 3250
f  1958 3085 1348
f  1341 943 867
f  2701 1729 3024
f  2346 640 1271
f  2285 1238 1503
f  2420 2161 131
f  2082 2107 3129
f  2610 766 485
f  1049 338 3158
f  261 2978 3076
f  3108 959 152
f  1981 2328 2007
f  193 1600 181
f  3232 892 94
f  3244 874 1060
f  761 834 2273
f  2744 941 1786
f  1134 3179 360
f  2770 3161 268
f  743 1784 1394
f  429 2428 655
f  1245 3325 259
f  1181 1513 136
f  294 2003 1255
f  1275 3107 1963
f  2752 901 1627
f  911 1251 1953
f  1283 1851 150
f  2305 1541 1262
f  708 1564 2735
f  1564 561 2735
f  3241 1377 2143
f  2620 2151 1892
f  460 1272 1757
f  3268 1911 1096
f  680 2853 1094
f  1251 911 39
f  1365 2236 2452
f  2912 433 2518
f  1572 3321 2888
f  2241 3104 2455
f  2456 967 491
f  134 1062 2516
f  1090 129 1071
f  1652 2483 3109
f  2590 1123 3112
f  1184 3169 2043
f  2019 1799 2883
f  903 2775 1791
f  3243 2542 255
f  52 301 2369
f  414 1026 1024
f  868 1248 2386
f  2507 404 2961
f  2494 1306 2926
f  2603 2308 2975
f  2998 2703 1426
f  2181 966 365
f  220 2328 507
f  2386 3122 1043
f  2530 806 1923
f  1313 519 2734
f  2895 2399 22
f  3256 170 2355
f  1339 2233 142
f  464 3035 600
f  795 2784 2976
f  1771 1930 2052
f  3159 102 1681
f  1556 1736 1421
f  2314 1581 3098
f  1553 3087 250
f  1055 16 1567
f  1287 428 1234
f  1302 2196 2229
f  2324 393 149
f  551 2753 2343
f  1963 2731 2024
f  277 1840 3183
f  2590 2257 485
f  1736 3092 1421
f  18 2658 1468
f  409 3275 2607
f  282 1836 1259
f  566 2498 3014
f  1770 915 1189
f  1909 3328 2227
f  2355 2443 3256
f  1074 1973 1647
f  2661 275 1263
f  1306 75 2225
f  2457 1577 592
f  2923 2310 3222
f  293 3172 387
f  2828 1249 1533
f  2588 3210 3026
f  2400 44 1301
f  31 3085 1958
f  1581 2314 2865
f  703 1512 287
f  828 2826 2158
f  2063 315 2031
f  745 961 370
f  2640 2262 2649
f  207 1015 1246
f  773 2769 2247
f  49 237 967
f  1581 1616 790
f  1864 941 2744
f  818 2573 2267
f  193 181 2315
f  3154 2120 107
f  1052 2368 148
f  1902 2764 3277
f  2044 2101 2081
f  399 357 1675
f  1010 278 1342
f  2132 2471 2304
f  1500 135 1377
f  86 1012 1763
f  1515 3144 2791
f  1395 1444 3055
f  452 261 2956
f  2426 414 1024
f  472 2791 2193
f  1881 2920 818
f  402 892 822
f  538 1347 1361
f  535 2709 2651
f  699 2776 1415
f  1221 1945 1947
f  2271 2267 1291
f  2002 179 2943
f  2869 1521 1038
f  621 1894 328
f  3196 2528 2160
f  1459 1186 601
f  1696 3140 2437
f  1938 1202 2192
f  1836 282 711
f  2206 562 560
f  2768 2571 1939
f  1813 1948 835
f  2739 3006 1975
f  2625 2962 3057
f  3019 2734 2714
f  32 1545 1357
f  691 2880 718
f  605 837 637
f  1241 1621 1205
f  2362 1208 574
f  2699 2440 3330
f  1710 609 2745
f  3118 3125 1129
f  400 553 2142
f  2975 53 1689
f  1311 1748 3109
f  659 245 82
f  3117 817 643
f  1604 871 1769
f  1079 2964 1369
f  3025 2628 1711
f  755 1522 1519
f  1288 156 1933
f  1350 161 1007
f  2251 940 1103
f  1123 453 501
f  2858 985 843
f  3287 163 2861
f  2054 839 3278
f  1082 1166 2689
f  775 2826 2994
f  2240 1314 1722
f  678 3190 399
f  595 2378 1167
f  567 1965 2105
f  135 1500 1535
f  2287 1436 2993
f  1375 1720 1955
f  1520 1622 111
f  1596 3284 823
f  653 2168 3222
f  1992 1789 2189
f  74 836 1821
f  610 164 2328
f  167 247 1467
f  2907 204 1814
f  1439 1187 2983
f  309 3212 1316
f  3306 1278 1160
f  1386 2223 1368
f  243 2994 2826
f  2377 126 1716
f  1256 47 1442
f  3137 1104 768
f  1034 3121 2512
f  636 10 1380
f  3268 491 706
f  617 1020 1827
f  2093 718 2880
f  2413 800 2902
f  2507 1056 2905
f  435 2785 594
f  2943 179 2406
f  1431 877 3181
f  981 982 337
f  386 1559 1111
f  67 1915 2562
f  2085 2972 410
f  1851 2524 1608
f  3082 2200 1438
f  56 2257 2460
f  614 2185 2560
f  3318 1053 190
f  1034 2512 2642
f  2831 2839 1795
f  2883 1570 1427
f  2738 131 1932
f  1597 571 1971
f  1320 858 129
f  2441 895 1780
f  483 3203 2935
f  1211 1828 2176
f  198 3061 2424
f  2346 2424 2490
f  2252 671 386
f  2516 2581 134
f  109 2770 268
f  2201 592 1577
f  949 712 1849
f  1466 1609 1312
f  672 214 2764
f  2305 2728 2339
f  1638 122 621
f  622 871 1604
f  2174 1586 2815
f  497 3191 2765
f  3259 2906 1734
f  739 1703 1445
f  2410 3050 1737
f  2555 1447 2819
f  3059 1391 2090
f  2544 344 2175
f  225 845 344
f  179 264 2406
f  500 1412 144
f  1107 1162 613
f  831 3228 1443
f  3212 1332 2008
f  2979 1192 2998
f  3033 725 2558
f  63 1021 1653
f  3223 2256 1625
f  2274 3035 464
f  722 1128 3290
f  580 2571 81
f  1634 916 2474
f  2038 2629 3209
f  2202 1585 3080
f  3246 1740 3062
f  61 1442 52
f  1042 956 2937
f  175 2047 244
f  900 3216 3168
f  2136 2224 1807
f  1055 2679 2048
f  2116 1540 656
f  1090 1393 2723
f  2566 2221 2080
f  1372 1512 2871
f  1505 643 2627
f  2820 1501 842
f  914 2322 842
f  926 533 862
f  327 885 2029
f  1726 1834 966
f  461 2668 3047
f  1473 2822 501
f  475 890 1361
f  3232 94 1765
f  665 776 3105
f  1501 3206 325
f  2827 2098 704
f  3174 945 1705
f  2357 2875 1543
f  3292 3263 453
f  2432 2914 3315
f  2759 2706 2330
f  2269 3060 2721
f  934 3218 1651
f  2628 797 10
f  2516 1871 2581
f  1900 1803 2962
f  2298 1944 2279
f  527 1509 222
f  2036 1329 1487
f  2682 2294 2852
f  3230 2676 329
f  1875 2708 2502
f  1410 3303 2220
f  3010 539 387
f  2957 528 1040
f  87 1376 362
f  3321 2535 2724
f  1396 373 859
f  3052 933 1598
f  2035 850 3247
f  265 2351 850
f  2313 2722 1820
f  2065 2340 2453
f  58 2183 2990
f  752 11 183
f  1031 269 391
f  3059 2212 1347
f  1138 2031 315
f  1797 2075 2383
f  3281 762 924
f  911 625 2341
f  364 1323 1147
f  2074 47 206
f  457 1295 1866
f  2838 330 1091
f  1233 2070 3283
f  2144 2816 703
f  2812 3203 292
f  1920 2124 1318
f  1302 3038 2196
f  1755 581 3260
f  3050 1790 1737
f  568 2997 3050
f  505 899 1359
f  1678 150 1827
f  2624 1888 2135
f  3132 954 1483
f  2247 3106 2820
f  2580 3049 1317
f  3316 1414 2412
f  3059 3313 2520
f  2408 1012 2980
f  2367 2691 2740
f  3097 1522 1657
f  2746 2527 542
f  1761 575 1319
f  152 2624 3108
f  3205 816 1985
f  2133 721 2324
f  1783 3305 1672
f  2418 2748 2493
f  2305 2339 851
f  103 1140 869
f  2091 562 2206
f  723 974 1714
f  1169 1607 3136
f  2071 19 1005
f  1531 2519 1647
f  1582 1665 2433
f  1528 2601 1474
f  1610 2001 450
f  2985 2595 3042
f  1632 657 659
f  2430 1268 1030
f  1510 1752 146
f  517 1510 146
f  1937 1855 728
f  2816 3054 2574
f  487 1998 737
f  449 1649 24
f  2648 2762 1584
f  854 1049 2113
f  1913 392 2866
f  2522 3097 2150
f  2769 3106 2247
f  2737 2680 1417
f  1414 2282 2597
f  3179 1517 909
f  132 3059 2090
f  2898 2665 1433
f  1966 3216 683
f  3201 1836 1716
f  76 1518 191
f  1404 979 2270
f  2783 1630 2979
f  2419 544 2338
f  1346 1919 1561
f  1336 2352 2279
f  2756 861 2110
f  431 420 160
f  2384 2385 1303
f  3215 1592 1245
f  472 3096 2371
f  1461 3246 3285
f  752 1135 783
f  616 2994 243
f  2315 181 976
f  1340 2527 1547
f  456 1365 20
f  747 844 1413
f  2464 2451 1838
f  3099 2153 1218
f  848 717 1927
f  1083 1218 2153
f  1745 1326 1218
f  1268 717 2710
f  163 3287 2654
f  852 2250 1508
f  354 2877 618
f  1123 2590 1385
f  1914 1047 3303
f  448 129 553
f  949 139 712
f  2609 2272 2923
f  1702 27 669
f  1288 2611 2016
f  1799 3153 2883
f  2751 3021 75
f  1885 39 3147
f  2957 529 528
f  1839 2600 1176
f  1684 2752 1627
f  2283 178 2010
f  243 898 2309
f  550 1153 2444
f  639 2877 686
f  682 64 236
f  878 2022 2620
f  1660 2368 470
f  1131 1965 567
f  1441 2073 704
f  2935 1146 3124
f  2599 1678 1039
f  756 2236 188
f  3026 158 1871
f  1864 1863 1355
f  3221 1546 296
f  652 296 1546
f  354 618 2517
f  88 2141 1725
f  1517 2818 507
f  937 907 1431
f  1198 2627 2712
f  1954 1349 1816
f  272 3329 406
f  1148 1027 1051
f  2530 1923 2000
f  2447 1947 1945
f  1052 1847 2857
f  592 1481 2717
f  2762 199 1584
f  2506 719 318
f  2402 1748 1331
f  3262 537 160
f  718 2093 1774
f  2414 945 3174
f  2746 2728 1491
f  3253 2918 468
f  1362 1257 1788
f  1207 479 1788
f  1682 1529 447
f  1709 2776 590
f  2605 2195 3136
f  917 1820 1004
f  2981 2861 335
f  3123 98 3170
f  3231 1518 1929
f  2947 406 3329
f  3257 1258 340
f  2385 1405 2564
f  2797 1937 728
f  1033 1458 3174
f  1945 3319 2447
f  1003 1420 2631
f  2156 379 3221
f  1173 1301 44
f  3017 1210 676
f  2013 2984 60
f  1662 2562 3252
f  680 815 1543
f  3236 197 2038
f  3226 3279 2201
f  1756 2179 973
f  2780 2219 1802
f  2233 698 830
f  171 1476 3152
f  885 800 2029
f  783 645 752
f  2752 1684 195
f  543 2989 1689
f  1050 458 2158
f  2938 3038 407
f  754 835 817
f  3072 525 2254
f  2745 3171 196
f  1145 45 3206
f  1982 2549 2909
f  1048 55 1394
f  580 2099 2571
f  2382 1850 904
f  1309 1997 1807
f  1930 782 2052
f  2892 1645 2039
f  113 438 1502
f  927 798 3300
f  1754 1087 2106
f  2095 1682 447
f  3116 2214 1001
f  1907 734 2678
f  1239 1387 3167
f  258 2390 3296
f  13 909 1969
f  1673 1530 519
f  2351 1177 850
f  3276 1233 1024
f  419 88 282
f  270 3029 1333
f  1584 1011 2648
f  851 348 2305
f  1730 1750 2927
f  2736 3092 2164
f  2033 2048 1475
f  1151 111 2897
f  2421 769 2348
f  2940 2807 2972
f  2682 1553 178
f  1654 1786 1106
f  782 971 2161
f  1839 3185 1411
f  2716 3328 1193
f  579 838 2371
f  3020 3216 3044
f  2302 335 2861
f  2507 2905 404
f  543 1689 3211
f  597 1459 446
f  1872 2086 2536
f  2341 1859 911
f  710 1873 2190
f  21 951 3079
f  152 959 1304
f  1534 2927 1750
f  1386 2740 820
f  2295 2895 1144
f  2514 1486 1435
f  2718 2311 2801
f  767 591 1485
f  2348 1173 122
f  1744 1109 2216
f  2626 2880 2081
f  1928 1579 2469
f  1815 2222 1311
f  296 2156 3221
f  1311 2222 1490
f  60 1612 1708
f  1117 1636 1177
f  2628 10 2435
f  183 1918 3071
f  1179 1817 3224
f  367 983 3320
f  1756 738 1548
f  760 344 2544
f  2377 96 2577
f  2653 2234 859
f  2240 1722 645
f  2813 1329 2036
f  3101 2589 1598
f  3087 1971 923
f  2937 881 2921
f  875 585 256
f  2488 2426 1499
f  2920 663 1640
f  2872 253 2079
f  2718 477 469
f  1343 2971 2835
f  1016 810 1024
f  1089 1958 1891
f  1270 1065 110
f  1181 547 2100
f  189 949 1743
f  223 2397 524
f  223 524 1480
f  2177 2822 1331
f  789 848 1429
f  1756 1850 89
f  2241 2455 2456
f  2433 1665 352
f  2135 862 227
f  1210 3017 183
f  904 25 2382
f  376 1493 1235
f  796 3252 2562
f  648 3088 1261
f  2464 1122 2651
f  2782 406 2471
f  699 116 3022
f  3216 3020 3168
f  2768 606 81
f  70 2932 2128
f  355 182 2055
f  358 2886 129
f  337 1343 2835
f  3322 1068 1135
f  802 1090 2723
f  3288 1840 3146
f  1093 268 2715
f  629 840 1630
f  1645 2892 2510
f  955 2911 1718
f  2815 439 2614
f  2629 2038 1995
f  3295 1474 744
f  424 152 2229
f  3011 2122 1884
f  3083 2023 1448
f  1738 1424 492
f  1439 239 2741
f  2129 3227 411
f  3105 3213 2626
f  1397 571 2850
f  449 72 1034
f  2826 2393 3157
f  3230 1803 2396
f  1537 957 3090
f  505 952 899
f  2398 2101 2134
f  3093 385 2150
f  3132 1411 1646
f  2982 1226 1881
f  2122 3190 678
f  1888 2624 2974
f  1284 2837 627
f  70 1290 3187
f  2358 2816 240
f  3157 2011 2395
f  1557 2423 2062
f  1376 701 362
f  3270 1632 862
f  1674 765 852
f  1929 228 3231
f  1615 38 121
f  2864 1552 1927
f  2216 1730 92
f  3250 2753 3304
f  2702 2461 2610
f  1041 3146 1328
f  2347 1959 975
f  3327 1591 1983
f  774 3178 1697
f  3089 1113 323
f  1398 600 2193
f  2713 551 2343
f  1486 2714 1435
f  740 1908 2178
f  367 3075 509
f  3011 2582 2122
f  2358 253 2872
f  3019 469 331
f  495 2599 2659
f  2490 3089 2042
f  22 1722 1922
f  2278 174 646
f  282 88 711
f  1180 3314 2284
f  2269 1656 3060
f  1738 2871 703
f  2345 615 2176
f  3071 2833 390
f  2534 3310 732
f  1008 1505 2627
f  1055 2033 1489
f  2431 1353 1586
f  54 2794 391
f  908 2027 354
f  1922 1722 1314
f  2451 2676 1838
f  186 508 26
f  1725 711 88
f  2899 99 2171
f  109 2208 913
f  1663 2904 1335
f  3058 3054 280
f  1099 3248 238
f  1414 1052 148
f  473 1694 1463
f  1238 2644 1503
f  2771 189 305
f  1549 824 1217
f  619 2035 2487
f  1106 3126 2960
f  3005 741 2491
f  519 1907 2678
f  1463 1694 1904
f  748 1740 3246
f  1547 2756 2110
f  1506 1262 508
f  575 3225 2265
f  253 397 3331
f  2682 2852 1971
f  719 1001 2214
f  203 1233 3283
f  3318 3327 707
f  24 3080 3192
f  614 3192 3080
f  2095 1034 72
f  24 3192 449
f  696 3070 307
f  202 2856 2485
f  2858 3245 471
f  1487 2288 132
f  2774 57 1108
f  3195 1035 2139
f  1345 1310 1300
f  2954 1916 759
f  22 3001 1144
f  971 3024 1729
f  758 3249 808
f  2668 2655 2712
f  1387 1861 257
f  786 780 884
f  779 112 1261
f  2343 2753 3250
f  2799 863 407
f  1850 622 2817
f  1473 3320 983
f  892 402 1952
f  571 1597 2850
f  2928 2230 246
f  2860 1344 3098
f  2657 2736 1243
f  704 2073 2081
f  1736 1282 378
f  1804 353 2318
f  2362 2640 2649
f  2041 3180 1184
f  1287 373 1396
f  490 692 289
f  1179 2213 310
f  1432 1677 1943
f  548 2378 3068
f  1852 413 1882
f  1081 1659 351
f  2918 1179 468
f  2650 27 1702
f  1737 1796 1121
f  2849 893 24
f  2913 1506 212
f  305 1849 482
f  2522 215 949
f  1660 2555 1400
f  14 3234 1182
f  1693 266 2131
f  1670 806 598
f  358 906 607
f  3232 2542 3243
f  2684 28 562
f  1566 1557 484
f  905 1340 1547
f  1322 418 2102
f  1115 1946 2417
f  2187 495 2560
f  726 2961 423
f  633 1948 1469
f  2526 1255 1619
f  2332 1528 1474
f  624 670 332
f  3156 2041 2906
f  1596 1873 710
f  1535 1060 135
f  1007 3234 2088
f  1471 990 912
f  1455 2457 1229
f  2984 1115 1013
f  2322 2068 842
f  2774 1108 2068
f  1242 886 1092
f  1318 316 1908
f  2845 2313 2325
f  2804 488 1382
f  1697 3178 2000
f  2372 1823 1954
f  724 554 2966
f  2966 1896 724
f  725 3033 37
f  2187 2560 2185
f  1599 1655 2560
f  2729 2344 3188
f  1901 2051 889
f  396 2513 2431
f  1468 288 476
f  2674 1007 2088
f  458 2754 828
f  1105 2821 2082
f  169 2951 1588
f  2593 355 611
f  3261 3263 3292
f  2613 1861 1239
f  1512 1372 2180
f  2978 2162 3076
f  546 2246 252
f  895 115 395
f  3287 434 2654
f  3045 1480 846
f  424 2974 152
f  58 2460 1940
f  12 2117 2878
f  1898 1532 2232
f  2461 3301 2610
f  583 1673 2656
f  1226 2920 1881
f  942 280 3054
f  345 1794 3122
f  2661 1169 793
f  315 2063 2576
f  2489 2948 3108
f  681 129 2160
f  1754 3016 1087
f  3225 1473 2265
f  99 661 2171
f  2283 2022 878
f  2383 2637 324
f  3330 2440 91
f  2083 3166 1898
f  1112 2687 764
f  1744 177 1109
f  1107 2544 2175
f  725 1400 2819
f  2235 1156 3100
f  1793 1602 1242
f  1599 2862 1655
f  280 942 797
f  2270 1616 2865
f  1114 279 1138
f  1028 2181 1595
f  2025 1362 210
f  1785 977 2777
f  2442 2701 1973
f  463 2440 1964
f  1855 463 1964
f  2960 1811 1106
f  401 3092 378
f  3014 2498 536
f  1537 3045 2121
f  467 139 1126
f  2613 1239 3103
f  659 1307 2708
f  232 1164 631
f  62 1138 2389
f  498 911 687
f  365 966 1834
f  1409 674 2757
f  1376 1103 701
f  649 271 1160
f  1246 1015 1332
f  2475 964 2066
f  2168 653 1549
f  534 1360 572
f  1643 2203 2440
f  1595 745 342
f  1425 43 913
f  1248 2026 1303
f  621 328 2099
f  686 354 2027
f  3115 320 280
f  602 586 1451
f  2042 1236 715
f  1858 399 2582
f  1048 36 564
f  350 2851 1866
f  188 456 1171
f  1728 1150 2004
f  2168 2923 3222
f  2589 3275 2204
f  2726 1339 2502
f  2012 1358 1278
f  2253 3193 3292
f  725 2819 2558
f  831 3304 2617
f  2618 395 115
f  1725 1836 711
f  3075 479 509
f  303 2617 3304
f  638 1889 249
f  2920 1640 3175
f  2855 2065 1538
f  3200 728 2203
f  1196 1346 1561
f  543 792 577
f  2257 56 2702
f  339 3164 707
f  555 2177 1940
f  999 1707 56
f  2082 755 1045
f  847 589 3146
f  2814 1220 45
f  2904 2736 2164
f  2084 2660 851
f  972 2954 2122
f  2425 1466 2559
f  2559 2048 1378
f  2288 1753 132
f  1578 1800 1516
f  448 2160 129
f  3034 317 2759
f  788 1886 1810
f  1498 784 1488
f  2945 317 1139
f  1020 1970 1827
f  756 2581 1871
f  3211 412 543
f  1626 1989 175
f  390 1643 2583
f  2497 451 969
f  969 2706 2497
f  3316 3315 1414
f  1591 3327 2296
f  1186 2803 601
f  3322 2531 1068
f  1255 2526 294
f  1173 2348 1301
f  1576 2951 2847
f  1459 601 2655
f  2527 1340 542
f  1373 965 821
f  3179 909 1142
f  2923 2272 468
f  3329 2069 2947
f  1342 700 550
f  1503 2184 120
f  628 462 1163
f  2261 3118 36
f  1864 1937 2858
f  152 1304 2186
f  556 1020 617
f  2082 2821 2107
f  1601 432 3096
f  660 3195 2811
f  2771 465 2795
f  2019 2883 3150
f  2160 2458 1768
f  1353 2476 2690
f  1939 2571 2596
f  1102 1224 1720
f  494 2658 1222
f  809 983 367
f  1927 717 2660
f  3011 1858 2582
f  276 901 2209
f  2147 1159 3023
f  3002 106 5
f  379 2477 2840
f  1936 1283 2584
f  62 650 1138
f  159 1984 1120
f  1101 3219 1903
f  1185 2331 758
f  423 2961 3113
f  1033 4 2781
f  1281 625 498
f  1847 1562 2301
f  2353 1829 2139
f  134 2581 1724
f  2619 3323 1993
f  3194 1845 2020
f  1746 1495 664
f  2906 3259 1286
f  733 478 1712
f  905 891 1340
f  1537 2286 1017
f  518 3289 3198
f  2901 580 81
f  3069 658 2854
f  1681 342 2375
f  184 289 1831
f  1836 1451 586
f  2377 1836 586
f  3287 3036 1104
f  2619 1126 3323
f  175 2386 1626
f  591 1779 180
f  197 341 2038
f  2791 472 1515
f  1800 870 2315
f  948 2353 1035
f  3227 2129 1254
f  700 1342 278
f  506 2554 3293
f  287 3293 2144
f  2803 1186 1764
f  2955 333 2450
f  1672 140 306
f  1397 2585 2423
f  717 848 2710
f  235 2920 326
f  2713 2695 551
f  1167 548 2592
f  3211 2478 2652
f  447 1529 1695
f  130 1324 2153
f  110 1796 1270
f  594 205 435
f  2482 2200 3182
f  636 437 10
f  1785 3194 2941
f  1034 2642 449
f  655 3035 2274
f  54 391 269
f  1955 2402 3105
f  1636 1117 2829
f  3204 964 2936
f  3091 2076 1617
f  1315 3326 2446
f  15 1622 1249
f  365 297 2181
f  2046 2327 1025
f  760 1477 344
f  2588 3275 2589
f  1082 129 681
f  720 2724 1265
f  136 1513 2363
f  1206 199 2496
f  3113 2900 844
f  1830 150 1851
f  417 2786 1121
f  2258 2339 2728
f  2842 398 2351
f  259 881 956
f  3039 3264 436
f  1578 3079 630
f  786 2506 2936
f  99 443 661
f  454 237 988
f  2025 729 1362
f  1615 121 2743
f  2205 410 2972
f  629 2966 554
f  230 1873 2814
f  3075 2996 1924
f  1786 1654 794
f  2321 2298 1829
f  1103 1018 701
f  600 3035 2193
f  411 3227 2552
f  1683 623 1187
f  3171 3316 196
f  2696 1396 2130
f  217 2828 1533
f  3135 91 2479
f  3220 2354 3068
f  1441 665 3105
f  2853 1558 1366
f  727 16 2966
f  2572 1148 2898
f  1487 1329 1230
f  2623 482 712
f  843 3126 1141
f  157 3324 644
f  363 3053 801
f  2818 2307 1892
f  1749 2462 55
f  2277 1490 2222
f  634 59 527
f  2881 663 138
f  1391 2520 2870
f  208 3105 2402
f  739 1778 504
f  20 72 449
f  1200 1015 207
f  2325 260 2845
f  2531 3322 2534
f  673 2016 1500
f  1167 2592 2677
f  3004 566 3014
f  2193 2428 472
f  853 825 442
f  2484 2907 2057
f  1912 2757 674
f  1532 766 2232
f  1373 821 209
f  1770 1644 915
f  1105 1416 1870
f  1650 1509 995
f  1409 159 2848
f  381 537 2729
f  2675 2762 2648
f  1206 2496 229
f  229 2496 1026
f  3086 2149 912
f  304 2028 2373
f  1839 2119 2118
f  3180 2170 781
f  3160 1495 1746
f  1746 771 3160
f  896 3266 2780
f  1802 845 225
f  1925 695 2072
f  436 1565 2934
f  919 184 1831
f  450 1735 920
f  1730 1546 3221
f  1106 1141 3126
f  2377 2577 2243
f  1948 633 787
f  1465 1978 2364
f  300 1994 1427
f  1839 2118 3151
f  2099 885 621
f  1389 1565 1676
f  303 1305 2072
f  2072 2617 303
f  2730 1846 667
f  590 3022 741
f  825 2277 2293
f  1333 3243 255
f  1219 1623 675
f  1512 596 287
f  3286 3149 2448
f  751 2883 2247
f  76 860 1929
f  3286 2112 455
f  1530 309 1316
f  319 694 1726
f  2541 1726 694
f  1028 319 1726
f  247 1630 1467
f  1530 218 1277
f  1232 267 1941
f  1446 1847 623
f  2969 3038 2938
f  393 2324 2075
f  2113 1462 958
f  2374 781 493
f  2137 2692 2868
f  2432 529 1032
f  2219 788 1162
f  1367 600 1398
f  1130 349 1155
f  224 2295 475
f  1993 2824 239
f  2412 196 3316
f  134 1724 1844
f  219 1358 2012
f  2859 1158 1869
f  2413 2806 2029
f  1442 1805 1256
f  1580 337 925
f  1439 712 239
f  1968 2056 855
f  2676 3230 1838
f  3252 796 2401
f  809 493 641
f  1010 1327 278
f  1863 1864 2744
f  2276 2618 777
f  1955 1224 544
f  2691 2367 2988
f  2238 2908 2995
f  1033 3174 1705
f  2498 2781 4
f  153 2915 1208
f  1212 2929 308
f  1001 2319 3116
f  2095 2452 1682
f  382 2749 2750
f  698 3066 2549
f  83 1972 200
f  2792 1613 1631
f  2387 1266 3067
f  2216 92 1744
f  3006 2922 1975
f  1453 327 2763
f  2822 2177 555
f  1310 1345 2365
f  1482 3009 1808
f  53 3211 1689
f  167 1467 3115
f  854 338 1049
f  1807 2224 334
f  3119 408 262
f  2940 3274 2149
f  494 1231 288
f  2823 2344 2729
f  1074 2519 978
f  2 2506 884
f  1152 69 201
f  2708 1875 1700
f  2842 2351 265
f  2415 1311 1940
f  1729 2701 2442
f  445 446 1644
f  321 1976 2499
f  2508 2920 935
f  295 3218 2617
f  297 961 2181
f  826 1691 2719
f  3137 1664 2700
f  511 908 2898
f  2929 3028 2788
f  263 1828 1211
f  2756 1547 2527
f  991 1679 1678
f  1679 1183 1678
f  3136 249 2605
f  1664 38 1324
f  2549 1982 565
f  1559 1136 882
f  2432 1032 2795
f  1513 2097 1250
f  958 366 507
f  2131 2466 3186
f  1120 2085 410
f  243 828 898
f  1638 1737 2421
f  1697 2000 1027
f  2037 1200 660
f  764 2687 929
f  2890 173 1544
f  1380 1408 3094
f  1643 1714 1293
f  1742 2264 3086
f  2413 2463 2806
f  691 685 2081
f  769 940 3184
f  1935 1790 2997
f  3015 1472 2786
f  2963 1117 1177
f  2683 1103 940
f  1629 311 532
f  442 126 2243
f  94 1952 2254
f  3046 2195 2605
f  1069 2921 757
f  1501 3235 1605
f  1253 873 1406
f  2631 1266 431
f  2873 110 1065
f  3322 3310 2534
f  2799 3038 2563
f  1960 1091 330
f  1086 3026 1812
f  225 405 992
f  1003 946 1420
f  2664 3129 3093
f  1033 1705 4
f  1427 1570 300
f  1145 3299 3238
f  2025 1924 3205
f  1923 1051 2000
f  154 2606 435
f  730 2504 2217
f  715 1236 496
f  3178 1384 2530
f  2850 523 1397
f  643 817 2443
f  3238 1386 45
f  356 803 2707
f  2966 1991 727
f  1708 2013 60
f  1282 1736 1556
f  1492 1265 2115
f  1796 1078 2422
f  3014 1374 3004
f  1933 1946 2006
f  1923 1874 2027
f  1577 2492 3226
f  1359 1914 821
f  441 661 443
f  3126 843 2893
f  2646 129 2886
f  1551 1816 1349
f  2127 2562 1915
f  2335 2609 1549
f  3130 416 2448
f  3025 280 797
f  2972 1990 2940
f  409 2607 2381
f  199 1205 2496
f  646 792 1977
f  3260 193 1755
f  2625 1987 628
f  689 2747 520
f  246 1532 3314
f  2932 1304 2128
f  1304 959 2128
f  1739 2050 2613
f  1739 1063 2050
f  832 3238 3288
f  1801 456 20
f  2613 1036 1739
f  467 712 139
f  61 1974 1805
f  3197 445 1644
f  2290 3169 1992
f  1076 2870 2520
f  2326 1134 360
f  2137 2868 517
f  660 1200 207
f  1234 2404 499
f  1331 1252 2402
f  152 2974 2624
f  70 129 2292
f  2621 965 1303
f  879 90 2669
f  1455 2115 2492
f  146 1931 102
f  2645 3138 1327
f  1837 1566 484
f  1175 996 377
f  1159 735 3038
f  3092 2736 2657
f  1400 725 2955
f  16 1896 2966
f  1682 251 1529
f  3144 1515 2431
f  2768 1939 921
f  2365 1380 1310
f  2289 1246 1332
f  1334 1637 2198
f  2198 989 1334
f  2209 740 2178
f  539 3010 2256
f  522 1968 2973
f  1152 2697 787
f  2369 2078 52
f  415 402 822
f  1992 2189 3181
f  1226 271 138
f  2720 3124 2525
f  1465 3163 843
f  2857 1847 2301
f  337 1580 981
f  3285 2188 1039
f  762 2543 924
f  2075 2324 721
f  305 1743 1849
f  1285 2191 2723
f  2370 2920 3175
f  2309 898 1794
f  31 2449 3085
f  2896 3231 2002
f  3104 2953 2455
f  2423 1557 2409
f  2728 2746 2258
f  2283 2010 2910
f  3279 747 1413
f  1937 2838 3245
f  1792 1719 933
f  2946 868 231
f  512 1391 2870
f  1167 2677 51
f  3131 983 641
f  3 481 1926
f  1912 2034 697
f  1332 1015 2733
f  2336 1288 2016
f  2255 264 179
f  1221 1947 1165
f  109 913 43
f  3038 1980 2196
f  2035 1606 3303
f  1796 1737 1078
f  1388 2802 2143
f  527 3046 634
f  2605 634 3046
f  1338 2959 2439
f  297 365 1253
f  437 2435 10
f  2294 1602 1793
f  1935 468 310
f  167 3115 3025
f  3163 2893 843
f  3286 2375 342
f  2095 312 1034
f  2622 270 1333
f  108 2178 939
f  79 1782 26
f  643 2443 422
f  739 504 993
f  2344 851 3188
f  814 2292 129
f  3002 2010 106
f  2526 2017 743
f  1668 2874 2067
f  2937 2488 1042
f  1091 1960 513
f  3100 1014 2235
f  3134 430 3277
f  2047 1237 2994
f  1414 148 2282
f  420 431 1266
f  3095 598 806
f  1219 564 36
f  370 1628 3286
f  255 1765 2622
f  3111 3166 1073
f  3060 615 2345
f  2930 2752 1869
f  2551 440 2087
f  1386 3238 832
f  1664 1324 130
f  780 2998 884
f  2920 1130 1155
f  1963 2123 187
f  1976 709 2753
f  2954 972 1916
f  3063 2118 2119
f  474 2395 2011
f  1886 2514 1810
f  1504 1589 3043
f  1586 3144 2431
f  732 351 2534
f  2418 2493 165
f  962 1697 3127
f  2031 1138 279
f  2766 1909 241
f  2876 104 930
f  2148 926 869
f  1791 1749 1624
f  3246 668 3285
f  2188 3285 1599
f  1726 2541 1834
f  1382 2868 489
f  1215 2219 1162
f  2624 2135 3039
f  2063 1821 2576
f  498 687 1374
f  1533 1249 2057
f  462 1203 2597
f  2040 1684 2051
f  1424 2242 2259
f  1129 1784 3118
f  1407 164 3003
f  1848 343 742
f  597 860 1942
f  1644 1727 1653
f  1407 2359 2007
f  2126 1421 2112
f  1735 450 974
f  2886 3265 2646
f  432 1601 1574
f  1251 39 2202
f  63 1737 2406
f  613 599 2378
f  938 152 2186
f  2427 2700 130
f  848 1927 1552
f  1781 2972 2085
f  2961 404 1413
f  949 189 2337
f  2641 129 2646
f  462 628 2207
f  2705 1762 439
f  1768 1166 681
f  671 661 281
f  476 2453 2380
f  2662 476 2380
f  729 2025 1985
f  1026 414 229
f  1428 580 2902
f  2137 517 2694
f  621 1078 1638
f  1395 1913 3126
f  579 486 2430
f  35 2250 100
f  1663 1335 2751
f  358 373 499
f  3265 358 499
f  247 167 1759
f  2174 3144 1586
f  3010 569 1625
f  2549 1769 698
f  2370 1130 2920
f  554 2800 629
f  1713 2670 263
f  1713 773 2670
f  1675 357 1960
f  2187 3147 60
f  3262 2494 2926
f  2149 1471 912
f  3129 2107 1763
f  2194 2750 1197
f  700 2677 1457
f  329 2676 2727
f  1792 933 307
f  2879 399 1675
f  2776 1709 2323
f  2323 1758 2776
f  1294 2375 3286
f  3191 1999 2765
f  112 2218 2570
f  2179 2229 2196
f  1144 2895 22
f  359 2612 1368
f  476 288 3162
f  3140 1257 729
f  688 1388 135
f  78 1291 829
f  1127 2268 716
f  1270 1240 248
f  2156 296 503
f  831 23 3228
f  616 1460 244
f  1322 2102 1165
f  2056 1910 1731
f  558 893 2849
f  2278 1843 2045
f  1709 1991 2783
f  500 144 1443
f  2102 1172 1013
f  2055 611 355
f  1860 464 1367
f  1864 1355 1855
f  2513 1353 2431
f  2549 3066 2909
f  1515 396 2431
f  2766 371 947
f  1396 859 2234
f  91 1542 3302
f  398 2101 2481
f  2973 5 250
f  2274 1438 655
f  2555 1660 2296
f  1217 824 1550
f  136 985 2858
f  244 1986 175
f  628 1271 2944
f  2680 1640 1417
f  2393 2011 3157
f  1697 1027 1148
f  1387 257 2009
f  1425 1833 1526
f  1921 589 847
f  1761 1319 3131
f  2120 1075 107
f  2800 840 629
f  789 313 2710
f  1841 1795 3286
f  2104 1939 2596
f  2824 2741 239
f  973 2784 1890
f  546 322 1808
f  1242 1092 1793
f  998 1507 1470
f  703 2816 2574
f  3256 817 1842
f  1505 1031 391
f  2381 1086 521
f  200 1152 201
f  1383 2445 2263
f  1979 2070 1383
f  1567 2539 2547
f  2470 2494 3262
f  2549 565 1769
f  3171 528 2140
f  1981 1969 909
f  2543 3267 3074
f  3218 2356 1651
f  748 1062 1844
f  850 2035 619
f  2699 1210 3071
f  594 1084 205
f  803 446 445
f  1775 2191 1285
f  1659 910 351
f  2617 3218 934
f  2826 775 2809
f  408 2342 2548
f  1488 3257 340
f  851 2660 946
f  2360 575 2604
f  1189 2591 1018
f  804 124 1862
f  2097 785 2299
f  221 2698 2017
f  1058 1020 1911
f  1354 298 1127
f  764 2884 1112
f  2556 2730 548
f  863 807 2163
f  2915 648 1208
f  2758 2381 762
f  894 1433 1549
f  2372 2311 2718
f  1161 1284 627
f  3013 1932 3110
f  1024 1499 2426
f  1230 651 1589
f  2739 626 2823
f  1935 568 468
f  2847 7 1576
f  2538 3290 1680
f  1532 2284 3314
f  949 2337 2522
f  1122 2464 1838
f  757 2921 881
f  1435 2714 2561
f  2057 996 2484
f  1195 1883 1936
f  3028 2039 2793
f  2944 2042 2207
f  1874 806 488
f  356 2255 2002
f  162 2592 2730
f  2245 2680 2884
f  735 1159 2147
f  1510 1877 1752
f  2361 1931 1752
f  2369 118 3277
f  1557 2533 1651
f  3312 1508 35
f  2258 2660 2084
f  117 2685 3286
f  3026 1060 1812
f  1720 123 440
f  2979 1511 2783
f  3263 1150 453
f  1862 1337 804
f  2528 2458 2160
f  1261 3088 1677
f  447 980 2095
f  513 1960 357
f  2764 2586 2078
f  1410 2276 2515
f  3110 2796 3013
f  2459 802 2382
f  770 399 1858
f  3223 932 3300
f  103 3300 932
f  578 3234 14
f  1258 576 2634
f  1996 2737 2176
f  3039 3108 2624
f  1514 3051 2014
f  1782 97 3170
f  295 695 1925
f  548 1167 2378
f  296 1731 503
f  1163 462 2597
f  76 1942 860
f  1341 2869 2505
f  562 28 560
f  1322 1483 1
f  1612 60 1423
f  3035 655 2428
f  1429 848 1552
f  1833 1372 2871
f  324 2637 1194
f  1288 1933 2316
f  1450 1852 1882
f  1376 87 2049
f  724 3102 554
f  2082 1045 1416
f  1375 1955 3105
f  113 744 2601
f  1348 522 40
f  2707 803 445
f  2449 3176 1464
f  1607 1747 638
f  2612 2546 2278
f  246 1105 1870
f  2775 903 2340
f  852 1079 1369
f  1446 623 2317
f  1711 3306 3016
f  2717 2105 317
f  1142 909 13
f  1916 972 856
f  611 2055 584
f  1818 349 2379
f  425 3198 2915
f  2648 285 2675
f  2472 258 2300
f  572 2423 534
f  2906 2041 1184
f  2242 679 3058
f  2720 1789 3242
f  3207 2454 6
f  739 304 1703
f  1655 614 2560
f  3179 1134 2818
f  2513 1594 2476
f  335 2866 514
f  2830 1427 1994
f  1013 495 2984
f  3095 1661 598
f  1094 556 815
f  1573 669 2878
f  1422 1423 1066
f  879 607 906
f  2618 1010 1342
f  1433 824 1549
f  2323 1709 1957
f  645 2138 752
f  1256 1805 2126
f  2864 2258 542
f  2551 674 1102
f  2046 1081 732
f  2037 2688 1868
f  358 129 906
f  816 808 2437
f  3129 1763 385
f  2858 941 1864
f  2689 90 906
f  1664 130 2700
f  3186 2525 2131
f  100 865 2925
f  1761 1774 2604
f  2772 1357 1545
f  1211 1713 263
f  1650 1098 1119
f  3237 1845 3078
f  2445 1016 13
f  2063 2031 2645
f  44 1894 1173
f  1003 160 381
f  2375 1294 517
f  2694 517 1294
f  1977 792 412
f  2384 1988 1405
f  228 860 597
f  1621 1241 360
f  2647 143 129
f  2776 3022 590
f  1300 2244 2587
f  3237 3317 931
f  3327 3318 588
f  135 1060 3026
f  362 2591 2655
f  2571 664 1495
f  171 379 2156
f  562 147 93
f  689 2980 1012
f  2294 2307 1602
f  1623 2992 1620
f  930 516 2876
f  1923 511 1051
f  2169 1522 3097
f  174 2045 2989
f  2897 377 996
f  3139 2376 173
f  2713 1006 2695
f  2173 2899 2252
f  2962 628 1900
f  1235 2424 2346
f  280 2242 3058
f  1708 1612 2316
f  74 3173 1336
f  3173 155 1336
f  3186 2189 1789
f  1146 1620 2698
f  866 3198 127
f  656 3296 2074
f  2340 2887 2775
f  103 1897 3300
f  2170 2041 3131
f  2466 266 1832
f  174 2989 577
f  1450 1882 3083
f  1156 69 3100
f  1892 2307 2620
f  811 2359 1407
f  119 1952 402
f  2814 823 922
f  1076 2520 3313
f  455 1243 202
f  170 664 328
f  916 2593 2917
f  2323 3280 1758
f  2599 2188 2659
f  3027 887 2836
f  2868 2692 489
f  2351 2963 1177
f  535 2651 3065
f  2357 1543 1830
f  1302 3114 3038
f  2822 3225 1331
f  3005 590 741
f  2911 2823 626
f  1442 301 52
f  513 770 1536
f  2230 1532 246
f  378 474 401
f  71 2713 2616
f  1597 2852 2779
f  683 1230 1329
f  406 177 1744
f  2353 2289 3212
f  2623 712 1439
f  2461 3166 3301
f  801 2762 2675
f  1540 2704 2859
f  1700 238 291
f  1504 2288 1487
f  2022 2151 2620
f  638 1569 2392
f  859 607 2653
f  2418 1289 1610
f  3101 2281 2132
f  1640 2345 1417
f  889 901 276
f  871 3294 570
f  110 417 1121
f  556 1094 1926
f  2291 1385 766
f  1627 2051 1684
f  163 1110 2861
f  665 2098 963
f  2731 437 2789
f  1484 331 2891
f  2820 842 2068
f  1311 336 1748
f  1830 1851 2357
f  3247 497 2035
f  716 1963 2024
f  2080 2221 1686
f  138 2920 1226
f  841 2037 38
f  623 2983 1187
f  2794 3117 391
f  868 2946 2621
f  2300 3296 656
f  3023 3265 2147
f  2044 2481 2101
f  3133 393 1797
f  514 392 1773
f  2444 777 550
f  1963 716 2952
f  819 1193 3328
f  739 1445 2510
f  2136 722 3121
f  3285 1039 1678
f  955 1262 1541
f  2318 2950 1804
f  1614 667 1846
f  3146 1571 847
f  2565 3272 1825
f  2982 2995 3116
f  653 872 894
f  586 602 2425
f  94 2254 1765
f  2621 1359 821
f  1975 1718 2739
f  626 2739 1718
f  1584 917 1011
f  819 1962 1404
f  584 2519 1771
f  2552 2833 411
f  1428 2902 800
f  2490 3061 3089
f  1819 557 1113
f  3015 806 2530
f  1764 1008 654
f  1209 1058 2933
f  305 482 1125
f  2623 1125 482
f  461 2400 1301
f  575 2265 1319
f  816 2280 758
f  1375 936 1720
f  1813 754 3117
f  3194 2020 2941
f  1624 1363 1791
f  1270 248 1903
f  652 1546 2927
f  1317 1571 2269
f  2358 2841 3239
f  109 43 2770
f  666 401 474
f  3007 2009 257
f  2009 3007 1879
f  3245 2557 471
f  3043 2812 1704
f  1995 3012 731
f  608 775 1593
f  2796 916 3013
f  3150 2104 1495
f  2630 1261 2643
f  3229 2615 2483
f  1397 3202 571
f  335 1913 2866
f  940 769 1737
f  973 2711 1756
f  392 514 2866
f  1400 2894 1660
f  3083 2802 3081
f  271 2982 2319
f  2615 1815 1311
f  3273 1171 1801
f  219 2012 1711
f  1149 2425 2679
f  931 3317 332
f  2610 2232 766
f  368 1445 608
f  1938 452 853
f  2287 1356 737
f  1858 1539 2100
f  1765 255 2542
f  1733 2788 2047
f  162 2276 2444
f  2794 2391 1813
f  1188 1394 55
f  662 3269 2695
f  2545 938 1023
f  1237 1593 2994
f  3277 2764 2369
f  628 2944 2207
f  875 256 3142
f  1189 915 2591
f  194 2559 1312
f  1624 2667 1363
f  1009 163 2654
f  455 2112 2657
f  2607 3026 1086
f  2048 2679 1378
f  1166 1082 681
f  1671 3281 3004
f  1336 155 684
f  216 437 3094
f  1971 3087 1553
f  1708 2316 2006
f  2316 1933 2006
f  2184 1503 1502
f  2847 2785 2606
f  108 2209 2178
f  502 2517 618
f  742 1199 1848
f  2386 1248 1626
f  690 3107 2967
f  60 2984 2187
f  2140 2432 3315
f  1077 540 425
f  168 2005 1575
f  2559 1466 1312
f  2953 79 1444
f  502 117 3286
f  1303 868 2621
f  492 2329 1738
f  1194 2206 2537
f  1208 2649 153
f  912 466 1742
f  1648 1620 1067
f  1439 2983 2623
f  3066 657 3270
f  1936 785 2094
f  559 1622 15
f  1819 2727 557
f  2488 2937 2810
f  2387 1723 427
f  2689 2053 1082
f  20 449 3192
f  442 2243 1216
f  2268 1127 682
f  156 1706 413
f  2279 1944 2598
f  1914 1359 1047
f  280 3025 3115
f  1044 1756 89
f  3273 668 3062
f  2726 1307 657
f  2295 1868 3142
f  1431 2521 937
f  21 1600 3196
f  345 3122 1986
f  1776 1266 2631
f  451 384 935
f  2619 1993 239
f  1377 673 1500
f  980 447 813
f  3077 1071 129
f  2111 1254 1456
f  1757 1272 820
f  218 1530 1228
f  1494 363 984
f  1481 2201 1137
f  413 2023 1882
f  3319 2417 987
f  2008 965 1373
f  2590 3112 2257
f  695 2617 2072
f  1768 2458 1005
f  1885 1585 2202
f  368 2788 2793
f  1822 3201 1887
f  597 803 228
f  2223 1328 2949
f  1704 141 1504
f  1165 1381 1483
f  1114 994 1554
f  2275 1264 1608
f  403 2286 3090
f  1429 2334 313
f  2538 1680 3070
f  1268 1767 1030
f  490 1648 692
f  2720 3186 1789
f  2933 1678 1209
f  34 2363 1250
f  2298 2321 1944
f  2990 56 2460
f  1748 2177 1331
f  686 2877 354
f  118 2369 301
f  1737 769 2421
f  1011 2672 119
f  2615 3229 2264
f  388 2595 360
f  2650 116 27
f  2573 818 2920
f  914 325 778
f  1507 1612 1422
f  1848 2111 1456
f  62 736 650
f  1373 1316 2008
f  123 1050 440
f  1592 2798 1245
f  1908 316 2178
f  2110 883 1547
f  860 228 1929
f  279 347 2031
f  1248 2385 2564
f  3286 1795 2789
f  2040 2472 2300
f  1808 168 1482
f  129 1082 2053
f  3217 2455 2953
f  539 830 570
f  2955 2451 2894
f  2725 302 2973
f  3317 1344 332
f  689 86 2747
f  2603 127 2308
f  782 1961 2052
f  1778 3006 2739
f  2551 1688 2034
f  388 360 1241
f  2374 493 80
f  1406 2312 2146
f  574 2570 2362
f  1280 2846 876
f  1112 2749 2687
f  707 2317 339
f  3294 293 539
f  2459 25 129
f  390 2583 3071
f  1710 2727 541
f  2600 3251 1176
f  1299 2772 1545
f  2353 948 1174
f  3315 2914 1414
f  3229 2338 674
f  101 3099 1326
f  1606 497 1780
f  2941 2020 931
f  1982 1044 565
f  96 2539 2491
f  2717 1229 2457
f  1785 2777 1484
f  1568 2162 999
f  144 956 1042
f  907 877 1431
f  2865 2314 1404
f  3322 676 3330
f  1707 2461 2702
f  3204 1201 2066
f  1674 3135 765
f  2451 541 2676
f  2365 764 1380
f  2081 685 2044
f  895 2441 115
f  1959 992 1616
f  3180 41 2867
f  244 2047 616
f  194 978 2436
f  2088 3234 578
f  1157 3038 2545
f  3177 1364 41
f  2355 328 44
f  1434 2661 1263
f  1219 1826 564
f  99 610 1295
f  2776 1758 1415
f  579 2430 1030
f  3161 2770 2405
f  2749 372 1197
f  8 3110 1161
f  223 1017 334
f  3316 2140 3315
f  2132 1213 3051
f  1880 346 3235
f  913 2208 1372
f  990 3263 3261
f  1244 1777 2903
f  1392 2843 2842
f  3241 2336 673
f  2258 2746 542
f  2279 2598 1879
f  211 1616 3154
f  1019 760 2544
f  1423 1422 1612
f  2795 1032 2092
f  69 2200 201
f  170 3256 1842
f  342 745 3286
f  2162 1707 999
f  48 2211 161
f  1029 549 3249
f  2636 1656 375
f  259 48 757
f  1034 312 3121
f  311 2639 532
f  26 1782 2916
f  2269 1571 277
f  2639 1818 2379
f  512 1363 1391
f  3123 3170 97
f  2444 1153 1457
f  490 675 1648
f  1306 1663 2751
f  427 2005 168
f  2823 2911 1541
f  263 2883 2968
f  2916 98 3
f  1085 1883 1884
f  3028 2793 2788
f  3325 1245 2798
f  2740 1386 1977
f  595 347 1107
f  2454 3139 763
f  303 709 1305
f  409 2758 696
f  128 2044 685
f  1686 2221 707
f  440 1102 1720
f  2509 502 631
f  2433 2213 1179
f  2543 2498 924
f  1322 1296 418
f  1799 2108 1308
f  2734 2561 2714
f  3279 1413 1227
f  2885 849 2809
f  2850 2231 242
f  3179 1142 360
f  48 1022 2211
f  183 11 1918
f  863 2163 1037
f  1699 515 251
f  939 2178 316
f  3008 926 1632
f  355 2048 2559
f  2896 1665 1582
f  1980 1399 795
f  3167 670 2249
f  197 2416 341
f  3280 3331 397
f  3196 2977 2528
f  749 3242 2767
f  3038 1587 105
f  1263 1668 1434
f  444 1876 1719
f  215 2150 1126
f  1242 1602 2326
f  2609 1560 2918
f  920 29 1282
f  306 140 474
f  1894 122 1173
f  2792 1631 2926
f  1867 2454 525
f  2277 1856 1490
f  194 2436 182
f  1504 3043 1704
f  2619 239 712
f  3063 3151 2118
f  2237 1781 2085
f  1350 2674 2342
f  2565 1825 532
f  2917 611 2486
f  3026 688 135
f  1460 345 1986
f  779 1261 573
f  1533 1814 343
f  1915 2463 2901
f  2565 532 2639
f  31 1958 1089
f  2993 1360 578
f  2926 2349 3262
f  2157 78 1895
f  470 1562 1591
f  336 1311 2415
f  1445 1645 2510
f  609 1710 541
f  518 2991 1002
f  2427 1369 2964
f  186 3 2853
f  1811 2960 3148
f  3028 124 804
f  1009 3312 2529
f  1808 95 1164
f  1995 1190 1133
f  1670 488 806
f  1024 1026 1016
f  1751 3095 2182
f  2719 1691 2538
f  780 3258 2703
f  3312 794 1642
f  2951 1576 1588
f  1486 2514 2429
f  2743 1314 1615
f  2109 1150 3263
f  3113 2970 3204
f  1201 576 3257
f  2099 328 664
f  1158 2704 2197
f  2035 497 1606
f  515 3056 251
f  1029 1753 141
f  475 1361 224
f  2331 1185 2212
f  346 375 1605
f  2655 446 1459
f  1485 2564 767
f  86 2333 2747
f  1723 3067 1776
f  172 3187 1290
f  3030 868 2386
f  1860 3082 464
f  2022 3158 2151
f  682 2569 1639
f  1778 739 2510
f  1369 101 254
f  303 3304 709
f  1877 1751 3219
f  1333 2595 563
f  1604 565 2817
f  1167 51 595
f  306 1633 114
f  194 1312 1973
f  1790 2406 1737
f  830 539 2256
f  550 777 2618
f  2007 164 1407
f  1095 1280 2148
f  518 1002 3298
f  2676 541 2727
f  1794 1563 3122
f  129 2142 553
f  1041 832 3288
f  2997 1790 3050
f  3033 1040 333
f  2764 1902 672
f  2159 1634 8
f  2932 1338 2186
f  1035 3195 660
f  1419 970 3003
f  2980 1637 2408
f  2158 2826 3157
f  2079 1352 480
f  3178 2530 2000
f  2002 3231 356
f  2501 1890 630
f  2590 485 1385
f  1222 2686 494
f  2544 1107 347
f  533 926 2148
f  3157 2395 1440
f  1644 2655 915
f  2410 2310 3050
f  1916 2472 759
f  1618 2980 520
f  127 2045 866
f  3162 2523 1538
f  1868 1168 875
f  1516 1800 21
f  1775 1389 2846
f  2784 1578 630
f  2883 1353 2690
f  1759 167 3025
f  2916 1782 3170
f  897 77 2014
f  1425 1526 1899
f  273 302 2725
f  2971 2488 925
f  1698 3021 3048
f  442 825 2293
f  1746 664 170
f  697 2034 2924
f  1145 3238 45
f  1020 1096 1911
f  142 2256 3223
f  2005 1438 1575
f  2727 1819 950
f  1937 1864 1855
f  3033 2558 1701
f  726 2271 2507
f  2759 2330 3034
f  1863 944 100
f  73 527 1534
f  1514 1521 3051
f  583 1228 1673
f  1565 46 2934
f  2061 1788 3203
f  624 3103 137
f  100 2250 865
f  2627 1198 1008
f  2732 1120 1984
f  1354 2839 298
f  3069 149 238
f  3019 2429 1823
f  1127 716 2024
f  1367 1854 1692
f  2937 956 881
f  944 794 35
f  2949 2480 2546
f  1852 1450 1381
f  507 366 220
f  2962 2625 628
f  770 1858 2100
f  3111 520 3166
f  2326 2307 2818
f  3226 1572 2888
f  2059 2359 811
f  2843 2134 2101
f  2648 1011 285
f  2350 1510 2868
f  1775 2846 2262
f  1650 995 2121
f  112 779 2388
f  1702 452 1938
f  735 433 3038
f  2610 2083 2232
f  1338 2932 814
f  103 932 3141
f  963 2098 2260
f  1772 1432 3298
f  1279 2536 1489
f  411 11 2129
f  411 2833 1918
f  2545 1023 1157
f  2629 2703 3258
f  3273 1801 1655
f  2117 1269 2878
f  1873 284 2190
f  670 624 2249
f  914 842 1501
f  780 2936 964
f  699 1415 2578
f  2814 1873 823
f  3017 676 1135
f  3181 2189 274
f  12 637 837
f  284 230 820
f  2724 2535 1265
f  3040 489 2692
f  1096 98 3123
f  2099 664 2571
f  3153 2705 2883
f  623 3164 339
f  910 1068 2531
f  1278 1358 690
f  2109 1471 3274
f  1102 440 2551
f  3176 171 2156
f  1677 3088 1943
f  1507 1422 2790
f  2592 162 2444
f  250 2725 2973
f  560 2537 2206
f  1685 3286 2411
f  1687 3184 612
f  1504 141 2288
f  726 2908 2058
f  2683 1189 1103
f  957 1537 2121
f  1389 1775 864
f  3069 2854 149
f  3323 2408 1637
f  2611 1500 2016
f  3255 1570 939
f  875 3142 1868
f  748 2015 454
f  367 2004 3075
f  1755 2315 19
f  3270 862 2135
f  1147 1692 2108
f  364 1147 2108
f  1860 1692 1147
f  2571 1495 2104
f  269 1031 632
f  2321 3282 1944
f  2594 1466 2425
f  297 370 961
f  2181 745 1595
f  3088 2915 1943
f  3185 1646 1411
f  2873 3095 806
f  2131 2525 3124
f  2253 419 3193
f  2951 145 594
f  3104 1782 79
f  3174 874 2414
f  2792 2028 993
f  868 2026 1248
f  1132 2306 834
f  1847 1446 1591
f  1014 3100 633
f  2921 642 2810
f  1436 394 2993
f  1534 527 855
f  2310 2410 3222
f  455 202 1666
f  2925 765 3135
f  613 2378 595
f  2363 1978 136
f  2006 1946 1115
f  457 2851 1806
f  536 1281 1374
f  890 3142 256
f  911 498 625
f  2317 623 339
f  1481 1131 567
f  1667 17 2851
f  2159 2787 1178
f  2370 1300 2394
f  2082 3129 2664
f  2078 2586 1289
f  50 2383 2075
f  920 114 1633
f  1500 2611 1535
f  186 26 2916
f  3062 756 188
f  2170 641 493
f  211 107 975
f  1072 2509 95
f  2170 493 781
f  1942 76 1217
f  1360 394 572
f  1112 372 2749
f  1533 1848 1456
f  3008 1632 82
f  2735 73 1750
f  930 262 2931
f  262 6 2931
f  1629 2579 2306
f  564 1826 919
f  3312 1009 1508
f  1538 2065 3162
f  3 1926 1094
f  1 2608 1679
f  1128 722 2136
f  2808 3048 2164
f  3309 2850 242
f  2097 1513 1181
f  1210 2699 676
f  1591 2296 470
f  2783 1991 1630
f  2338 544 1224
f  1643 3200 2203
f  1458 1812 3174
f  2565 2155 2587
f  977 2656 714
f  139 949 215
f  2822 1473 3225
f  1559 281 1136
f  317 761 1229
f  2698 1620 3118
f  187 2435 437
f  324 2601 2383
f  1704 2812 292
f  466 912 1524
f  1390 3220 3068
f  3059 1347 3313
f  2508 384 829
f  1592 487 953
f  822 3232 2778
f  892 3232 822
f  403 527 1997
f  2949 3146 2480
f  554 3102 2800
f  1685 2116 47
f  288 2658 494
f  386 671 281
f  1233 1499 1024
f  1776 1204 1723
f  1982 2909 2974
f  750 1247 30
f  1718 1975 2217
f  1832 494 2466
f  2744 794 944
f  2329 1526 1738
f  2267 1881 818
f  2340 2380 2453
f  1420 946 1574
f  1952 94 892
f  3308 3185 2363
f  246 2107 1105
f  162 2515 2276
f  1010 115 155
f  2412 1203 299
f  870 1399 3038
f  2266 2409 1566
f  697 1984 1912
f  1936 2666 785
f  1889 1111 249
f  866 2991 518
f  2853 680 1558
f  1809 2327 2046
f  1374 687 2021
f  921 64 1000
f  404 1227 1413
f  1802 225 896
f  2754 458 963
f  2591 915 2655
f  506 3293 2638
f  1233 3276 753
f  2753 551 2304
f  785 2666 2299
f  1701 857 42
f  2532 185 1222
f  2388 1853 2218
f  112 2388 2218
f  595 1107 613
f  1307 2726 2502
f  1177 3247 850
f  2080 1686 1178
f  733 560 28
f  2383 50 2637
f  1464 3176 1910
f  442 1216 853
f  348 851 2823
f  2996 3274 2030
f  2237 3271 1990
f  2592 2444 1457
f  298 2839 1635
f  628 1163 1900
f  1883 1379 1936
f  1980 795 2976
f  2849 449 2642
f  2790 1066 4
f  1043 3122 2134
f  2780 1551 1349
f  3279 1227 1137
f  1556 1974 2493
f  1732 1951 3031
f  3246 1461 2015
f  433 1371 2518
f  2230 1284 1161
f  2417 369 1115
f  957 995 1509
f  2769 1880 3235
f  297 1253 1406
f  1321 793 2195
f  25 904 1320
f  2352 1336 1057
f  1441 2098 665
f  215 1126 139
f  2380 2340 1214
f  1299 2540 2838
f  2397 635 1059
f  2473 12 837
f  1853 1850 2382
f  958 2818 9
f  1292 1270 1453
f  2259 840 1857
f  2429 1954 1823
f  3124 1146 1693
f  1783 2318 3305
f  3204 423 3113
f  3001 1922 2743
f  1574 946 2660
f  833 888 2874
f  2130 1396 2234
f  2163 807 2669
f  2157 2706 1965
f  1876 708 2735
f  2279 1879 2832
f  2667 1391 1363
f  2589 3210 2588
f  2838 2797 1299
f  3039 436 2934
f  2992 3118 1620
f  1050 2158 1721
f  1853 622 1850
f  3259 2248 691
f  2464 2651 2709
f  2334 1851 1594
f  188 2236 1365
f  1684 2300 2859
f  159 1409 2757
f  347 51 700
f  1839 1411 3081
f  2245 1640 2680
f  2982 2267 2058
f  3102 724 3164
f  1388 1377 135
f  2152 1875 2502
f  703 2574 3058
f  330 2838 214
f  3062 668 3246
f  947 1950 107
f  2353 3212 1277
f  1390 805 599
f  1058 1209 1970
f  1772 3284 1677
f  1432 1772 1677
f  1097 510 2010
f  2922 3006 2064
f  448 21 3196
f  731 3012 834
f  1242 3042 3029
f  3282 2353 1277
f  1540 416 2704
f  1460 2309 345
f  1188 2462 746
f  107 1950 975
f  599 1435 1390
f  279 1019 347
f  1387 977 1785
f  1227 404 1131
f  2696 1906 2912
f  165 61 52
f  1418 2556 2678
f  2422 1453 1270
f  2457 2492 1577
f  1828 263 2968
f  3286 2685 1294
f  2368 535 148
f  2163 2689 1037
f  2787 627 791
f  1106 1811 1642
f  2860 1232 1478
f  1067 692 1648
f  2788 368 1237
f  2573 1291 2267
f  963 458 1050
f  841 2500 1015
f  2794 54 2391
f  156 1288 2336
f  2718 2227 477
f  3148 1110 2529
f  1544 2779 1092
f  3140 1696 549
f  2440 1542 91
f  2342 408 1350
f  538 1076 3313
f  2010 178 106
f  2630 2889 387
f  706 967 237
f  919 1048 564
f  3062 1740 1844
f  74 2063 2645
f  2891 469 603
f  3279 2888 1766
f  57 154 435
f  1309 403 1997
f  454 1370 459
f  3214 1695 1038
f  2802 1839 3081
f  1780 497 2765
f  912 990 1524
f  2439 3023 1338
f  1432 3289 518
f  1330 2228 2774
f  2113 958 854
f  1595 342 1681
f  1753 2836 132
f  2195 3046 1119
f  2912 1906 433
f  3019 331 2734
f  1996 2124 1617
f  3266 2347 2125
f  388 1241 2495
f  1971 571 3202
f  1288 998 2611
f  2495 2762 801
f  392 1913 30
f  1419 99 2899
f  603 469 477
f  2096 589 1921
f  1104 290 768
f  400 951 553
f  632 65 269
f  2647 2711 143
f  609 2215 3171
f  716 1317 2721
f  1949 2808 666
f  998 945 2414
f  2037 121 38
f  1437 1788 479
f  242 2231 283
f  3279 1766 747
f  3326 1085 2122
f  775 608 1454
f  2891 3194 1484
f  3095 1751 1661
f  1990 2280 816
f  2350 1751 1877
f  1263 2343 3250
f  2083 3301 3166
f  1421 2126 1805
f  2564 2054 1248
f  3023 1225 1338
f  3091 1112 2884
f  638 1747 2067
f  2668 2712 3047
f  3110 2474 2796
f  1037 1166 1768
f  2049 2251 1376
f  2726 3066 698
f  1515 472 2371
f  2281 933 1719
f  1920 1298 372
f  1974 165 2493
f  3328 1909 1962
f  313 789 1429
f  2978 1573 3311
f  559 224 1361
f  3229 2483 2419
f  2298 1267 1829
f  3317 3098 1344
f  2199 3043 900
f  2527 2746 1491
f  957 1509 403
f  534 1154 3207
f  527 403 1509
f  3073 285 1452
f  3252 1635 1662
f  3065 1803 1900
f  2414 1535 2611
f  2899 2171 2252
f  1674 254 2046
f  319 1028 102
f  730 1975 2922
f  2879 1675 1902
f  85 2029 2806
f  396 1030 33
f  2948 2489 1290
f  71 846 2713
f  778 2322 914
f  184 1826 1219
f  74 2645 1327
f  91 3135 3330
f  2013 1641 2984
f  3143 231 868
f  2774 2068 1330
f  927 3032 798
f  1527 910 2239
f  3308 2299 954
f  3163 1465 2364
f  3261 3292 3193
f  1543 1223 1830
f  3319 987 156
f  405 267 992
f  2996 2109 3274
f  2703 2629 1426
f  3206 1605 3183
f  2367 2740 3145
f  2152 1919 1875
f  1890 143 2711
f  304 2373 2103
f  691 2081 2880
f  1433 894 2572
f  218 3282 1277
f  2602 1950 947
f  2239 1809 1745
f  193 2977 1600
f  1656 2636 1211
f  1201 2475 2066
f  748 3246 2015
f  1608 1264 2690
f  2706 1139 1965
f  3107 1275 2967
f  868 3030 3143
f  3281 3070 696
f  3304 2971 2773
f  1949 666 2011
f  1478 1344 2860
f  3286 631 502
f  670 3167 2941
f  1938 2192 1702
f  2720 3242 749
f  1759 1754 1192
f  1986 244 1460
f  985 1465 843
f  2753 2304 2499
f  2716 1845 603
f  1615 1083 2153
f  3128 2297 1015
f  1605 3206 1501
f  2070 981 1580
f  849 2393 2826
f  2795 2914 2432
f  1504 1230 1589
f  3203 3043 2199
f  2842 2843 398
f  2002 2943 2896
f  2804 639 488
f  133 1124 1297
f  1029 141 3140
f  1181 2100 2094
f  1115 369 1013
f  2087 1050 1721
f  1246 1174 207
f  2558 857 1701
f  487 737 953
f  124 2981 1862
f  1104 434 3287
f  2448 3149 3130
f  919 1826 184
f  1195 1539 3011
f  872 3127 2572
f  2365 2245 2884
f  142 3223 3300
f  1238 1956 2644
f  1637 1618 3111
f  1692 1860 1367
f  2254 525 1765
f  452 2956 825
f  2358 2554 2841
f  1717 2116 2411
f  3132 1381 1411
f  1107 1215 1162
f  2730 667 2515
f  2109 2996 2004
f  2511 1787 2018
f  508 79 26
f  421 128 1951
f  1279 1634 1872
f  118 2390 258
f  2482 3182 2246
f  3295 2332 1474
f  2304 1213 2132
f  2564 1988 1116
f  380 2419 1652
f  2174 2553 2791
f  200 1972 1147
f  275 2616 2713
f  3029 3042 2595
f  1403 1731 296
f  120 376 1235
f  27 605 669
f  505 231 952
f  1916 430 2472
f  624 137 2249
f  537 381 160
f  1897 103 1590
f  1892 2151 338
f  3259 691 1286
f  1435 1810 2514
f  2780 1802 896
f  36 3118 2992
f  2050 1063 3189
f  1063 1694 473
f  299 2805 715
f  67 873 1253
f  103 3141 2652
f  2521 890 256
f  1818 1155 349
f  1832 266 902
f  849 1698 1949
f  863 105 2130
f  348 2823 1541
f  3113 2961 2900
f  2705 1854 1762
f  3330 3135 3310
f  1371 433 735
f  2578 2473 837
f  733 28 1099
f  2165 267 736
f  670 2941 931
f  2795 465 2939
f  1104 3036 290
f  2293 1742 1401
f  2656 2633 583
f  1062 748 988
f  2200 69 3182
f  752 3017 1135
f  774 1384 3178
f  2441 1057 684
f  3031 2248 3259
f  2829 1117 176
f  2295 15 2828
f  899 2487 1359
f  910 1527 1068
f  1074 194 1973
f  1426 1133 2998
f  1068 783 1135
f  1772 2228 1330
f  2645 2031 3138
f  1807 1128 2136
f  1073 2882 2198
f  2929 1733 308
f  1447 2555 2296
f  2840 2477 2069
f  2964 434 3233
f  1104 3233 434
f  2443 2355 44
f  1172 1296 1679
f  929 125 928
f  928 764 929
f  3084 2236 756
f  1970 1209 1678
f  424 2179 2974
f  2517 502 1191
f  380 1652 1748
f  444 1719 1792
f  2472 3134 258
f  2960 3126 1913
f  927 1196 3032
f  291 526 1700
f  1075 947 107
f  1195 3011 1883
f  487 934 1998
f  3006 1778 2064
f  1906 3038 433
f  579 3096 432
f  2646 3023 2439
f  1138 650 994
f  2567 2928 1870
f  395 2220 1835
f  168 1575 1482
f  1630 840 1467
f  2252 1889 2173
f  1215 2175 845
f  3193 545 3261
f  630 1905 2501
f  3261 466 1524
f  1637 1334 2405
f  921 606 2768
f  468 1179 310
f  3010 1625 2256
f  2787 2080 1178
f  1259 1836 3201
f  2392 970 1419
f  642 414 2426
f  1680 3290 527
f  2053 2689 906
f  2743 121 1144
f  2925 3302 1863
f  609 2450 333
f  934 487 23
f  441 1806 1449
f  1644 446 2655
f  974 1293 1714
f  64 682 1639
f  1945 2417 3319
f  546 1482 2246
f  1613 504 1778
f  1338 814 2959
f  2045 2603 2989
f  979 1962 2120
f  2120 3154 979
f  1603 994 1477
f  2802 1388 2600
f  300 389 1994
f  1231 234 3162
f  1622 1520 1249
f  258 3134 3277
f  298 2401 1127
f  952 231 1392
f  2738 916 2917
f  1462 2851 350
f  1629 1865 2579
f  2871 1512 703
f  2584 1283 150
f  721 2133 2091
f  2551 2034 674
f  804 151 2039
f  734 209 1418
f  2337 1032 529
f  844 576 1201
f  236 7 3049
f  2445 1383 3276
f  2060 1994 1996
f  573 1261 2630
f  2145 3311 1573
f  2402 1252 3064
f  913 1833 1425
f  1300 2155 2394
f  2990 999 56
f  1111 882 249
f  582 329 3057
f  1714 2833 2552
f  1461 3254 2015
f  543 577 2989
f  989 3018 2715
f  2291 88 2253
f  3302 1542 1855
f  2999 2050 2673
f  821 1914 1614
f  96 2547 2539
f  1310 2244 1300
f  593 1551 371
f  1952 119 2254
f  1202 1938 1216
f  1333 563 1494
f  1494 3243 1333
f  1171 456 1801
f  2445 810 1016
f  132 2836 2212
f  599 1162 788
f  1385 2253 3292
f  2169 2403 1519
f  270 886 3029
f  487 3215 500
f  361 120 1798
f  2627 3047 2712
f  2038 3209 3236
f  2997 568 1935
f  11 2138 2129
f  98 2916 3170
f  2070 753 1383
f  2952 1275 1963
f  1551 3266 2125
f  3098 819 2314
f  2566 1046 1053
f  2767 1364 749
f  1463 2165 473
f  3123 3268 1096
f  562 93 2684
f  1844 1062 134
f  387 3172 2630
f  1514 1038 1521
f  1096 481 98
f  1827 1970 1678
f  1534 652 2927
f  614 1655 1801
f  1637 2958 3323
f  791 2567 1046
f  300 1570 3255
f  937 421 1951
f  437 636 3094
f  437 216 2789
f  3152 1837 295
f  209 821 1614
f  1158 2194 1351
f  2326 2985 1242
f  1175 2237 2085
f  1534 1403 652
f  3281 924 566
f  3326 1260 1851
f  851 2339 2258
f  1890 2501 143
f  190 1053 1045
f  1688 2924 2034
f  379 2072 321
f  3156 1761 3131
f  79 508 1262
f  922 2322 1497
f  202 420 1666
f  1096 556 481
f  2522 2403 2169
f  3146 1041 3288
f  694 319 1101
f  2763 1061 1292
f  1205 2568 2496
f  295 1925 3152
f  1571 1317 3049
f  2399 620 1722
f  514 2504 730
f  2915 3088 648
f  2130 2669 807
f  2595 2985 360
f  2761 2977 193
f  1959 1616 975
f  3237 2020 1845
f  1276 119 402
f  3254 1911 1370
f  1581 790 2860
f  1290 2128 959
f  2890 1544 1658
f  2278 2045 174
f  2584 2608 2666
f  1886 788 2780
f  3236 1928 1492
f  1265 1492 1928
f  276 108 2690
f  1511 2306 2579
f  3195 2167 2811
f  2643 2889 2630
f  2240 2239 1745
f  1954 2514 1886
f  161 2211 1007
f  2721 1275 2952
f  1401 442 2293
f  2703 2998 780
f  2965 2568 1205
f  1758 397 3239
f  1510 2350 1877
f  1285 2723 1393
f  1096 1020 556
f  808 3249 549
f  468 2272 3253
f  2176 1417 2345
f  2049 2668 1687
f  3261 545 466
f  2623 2983 552
f  277 375 2269
f  3126 2893 1395
f  858 738 3037
f  302 273 1958
f  1010 2618 115
f  1447 588 857
f  1110 163 2529
f  44 422 2443
f  547 1181 136
f  1292 1240 1270
f  144 2971 1443
f  33 1767 313
f  2179 1756 1044
f  3213 3105 208
f  2318 997 3305
f  2405 1479 2958
f  927 291 3248
f  108 2883 2690
f  514 233 1337
f  2976 2196 1980
f  1856 3076 2162
f  698 2233 2726
f  2577 1202 2243
f  2777 713 1484
f  1356 953 737
f  454 2015 1370
f  1488 2469 1498
f  2582 3190 2122
f  666 474 2011
f  593 2311 2372
f  1225 3023 938
f  1001 1087 3306
f  78 2905 1056
f  2578 1893 705
f  730 233 514
f  2466 2686 2189
f  598 1661 2350
f  1510 517 2868
f  3000 2167 398
f  2081 2073 2626
f  3095 2873 1065
f  1008 632 1031
f  2807 2149 3086
f  1877 1878 1752
f  3015 2873 806
f  3274 816 2030
f  467 1126 2619
f  1830 1223 150
f  2827 2398 1563
f  2679 1567 1149
f  1322 1165 1483
f  2032 3074 3267
f  177 2782 2438
f  3284 710 1677
f  599 788 1810
f  2998 1192 884
f  1844 1740 748
f  3254 1058 1911
f  1976 2753 2499
f  1151 2897 996
f  3304 831 1443
f  3288 3238 3299
f  3069 1700 1875
f  1202 1216 2243
f  1759 3016 1754
f  3110 1451 1725
f  2960 2302 3148
f  2180 2208 2117
f  1298 1318 1908
f  1270 1903 3041
f  2864 1927 2258
f  3119 48 161
f  1179 2918 1817
f  359 2949 2612
f  1779 768 180
f  2761 2528 2977
f  1686 3164 724
f  2601 1528 1797
f  1819 799 3057
f  987 2417 1946
f  2240 783 3120
f  1137 1131 1481
f  1994 2060 2830
f  133 813 447
f  1667 1462 2113
f  2616 2661 793
f  834 2306 731
f  128 3031 1951
f  1513 1250 2363
f  1203 2805 299
f  285 415 1452
f  3098 1581 2860
f  1728 2004 3320
f  2004 367 3320
f  658 1875 1919
f  2492 1572 3226
f  1330 3284 1772
f  1211 2176 615
f  144 1412 956
f  2684 1196 3248
f  2296 3327 1447
f  2681 245 2708
f  2207 1203 462
f  3249 3027 1029
f  1313 2734 714
f  713 714 2734
f  686 2027 1874
f  548 2730 2592
f  2087 3157 1440
f  1175 377 3271
f  3228 500 1443
f  2969 19 2315
f  1772 3298 2228
f  660 2811 421
f  2457 592 2717
f  745 2181 961
f  1472 3015 1384
f  3215 1412 500
f  1105 2082 1416
f  2608 1483 2666
f  2589 3101 2132
f  2500 1664 1779
f  2846 1676 876
f  445 3197 2707
f  1313 714 2656
f  1915 2901 2127
f  3068 2354 2556
f  2279 2352 2298
f  1152 2844 69
f  1189 2683 1770
f  2792 2373 2028
f  2707 1021 356
f  506 2578 1415
f  3005 2491 2539
f  2132 2438 2471
f  2304 3208 2499
f  2340 2855 2887
f  1583 2546 2480
f  1747 1607 1169
f  2434 1653 2114
f  880 2366 2103
f  270 2622 2987
f  3241 2023 1706
f  318 2550 2506
f  114 1783 306
f  791 2566 2080
f  172 46 2303
f  980 813 3121
f  2673 2050 3189
f  1190 1995 731
f  1388 3251 2600
f  3108 2948 959
f  3053 1494 563
f  2493 920 1556
f  371 1551 2125
f  1019 1603 760
f  1323 2697 1147
f  200 1147 2697
f  172 2934 46
f  2156 1910 3176
f  852 1369 254
f  43 1425 1899
f  3011 1539 1858
f  2798 953 1356
f  1841 2312 2831
f  3255 316 389
f  3002 2973 281
f  1774 2093 3213
f  3330 3310 3322
f  1767 1268 2710
f  2838 1937 2797
f  780 786 2936
f  196 557 2745
f  2112 1256 2126
f  2376 3139 1690
f  1204 3096 1723
f  1984 2757 1912
f  2909 1888 2974
f  2904 2856 2632
f  693 3038 1157
f  1774 1761 3156
f  2140 3316 3171
f  2331 3027 3249
f  273 2725 250
f  751 1084 145
f  709 3304 2753
f  1871 426 688
f  1922 1314 2743
f  1447 857 2819
f  2653 2130 2234
f  483 2061 3203
f  1855 1964 728
f  2622 1765 763
f  1606 1780 1835
f  602 2594 2425
f  2965 13 1016
f  2761 2458 2528
f  227 2148 1280
f  1188 743 1394
f  2400 3047 2627
f  30 1247 1773
f  2469 1579 1498
f  1635 2831 1662
f  2564 1485 2054
f  2552 2950 1714
f  649 2881 138
f  23 500 3228
f  793 1321 2616
f  3186 2720 2525
f  78 829 1895
f  6 262 408
f  53 2975 2478
f  2009 583 2633
f  1610 1289 2001
f  1048 1394 1129
f  2281 177 2438
f  920 2748 450
f  791 2837 2567
f  2932 2292 814
f  1348 3085 1464
f  263 2670 2883
f  1887 3201 1401
f  3116 2995 2214
f  2503 1715 1265
f  1673 519 1313
f  2993 578 14
f  2071 1005 2458
f  1042 2971 144
f  1753 3027 2836
f  1558 680 1543
f  3324 890 2521
f  1103 1376 2251
f  71 1098 846
f  2602 371 2125
f  552 1052 1414
f  671 2252 2171
f  2338 1224 1102
f  972 2693 2879
f  794 3312 35
f  353 1254 2111
f  2446 1901 1315
f  1901 2468 1315
f  771 2226 3160
f  2813 289 1966
f  904 1548 1320
f  2179 1982 2974
f  858 3037 129
f  998 1288 2316
f  60 1859 1423
f  306 29 1633
f  2976 973 2179
f  2673 3189 192
f  2699 2583 1643
f  2550 2936 2506
f  3044 1620 3020
f  34 3308 2363
f  1828 1996 2176
f  3190 2582 399
f  279 1114 1554
f  2091 3165 721
f  1245 259 1412
f  2495 2834 388
f  1398 2614 1917
f  2763 694 1061
f  2405 1334 3161
f  1090 1071 1393
f  1771 2519 1531
f  2148 227 533
f  1516 21 3079
f  2165 736 473
f  2280 3271 377
f  472 429 3096
f  1120 2848 159
f  1520 2057 1249
f  3065 2396 1803
f  1435 599 1810
f  387 1272 460
f  224 15 2295
f  2516 2456 968
f  1248 1303 2385
f  1148 2572 3127
f  3213 2093 2626
f  2091 2206 3165
f  3049 2580 236
f  1433 1550 824
f  3063 2893 3163
f  901 740 2209
f  2123 219 187
f  1311 58 1940
f  1481 567 2717
f  2496 702 1026
f  996 1120 2732
f  1764 1191 632
f  742 353 1199
f  2603 1689 2989
f  3062 1844 1724
f  887 2212 2836
f  2629 1143 2475
f  1987 2625 1956
f  921 1273 169
f  939 2883 108
f  1808 3009 546
f  200 2697 1152
f  1155 2320 1274
f  230 1386 820
f  1388 3217 3251
f  2210 2958 1479
f  1784 1129 1394
f  1724 2581 756
f  2427 130 2153
f  1266 2387 168
f  1760 3221 2840
f  1511 1133 1190
f  2423 2409 1397
f  2336 3241 1706
f  2675 285 3073
f  2555 2819 1400
f  83 2200 3082
f  918 412 3211
f  177 406 2782
f  3083 3081 1450
f  558 2849 2018
f  1617 372 3091
f  796 1402 2569
f  758 808 816
f  1094 815 680
f  1458 521 1812
f  973 2976 2784
f  2302 1110 3148
f  2757 1984 159
f  895 395 1835
f  2006 1115 1641
f  68 1286 691
f  2955 2894 1400
f  2807 2205 2972
f  1523 3287 2981
f  1348 40 1958
f  1311 3109 2615
f  69 1156 3182
f  2699 3071 2583
f  293 779 573
f  1879 583 2009
f  1046 2567 1416
f  353 2111 1199
f  2223 2949 359
f  2112 1421 2657
f  1990 2972 1781
f  210 1437 1924
f  677 2094 1539
f  439 2883 2705
f  513 357 399
f  1739 1694 1063
f  1547 1851 905
f  2334 1429 891
f  536 1066 1281
f  1017 2286 1309
f  1688 2551 1064
f  645 1722 2138
f  1654 1106 1642
f  3200 1643 1357
f  2007 2059 1981
f  738 2647 3037
f  1855 1355 3302
f  3130 382 2197
f  2400 461 3047
f  163 1009 2529
f  2722 2313 1069
f  1373 734 1907
f  1937 3245 2858
f  869 2975 2308
f  2266 3202 1397
f  2130 2653 2669
f  2877 639 2804
f  374 1169 2661
f  2769 773 1880
f  329 2727 950
f  1490 1856 2183
f  984 3073 1452
f  2810 2426 2488
f  2349 1631 1613
f  2166 2230 1725
f  1699 251 1682
f  876 227 1280
f  3072 1867 525
f  1544 886 1658
f  3181 274 1431
f  1837 1476 3199
f  3231 2467 1518
f  1507 2790 1470
f  3321 1766 2888
f  2167 1117 2963
f  2391 286 1072
f  124 1212 2981
f  738 858 1548
f  1407 2263 811
f  512 903 1791
f  2546 2612 2949
f  205 1084 2247
f  741 2650 2491
f  1728 3320 1473
f  1149 2377 586
f  1746 170 1842
f  1278 3306 1711
f  1986 3122 2386
f  1360 534 3207
f  3157 2087 1721
f  908 511 2027
f  2922 233 730
f  1954 2429 2514
f  2244 797 942
f  2168 2609 2923
f  254 1326 1809
f  3247 1177 1636
f  2815 1353 439
f  47 2074 301
f  1973 1312 2442
f  1968 527 2973
f  3239 2841 1415
f  2610 485 2702
f  2814 1497 1220
f  1423 2341 625
f  715 496 299
f  1825 1629 532
f  1530 1673 1228
f  863 1100 2938
f  984 363 3073
f  1603 1477 760
f  1998 1651 1436
f  2708 245 659
f  3145 2740 412
f  2958 1993 3323
f  849 2885 1698
f  3162 2453 476
f  3073 363 2675
f  1778 2510 2064
f  2510 151 2064
f  929 2687 2986
f  905 1851 2334
f  1853 2570 2218
f  931 332 670
f  599 613 1162
f  1234 2518 2404
f  632 1191 65
f  2874 1668 833
f  1109 1876 2216
f  1088 2504 1773
f  2838 2540 214
f  191 2467 3307
f  2551 1440 1064
f  3321 1572 2503
f  1013 2599 495
f  1002 2991 57
f  2275 2524 2468
f  112 2570 1261
f  1771 2052 1961
f  2165 1496 1941
f  569 2663 1625
f  3067 1723 2387
f  3290 1128 1997
f  219 2123 1358
f  2048 2593 1475
f  237 49 988
f  1525 1351 2194
f  1863 3302 1355
f  2519 182 2436
f  2328 220 610
f  2932 2186 1304
f  1520 1151 2057
f  916 1634 2033
f  3070 1680 1564
f  2534 910 2531
f  1773 2504 514
f  2101 704 2081
f  499 2404 647
f  614 1585 2185
f  1207 509 479
f  1263 3250 1668
f  3137 1779 1664
f  2551 2087 1440
f  1225 938 2186
f  1573 2878 2145
f  1852 1381 1947
f  2447 1852 1947
f  1557 2062 2533
f  2475 1143 964
f  2303 46 587
f  1310 1380 2244
f  1492 2115 2416
f  2609 2168 1549
f  1784 2017 2698
f  2246 3182 1156
f  250 5 1553
f  1446 1983 1591
f  1456 620 217
f  648 574 1208
f  1590 103 869
f  2028 304 993
f  1438 2274 3082
f  952 619 899
f  2162 2978 3311
f  1643 390 1714
f  3217 2953 3251
f  2642 2512 2018
f  2298 1611 1999
f  2459 2382 25
f  401 2808 2164
f  1018 2591 701
f  2418 2078 1289
f  1530 1316 1907
f  1392 231 3143
f  1026 702 1016
f  3090 2286 1537
f  2463 67 2806
f  1924 2025 210
f  2024 2839 1354
f  2762 1241 199
f  2921 2810 2937
f  3269 2304 2695
f  1416 2567 1870
f  2349 2926 1631
f  3077 129 587
f  707 2221 3318
f  2193 3035 2428
f  1000 1639 606
f  1206 229 260
f  1640 2245 3175
f  2006 1641 1708
f  799 1113 3061
f  3177 781 483
f  2634 576 1766
f  1757 2740 2691
f  839 1212 308
f  2300 656 2859
f  3207 1690 2454
f  2314 819 1404
f  1098 1650 2121
f  474 140 2395
f  2774 2228 1002
f  921 1939 1273
f  672 1960 330
f  2702 485 2257
f  977 714 2777
f  2144 3293 2554
f  320 2242 280
f  3291 48 3325
f  2079 3331 1352
f  1279 1489 2033
f  891 542 1340
f  605 1893 837
f  997 1064 1672
f  2442 1609 1729
f  3106 3235 1501
f  430 1902 3277
f  1056 1291 78
f  3326 2122 2954
f  585 937 2521
f  3026 2607 2588
f  2048 355 2593
f  304 608 1703
f  2007 2359 2059
f  1598 933 3101
f  614 3080 1585
f  555 1940 2460
f  116 2650 3022
f  1158 2750 2194
f  254 1674 852
f  1255 2855 1538
f  546 3009 1482
f  358 607 859
f  243 1460 616
f  3057 329 950
f  2167 128 2811
f  3290 2538 1787
f  2449 1464 3085
f  2102 369 1221
f  658 1346 147
f  1553 106 178
f  1963 437 2731
f  2566 1053 3318
f  351 732 1081
f  109 1269 2208
f  1695 2869 1038
f  653 894 1549
f  3070 1671 2719
f  803 597 446
f  1213 2014 3051
f  113 3295 744
f  2473 596 1512
f  442 1401 3201
f  158 812 3084
f  2071 2458 3260
f  145 1084 594
f  19 581 1755
f  1841 2831 1795
f  2553 2614 1398
f  978 2519 2436
f  2077 2578 2638
f  1388 968 3217
f  2165 1941 267
f  1238 1987 1956
f  1995 1133 1426
f  702 2496 2568
f  1896 1489 2536
f  202 1243 2632
f  625 1281 1423
f  2752 195 1869
f  2701 1647 1973
f  1549 1217 2335
f  2304 551 2695
f  2631 431 1003
f  2684 1099 28
f  2776 699 3022
f  173 2376 242
f  1459 597 1942
f  888 2773 1343
f  3043 3203 2812
f  2119 2953 1395
f  580 2901 2902
f  1127 2024 1354
f  283 2231 1597
f  2865 1616 1581
f  2337 2092 1032
f  3120 1068 1527
f  1168 585 875
f  1029 3027 1753
f  2735 2216 1876
f  866 518 3198
f  2643 710 2889
f  42 755 1701
f  1733 2929 2788
f  100 944 35
f  1760 92 1730
f  1395 2893 2119
f  846 2121 3045
f  2789 2839 2731
f  871 570 1769
f  523 2850 3309
f  920 2493 2748
f  826 531 1691
f  1774 3213 2604
f  3097 3093 2150
f  223 1480 3045
f  588 3318 190
f  615 1656 1211
f  1786 941 2858
f  1239 1861 1387
f  2273 834 3012
f  982 2874 888
f  2512 3121 2575
f  1161 2671 8
f  919 1624 1749
f  1171 3062 188
f  963 936 776
f  1201 3204 2970
f  1508 1009 1079
f  2258 1927 2660
f  375 277 3183
f  1520 111 1151
f  1140 103 2652
f  776 665 963
f  642 2426 2810
f  1654 1642 794
f  910 1659 2239
f  1028 1595 1681
f  402 415 1276
f  2163 2669 90
f  699 2578 705
f  2706 1054 2497
f  3224 1817 1560
f  2366 2809 775
f  2633 2656 977
f  763 2890 2987
f  1977 412 2740
f  1319 2265 983
f  3285 3254 1461
f  272 226 3329
f  2069 226 2840
f  3278 1626 2054
f  1033 2781 2032
f  3186 2466 2189
f  1315 1260 3326
f  510 1097 17
f  1414 465 1125
f  2807 2940 2149
f  2152 3032 1561
f  1919 2152 1561
f  1125 552 1414
f  2608 2584 1183
f  1424 679 2242
f  3078 1845 2716
f  2565 2639 2379
f  374 1668 1747
f  2039 3028 804
f  315 2389 1138
f  1842 787 2697
f  1007 2674 1350
f  2252 386 1111
f  2720 749 2935
f  1685 1256 2112
f  2349 537 3262
f  1285 1393 864
f  60 3147 1859
f  1101 1061 694
f  906 129 2053
f  2440 1855 1542
f  2772 3200 1357
f  207 1174 948
f  1241 2762 2495
f  1619 1538 902
f  1760 2840 272
f  1229 2717 317
f  2853 1366 861
f  2573 2508 829
f  2686 2466 494
f  775 2994 1593
f  2181 1028 966
f  3032 1196 1561
f  1878 1877 3219
f  209 1614 1846
f  290 839 768
f  2482 2246 1482
f  1364 2935 749
f  982 981 2874
f  176 1267 2829
f  2135 1888 3270
f  936 1375 776
f  3156 3131 2041
f  1571 3049 847
f  672 1902 1675
f  1924 2030 3205
f  2247 1108 205
f  1792 3070 444
f  2597 2412 1414
f  630 2142 1905
f  2867 1184 3180
f  261 3076 2956
f  3248 1196 927
f  2043 1734 1184
f  2772 1299 2797
f  2148 869 1095
f  468 568 2923
f  1488 1201 3257
f  1872 2536 1279
f  2388 3294 871
f  327 1453 885
f  2094 677 1936
f  1201 2970 844
f  1208 2362 2649
f  2435 219 2628
f  2800 3102 1683
f  171 3176 2449
f  347 1019 2544
f  2885 2366 3021
f  502 2509 286
f  2863 1479 43
f  583 2598 1228
f  3054 2816 2872
f  3054 3058 2574
f  3325 2798 3291
f  68 2906 1286
f  71 2616 1321
f  2294 2682 178
f  1525 1908 740
f  1108 57 205
f  2847 847 7
f  1681 102 1028
f  1382 598 2350
f  67 2463 1915
f  660 2688 2037
f  709 1976 1305
f  148 535 3065
f  444 3070 708
f  706 454 459
f  1099 2684 3248
f  2093 2880 2626
f  1978 1465 985
f  1979 1383 2263
f  2375 3159 1681
f  127 3198 2308
f  1626 1248 2054
f  497 3247 1636
f  1987 1238 1271
f  1908 1525 1298
f  325 45 778
f  2005 427 429
f  1741 2875 2357
f  1492 197 3236
f  721 3165 2637
f  51 347 595
f  2049 87 2668
f  3155 113 2601
f  492 1424 2259
f  3102 3164 1683
f  2003 746 2887
f  2132 3051 3210
f  2157 2905 78
f  49 967 2456
f  3260 581 2071
f  1348 1968 522
f  1265 1928 720
f  1939 2883 1273
f  242 283 1544
f  718 3156 2906
f  841 1200 2037
f  2219 1215 845
f  2827 1563 1794
f  393 2075 1797
f  2434 2683 940
f  1943 3198 3289
f  1432 1943 3289
f  2553 1398 2193
f  406 1744 272
f  3072 2742 104
f  3012 2038 2273
f  2719 1671 3004
f  863 2799 2563
f  2709 2894 2451
f  1058 1970 1020
f  1572 2492 1715
f  1100 863 1037
f  326 1274 2089
f  640 2042 2944
f  917 1584 2325
f  1092 2779 1793
f  214 2540 2764
f  943 812 3026
f  692 1966 289
f  666 2808 401
f  1242 2985 3042
f  2240 1218 1083
f  217 620 2399
f  2691 460 1757
f  381 946 1003
f  2071 581 19
f  3204 2066 964
f  1860 1147 1972
f  1111 1889 2252
f  3207 2088 1360
f  1879 3007 2832
f  3135 732 3310
f  1113 799 1819
f  1503 3295 1502
f  338 9 1892
f  2427 3233 2700
f  3259 1734 1070
f  1430 3044 3216
f  1732 3031 1070
f  538 530 2870
f  2806 365 85
f  2251 2049 612
f  1687 612 2049
f  1687 2668 461
f  2787 791 2080
f  2826 2809 849
f  1194 2637 3165
f  182 2519 2055
f  2640 1775 2262
f  2008 2733 2384
f  235 2089 935
f  2671 2159 8
f  970 2392 1979
f  2951 169 1273
f  1873 1596 823
f  1613 2823 2729
f  1266 232 420
f  1347 538 3313
f  876 1676 2407
f  697 2907 1984
f  3283 1580 203
f  2091 147 562
f  3167 1387 1785
f  1694 1036 1904
f  2452 2095 72
f  1698 3048 2808
f  1616 267 790
f  3115 840 2259
f  3270 1888 2909
f  751 1273 2883
f  2104 2596 2571
f  2488 203 925
f  389 2124 1994
f  291 1897 2681
f  1648 1623 1620
f  1912 674 2034
f  421 585 1168
f  2920 1155 326
f  2416 2115 1455
f  1555 1687 1301
f  1686 724 2086
f  2882 2162 3311
f  2664 3093 3097
f  617 1827 150
f  1737 2786 774
f  1438 2482 1575
f  229 2845 260
f  117 618 3040
f  1876 1109 1719
f  501 453 1728
f  2353 2321 1829
f  3117 1505 391
f  1920 1318 1298
f  2819 857 2558
f  1297 2136 3121
f  527 3290 1997
f  1801 3192 614
f  3107 2123 1963
f  2410 872 3222
f  250 3087 273
f  920 1633 29
f  2162 1568 1856
f  697 204 2907
f  835 1842 817
f  2912 2518 428
f  422 44 2400
f  658 147 2133
f  2791 3144 2174
f  1801 20 3192
f  2092 189 2771
f  284 820 1272
f  1804 3227 353
f  1843 2278 1583
f  685 691 2248
f  2718 2801 604
f  454 988 748
f  3328 2716 2227
f  2055 2519 584
f  710 2190 2889
f  2192 2650 1702
f  2750 1158 2197
f  2173 1889 638
f  2154 3155 2760
f  3168 2935 2199
f  1544 283 1597
f  3297 2480 589
f  2008 1316 3212
f  2247 2883 2670
f  2662 3324 157
f  2570 574 1261
f  3321 2634 1766
f  2204 1598 2589
f  2215 609 333
f  221 1619 902
f  3267 2543 762
f  2147 3265 647
f  2573 2920 2508
f  352 1790 2213
f  1424 1738 703
f  13 2965 1621
f  460 3010 387
f  1985 816 2437
f  603 477 2227
f  2462 1188 55
f  1663 2856 2904
f  3034 2306 1132
f  589 2480 3146
f  1143 2629 3258
f  1527 2239 2240
f  2587 3054 3272
f  2879 856 972
f  612 940 2251
f  238 149 1099
f  2813 2036 2667
f  2629 784 1498
f  747 1766 844
f  3224 2433 1179
f  685 2248 3031
f  3239 1415 1758
f  486 432 1574
f  669 452 1702
f  672 1675 1960
f  2867 2767 3242
f  1010 155 1327
f  2177 336 2415
f  2024 2731 2839
f  1917 1367 1398
f  836 2832 3007
f  2451 2464 2709
f  1341 3084 812
f  1444 1395 2953
f  2704 1158 2859
f  105 2563 3038
f  646 772 2278
f  1493 2332 3295
f  1438 2005 655
f  2285 120 1271
f  2615 3109 2483
f  1158 1351 1869
f  675 184 1219
f  496 1236 323
f  2575 3121 722
f  266 1693 221
f  1695 1529 251
f  3159 2375 146
f  2255 356 1021
f  2763 2541 694
f  1886 2780 1349
f  2204 409 696
f  2556 2354 2678
f  1969 2445 13
f  2749 382 2687
f  3187 172 2303
f  3169 2290 2043
f  3140 729 2437
f  2969 2315 3038
f  2166 766 1532
f  3291 1022 48
f  2588 2607 3275
f  1290 959 2948
f  1507 2316 1612
f  2319 2982 3116
f  1056 2271 1291
f  3309 242 2376
f  439 1353 2883
f  1737 1638 1078
f  2038 3012 1995
f  2461 1707 1073
f  1328 832 1041
f  2952 716 2721
f  2498 3074 2781
f  3068 805 1390
f  785 2097 2094
f  2095 980 312
f  2585 1397 523
f  2135 3264 3039
f  1634 2474 8
f  2716 603 2227
f  2876 1867 3072
f  3007 1821 836
f  1431 274 644
f  2542 3232 1765
f  755 2082 1522
f  2335 1217 3307
f  1985 2025 3205
f  2454 1765 525
f  1088 1262 955
f  2815 1586 1353
f  2441 2765 1999
f  3151 2364 2363
f  21 448 553
f  1793 2779 2294
f  3124 2720 2935
f  2061 483 2374
f  1525 740 2930
f  1057 1336 684
f  839 290 1212
f  805 3068 2378
f  1456 1254 2129
f  3169 3242 1992
f  241 2718 604
f  2962 582 3057
f  1548 858 1320
f  2385 2384 1405
f  3160 3150 1495
f  1616 211 975
f  471 2557 1536
f  1072 1244 2391
f  1087 3016 3306
f  2446 759 2472
f  937 1951 907
f  643 422 2400
f  2279 2832 1336
f  3215 1245 1412
f  2068 2247 2820
f  1637 2405 2958
f  2402 380 1748
f  3288 3299 1840
f  1126 2408 3323
f  3106 2769 3235
f  470 2857 1562
f  3221 379 2840
f  3140 549 1029
f  84 1805 1974
f  1600 976 181
f  853 1216 1938
f  2487 2035 3303
f  187 437 1963
f  770 547 1536
f  916 2796 2474
f  2434 2114 2683
f  1975 730 2217
f  1820 2325 2313
f  2477 321 2499
f  2039 151 2892
f  3268 97 491
f  1503 2644 3295
f  1779 591 3128
f  213 3166 2461
f  438 1798 1170
f  2443 817 3256
f  2451 2955 2450
f  2899 2173 1419
f  2245 1345 3175
f  292 3203 1788
f  1333 3029 2595
f  195 2859 1869
f  407 3038 2799
f  2468 1901 889
f  1648 675 1623
f  1120 410 2205
f  46 1389 864
f  1265 2535 2503
f  596 2473 2578
f  797 2244 10
f  1687 461 1301
f  1998 1436 2287
f  2380 1214 3324
f  3318 2221 2566
f  119 3072 2254
f  3114 152 938
f  2897 1185 377
f  2142 129 1905
f  2934 2489 3039
f  364 2108 2226
f  2505 251 3056
f  1511 1865 1352
f  2650 741 3022
f  2766 241 371
f  1991 1709 727
f  1751 2182 3041
f  1468 2662 18
f  1665 2943 2406
f  1656 2269 375
f  2103 2366 1454
f  2512 2511 2018
f  2639 2320 1818
f  2304 2471 2947
f  1601 1420 1574
f  1860 83 3082
f  1402 2901 81
f  400 630 951
f  2145 2715 3018
f  183 3017 752
f  3183 1840 3299
f  1491 2756 2527
f  1628 297 1406
f  408 3119 1350
f  2380 3324 2662
f  1930 1771 1531
f  991 1013 1172
f  2545 3038 3114
f  138 271 649
f  96 1149 2547
f  889 2275 2468
f  512 2870 903
f  1130 2379 349
f  1375 3105 776
f  2775 746 2462
f  2160 1768 681
f  1371 647 2518
f  843 1141 1786
f  505 1359 2946
f  2062 2423 572
f  2362 2570 2640
f  374 1747 1169
f  150 1678 1183
f  845 1802 2219
f  606 1402 81
f  657 1632 3270
f  3220 1390 2561
f  2734 3220 2561
f  3177 2935 1364
f  2277 825 2956
f  2163 90 2689
f  5 2973 3002
f  2412 2597 1203
f  2478 3211 53
f  2045 2991 866
f  733 1099 478
f  371 2602 947
f  2213 1790 310
f  1494 3232 3243
f  208 2604 3213
f  1949 2011 2393
f  1851 1085 3326
f  1999 3191 2298
f  624 332 2942
f  2451 609 541
f  2009 2633 1387
f  315 2576 2389
f  969 2089 2639
f  3229 1409 2848
f  952 1392 265
f  1258 2634 2724
f  2067 1569 638
f  897 1213 3269
f  1777 1072 322
f  3290 1787 2511
f  2159 1872 1634
f  1119 1098 1321
f  405 225 1477
f  2644 3061 3295
f  189 2092 2337
f  1132 834 761
f  1833 1738 1526
f  1788 210 1362
f  1079 1009 2654
f  1409 3229 674
f  994 405 1477
f  1270 1796 2422
f  2584 150 1183
f  1077 2649 2262
f  202 2485 420
f  1613 2739 2823
f  2086 724 1896
f  2491 2192 2577
f  2096 2606 154
f  2807 3086 2205
f  632 1008 1764
f  1560 2335 3307
f  1959 2347 960
f  400 2142 630
f  1910 503 1731
f  2996 3075 2004
f  624 2942 1904
f  1166 1037 2689
f  351 910 2534
f  1226 2982 271
f  2079 3054 2872
f  129 2641 814
f  971 1729 2161
f  2570 2723 2191
f  1212 1523 2981
f  3046 222 1119
f  126 3201 1716
f  988 49 2516
f  1816 2372 1954
f  2123 3107 1358
f  1403 1534 855
f  1170 1798 2184
f  142 798 1339
f  2865 1404 2270
f  291 927 3300
f  2708 526 2681
f  2416 197 1492
f  1959 960 225
f  3089 3061 1113
f  1332 3212 2289
f  2090 2036 132
f  2700 3233 3137
f  2516 426 1871
f  2200 83 201
f  2999 1861 2613
f  1408 216 3094
f  2578 837 1893
f  2467 191 1518
f  2734 331 713
f  1821 3007 1080
f  2320 2639 1274
f  1142 1621 360
f  40 302 1958
f  692 1067 1430
f  1406 873 2312
f  2215 1040 528
f  1833 913 1372
f  1197 2750 2749
f  3034 1629 2306
f  2513 396 1594
f  1999 1057 2441
f  1491 861 2756
f  2474 3110 8
f  317 2945 2759
f  2760 3155 324
f  864 1775 1285
f  2213 2433 352
f  1364 2767 41
f  2155 2565 2379
f  3086 2264 2205
f  2454 1690 3139
f  2782 2471 2438
f  2842 265 1392
f  958 9 854
f  2265 1473 983
f  1770 1727 1644
f  912 1742 3086
f  2742 48 104
f  2192 1202 2577
f  2585 523 1154
f  1476 2449 31
f  1109 2281 1719
f  157 18 2662
f  593 604 2801
f  3189 2389 192
f  2572 2898 1433
f  2220 3303 1606
f  1112 3091 372
f  2397 223 635
f  1296 1172 418
f  2482 1438 2200
f  2922 151 233
f  3202 923 1971
f  20 2452 72
f  1237 2047 2788
f  79 1262 2635
f  220 1866 610
f  2003 2855 1255
f  1418 2678 734
f  429 1723 3096
f  2863 2210 1479
f  126 2377 2243
f  27 705 605
f  2130 807 863
f  1065 3041 2182
f  2742 1004 48
f  3054 2587 2244
f  2058 2238 2982
f  2595 2834 563
f  1989 1733 175
f  2366 2885 2809
f  1008 1198 654
f  2372 1816 593
f  455 1666 3286
f  3309 2755 1154
f  1660 2894 2709
f  1275 2721 2345
f  1564 708 3070
f  2849 24 1649
f  2735 561 73
f  1239 137 3103
f  1642 1811 3312
f  1766 576 844
f  3272 480 1629
f  1002 2228 3298
f  2146 2312 1841
f  1679 991 1172
f  2585 1154 534
f  1139 2105 1965
f  1341 2505 3056
f  1295 457 443
f  100 2925 1863
f  475 3142 890
f  2501 129 143
f  1531 3024 1930
f  833 1668 3250
f  2454 516 2931
f  2437 729 1985
f  176 2167 3195
f  3203 2199 2935
f  2550 3204 2936
f  2735 1750 1730
f  2242 320 2259
f  1323 364 771
f  1341 1521 2869
f  543 412 792
f  1791 1363 512
f  2908 2238 2058
f  2727 1710 2745
f  3117 2794 1813
f  1024 3240 3276
f  2274 464 3082
f  2195 1119 1321
f  2300 1684 2040
f  1897 291 3300
f  2395 140 1064
f  2627 643 2400
f  338 2151 3158
f  276 2690 1264
f  1984 2907 2484
f  3111 1618 520
f  3290 2575 722
f  2744 1786 794
f  2541 85 1834
f  3265 2886 358
f  1971 2852 1597
f  2732 1984 2484
f  3276 1383 753
f  3307 2467 1560
f  1646 954 3132
f  2646 3265 3023
f  2730 1418 1846
f  2353 3282 2321
f  1752 1878 2361
f  423 318 2908
f  1335 3048 3021
f  2647 129 3037
f  1343 982 888
f  2896 2467 3231
f  2131 266 2466
f  698 1769 570
f  1307 659 657
f  608 1593 368
f  2266 1397 2409
f  1113 557 323
f  618 2877 3040
f  1962 1075 2120
f  2830 2968 2883

# End of Wavefront obj format #
