# file written from a CGAL tool in Wavefront obj format
# 3333 vertices
# 19998 halfedges
# 6666 facets


# 3333 vertices
# ------------------------------------------

v 9332.9274654118381 6347.9847225208614 3633.0267267005684
vn -0.79337769187109786 0.58074644792451435 -0.18244287123466538
v 9233.2923745825974 6019.3705656715574 4070.5585981012846
vn 0.25959655667027176 -0.81858977330644467 -0.51236745681497164
v 8642.9131703518669 5535.5259865042717 3019.7917171900958
vn 0.44918742813517254 -0.79150164309452364 0.41443431733385505
v 8900.5414497991624 5994.3189177523836 3159.2757194823007
vn -0.9574200640451449 0.21999509196098269 0.18694646419996647
v 9640.5356372823699 6282.681425021532 3506.9906426451607
vn 0.1786501835831994 -0.92254638648810972 -0.34204133768218753
v 9151.9668157078886 5945.3041084005772 3575.308806713198
vn -0.0041672958341936834 -0.90864505032401133 0.41754856743510105
v 9210.3465768560163 6163.9244502378097 3995.1763269421917
vn -0.42623584353962385 0.84543205503093299 0.32181927538331018
v 8914.7715727373725 6058.4552282008772 3089.4236983228702
vn 0.68851928032714405 0.71952735377505728 -0.090672971646766368
v 8445.804491690038 5603.4853992734324 2943.2976291197515
vn -0.00047255787211628714 0.06294286706162977 -0.99801701998268522
v 8235.7043036949126 5220.5346304420127 3117.3392281447132
vn 0.36068146767616338 0.17167272501206302 -0.91675370430770631
v 9906.7600315118816 5739.7822928782944 3131.3426265760836
vn -0.32471910746894972 -0.94433602894213364 -0.052791719865624386
v 9620.0828876598771 6262.9596336205359 3451.3301757552472
vn 0.71692258318163082 -0.25565920202919873 -0.648583365606898
v 9859.4884751780464 5864.822879673673 3075.7349683923708
vn -0.81355779472065481 0.45511018884991283 -0.3619370534419783
v 9953.6839578282816 5861.4509787005491 3215.6336902581597
vn 0.8320804421872583 0.37112113160901028 0.4122029153253341
v 8881.2636130698938 5921.7508651956632 3158.9291183258838
vn -0.7049260238756373 0.33035598623285339 0.62764976158921881
v 9125.755706335156 5968.9584362199403 3618.5291759647662
vn -0.21591603638237492 -0.74439355479446223 0.63186905353355383
v 9283.8878873504837 6232.4483219569056 3646.2041713547292
vn -0.70148227822747999 0.1734523023180099 0.6912574861463463
v 9210.8221136611191 5889.5358342095278 3450.7526224370786
vn 0.015833032511343839 -0.98949488852014433 0.14369822780397137
v 10119.165621202097 5846.1161546834292 3019.9873122303547
vn 0.16648586339419885 0.9852573722830622 -0.039374708275282326
v 9117.599099656858 6121.8531099098327 3451.5613440229308
vn -0.58456914640201429 0.81132272954687756 0.0058601702555926821
v 8717.070101872072 5731.68497634085 3019.9201838577515
vn -0.81158282329971465 0.5239536947851311 -0.25846827009494594
v 8836.4947973850503 5677.1370172250081 3033.8971326093624
vn 0.31146850451429769 -0.73052966580626721 -0.60771192029826959
v 9154.5241227400475 6148.6852661923094 3463.5874917448164
vn -0.1510460872098178 0.98209763482082024 -0.11255805265708352
v 9815.9585825333197 5823.3050371584968 3171.1656388669112
vn -0.92996114617091286 0.18104426497822862 -0.31999256355574107
v 9305.1296042956292 5958.7920546717287 3395.4421202301828
vn 0.78392070043241369 -0.46880433621745826 -0.40705138468903684
v 8692.2552023563985 5869.055418655289 2908.6810664894474
vn -0.15161386751247194 -0.83927218484646504 -0.52214503245836941
v 9055.5665926942111 6076.5275143105346 3434.7330954368181
vn -0.88119706808160769 0.33280720829674426 0.33575450750526903
v 8716.9611950641884 5995.3378282114209 3061.1651579276963
vn -0.83684474580112966 0.53250446778315075 -0.12700339844282144
v 9165.795304193678 6080.9243101391257 3952.3387835957278
vn -0.93507352162133295 -0.34871900073676232 0.063502501429727493
v 8226.7506051952678 5250.509343084881 3171.2922788094329
vn 0.15726952983489348 0.98745308249461183 -0.01423744560660122
v 9500.7884713175063 6453.5230667835021 3683.8254087091791
vn -0.15757647774972139 0.36014969631865051 0.91948999445430368
v 8916.1958761696296 5846.4170244575507 3174.4555936001125
vn 0.25047382797066337 -0.24475039567764081 0.93667502652593493
v 9078.3618794649374 6112.7793734418992 3311.9937512152892
vn -0.30480942232418728 0.92511904260446587 -0.22637573428482072
v 9960.2942311590941 5896.214234319259 3102.618165949877
vn 0.38494711366580997 0.92061569665707066 0.065440497774531217
v 8287.1006051401964 5261.9213810543588 3089.4991915881274
vn -0.86239399910179249 -0.26227903435303507 -0.43299688041838952
v 9172.8670705888217 6161.4216800373079 3565.5114710356415
vn -0.3065266990251882 0.94301176837732248 -0.12949975863528437
v 9292.2173861560586 6074.8968434167546 3409.5470963952903
vn 0.38160976253266704 0.64788018017017179 -0.65926114801528168
v 9199.8908903009014 6179.2915003717189 3830.2070546473242
vn 0.44269673425313316 0.88766726185181544 -0.12675343671124309
v 9708.2630945973215 5911.3011023154322 3478.0332033518062
vn 0.45779214204078095 -0.62547987389851845 0.63182377450805616
v 8434.1431816520708 5512.3859392730601 3006.066123548957
vn -0.75213833920868289 0.62260031298641993 0.21600177999640691
v 9707.2364309282639 6016.5399264227308 3479.9433527362357
vn 0.54699217619483276 0.33151197485767869 0.76869979166616331
v 8272.4971063529229 5199.7172043315231 3187.1745656264634
vn 0.92321534320791965 0.10242875697261938 0.3703805877884625
v 9338.7047178523098 6050.0345412628139 3590.6423633168988
vn 0.70500184237050223 -0.64383878907933778 0.29739538653289416
v 8698.4810484177033 5715.2449179224259 3116.4423618566798
vn -0.88194202245067965 0.34370775708002138 0.32255735421568998
v 9247.0039718587032 6061.063842868125 3924.5462130460687
vn 0.67172539893641969 -0.70225444210381538 -0.23584674466518876
v 9235.6388268408336 5931.3663844757684 3353.9781525554954
vn 0.42993428194865407 -0.82349299665026165 -0.37015645026565103
v 9139.3035149062398 6158.5375222200673 3672.7235722902096
vn -0.92095274848993225 0.38688283815780911 -0.046558614539073409
v 9307.8150925422015 6309.1819094953044 3633.4481709869274
vn -0.88933245114240023 0.34712247512286548 -0.2976470705544168
v 9801.8125285964597 5790.8593811196151 3225.9657935879623
vn -0.82517279753986272 -0.50061005606051301 0.26168573895290298
v 9722.9939905256688 5837.9629987449644 3368.5794778952773
vn -0.58108297265723019 -0.79010478988622812 0.19513328749005335
v 10001.218718958808 5777.4219217623613 3144.4874845177756
vn 0.73880585050238046 -0.51859645548729316 0.43037615131355755
v 10054.752871630531 5778.0819169644237 3047.8457858447046
vn 0.30692965919071918 -0.88881020073281347 -0.3403095816787487
v 9052.2331236559348 6097.9282431294905 3415.0921470177695
vn -0.84015206711845736 0.52036761988159308 0.15284647295684944
v 8907.327401545921 5745.5935437860207 3130.6443836007484
vn 0.87356466403063426 -0.41749436762853909 0.250166406128983
v 9489.8058625608537 6176.8151595285481 3328.488305719944
vn -0.76070024043812912 0.53762837091979043 -0.36371813122183611
v 8740.8524578374454 5799.6047373937345 3061.7212074291506
vn -0.52485678597446039 0.84214860841605566 -0.12373793096484385
v 8704.1968944520413 5759.7751949629428 3088.6084850001853
vn 0.64781957816811231 0.44899171628603834 0.61541549610698532
v 8611.2521800710292 5659.3009347918305 3061.7109077288451
vn -0.41570250193225883 0.90766165368724694 -0.057807891442192436
v 9159.9993794988568 5946.9059084260134 3590.6487370206842
vn -0.020104493886343985 -0.90074166992768434 0.43388967881416635
v 9243.6571626781151 6088.2024066040685 4149.0770679373354
vn 0.66357596001220409 0.73513735510873912 0.13870837904614605
v 8602.0527695629753 5818.1708966121232 3159.2283100916516
vn -0.65562010580180197 0.7391129577524147 0.15451314685459963
v 8542.1456054181126 5916.2914331697157 3020.5567604788102
vn -0.94549250519834838 0.30372467429461775 -0.11745316018898681
v 9596.0583212667261 6297.7233047623486 3521.0567364707358
vn -0.48513970342357826 -0.77202557702147789 0.41062875762266926
v 8797.3236711631689 5945.1227212024751 2940.1556035216299
vn 0.097561508409609615 -0.22075887323036258 0.97043663985182593
v 8383.7816411080494 5407.3420091508015 3006.0585019716682
vn -0.81129533597995529 0.062362148298384684 -0.58130098939945196
v 8496.334759756659 5361.2614452949319 2880.3681482149314
vn -0.76413149761244858 -0.20311257948390604 -0.61224858873822696
v 8811.934532913463 5732.7739243974138 3159.2488370068822
vn -0.02068747321484413 -0.64259165451927658 0.76592949675160293
v 9831.6728234668444 5870.0094404464453 3204.1917793211605
vn -0.46199764775794855 0.70065942715484197 -0.5437228527523662
v 8350.0369982202828 5214.7512323255796 3103.4005422491223
vn 0.76647452792299442 -0.59968067728376717 -0.22999974638617551
v 8582.6964814389084 5869.1002899138512 3035.0437383540034
vn -0.68091551377093285 -0.71922737107222134 0.13807987473418379
v 9145.0186206087128 5959.7861895248643 3298.5798566643166
vn -0.25266064190164911 -0.54535347458303451 -0.79921973686468617
v 9115.4111049172825 6111.0556524845106 3312.0105109996757
vn 0.2867694424771417 0.83545684428188449 -0.46880182188628944
v 9520.6002040625408 6172.2523296556492 3269.8660399279979
vn -0.59632197378330676 0.4613535825502571 -0.656926917892108
v 9443.6999326156329 6410.3241115501605 3677.0327459597434
vn 0.33674363537967728 -0.44298556775255221 0.83088357234586596
v 8847.3435934205118 5696.6531179922604 3019.5348438048431
vn 0.12269473046821136 -0.98945346895441388 -0.076992440469242057
v 8768.7124214231335 5957.0727408004041 3089.6627003240937
vn 0.16583641616492889 -0.67206791693225199 0.7216806759945259
v 8733.6722678377591 6077.2127004699551 3104.5604438993519
vn -0.63237976824373376 -0.77160649471537612 -0.068696768694397933
v 8392.3122394160437 5287.1412326017244 3033.744525082192
vn 0.24219691007659444 -0.46994116270770098 -0.84882033454806216
v 9592.8070591048563 6376.5531140176399 3478.9384155842286
vn 0.16900439473021245 0.61491199491935133 -0.77027316782176569
v 9155.7211377304502 6076.2134613312073 3882.672238894359
vn -0.70663750639932144 -0.68147102546432525 0.19042236213835317
v 9490.601588240912 6144.4039761210261 3316.4547686171136
vn -0.77253195980178646 -0.54432065967909793 -0.32697001472814402
v 9040.4943552324257 6092.5087428488241 3168.391482030197
vn 0.55539141630794098 0.51872819154861938 -0.64997033623401479
v 9645.8637964479858 6455.7151694678651 3632.2256845949487
vn 0.89427953715168451 -0.37037445475368386 0.25117100289977778
v 9230.3257047856387 6098.7636936773342 4161.2219569638073
vn 0.18916572381771737 0.98182286574735145 -0.015498039494638776
v 9901.1410685361661 5890.121230923618 3228.6704806859102
vn 0.15335179309158026 0.9564732529912684 -0.24827835964477121
v 9097.0267798492132 6109.8924845922311 3549.3512334820111
vn -0.78076326737691593 0.5975028040584478 -0.18275425975121445
v 9720.2222853109561 5910.9148575231002 3465.3455250548459
vn 0.36373633334962457 -0.68282397735408262 0.6335986866713994
v 9606.339213379506 6312.9917195327926 3451.3440956302929
vn 0.38963361312866157 0.34409584469766374 -0.85427378350392214
v 9222.9995579365423 6145.5584170902948 3693.0351994765892
vn 0.70775795792189022 0.65476820977652284 0.26524943819786528
v 8620.0709296938385 5815.0923077985417 3117.3336170316543
vn -0.98023762951731042 0.096199647785832162 -0.17285779543938948
v 9471.3534791068014 6452.6385561048128 3617.9148664017448
vn -0.4008669831044091 0.90724315585190995 0.12734016654864291
v 8729.8889798930013 5780.8190274541648 3145.8003369669013
vn 0.8503898970700946 -0.52253248982119616 0.06161834176911344
v 8737.4368745460051 5821.0682026458016 3117.6492478976206
vn 0.96857526570518293 0.17090044986866262 0.18070691989744911
v 10064.953933953337 5835.1853658751816 3078.568927748031
vn 0.61348027860165333 0.60930677811587286 0.50238152624165233
v 10040.075314776586 5786.6024206859065 3107.563231505675
vn 0.62879322634486612 -0.57525570184547237 0.52316341232648034
v 9263.3085381729506 6078.8445408642046 4003.7059453201164
vn 0.92523446724252445 -0.368750710580314 -0.089241773138792543
v 8334.6198007554995 5211.0317329495874 3090.9447079086817
vn 0.80605497102294921 -0.57262102782935131 -0.14960127732358997
v 9236.1349298800706 5902.8228509637629 3395.7227101087456
vn 0.10325741830533305 -0.99269457582984277 -0.062413016934979415
v 8751.7084439776645 6001.4419216837296 3062.1482963608519
vn 0.029445082494714409 0.70297784314645562 -0.7106019555011347
v 9145.8992049420558 6122.5027211423712 3799.8887347940135
vn -0.96803849389279528 0.146382667732111 0.20365065413447322
v 9036.5850666548049 6040.8844555460892 3367.5683605148752
vn -0.94141735150704997 -0.14679188335504398 0.30362067331216208
v 9440.0073198861064 6433.7935124639298 3547.3363943566674
vn -0.44903366065992972 0.87204762848750317 -0.19468360291422776
v 8560.1650415421682 5602.334782894819 3020.0012526293121
vn -0.067647999087824873 0.95298458261215058 -0.29537117923548128
v 9073.2570629035927 6089.0289266496802 3479.2501198262726
vn -0.95431313245212579 0.29289019176513814 0.059175846400300283
v 9175.1775846739474 6157.2904468085535 3771.1011697726608
vn 0.064789508194000672 0.99636029869520548 -0.055393815647422122
v 9228.2046886151365 6058.3276594789968 4216.9782538656227
vn 0.66281784616344652 -0.68615893339387157 0.29976394201276785
v 8970.5525089384628 5902.8556888372768 3117.4239420556087
vn 0.94793118340827087 -0.26397832384276348 0.17816261129473895
v 8773.2992014674674 5971.4750399836876 2921.6163312983458
vn 0.15251806885656594 0.84577782006869295 -0.51127108049655356
v 9245.6770551566697 6045.4592852460482 4057.5108375059681
vn 0.70860670258245817 -0.55080066878641498 -0.44101605902694035
v 9159.8609966172953 6055.2781224410573 3284.3355122735311
vn 0.40995258759048547 0.32610092516700739 -0.85181985333348931
v 9282.0923141933654 5930.9466247130895 3381.7663156247081
vn 0.7693280205705636 -0.50928012847395521 -0.38570474135863325
v 9051.2254938918304 6105.5738596090641 3289.6629007895408
vn -0.33303349992726938 0.94216423428761431 -0.037619722957870576
v 9672.8401722870185 6235.7995092789224 3520.9099399730203
vn 0.21366940511982929 -0.92818012484374379 -0.3046753044813289
v 8262.3583840124138 5171.7046157138257 3145.1337957560709
vn 0.6748619714338765 -0.61892676237419719 0.40185940617257632
v 9948.1325518847843 5879.7788971238278 3183.349722437023
vn 0.35516263309342622 0.81447667448647554 0.45878889564983599
v 9641.8779097266761 6266.4420127994217 3534.8765501302914
vn -0.45804412494188251 -0.84160591195255263 0.28617314439467817
v 9021.8734323683093 6002.8336132266413 3175.4407966370363
vn 0.79548047115997655 -0.58316960281356089 -0.16469375931520711
v 8786.8393483547679 5777.327192311428 3150.8088254909262
vn -0.34134538786587143 0.48353216235285479 0.80602727878966363
v 9362.0749534329807 6077.1570586634443 3529.1853152346139
vn 0.97957048211544806 0.094355988798382737 0.17759115390691088
v 9248.2362131124173 6057.2842901378799 4203.0729713681767
vn 0.86352900367858598 0.18283454845269667 0.46998849741027399
v 8763.7482992268706 6073.0055570564382 3075.6737394177026
vn -0.95674760162210915 -0.22639455705063735 -0.18270066044814276
v 9886.4112160082223 5895.179671828877 3075.4498006218591
vn -0.44971644853754683 0.85946770222162561 -0.2430439975655749
v 9601.0219893981339 6450.4553603211998 3576.8539875404708
vn 0.41163573504917467 0.68364586725054888 -0.60264778255774798
v 9873.2652607754026 5907.1316691762422 3336.1448943212363
vn 0.82298542948701536 0.27593326400038121 0.49654387184836818
v 8430.9761535912621 5614.3145729369771 2950.3699805707683
vn -0.61683637457933105 0.3155806715321991 -0.72105598031714113
v 9440.5348258455488 6435.0452792232863 3575.1032433531832
vn -0.56621614403436482 0.77483960534013907 -0.28111005715056331
v 8433.0769564751899 5420.8343080570703 2966.5374686874929
vn -0.61566068403191399 0.2497900824279643 -0.74737329150698628
v 8824.4547553787725 5665.2959426410434 3043.8398515850558
vn 0.34823755155892677 -0.86491986418103106 -0.36144741834644573
v 9199.3188139625745 6024.9723535549092 4061.1989399773211
vn -0.24318272985552458 -0.96699154047262847 -0.076088899022050738
v 8633.7982307605453 5965.2127105896798 3020.6717592446239
vn -0.20929216585404772 0.78119863297712544 0.5881543038580882
v 9122.9106737664097 6135.0907895812525 3550.6623439214432
vn -0.66523258623012993 0.73086266212916018 -0.15266098166542078
v 9608.2962256585288 6370.6234381352042 3480.4614853075545
vn 0.30340744828625671 0.56944440266179475 -0.76398756050185412
v 8473.291960773875 5401.098435969674 3061.7440566833448
vn 0.52427356085191612 0.51491882249744836 0.67822993123976283
v 9581.7179942127186 6345.0531409681316 3576.9904442072248
vn -0.28857723598864471 -0.85740981276522388 0.42611218222794078
v 8850.4475764591662 5676.7464454510928 3046.1329589196771
vn 0.79899422269970533 -0.58970652001568236 -0.11770493763426954
v 9873.6731495678432 5778.9602618989938 3269.9904065955429
vn 0.13681293897127741 -0.47766332078928991 0.86782485082105676
v 9354.1941928110646 6239.022933056709 3674.2787477862748
vn 0.73902042787230005 -0.11780577121157972 0.6633028022379277
v 8737.8255599035983 5761.4958428983118 3103.448694755516
vn -0.69086980722267444 0.71322475896191884 0.118361111315404
v 9291.1056031082862 6032.362839104846 4188.7650023940714
vn 0.95436855717847224 0.27964044038036573 0.10479447109917706
v 8827.639086650237 5826.8739311431336 3131.1803389332117
vn -0.83568443638339951 0.46321948831707033 0.29505800858446685
v 9727.0839566846225 5882.9577194700705 3450.7657066986735
vn 0.13350209168509958 -0.7013402917583057 0.7002135293409274
v 9916.6166974999105 5805.7426515564894 3033.7777647579787
vn -0.29451636318212537 -0.40524002545847221 -0.86547133608478988
v 9076.600238887273 6123.7901380943558 3410.014038863017
vn -0.31371717106731101 0.94946822126331276 -0.0095725330296891949
v 8710.6519191544285 5775.7882019120607 3061.6010517068203
vn -0.38636499921867579 0.91481170856345428 -0.11765043669262894
v 9841.1485230346407 5868.6535007000657 3374.1087817655543
vn 0.85393365486571782 -0.18712007072111986 0.48557532085249172
v 8677.6425605538752 5831.6622058891589 2935.718536481339
vn -0.086008236030561055 -0.93980186094270246 -0.33071898267795991
v 9571.9343220495866 6109.6739525406329 3298.6507965760875
vn 0.44594269279441984 -0.78563304903747855 -0.42885408591190605
v 9064.7381187127103 6051.5538942524181 3200.8546085665648
vn 0.78118540169739947 -0.28354310080025541 -0.55619482033137346
v 8542.3006876508789 5454.720226107821 2978.0503805663834
vn 0.42112589153522773 -0.89804712629903582 -0.12713906726377772
v 8230.2530136002497 5194.2095149043871 3201.012585838329
vn 0.65572940916034861 0.13532423604474828 0.74276934044232412
v 9251.6954225871814 6194.1203288514625 3632.6227046391527
vn -0.71690871013194224 0.6383065194768105 0.28036884372261289
v 8677.411227594941 5572.2120549942192 2992.1200907486718
vn 0.38347701503404696 -0.38368215435233782 -0.84007939111260554
v 8731.403010441345 5824.1448617815304 3131.3048651473355
vn 0.80119230363970739 0.55395661585874756 0.22632489994435648
v 9606.6670010319867 6316.9886010908922 3604.6257674712288
vn -0.71468470550715546 -0.69311049231039112 0.093934110755346634
v 9723.6626023594108 5867.5322041608533 3409.2516766962217
vn -0.22064325876563512 -0.92985444529161421 0.29442700781807613
v 8798.4474974732657 5701.0396799125219 3145.3521699539942
vn 0.10346522283051665 -0.98759536788257252 0.11811154474274616
v 9256.2322917544934 5950.8667188162844 3353.9931771528336
vn 0.71335022620950872 -0.48105409262884358 -0.50962575948619659
v 9134.8997867238177 6151.0407328454439 3591.7438346958256
vn -0.56161814464171034 0.80708304600852998 -0.18221420486558171
v 8344.2390985177262 5353.1837294142751 3033.8236632302142
vn -0.78525321559387473 0.2642586447579347 -0.55995067289019218
v 8758.4176917953027 5944.5774257636458 3077.5086424296087
vn -0.058812315517051711 -0.98828203213141885 0.14085359956251003
v 9119.5490245329584 6049.6125246711717 3714.7665040367465
vn -0.72421812956093645 -0.60854560787161116 0.32431519229821748
v 9845.5238700462214 5865.0079630879372 3117.1579064349135
vn -0.91814386821611305 0.39332938193345834 -0.047998276687778181
v 8668.1440699738869 5730.9666343626568 3103.4827332948398
vn -0.29357645048162906 -0.95408450379343801 -0.059461141460930324
v 8797.6464924321663 5985.9005550945822 3078.6221879228474
vn 0.02149208176367292 -0.24943176462886779 -0.96815385410356802
v 9312.1214362462251 5972.4096005786087 3409.6649999745268
vn 0.69461346648712341 -0.39424353722061362 -0.6017342981204582
v 8846.0373892320822 5836.6993927072854 2964.1324978037946
vn -0.23704081056783305 0.41058625833915924 -0.88047179318158386
v 8555.0161822182308 5572.5793588327615 2978.3930619690868
vn 0.19553271694226018 0.97747801344994822 -0.079395779655602031
v 9848.353414119274 5928.612281952147 3368.201959391833
vn 0.90808607938621033 0.33075802729084031 -0.25686338744097637
v 9198.0950479230687 6150.0996240764807 3777.5388058315802
vn 0.81211631215249624 0.55490580432236825 -0.18040688419562845
v 9813.9172346630658 5779.5617148444153 3255.5229854561144
vn -0.65446856081342386 -0.75329867998564792 -0.064899935583065518
v 8601.3564762263595 5931.1368158083933 2922.196363397511
vn -0.74248502939338978 0.42704889713750521 -0.51608644680938631
v 8574.6852216907992 5460.6977032795785 3005.4189400744472
vn 0.30996334734691267 -0.94869488685798142 0.062455864024275755
v 9488.9660275271308 6469.9427595395646 3591.0731266718485
vn -0.16576653946844613 0.97032713644064006 -0.17603040271374557
v 8234.8196386960026 5245.3005855352221 3159.706943518042
vn 0.23103958651653042 0.96765774984659714 -0.10128765287087653
v 8528.0910795737291 5437.6714835638104 2992.2243181446715
vn 0.74233759394681476 -0.49966752071576809 -0.44639362154382461
v 8667.8798818183386 5737.4185251463796 3075.3020682918686
vn -0.95041013054784085 0.3099991382949846 -0.024922239233323484
v 8907.7146140025998 5755.7759015952652 3159.2636006819266
vn 0.6463328283840506 -0.65965919256283267 0.38354090345154224
v 9047.8806309363772 6027.0264219235924 3382.8178958803801
vn -0.9983385682075413 0.055931436190252759 0.013848381674841698
v 9208.1667980759121 6180.299554125786 3534.9219592740637
vn -0.067388794089613901 0.95898300393796221 -0.27533679120173921
v 8662.284641888331 5839.0020160007052 2950.3005499220967
vn -0.14131315490452095 -0.98225601771472015 -0.12330331671999036
v 8720.1978532796311 5816.8234430560051 3173.5192655896499
vn 0.46086793788296893 0.32251774569988118 0.82679081244300656
v 8430.5425700023188 5431.5005529490718 3076.1682707772106
vn 0.12700282696431395 0.021039781054200856 0.9916791868120779
v 9703.3505724479019 5860.8106571669377 3394.7539237990418
vn -0.42099262193518172 -0.84169924465958457 0.3380940606038888
v 9491.1994425964149 6431.0365710820861 3646.5391799503905
vn 0.52567425369575249 -0.77994546521471819 0.33963458347525577
v 8342.5214068798596 5303.0770602606854 3103.5199814729676
vn -0.72994688377707084 0.67517426159154759 0.10638262709884531
v 9179.2107580406464 5951.6217551865502 3298.5450792952765
vn 0.16171992849941397 -0.57623320714490123 -0.80112543069711983
v 8725.5341896607679 5820.1897336660213 3145.4779327989563
vn 0.67296809924575107 0.73891489374182051 0.033447230140554604
v 9066.9956519580264 5948.0124616621688 3521.1529990684185
vn -0.7379853759350965 -0.57041092716227271 0.36056755134067553
v 8685.9719907916551 5678.66652973893 3020.0704787543773
vn -0.70849091253548313 0.45716842817866682 -0.53762222343508614
v 8407.5707962416946 5446.6469938927075 3047.9390330731667
vn -0.42867443472853511 0.80829722763005529 0.40360106642046628
v 8743.1020597040188 6126.1487326488786 3131.3276431365784
vn 0.088299044451312175 0.75935371057341139 0.64465899589424558
v 8658.5186226135174 5697.5978373429971 3047.8205476901121
vn -0.77218837508805471 0.54510142286683949 -0.32648055404176324
v 9200.3294178169217 5918.7251620069092 3353.9572433792473
vn 0.21355308282615898 -0.90445590262076125 -0.36926223883563775
v 8726.8983113726499 5663.8213321054782 3131.008279925506
vn 0.9415435958804409 -0.33658501721989215 0.014359082129919112
v 9483.6033909366342 6368.6154484313984 3562.7982806201157
vn -0.17451238121551427 -0.96459170923062854 0.1977580928458447
v 10082.709836278813 5799.8024924682904 3019.9554117929256
vn -0.38349209550341495 -0.49896771953597102 -0.77715186903685185
v 8382.590706953406 5393.3113885156999 3073.2365439301811
vn -0.3268218196883832 0.33983895578282952 0.88187129577280721
v 9077.7773591725909 5950.5622695080165 3424.1121091178602
vn -0.84459448704807016 -0.51288450125038199 -0.15365428996664707
v 8677.2843213141095 5851.3003772490429 3103.4984239239493
vn -0.14556118368415885 0.98712864238482612 -0.06624941651031066
v 8224.2981147271785 5184.9950784564517 3117.3326083407537
vn 0.48456264532556875 -0.21338289868687257 -0.84833176370042573
v 9800.3493273430031 5805.3643149130721 3193.1389658401608
vn -0.92767373342265258 0.11493127716958984 -0.35526362865602268
v 9075.1666132967694 6114.7480931455939 3465.9829967913665
vn -0.73425855070378931 0.67316012678071779 -0.087862531439396374
v 8964.1103657227795 6061.3915550438078 3187.1431531352673
vn -0.49538910463718833 0.74025586830005419 0.45454470017160886
v 9470.8875721103777 6005.978910474143 3469.1277982570991
vn 0.022922079241010772 0.37258317024339466 0.9277156673974255
v 9995.3110011984609 5826.1833872518055 3033.7555276306034
vn -0.30193243315318935 0.4170182640110669 -0.85728208501717262
v 9924.1440408705985 5900.956025754439 3104.3598288771263
vn -0.17985363137433388 0.94743198928769412 0.26462293354096839
v 8610.3509568130212 5516.881211941467 2949.9213005257566
vn 0.22094471097036622 0.46988789734210434 -0.85462787143038887
v 9219.5683915222307 6110.86885805975 4146.8411371277234
vn 0.39837896538323542 0.88320898719150431 0.24745925903942287
v 8464.2867763591075 5560.1424093458036 2950.3199973099663
vn 0.59408676136609584 0.1400739117269571 -0.79211124169718228
v 9336.2939578555797 5982.9219168804011 3520.9945519268558
vn 0.50500442137563573 -0.66310554483249096 0.55250481518577244
v 8593.157609283855 5944.4733628473596 2978.42925524972
vn -0.55835979448027695 0.82906760688926906 0.029685739250405754
v 9579.193531858331 6277.2857980026874 3451.4766719464192
vn -0.83704847593353815 -0.19973822281621284 -0.50936675518094221
v 9474.0776512158263 6371.1147440097175 3520.9090008275612
vn -0.2117928391795757 -0.73903786616203504 -0.63950514122321211
v 9246.0555518733181 6048.8908898526524 3952.442167359729
vn 0.48927671056130329 -0.87113687671780493 -0.041579352143323083
v 10041.527147969849 5812.5876472702676 3019.6262959291334
vn -0.053616832898993577 0.24132062245247976 -0.96896315327726934
v 9563.6794175979921 6461.5896284500886 3576.1438622245823
vn 0.26262222231833665 0.76786630142369661 -0.58430378355994816
v 8688.6874109846904 5732.7453978524209 3033.8928905087132
vn -0.69059715006859634 0.60510131944390266 -0.39614135043489324
v 9195.392540210778 6035.1918298332121 4200.2897519197104
vn -0.55610351253265189 -0.70583638058186948 0.43879823062078654
v 8659.7375320733972 5834.2347164611256 3101.3253093226149
vn -0.68921467430136918 0.14816613799532133 -0.70924602803202852
v 8834.6456449113575 5961.3320054602846 3088.2558176082739
vn -0.85005191248720391 -0.30027148355938765 0.43272252337715394
v 9530.6023078275648 5959.6904037432414 3423.4362628823901
vn -0.31974549240988653 -0.5504086145953927 -0.77124132219606834
v 8650.1782041971437 5736.9979646096608 3103.4704419964155
vn -0.48022249045134147 -0.8619011594036452 -0.16282736589211075
v 8264.3317214045728 5181.0365190157445 3172.9070186849931
vn 0.87500826249649821 -0.47231271029620864 -0.10621320188897938
v 8725.1888196385189 5640.8878221937775 3103.5950159591616
vn 0.51521603298280494 -0.65363050605302897 0.55436414107905863
v 9685.9291409263315 5885.3908369843139 3365.647634224315
vn -0.69784184787282433 -0.2942368670987397 -0.6530248244878295
v 9099.9046544482771 6119.8267238704757 3618.7532841826342
vn -0.69348558111371339 0.69787372570534523 0.17902517073729018
v 10016.970461808165 5814.1265952929607 3144.7779265755034
vn 0.87543540249960927 -0.19476488935045136 0.44235674961127636
v 9575.0906449964059 6081.7319446632437 3406.1914664706328
vn 0.49118844245507132 0.71885307187616188 0.49191887039710808
v 8617.162590472919 5869.1470545935954 2922.5211229497409
vn -0.31313942647541215 -0.53919274836854325 -0.7818023277615811
v 9545.9471139666966 6355.2240675185949 3507.7322512797509
vn -0.69527893243805616 -0.6200839718931922 -0.3634323512140325
v 9570.0198571250112 5978.7465853161048 3408.642881804029
vn -0.40915610610905911 -0.16135359483143491 -0.89808479458715129
v 9616.0634028783352 6269.1566203871807 3480.8463086939919
vn 0.46366124768337524 -0.60158915453439732 0.65046809033440267
v 9209.3447875666679 6053.7298704008717 3341.3602298664737
vn 0.51306408913278923 0.83321364251968943 -0.20620442856886601
v 8644.069976356961 5781.2012871585139 3194.1091673852538
vn -0.019657152643237173 -0.063155518270914077 0.99781009057931092
v 9599.4037364049491 5956.4067875164073 3395.6014133582948
vn -0.55903294786107505 -0.28350083474531135 -0.7791722787063643
v 9538.7555278361688 6181.0063554186499 3327.070830575798
vn 0.36050651915958709 0.91909654887947234 -0.15904899710869613
v 9636.0659352236071 6337.1073314448477 3479.2200272477239
vn 0.78866487139311015 0.17972029409185317 -0.58796967313121429
v 8999.4227603057079 6087.616771467643 3229.5347627277561
vn -0.91313549309757081 0.26850119491941005 0.30674204076439376
v 9059.7832419875031 6110.7410723102557 3334.3333963226928
vn -0.66026035746956424 0.7405873884263221 -0.12484622724793537
v 9837.6546719238668 5800.0673207106083 3325.0926289023955
vn 0.13343789360322419 -0.98344862148012357 0.12256890902500236
v 9279.8252055567755 5927.2586291090638 3437.725825024138
vn 0.49785436608381634 -0.86409342447189219 0.074051225214170971
v 9188.1645334849291 6052.9352805473736 4049.7033218063566
vn -0.84475884084960906 -0.24949364183685449 -0.47342942820383282
v 8839.235915599771 5863.0608484109007 3134.9706050435202
vn -0.87896378702680578 0.18475695642946086 0.43964477495634852
v 9275.8883245949437 6218.2357605655598 3618.3902917898113
vn -0.86405411680818989 0.49971111325743872 0.060821760200032667
v 8404.7776509150899 5363.67470992997 3090.3874278224462
vn -0.078844522509407322 0.30251398889460518 0.9498783226252393
v 8565.9056649485447 5596.0594981169052 3061.6624299573946
vn -0.95681526639120007 0.25262412202210843 0.14382488996448359
v 8675.3005799434322 5581.0760979373417 3075.5512466134196
vn 0.42151332931751589 -0.69113280179266579 0.58707917991858916
v 8834.6106095210653 5824.3580080594274 3159.4989473389883
vn -0.50424048133877652 0.08282835883159384 0.85958187507212125
v 9119.9833589338086 6140.2142164493689 3478.2950886817844
vn -0.40722886619425824 0.89836728779969377 -0.16462340887480456
v 9318.3120724304463 6182.758978398424 3548.7129857402401
vn 0.88908846528838048 0.42955300875639413 -0.15813258221973645
v 8900.4477465428827 6037.5512581705188 3047.6902104326641
vn 0.085911306846564242 0.91222593849062805 -0.40057843738874477
v 9675.886780989269 6242.8075806489178 3548.8114228952973
vn 0.36185547410499391 -0.84341161370593498 0.39713658321313178
v 10080.873141845286 5817.5855301283809 3076.6431672325707
vn 0.35602828488415383 0.065719379091229768 0.93216137206725691
v 9195.5331178218421 6161.6516462647305 3803.1146795529121
vn 0.38197054401025216 0.83726076032156416 -0.3912709070890249
v 9342.6809989054491 6119.1203626906245 3632.3585198492356
vn 0.82024300427032859 0.088899034876638514 0.56506493037843697
v 8722.4080993655371 5820.9785255086208 3061.6767159393639
vn 0.86580655400051676 -0.25622084686928703 -0.42980215062204563
v 9057.7629534902499 5959.2128088786594 3505.4870718987818
vn -0.78758761663917087 -0.58521229414922371 -0.19295677467565867
v 9844.0128085214874 5893.2240021819089 3245.8306988424092
vn -0.21805689543791881 0.89927317055819544 -0.37915558161022417
v 8257.2877757612205 5247.7259160346002 3130.9227679964424
vn 0.32683921333748217 0.74667944835122269 -0.57934957498461126
v 8518.6052551250868 5404.1735962941539 2950.2576951556262
vn 0.98272712313969068 0.030268410642157257 0.1825684111854658
v 9563.6652865216365 6485.0215958837634 3604.4871613549722
vn 0.17119450874357273 0.8301624836020155 -0.53058711913858214
v 9872.4156144786029 5880.3802608792103 3033.2003296537077
vn -0.73998367892830041 0.52116574665866633 -0.42521808455127219
v 9063.6936499798176 6031.1601306819357 3298.244088715363
vn -0.68038581393856234 -0.41898102530258041 -0.60127368529444103
v 9870.4750495191565 5808.5362238608668 3312.9106279247158
vn 0.70064441253153553 -0.65074337460896381 0.29262684017512341
v 8878.4053054963242 5974.6558792157957 2950.4693663814796
vn 0.37625373012299512 0.33709469484334648 -0.86301813264670368
v 9064.3829559415663 6106.6553212434974 3426.7419177725415
vn -0.54534090569651228 0.59719260531171681 0.58818729052497543
v 8838.7394242613736 5912.5919866976346 2992.1599079595981
vn -0.92524694156189335 0.079327976937498865 -0.37097866408375257
v 9531.1841388745397 5936.574674842479 3479.551565279532
vn -0.57604436731832953 -0.69833901971375478 0.42484762024290246
v 8452.5513770589168 5620.3429206884593 2964.3374318614387
vn 0.92981954373360376 0.31081546928321874 -0.19705166871986976
v 9226.3167330505803 6186.793868681023 3560.4386245218338
vn -0.0073306709637833969 0.9999250980147637 0.0098010011420092136
v 9500.6407417347855 6406.3198370448772 3604.6201025116152
vn -0.027726923532226309 -0.85221870226227292 0.52245047729506922
v 9685.9780644604143 6255.5909878200036 3547.5424612286206
vn 0.64619480536751872 -0.51951003810620211 0.55905419578331317
v 9199.1629879453631 6129.8798554772511 4050.7899840810378
vn -0.8538429358894688 0.50799222039024372 -0.11356119431673137
v 9814.8614420449776 5813.9411876130525 3159.1677923170591
vn -0.89399754513594099 0.084822931505076929 -0.43996983940015277
v 8921.2195093784103 6011.9615597724933 3187.083478965309
vn -0.56879899022014246 0.10689942137423404 0.81549998309895766
v 9193.1801729407416 6121.3056775983787 4105.0261139080048
vn -0.43748083965103557 0.81457382131454203 0.38089369194993167
v 9946.8904155824966 5900.1537293709707 3117.3684668104634
vn 0.12403522221683687 0.98651218776213156 0.10681276630811878
v 8830.6795080172305 5956.0406045522432 2950.5023580221678
vn -0.33866402300142423 -0.71458179042851755 0.61211072880032502
v 9284.2916132236987 6249.9943885925722 3632.9279150827274
vn -0.92053724224732159 0.38530053689069066 -0.064456822039575978
v 9232.1069389607037 5986.7370814596225 4189.0146800878993
vn -0.025283895177440643 -0.99676520563621052 0.076287937956529009
v 9056.0232313425622 6073.3064342837133 3515.934012020849
vn -0.88420527306890462 0.33971173795030585 0.32058847480208458
v 8727.4198253700361 5962.6658886712212 3061.3526980612305
vn -0.69455568081166252 -0.70723751259585788 -0.13193751183598845
v 9213.9149468769283 6144.7473532946487 4076.5786821224019
vn -0.49131290534923022 0.81050809781620003 -0.31888595518094476
v 9854.2631468525688 5864.4019318306528 3359.375633241847
vn 0.72631116195376955 -0.13862936554294139 0.6732414091769211
v 8422.0766774272943 5467.0188343599466 3034.1278037418328
vn -0.30473950901550956 0.69512016674898691 0.65110812114720762
v 8716.427149711657 5850.9695688523916 2922.5982157936214
vn 0.41493416868721583 -0.73054060920580932 -0.54234680229264209
v 9080.9272307666433 5951.3811200205546 3535.3803801498157
vn -0.67842397670730148 -0.62663611248407447 0.38349457670154496
v 9786.6024223845834 5972.1797685548163 3368.1006286993852
vn 0.36842077518933292 0.82799877613046469 -0.42271049092179352
v 9623.3902953959096 6485.0213565143149 3611.4880572378192
vn 0.65597693546005209 0.38480522244230297 -0.64932210876079721
v 8972.2812870740854 5998.895892703772 3200.9971237782402
vn 0.19687895898771263 -0.40483167153526611 0.89294456335758987
v 8981.0504466485836 5940.3263766590899 3187.1408334000853
vn 0.62613494126797853 -0.45293235714408309 0.63467102909716144
v 9664.8065079161406 6328.7255073411943 3605.0941515142399
vn 0.74890995809118543 0.068605075997598325 0.65911093013181232
v 9261.7058983061743 6128.5173356407095 3936.9087506632832
vn 0.90763581745117727 0.30379903821189835 -0.28966077963932002
v 9268.9717348549093 6123.3949228382462 3435.8640071571781
vn 0.19584056779725273 0.81584490649145691 -0.54409885182455164
v 9413.691147492551 6404.8720758227437 3674.1829023756841
vn -0.23361429874885975 -0.37691840714991054 0.89630177606186445
v 8551.1179697846801 5926.2988111753411 3006.1106958121404
vn -0.8846327421039496 0.42364516569559379 -0.19480678935909776
v 9649.9412838666922 6262.5994954539156 3534.6467844344443
vn -0.55485172965042018 -0.83083479482692146 0.043047669029164223
v 8833.4895820075217 5976.6666655792906 2937.9985343012222
vn -0.33846402165244399 0.93249313366773501 -0.12608989535003068
v 8407.1201035852846 5407.0772965635551 2992.1614939642786
vn -0.70864895285953522 -0.06378314739482184 -0.70267230749439291
v 9173.251994641967 6165.9486424283332 3577.9202650781244
vn -0.26484885281869325 0.9254161811670355 -0.27103501027513538
v 9131.4946918285023 6118.6060092917396 3758.5589245559659
vn -0.91646580872966865 0.39923974973059245 -0.026420515977706491
v 8659.1620164230371 5541.9163161342494 3033.9265785097218
vn 0.37645450289211579 -0.88688042889465035 0.26781544409516578
v 8884.3703406842633 5731.0227967571791 3006.1253930646626
vn 0.79718653184116339 -0.5981852931968189 -0.081657751953465613
v 8320.5429095445579 5245.3643593596025 3131.369705952301
vn -0.11036525895212974 -0.061740105208030291 0.99197160696530562
v 8833.6243864934186 5881.6223518183106 3118.3622827265717
vn -0.80292254694789933 0.52100346206957648 0.28960451673655541
v 8821.5663826006512 6097.0970220263443 3119.638907860272
vn 0.54109973011500812 0.80679077566267243 0.2372756337576381
v 9361.1841644299511 6069.6709391957556 3438.2478055583078
vn 0.52819468543829751 0.62491916796860625 -0.57487947239413817
v 9369.1617315631738 6086.3277148265533 3451.3595937089121
vn 0.56544252183976573 0.80273922182751967 -0.18943203592643443
v 9144.0705281398568 6136.0984457338318 3840.7627978969085
vn -0.93607665387688455 0.25437244535482517 0.2430126686221562
v 8821.4384692676722 6096.9725949351305 3061.6563971994483
vn 0.43121059895119024 0.84491434620699601 -0.31650776755991306
v 9832.1254067984737 5868.5899566914322 3131.0430048166081
vn -0.69915137735094701 0.58903527137728895 -0.4052465923629181
v 9187.7963239327655 6094.9762920105604 4049.7616680895458
vn -0.89151327352716925 0.055727921939014331 -0.44955364734504122
v 9733.7898550362297 6011.4954519949752 3465.3506061620365
vn 0.60172356993047371 0.49281239883133343 0.62854171297395478
v 10092.495701434178 5805.9614846500808 3006.4886931709043
vn -0.54057177714264448 -0.54410496183944268 -0.64166341976034591
v 9101.0049832313452 6038.3570328154519 3266.3228920169131
vn 0.10823279541723871 -0.70908321235774874 -0.69676872773437959
v 9535.3432259180736 6363.8262074838067 3605.0953038384546
vn -0.52179021910808632 -0.6929704980016973 0.49752070925984093
v 8896.3363771906261 6031.3294213618547 3033.8703562078781
vn 0.15391970530367699 0.80473687477676803 -0.5733299980759331
v 9119.3265106300169 5919.7979666144311 3520.8845034058731
vn -0.15071547003973018 -0.94113937978979023 0.30255828347541924
v 9215.791296568399 6064.5249534752647 4231.6961765167744
vn 0.071961927584013013 -0.55002393412426909 0.83204275903877367
v 8894.1607526923108 6025.2845048004192 3159.3376078209089
vn -0.89468912646365018 -0.13962990242801043 0.42430514648735407
v 9291.4546570194234 6027.4226601682603 4164.4268814807801
vn 0.96494111949829886 0.25506687927137317 -0.061883139869695056
v 9769.0492575046774 5839.7236238239921 3395.1770990269451
vn -0.15833287456260747 -0.84506416104106608 0.51068313517943864
v 9247.8640030491006 6121.1282637016193 3423.453544085532
vn 0.24530745420052688 0.75750565907055722 -0.60498713159019946
v 8807.9356391807341 5664.5208265689425 3020.2268710068115
vn 0.68739757133144919 -0.7173740771711814 0.11339758520542252
v 8965.4151960692125 5830.1757891994021 3089.5905713855855
vn 0.94565343891240006 -0.32146091449132053 -0.049014833750157208
v 9186.0553086327636 6089.8832915524727 3767.8519217147827
vn 0.8734935639682696 -0.47418721694023375 0.11025187978663328
v 8785.1279311725411 5808.0431412562248 3006.9862935860829
vn -0.78545107872637865 0.54537825207994106 -0.29262461462733519
v 8842.0152835185472 5913.9800879806717 3103.4267071650388
vn -0.93133798656821709 0.24277735076595147 0.2714198090230806
v 9266.8601322925788 5986.2501190219664 4144.8542687835161
vn 0.3754139184378536 -0.88605062458337458 -0.27199022136567386
v 9613.8007112778359 6064.9438432168517 3409.8248659096075
vn 0.41122289993033351 0.3894605573690188 -0.82414574004037666
v 9224.4129112562587 6146.9115754912491 4091.346566876
vn 0.19829331066664471 0.88750089560020129 0.4159590403557808
v 8835.3908403137521 5690.8017158623325 3020.0557044415427
vn 0.44103086957996673 -0.89241702589233773 0.095308047797723047
v 9256.4582299962058 5970.6310531551881 3592.0424346127525
vn 0.69285890576194931 -0.6882112118987308 0.215201915705308
v 9108.7657860120707 6018.2802966625113 3283.4142093744294
vn -0.012711751782615525 -0.48849857995058782 -0.87247209052947727
v 9065.6745783905117 6116.8976568771741 3342.9022442563282
vn -0.64340431738587889 0.76505692773246103 0.026810104397020841
v 9208.0735204270532 6060.8869396229238 3868.8879302539281
vn 0.46651954182233685 -0.869236669997002 -0.16366773851434518
v 8710.0184557516859 5752.0927176484229 3103.6605224385048
vn -0.67863215322666015 0.72576560903439247 0.11279486402263224
v 9014.4014415424135 6107.6007664270255 3202.5217451871449
vn -0.54262234418699362 0.8190463930819023 0.18634376181814558
v 8709.6622069498881 5603.5810713414303 3077.4984175272862
vn 0.4438944601880247 -0.77121448461086439 0.45627396040184115
v 8202.885326630545 5115.5631004531624 3130.7716812245908
vn 0.083873956033308286 -0.99206350075493266 -0.09367587720000603
v 9032.8722724670042 6055.0641694475498 3350.1216627172598
vn -0.94053168912179919 -0.3385111955649448 0.028465983820814066
v 9127.797802190531 6080.1514443966571 3771.5842209418229
vn -0.90560913588984027 -0.29937884993938996 0.3004070525167894
v 8452.1317728571539 5517.957346031375 2964.1173053258667
vn -0.24010631961667184 -0.21274633943856014 -0.94714726961314188
v 8749.9689748991004 5777.3510888539367 3047.9381291012328
vn -0.50155740884479483 0.80549728866608372 -0.31561730558460033
v 8106.8113978832816 5218.2010921440078 3145.1941928655356
vn -0.96191431388535586 0.27276159316381082 -0.017943412083680846
v 8691.8838572672885 5660.7815626072388 3131.3807240374049
vn -0.42523882644957328 -0.29178162550532755 0.85675867284624474
v 9910.9706410821927 5879.7442479190286 3200.4824136777838
vn 0.069441069468867189 0.98163683695447024 -0.17767120814876788
v 9221.3008479810833 6146.4122703343619 4042.9735091268512
vn -0.019734221211646773 0.96565678858250514 -0.25907050619028926
v 8734.9568095875657 5698.7250165413006 3129.1116009821435
vn 0.80161094465179294 -0.425593861771346 0.41986873929480933
v 9688.9237759994157 5901.5570730520749 3465.9350880665866
vn 0.23787748620332358 -0.8074716525141028 0.53981833235240528
v 9183.5628946240558 6104.0774594755767 4007.334937360843
vn -0.93060002410872478 0.13562564879552319 0.33998423274857043
v 9246.0474932531542 6085.6405947908261 4272.3443945749241
vn 0.50605335946667684 -0.33321318512508652 0.79553690714591307
v 9133.6039011698049 5945.0835414115709 3563.5250044671743
vn -0.066424227344687059 -0.92015524330403542 0.38587841380641247
v 9187.9305773070482 6145.0804470249459 3994.2449596997617
vn -0.73300878645672796 0.5030991743665707 0.45780928313972591
v 9622.0818170849197 6332.3967372541683 3590.975263854968
vn -0.71879490911903143 -0.69001962009286166 -0.084892888462263644
v 8815.1292812215052 5857.939577753983 3075.4907642252701
vn -0.97464132000596682 0.12433768604505757 0.18604955567264167
v 8764.3495150196795 5944.1962122976201 3033.8827094938351
vn 0.70572177891651844 0.6556999720379828 0.26835483493369944
v 9171.8845390354072 6084.547187314367 4189.0745440627215
vn -0.88166822086729324 0.28014732653387803 0.37970860373268139
v 9218.4170501596745 5892.9657023232721 3423.5545572635792
vn 0.13681536614337364 -0.99059476180366934 -0.0018903635063187137
v 9067.9811535253284 6069.067742561896 3200.8912638074703
vn 0.89686254335547277 -0.05829285986644421 -0.43845127530267691
v 8620.3451041916869 5662.6277775938506 3062.0770688853827
vn -0.50641808223285045 0.8601344484605028 -0.060905308136061487
v 9163.7417924025722 6142.884370494332 3896.895371254378
vn -0.89672295426281612 0.40983620920165242 0.16709944621508097
v 9545.0325550315683 6175.8749871111104 3353.8390503862579
vn 0.76363301590274879 0.33835833088343398 0.54988931335774183
v 9867.3683189180174 5729.4563282114041 3158.7951035077531
vn -0.29532013534917179 -0.87547725287014555 -0.38252528983622769
v 8464.269084281399 5383.1300626155944 3075.7725336065196
vn 0.36772312798556739 0.45049612961000246 0.8135311538908131
v 8310.5780331836304 5298.3087418137911 3077.2426121002836
vn -0.81564120455912537 0.47312561785156682 0.33298885140183332
v 8512.3994265554593 5397.6692442462208 2950.6136518148951
vn 0.12160398908174781 -0.89087845820757872 0.43766201861835519
v 8716.7644884106903 5845.1052686914973 2947.9102800067412
vn 0.52280557405146444 -0.82889730780466042 -0.19900649450433749
v 9262.5286131517587 6132.0661279963551 3909.0391500474975
vn 0.84475023894529999 0.2803950962258922 -0.45582411499868175
v 8998.392035908566 6069.0835624795473 3214.3796886754276
vn -0.9677961260211686 -0.0049005569544843704 0.25168759007935637
v 9148.1648651712821 6088.9784647157385 3855.0954051973263
vn -0.96242182794135667 -0.22687547709367878 -0.14923720379159333
v 9160.6737497363429 5910.5301553605659 3477.9087413218945
vn -0.1953452434878386 -0.95455255444191112 0.22509921513656916
v 9202.8151773125173 6042.4331578708016 4024.772300720997
vn -0.47719418157333049 -0.83700654994172718 -0.26777929051217925
v 9266.0760659255957 5977.3203631456781 4160.5341678850309
vn 0.35451611810569733 -0.9073893594790774 -0.22574957875357521
v 8968.4589008536841 5918.3597745729494 3075.8519120469828
vn 0.9891812402373632 0.082939084783137329 -0.12100240566950461
v 9908.5729847886978 5839.812813352899 3018.8197729392273
vn -0.20983224011221316 0.36069944823031386 -0.90877188504917861
v 8762.5091208577014 6050.155275095527 3061.4457948743602
vn -0.8397009330414521 -0.44578013455321963 -0.31013289842747788
v 9091.8272737325133 6118.9515044078953 3521.0887637741789
vn -0.57221381722953868 0.60491172513111502 0.55376272190397435
v 9325.9889968492153 6138.8153444401942 3491.6789776632104
vn 0.5019909003531533 0.86423701695772082 0.033158927646271333
v 8914.3811442570495 6013.2822695842533 3006.0931696069788
vn 0.72054557478866199 0.69307390406075098 0.021509025139818859
v 9090.7532859347521 6102.4945974617312 3619.2330772110499
vn -0.74785301578095231 0.48124856217634998 0.45729168830247763
v 8760.6748462969717 5958.6859790713424 3041.4131503536419
vn 0.51683093350973963 -0.0046721953954808031 -0.85607473783404997
v 9057.4051506673259 6040.9103479606438 3479.1695366690651
vn -0.97438129577730426 0.21251298160310972 0.073616051846712646
v 8577.8805243379084 5565.7682026057219 3061.7529062132467
vn -0.33658019420539126 -0.22230158441893072 0.91503867592222243
v 9244.4396197476817 6061.4619815991064 4007.4541592288697
vn 0.56186117706389882 -0.81110952137919146 -0.1625218817156297
v 8320.6077356491387 5188.3372726561947 3089.5663420152796
vn 0.76779624718835371 -0.59995801142010996 -0.22480949120601615
v 9257.5149873074261 6094.4874119827291 3408.7121721874282
vn 0.37621196823659731 0.67479547580339394 -0.63491386879703338
v 9275.3293016615407 5911.4853087222209 3450.6175679903686
vn 0.3853576874015322 -0.91888658200838924 -0.084539352762384654
v 8996.861225674249 5982.0085202912796 3186.8808186315764
vn 0.61597351944078671 -0.640776827752498 0.45823758069714904
v 8265.6940864196931 5217.8771847551952 3173.8242152041507
vn 0.94055821798731942 0.33939678615464686 0.012651487043625951
v 9861.6150825106306 5754.8787095833331 3256.2767257995561
vn -0.18676097811846512 -0.93952101901534479 0.28708986725518904
v 8792.3073929484017 5713.7494204505783 3131.8617100123734
vn -0.0080558552552148065 -0.98187358846310768 0.1893656766013497
v 8625.2244552389766 5968.1427032457268 3007.8034461103175
vn -0.84218604732868108 0.53594450526118564 -0.059043619174603164
v 8635.4186188900567 5525.3546481480098 3034.67677330879
vn 0.55537833861749775 -0.77802104139387651 0.29366334490851259
v 9137.7003042349897 6124.5424475503805 3353.4690578244981
vn 0.26676839151420212 0.90998698039693571 -0.31742451196621918
v 10100.274308211074 5841.6682438727748 3061.0658828202941
vn 0.37137153701585096 0.82566944930498032 0.42468004659848929
v 9212.291729628374 6111.1370098988937 4174.9239653439954
vn 0.32269250984901543 0.94011009773175014 -0.1098296327506499
v 9151.0318606184937 5897.098811963956 3437.4720830652445
vn -0.30903753152055791 -0.86815725725265258 -0.38832818696462379
v 9034.0278146031633 6029.4834602051442 3186.5058517226785
vn 0.84993722832018459 -0.1672311300990377 -0.4996403276770211
v 9112.8003408098011 6125.604138488121 3728.8175122083835
vn -0.8209906090132516 0.45113937330535187 0.34992525739892572
v 8605.5336587322563 5644.5956264712686 3047.7250776708784
vn -0.66221252177124901 0.62098285173503964 -0.41935053816631829
v 9884.9277993292089 5887.976313565583 3103.5207360231525
vn -0.30813611070722224 0.91390333798498669 0.26425901327698514
v 9172.6747652172107 6159.0724042942238 3941.3364405963507
vn -0.84535457921657453 0.31719196941079886 0.4298428665673853
v 8734.2255473941295 5965.1572589418865 3075.760019469868
vn -0.65350527653786594 -0.31019023067192159 0.69044396900318239
v 9250.3391117883966 6139.0034759827149 4012.5531502225044
vn 0.41478307497147821 0.73851842174739712 0.53155013070917267
v 8637.2116368469087 5836.4229889232192 3113.6918770646753
vn -0.70203297237342333 0.21115115413990443 -0.68012123610862396
v 10103.226833026873 5800.8310748512995 3031.3104652262164
vn 0.46498393699761192 -0.88276020310909264 0.067263378899624179
v 9334.5262198841774 6215.619336103322 3606.9848134449785
vn 0.88739374334933718 0.12330108473262799 -0.44421749939439353
v 9092.4503748369334 6082.6828169604732 3631.8915172433185
vn -0.97227389276664589 0.21988767930322131 0.079579431607900097
v 9130.8221407112378 6128.9264406692037 3368.2729759304762
vn 0.36639623216007877 0.82005267364510115 -0.43962189834722609
v 9176.4484735263832 5935.1793206187413 3549.3904823458979
vn 0.090674645313111743 -0.76757849183874427 0.63450876082517582
v 8634.8012656243154 5847.1768552955618 2951.0633995554263
vn -0.30413237358681328 -0.91650729447406742 -0.25984202607021878
v 9196.2934214665838 6148.8618117378737 3715.4509576758187
vn 0.60883214160349119 0.78050360390253504 0.14190682733984636
v 9996.6134734765474 5860.3235664149506 3161.7491335493696
vn 0.56197602541377367 0.30531091330786841 0.76874455645243633
v 8534.5906386365223 5467.5913137251428 2962.7163840539924
vn 0.39390073421774213 -0.50889399680587433 -0.7654208721988619
v 8659.9353240426135 5470.043202825329 2964.0030837552008
vn 0.99784535686528164 0.011905332226456461 -0.064520592425798856
v 9095.3218536351833 5990.0412169742276 3298.2027165713025
vn -0.36011378340414413 -0.7262340180170993 -0.58557852938533583
v 8610.8457527451192 5591.2534736926227 2992.3728333774761
vn -0.18682977628234451 0.79431385138059185 -0.57806586147187422
v 9174.573469895251 6117.6236630410021 3980.512183916801
vn -0.88810406860897873 0.29748990464628072 0.35038681475438721
v 9201.3623406671013 6132.0758982973039 4091.2136097085295
vn -0.68096080849618745 0.66943182868553364 0.29690638934681279
v 9196.6139555095833 6165.0607128954089 3966.2357084641512
vn -0.47736627137907245 0.86632061084240519 0.14700354478475539
v 9991.4339352201496 5860.9801028923503 3061.2640892725531
vn 0.26303585150706138 0.65236989734674555 -0.71079227475947682
v 8691.9532540438959 5577.5671236860617 3020.033205033978
vn 0.54803180678810981 -0.81850274391752709 0.17237864411822895
v 9475.4919311598951 6419.8985250673195 3646.3803783545736
vn 0.57088689252753555 -0.80723423080422607 0.14987011896360017
v 9561.7715504471562 5938.5336301788047 3423.243014016201
vn -0.35581910695805258 -0.51710037585171242 -0.7784599953867839
v 9365.3646684278647 6379.4215207836678 3600.101741098857
vn -0.85857812772831421 0.17378585749870731 -0.48232983975696714
v 10122.771981157739 5811.6211655739953 2984.2764644134572
vn -0.1208491415679101 -0.2946991258193884 -0.94791767059359511
v 8805.4742699126291 5652.0335359523087 3005.8199407264765
vn 0.52993039372444961 -0.81686059086073937 -0.22784326390238893
v 9974.894517046514 5824.3808997503584 3172.9389028062951
vn 0.65258517589677634 -0.086118270189260521 0.75280557366386636
v 8209.3173456599252 5248.1850393675113 3187.0769133924068
vn 0.21592185706474279 0.81176241637069424 0.54260439641577218
v 8712.2122188774701 5735.9605528407519 3117.2639370871889
vn -0.69450826098944729 0.41466239629964513 0.58797395564127652
v 9656.7634707082379 6370.1256371203108 3514.9121965698896
vn 0.7242565195567674 0.34825089426837441 -0.59512503603931444
v 8142.9460842527578 5221.1328476900744 3187.0971741077856
vn -0.800605226101754 0.016310685451665703 0.59897014406283744
v 8857.7806330864369 6011.8664272388332 3128.6914651198895
vn -0.88555302044185169 0.0054332514886039351 0.46450654221934823
v 8499.6635308796649 5388.8574733173627 2964.7511291517621
vn 0.73001068858635387 -0.67310695696821887 -0.11836984003816907
v 9552.1521068098191 6096.7207519469157 3381.232725314263
vn -0.25730548717012464 0.3202367140674231 0.91172492191200105
v 9184.5410571756656 6148.2986498002665 3950.7182238196847
vn -0.89194246165035906 0.35322258947992047 0.28226308186902038
v 9185.4691022062434 6037.8176375881303 4078.4766213821822
vn -0.79877684566119145 -0.57376470458464002 0.18096854590911077
v 8163.9108367481394 5213.6155621559938 3131.3054724572621
vn -0.39335709219182646 0.75899484696395958 -0.51884199936449482
v 8703.9057144052913 5950.3026217204115 2894.3069727769425
vn 0.10535906327333257 0.88636667475855258 -0.45083653984967992
v 9657.5225104589008 5905.2425851891194 3493.3252879343572
vn 0.030273458584033117 -0.53069400033703928 0.84702266540608662
v 10055.198197340322 5773.8678156507167 3075.3067217976422
vn 0.44911000462919537 -0.85079566679122076 0.27284966027328378
v 9935.7277688064951 5841.8551093303804 3028.7602757052582
vn 0.53697314551443176 0.080118077634083545 -0.83978624341707087
v 8866.8935659052113 5942.6406551448708 2950.3944214363582
vn 0.23321196780781719 -0.5511873200105436 -0.80112715365964227
v 9835.037218773743 5745.384256294039 3186.8686718462577
vn -0.5861392099460826 -0.80185302729623531 -0.11607131075181748
v 9572.0199446988408 5914.8948953115396 3493.292314698233
vn -0.2432900403522977 -0.65853312763194138 0.71214048900246552
v 9224.8356358783585 6100.2083399096518 4228.975384699741
vn 0.22607789320755503 0.94507188609189763 0.23606760964083323
v 9050.7166263027284 6077.8542746020594 3381.9808850614172
vn -0.99010121946430663 0.13980504246983946 0.012414721716545086
v 9824.3600949484244 5846.2537296593109 3131.371092528268
vn -0.87974466313424471 0.095358798112373688 -0.46578538760826077
v 9087.0128965428303 6124.8352569596991 3323.671102942898
vn -0.13774744804161324 0.92543151346167207 -0.35299030362045669
v 8632.4115084634232 5970.5141451952841 2980.7300631590588
vn -0.75707138342775615 0.59831846848710923 -0.26240794702528253
v 8767.2048287392481 5968.2881726162868 2936.6018225865878
vn -0.16694974915961105 0.69038463825878349 0.70391535891173129
v 9108.2416801199324 6146.7730334767703 3691.0025206906066
vn -0.78576869624331425 0.33621472325207646 0.5191601062029052
v 9142.2237775284193 6155.328134113528 3563.567673378464
vn -0.40661804944442664 0.86600840480396368 -0.29101753327747115
v 8419.1820014657642 5458.2140746605291 3061.7539457082821
vn -0.41505891531334038 0.77822582361258352 0.47126496186479783
v 8462.761384649446 5344.8087722933124 3076.1023884974438
vn 0.76782692240028416 -0.21936461197907406 0.60193104609130954
v 9836.5248295343699 5899.761228679994 3397.2237201793796
vn 0.73394215726792 -0.087115322782660334 0.67360213057960605
v 8888.0580119021779 6025.339683344142 3020.0693672836605
vn 0.69905114966028881 0.68688842040603904 -0.19877572304163529
v 8753.5125258918088 5622.4316548492279 3020.4175878901819
vn 0.59567897734088138 -0.80194239764892072 0.045331521121864324
v 9630.7443163041717 6278.0775057999745 3477.6610265929485
vn 0.82206993622466007 -0.55280121416090089 -0.13642520873290651
v 8826.7494782998056 5824.8224041770136 2963.9782279311617
vn -0.56641030198291153 0.26883792893654906 -0.77904142237286322
v 9605.1408927628581 6370.7165457354713 3618.7455876470449
vn -0.094532574585141763 -0.16344307195882354 0.98201321506941419
v 9411.9188977901103 6035.3056465632944 3465.3261347360872
vn 0.45313891076646057 0.855807877532898 0.24951553919950953
v 9759.7560362448548 5904.40359451736 3298.6749781939134
vn -0.56675192645518679 0.27199165395029923 -0.7776971094460331
v 8979.5176492890605 5933.9775198031602 3145.90974485276
vn 0.96792334348779929 -0.2323244847872839 -0.095654246637160212
v 8592.4988708411838 5895.5787015113774 2922.0022763907427
vn -0.71901401180943025 -0.1096909166668613 -0.6862847467505685
v 9284.5473440200876 5995.4898324887745 3589.4237434299939
vn 0.51480970240537727 -0.54985944289172406 0.6577427790345477
v 8392.5895974526502 5433.4445714364865 3058.46780740125
vn -0.32651252052874474 0.73100037754265645 0.59918947084412266
v 9053.8788643182925 5996.1095581192349 3394.6833725005245
vn -0.90013227810023122 -0.37807448273323385 -0.21638291852196995
v 8681.5856801792615 5728.4994006988218 3099.5341766127067
vn -0.1645798577157144 -0.16853528955523789 0.97185869683241888
v 8437.3711135320718 5340.882673893524 3089.6416525552463
vn 0.4796671636582982 -0.093255711578524844 0.87248082177546249
v 9125.0069367111373 5919.1868824149005 3493.815024243559
vn 0.0079310902811588532 -0.99967507023496394 -0.024225023378152275
v 8486.1783827223626 5585.5032080199271 3010.9556756039519
vn -0.21809411628845649 0.7394441512459824 0.63691232020464639
v 9828.9862512871296 5764.3087445630918 3228.6681266599753
vn -0.47323089808499541 -0.8614243354869987 0.1843926010675353
v 9478.3060933274101 6174.7570840287071 3353.4931761072498
vn -0.80886429941938454 0.33622172672792927 0.48238314191198439
v 8650.2244714273802 5773.0192764682652 3089.4913799723054
vn -0.55085752856448966 -0.35970378910860834 -0.75310634529575726
v 8657.1140931842237 5603.6202958071972 2991.936603528
vn -0.21235652930692978 0.4189832931388161 -0.8828123835398255
v 9651.2605333897191 6482.6342625394409 3632.5002079572914
vn 0.97301377356940644 0.21773642859834319 0.076387460394113843
v 9340.0345417975823 6000.8438386228636 3409.5984347324907
vn 0.10020500914559703 -0.4430184832328446 -0.89089481963708861
v 8580.9934928889379 5864.4375921904475 2964.2987986628959
vn -0.73359761427528603 -0.67932174534650225 -0.018881383132348394
v 9222.422074824055 6106.5762396640921 3381.8954563185266
vn 0.49124911425143253 0.73276764117808357 -0.47087778859221019
v 9293.1670563548651 5977.1181664315118 3548.9447843681492
vn 0.48654322086867469 -0.79545271632773351 0.36129028538498842
v 8794.1325148106844 6020.5004796235644 3117.2948981812578
vn 0.28729147595835475 -0.95257163396598454 0.10035382406786568
v 9919.3887026405991 5913.810233762244 3089.4700550735274
vn 0.039970879597446572 0.9978992737603668 0.050983999575735919
v 8505.967602411627 5596.33682590438 2992.067934112069
vn 0.36907352543858152 0.90967748815951655 -0.19045104451309638
v 9131.7902982558608 6038.3235326479326 3715.0636417638102
vn -0.40184387628442458 -0.75117139573316427 0.52370128253136627
v 8128.2038988407812 5227.232617478483 3159.1626470271249
vn -0.80741514052228436 0.53454787586210151 -0.24967851182409578
v 8562.3734999118515 5935.5357277507846 3017.7128218819294
vn -0.66425237307779761 0.74343047124391892 -0.077973837192733875
v 8662.3751864843071 5647.4230036056033 3006.0297175167962
vn -0.41532282645617524 0.78970478931484833 -0.45152330566388782
v 9094.9006430225054 6054.9842057814585 3691.2852028188263
vn -0.90536683375440596 -0.28740981151224293 0.31258038419583989
v 8950.2140057249017 5859.4629285160991 3033.5693648667657
vn 0.79078728557680034 -0.33981441924618833 -0.50909884054322097
v 9319.2939788638723 6207.2348311347941 3562.9131753157744
vn 0.67941170679827789 0.50058301313777498 -0.53648520913754671
v 9145.7997991077173 6155.9263878115053 3632.2521803937611
vn -0.69410214954875005 0.71022986216677841 -0.11745530587574017
v 9631.0115777335068 6056.1132997905515 3409.6194688497171
vn 0.14845408034130209 0.4577050941194834 -0.87662274260202333
v 8455.3045724822659 5410.1062607714193 3075.7745692511994
vn 0.56329359972051762 0.14346875142823212 0.81370574403621199
v 8916.6113182727186 5837.2242655734863 3005.0857970050838
vn 0.93704974541924357 -0.21422965304016303 -0.27575973304313706
v 9554.109872770503 6130.9487781854577 3283.1081688364879
vn -0.19072744509531978 -0.61328529544380195 -0.76648821783496468
v 8554.7884605968829 5449.3604201930684 3005.8350093561226
vn 0.6584269280472298 -0.69902640375099256 -0.27899115986217565
v 9562.2310870554502 6387.7463663804883 3492.395689992441
vn -0.63571620697834097 0.37942997869649903 -0.67223343821283199
v 9838.8016571439912 5793.8761349343185 3117.3580167723435
vn -0.99746837359845009 -0.052963477387892789 -0.047452225804961362
v 9218.236664233702 5896.8223759422835 3437.4757297353935
vn 0.16830467046551481 -0.98392467794472038 -0.059714035459620375
v 9614.6714589116054 6243.0030409310175 3464.5559743661288
vn 0.45172269808963356 -0.82911783069992806 0.32940890523188254
v 9610.9908895347999 6443.493272959633 3631.9721964515084
vn -0.021479246700336473 -0.36920994509585997 0.92909776579405146
v 9851.1030598294037 5920.0835312231657 3381.875682399454
vn 0.92984528110644615 0.0092350856269710294 0.36783483575857345
v 9575.7653239362935 6362.8935718688954 3604.5768214057975
vn -0.23527889853477066 -0.64413456304816563 0.72782862309132479
v 9180.0318036944227 6066.8908982829944 3785.3786595781094
vn 0.31746704295033285 -0.92708085916967198 -0.19933829838140604
v 9699.7594294041119 6029.4197523804251 3479.2953364639061
vn 0.65407604026197008 0.64972393589642852 0.38735428315493736
v 8791.3594860497251 5806.5589298655559 3075.6286832971405
vn -0.43858765568987207 0.83695649793582594 0.32732963330480774
v 9309.5805203261771 5988.0536465004789 3563.2852302239785
vn 0.53653447478426353 -0.78306777075307865 0.31454033727930442
v 9773.092122558568 5942.8334761352889 3452.0411738526636
vn 0.76252262552217565 -0.054218060947455703 0.6446856966257789
v 8599.4164008201424 5626.467279641709 3033.8277874692408
vn -0.68415979148278161 0.59970845453548327 -0.41506041641777758
v 9887.0435730446934 5735.8896974791969 3145.1277581551385
vn -0.016086886838113892 -0.85579987404308389 -0.51705685147737801
v 8657.4919435344636 5830.3390662780603 3145.5176120578753
vn 0.02953119394964383 0.78733923159917774 0.61581234395611528
v 9196.191524807442 6116.1743823388551 3775.8692574407346
vn 0.95970986529172886 -0.24306287565767695 -0.14098727935084207
v 9325.8560439422199 6232.5928813738265 3674.3165384559634
vn -0.39743649513839185 -0.32726659718760887 0.85728688704386136
v 8640.8601818279058 5833.8507450245688 3006.3179507761097
vn -0.42781066616485564 -0.89080903202465045 0.15309246349473879
v 9855.832468372826 5751.6105976924955 3144.0281854341147
vn -0.60316562020894804 -0.59168971898111644 -0.5348780338077106
v 9624.0064091189579 6375.0748433445897 3493.1085311431834
vn 0.44955122517298629 0.50501228715113611 -0.73679460215981873
v 8694.1156622830676 5467.1717431148372 2978.4896112769347
vn 0.98656380762890716 -0.14266905946509659 0.07960774427213195
v 9595.7898902993147 6283.0100783433336 3493.3083995482698
vn -0.50665084837126706 -0.71808258116350199 0.47713973265096882
v 9884.0317681692541 5898.3072753848119 3033.7854943401485
vn -0.23840903138343336 0.94145929311588827 -0.23836009137551809
v 9126.550588040096 6064.9761756375456 3743.6869007336654
vn -0.81650231053979228 -0.5496840751865848 0.17655422501160789
v 9349.9740328667194 6037.0569333214817 3409.5945975360883
vn 0.32046031686757248 0.25280681387352777 -0.91290410239644049
v 9225.5512712713407 6163.3936582253082 3982.1363259987838
vn -0.29466299770099941 0.94512913452233038 0.14108379376431338
v 9542.4231829866712 5999.2045511434007 3493.269292289795
vn -0.1437176857353919 0.18786801727933392 0.97162278425857995
v 8778.998872195205 6027.0195065676398 3061.8510069526983
vn -0.87753459876808682 -0.21130554139553742 -0.4304451139697969
v 8815.8469317166655 5808.4802889457551 2977.2285058792395
vn -0.74697575947465467 0.29215477618656888 -0.5972208984192019
v 8890.1663659370752 5900.8734086196328 3187.2285584489109
vn -0.45748864513236431 -0.028309454302684493 0.8887647126051067
v 8803.3973204109243 5977.0459906972274 2936.596231485827
vn -0.063150089492042719 0.82253348090213851 0.5651997337155763
v 10075.071711151082 5846.1006650964355 3019.9896409006296
vn -0.21478094361106997 0.87937116500155821 -0.42494176121598198
v 8773.4200418927103 5926.2142837947904 2964.3439288993527
vn 0.93956524828444266 0.13755520364216761 0.31352146683625282
v 8308.5175146895981 5276.4134190806053 3089.298630021307
vn -0.48066256781461075 0.87133459192435259 0.098689030889387769
v 8627.3290053255259 5825.6928045082232 3145.3212913336311
vn -0.18385326615908917 0.97106022900140687 0.15244673881185722
v 9371.8154622512156 6410.9891613284381 3646.4990098186554
vn -0.46873688207977299 0.86626945427963165 0.17280905057375387
v 9371.3771963928593 6353.6756969030503 3674.18193894252
vn 0.55017941129920311 -0.18165449517647378 0.8150486241719832
v 9235.8274464209826 6110.0795082514633 3674.3461001211863
vn 0.78907904178496968 0.29545566925646016 0.53857238447578371
v 8805.7485122229027 5832.8882034169847 3061.640641992255
vn -0.86108899706971598 0.40527058923118536 0.30705290851851347
v 8891.2755251241706 6012.104939693083 3172.6469398254276
vn -0.93926174597949441 0.32090443728137669 0.12168695358449222
v 8410.3026160709087 5280.8788299834669 3061.5603631146928
vn 0.68045076652913949 -0.67813650397446701 -0.2777006235268375
v 9134.181027707662 6141.3224412370255 3538.1088589765695
vn -0.1950836876777223 0.96011240711366264 0.20031605154971868
v 8505.9515863226297 5369.3647074284036 2922.2824981704621
vn 0.42496124409672942 -0.071757916790229262 0.90236286625375195
v 8862.3318164567245 5982.600205873081 3145.5612740854558
vn -0.42572150698991174 0.065805930500260165 0.90245818628744989
v 9672.15055362969 6267.6765525187948 3563.2180234792522
vn -0.060506708422168855 -0.91530855884139983 0.3981823456000958
v 9505.9239308511278 6470.9429362034498 3645.1525100083982
vn -0.33911999906713197 0.91236446380626701 0.22932228722087025
v 8604.752270321078 5544.3322248486475 3060.8779477444878
vn 0.2843943687275981 -0.77907398391739557 0.55871600175680358
v 8351.1382570766436 5369.5762379279913 3033.3472404806162
vn -0.75590134330832937 0.30567166134040452 -0.57894558866793366
v 8187.9848819956733 5117.7314402056663 3103.5172693923869
vn -0.17346051978151494 -0.66808732890283207 -0.72358190209305673
v 9046.0992424680371 5992.9503416557345 3507.3663510167535
vn -0.9783953062201256 -0.19917795386047912 -0.055414505884105826
v 8509.3387861301653 5437.0242079299496 3033.9791395466364
vn 0.42503130071177625 -0.31019760775627087 0.85036806005255294
v 9446.9963190822691 6428.1860528354364 3535.3585305461002
vn -0.30622700611664133 0.69174831709419948 -0.65399486735155765
v 8728.7549121248539 5773.6069095055191 3075.8871181800801
vn -0.52527679390846671 0.74786150119979733 0.40594022319108475
v 9061.9848662390887 6037.1867976925914 3535.1871677902168
vn -0.99340484973637766 0.046556786003699356 0.10478201275624954
v 9767.804582478364 5866.8266049929662 3270.2118757004
vn -0.8682992491751147 0.32379727816240872 -0.37578150105686137
v 8761.3622915309224 5916.4488682062301 3034.582653926474
vn 0.67519001318348082 0.065123697139993608 0.7347634654554549
v 9952.7895434853999 5745.0954585752388 3145.2495687741339
vn 0.42214574391702969 -0.83477116320431288 0.35348278030938945
v 9932.2167634851794 5781.9008699144451 3048.7431417305834
vn -0.3128318153845136 -0.65346692925369143 -0.68928747823747716
v 9317.5908920946658 6162.1420977595608 3521.4870024757793
vn 0.40365647839168417 0.5440587307806245 -0.73556885803696159
v 8767.4615393527383 5905.1729133917315 2922.5491260516969
vn 0.79197828668207471 -0.3693977380100128 -0.48612313725764122
v 9312.0330380536543 6185.0973301412696 3534.8398468051182
vn 0.44506450054779673 0.6679270076927889 -0.59648227362319606
v 8674.4978738088685 5474.5986062396187 2950.3243744556439
vn 0.94195121101934964 -0.023663151327765742 -0.33491487176358653
v 8268.4492497320116 5211.1227337899163 3117.3293881162544
vn -0.92862529802138094 0.10406535584295205 -0.35612562051610563
v 9441.3955680515992 6024.2179953040468 3438.2240622341001
vn -0.021426371901194518 0.79068114989377714 -0.61185311128554853
v 8713.352352946913 5842.1195264267262 2936.4644927799318
vn 0.39317517234060817 -0.81211503561318354 -0.43114087348096658
v 9234.1874852768124 6146.7511567214424 4077.753489908946
vn 0.36274932829853301 0.93069976369483864 -0.047019939146437303
v 9131.2602015113334 6144.9049889254084 3438.4629340896117
vn -0.34744287844028454 0.92069573950805228 0.17777176792969757
v 9906.8456913113951 5890.6047907419088 3254.580942983217
vn 0.510786657781645 0.8579939550041733 0.054252773279838219
v 8663.0989648522736 5717.8100377192313 3059.6172745759359
vn -0.66482223379534688 0.6133602223006841 -0.42638085692326821
v 9085.926521456644 6018.1691311830618 3646.5757179484094
vn -0.91515601924323065 -0.3999986191814347 0.049905561772502952
v 8197.856496012173 5120.1362969980491 3145.2600340318268
vn -0.69760620271125073 -0.59079689915889599 0.4053450503990676
v 10045.338656418324 5848.6354758780726 3081.7744738648871
vn 0.58382864236211596 0.80291423443758903 0.12030315247369389
v 9427.2568387516076 5976.9068912760467 3479.5754526687806
vn 0.44283469544625265 -0.74014295170685851 0.50604925012066115
v 9721.4620337062352 5994.7632763839347 3395.9136742379819
vn 0.21661812756808305 0.83899490453612324 -0.49916343713389005
v 8655.8106567910509 5522.5621270979536 2991.306924142692
vn 0.82331048348105884 -0.31731468066939 -0.47060731105866593
v 9507.0916623432877 6399.5486128111661 3605.4749424869983
vn -0.5473187715977913 -0.57171387156524389 0.61121633757333782
v 8679.8819595181321 5823.9730441240545 3006.1908638786226
vn -0.24507819712944223 -0.96869020215355106 0.039698482886562553
v 9746.2002397012566 5861.117898085271 3308.7330117855386
vn -0.91093513019121441 -0.19920772063808215 -0.36126648422140561
v 9229.3289325306614 5938.465334693994 3507.1688227423856
vn 0.23280646922171153 -0.95323375130815569 0.19273443712917912
v 9127.3576457195486 6156.0149412525761 3690.6539095840299
vn -0.93750670891693677 0.31127313745370255 0.15553200518048582
v 9537.6587576761085 6422.3511986726189 3510.7343243119631
vn -0.05923665260690722 0.46636521157142019 -0.88260665555153905
v 8856.3329875342133 5868.9116089069648 2978.1483127146948
vn -0.9017780710729012 0.41049477434806986 -0.1352418232832017
v 9110.4307912563072 6136.6187332227455 3513.1646372695959
vn -0.35622775019254244 0.79652079490844574 0.48852473148365494
v 9160.1391811829308 6156.8002480175564 3852.6491980053288
vn -0.83336898262334591 0.47297231284114111 0.285995332281894
v 8828.9345143717219 5941.5635523742667 3131.6797781368696
vn -0.53721746727377206 -0.84160089935227411 0.055725389773396909
v 9416.4200599600972 5986.987944667876 3436.2618217667832
vn 0.1314252984168319 -0.38989126731926443 -0.91143413947702479
v 8589.8965509418395 5947.35067833637 3019.9059778100623
vn -0.39179164506717051 0.91935215411623927 -0.035929424952135115
v 9262.6473414542088 5906.0119017626985 3423.0815809824344
vn 0.2951921620211706 -0.91837480200205746 0.26353237093182424
v 8800.3481414901398 5932.1299024906257 2922.5267639097351
vn 0.46533952068589562 -0.68464052892398797 -0.56100488112181601
v 9740.8637093552607 5843.8694256051494 3326.1329248064994
vn -0.78594819214802258 -0.38063248401008459 -0.48724157394004036
v 8427.8445117299052 5524.5379315150494 2992.3214390008288
vn -0.96788995527468136 0.24433738295099855 -0.059061643822638808
v 9168.6929690045945 6031.669892224767 3715.8304192454925
vn 0.27327849821118372 -0.79216508660767626 0.54570444196038292
v 9255.0277112824042 5993.3255543593314 4104.2164781176134
vn 0.26247596272624529 -0.67934139635445201 -0.68527486178183572
v 9579.006473956897 6447.9778424024698 3622.1132289088632
vn -0.025751864653097749 -0.006481658427084455 0.99964735260536919
v 9270.8260417400033 6046.7272345110687 4120.0618353173086
vn 0.82006681765672529 0.55763019934349356 0.12860394767854846
v 9978.8503839437108 5889.2454846158944 3102.907357549474
vn 0.45767129390047351 0.87686486024371557 -0.147122410288968
v 9641.0996207520784 6278.0351547318232 3521.5001661487472
vn -0.51346272165083806 -0.70935487487306348 -0.48287855095120386
v 9162.1461814460272 6124.1115609466542 3966.5225958447986
vn -0.94592770592848852 0.20283022577905055 0.25314160990893331
v 8454.8412946374283 5544.8985850252284 2950.2674208176304
vn -0.12574379934163463 -0.49290844563481173 -0.86094701413559982
v 9677.0426756483612 6051.0561165472545 3480.8691687211776
vn 0.44659926605184108 0.86402109541762706 0.23241480640286358
v 8793.8675089273493 5675.3088394160641 3105.0638042349219
vn 0.52194072852760165 -0.8509355312771848 0.059047417505692451
v 8197.0847143517894 5155.0825724862516 3173.3422663625752
vn -0.76940706056750263 -0.29766423094845845 0.56516261444184213
v 9530.8597007743665 6118.0167268137229 3368.0402821714638
vn -0.17521015506175569 0.0013117461989717574 0.98453018282079341
v 9228.1667596431544 5963.7538646069752 3325.7404127445907
vn 0.63304514252145405 -0.30255676582013125 -0.71253999956946568
v 8834.1150198989817 5986.3876704699596 3131.0027534710202
vn -0.87442768560604867 0.38739704891354537 0.29206120786356687
v 10135.710749756159 5796.036333894368 3005.2795568745696
vn 0.49914069971879366 -0.86469564309208646 -0.05621393689999038
v 9284.076324579557 6048.9992835364756 3381.7118344589871
vn 0.52437338171089243 0.39149860097267453 -0.7561490606947292
v 8653.0124308541399 5748.9008763547099 3117.4200741059399
vn -0.49451061293687126 -0.86885586410367088 0.023425223701459691
v 9281.9142064091484 6209.8984380088887 3575.9504645824572
vn -0.47609406518617242 0.86444665489750006 -0.16145098925378848
v 8635.099105601781 5863.0979756009492 2922.5372564320915
vn -0.21452686033806001 -0.5789016740248274 -0.78667088290132292
v 9332.8101017665103 5944.4227153394386 3478.8710627620285
vn 0.31673738274099239 -0.88100005441243401 0.35144890738153445
v 9719.640630763839 5852.4760118913109 3396.503274612674
vn -0.33157059947224271 -0.85353571036960141 0.40191756454461836
v 9198.0047540724427 6121.2910887751223 4036.1078004470801
vn -0.73971221446357538 0.66186272378762301 0.121505451045713
v 8432.4808957609457 5597.8889275566771 2965.7252138259546
vn -0.79092806483312661 -0.27446940994089136 0.54689975248305267
v 9127.9912720134325 6100.0088139950058 3299.4928559820164
vn 0.46463249950141483 0.7416799839347975 -0.48376382857500438
v 9082.9146723633785 6124.952000792332 3353.7308022342386
vn -0.20113447868838696 0.97946798580606975 0.013688910247040453
v 9218.2448321053234 6034.5323597881325 3674.7340521411297
vn 0.80816134210377533 -0.42340776909860983 0.40939114083717415
v 9586.4004581784266 6495.2805557940501 3617.0943379420105
vn -0.10753777473467316 0.97864278086794454 0.17519684489216958
v 8736.4496771853483 6067.0457937451538 3131.3634473725178
vn -0.16818898631385154 -0.95286729148779403 0.25250027662447094
v 8734.5061437024524 6120.4369486635969 3089.2017517711884
vn -0.53673681887980629 0.68295871899335714 -0.49546036714326458
v 9083.3618820275424 6125.5076982696455 3382.1672542174656
vn -0.39005184199040266 0.88418666455609907 0.25704766635986898
v 8724.8801198223337 5604.4803738834162 3010.9812047746746
vn 0.51217449722295938 -0.80541929685111302 -0.29829019537066132
v 9631.6689786408897 6016.0188202511599 3395.2995778566042
vn -0.044806264234394232 0.30861039445728494 -0.95013263448756291
v 9344.6656103816058 6199.7995733538501 3647.3035182888834
vn 0.64913372614879172 -0.72304469785895853 0.23628747422204349
v 9881.0557008899086 5918.1886830186813 3283.8703307411197
vn 0.4877991691759398 0.76750888898400815 -0.41591113940575852
v 8659.3996399203497 5610.8989068519822 3103.5253099909355
vn -0.19353473370342789 -0.74386316718164358 0.63969672139290934
v 9219.6615912994712 6099.957745021431 3848.4229037875361
vn 0.84634975652462141 -0.49567699811091331 -0.19492666101502795
v 8704.8830424833777 5833.1112622572873 3145.2062620282891
vn 0.30092091187960612 0.93644882670197371 0.18030585060403143
v 8441.1959050231544 5450.3942930072244 3062.0894507640492
vn 0.29912515042075921 0.24899100970580365 0.92115559026227622
v 8767.5551839554864 5908.2665067434291 2950.4829702513148
vn 0.96862509916713713 -0.15010070862205013 0.19807875841344519
v 8453.0942199690799 5535.1482032697877 3005.6745410858148
vn -0.78512388668765243 0.49468747114354333 0.37264566071011762
v 9191.5286877959734 6161.0601136501673 3506.8700532294788
vn -0.09559906579419597 0.96014306226313784 -0.26265208662266731
v 9315.7197357444093 5956.14188941869 3493.3196519579783
vn 0.37693130889554233 -0.7420219690588733 0.5543700801885737
v 8635.1211193864565 5830.151773663235 3103.4215426306159
vn -0.50232499810108078 0.58209924857589024 -0.63939820228878752
v 9359.2261146563378 5958.6861795965251 3464.0027554245762
vn 0.44283566830629634 -0.87480145552292132 0.19651713485264927
v 9635.438779203314 6410.5177836888652 3537.2294677214149
vn 0.58304522594028563 0.75589289845227148 -0.29779890963142452
v 9760.1702020371995 5903.7480501086593 3452.4045563159193
vn 0.42454598426072065 -0.42453964218217438 0.79970419497707235
v 8518.2354132181972 5584.5117331845577 2992.1266157618461
vn 0.53101067661546131 0.84216354462518572 0.093745535492271492
v 8714.6877989824716 5753.8223676903217 3047.7377385022355
vn -0.53177509616175422 0.78702342677337445 -0.31274490053724607
v 9683.3117092990815 6246.7130188587344 3521.2464146806433
vn 0.68254655667275643 -0.64426713389252099 -0.3450363142628326
v 8722.6222776373415 5766.617927661875 3033.291154097376
vn -0.5947509870779355 0.7506095482959485 -0.28784817070249663
v 9779.6281451773684 5884.6072466519508 3269.7004052751977
vn -0.68245109138730531 0.60437172649618809 -0.41109040864059648
v 9797.3196373638057 5799.9269485657151 3326.4098369940511
vn -0.17956493067237309 -0.97952632506245763 -0.09101985597803737
v 9784.9182059796876 5803.8929681314276 3340.1077248387269
vn -0.30437311113743126 -0.90495346492777939 0.29734867669409126
v 8515.2130923078221 5430.3073244926545 2951.6302306457937
vn 0.80005092968712588 0.34665822085148884 -0.4896392425274409
v 8807.2855017762249 5699.3786100927555 2982.4249379320049
vn 0.043301852993944567 -0.63926102759485059 -0.76776968429709869
v 9286.1307003709135 6064.9163402163776 3646.3397659799898
vn 0.32397638687260266 -0.19346756505171342 0.92607213651093867
v 8990.8250121433848 5965.5429585765123 3117.2767786946338
vn 0.95154726277967194 -0.29696390537113565 -0.079813818372743109
v 9872.9660641879655 5849.1472153429822 3052.4534194235498
vn -0.92090420868337997 -0.29886523545149513 -0.25022991321534749
v 9081.3170997564139 6096.0917561740225 3535.4332200453814
vn -0.71550790793881602 0.60235488857851138 0.35386017278380966
v 9332.4287497150362 6180.8315651845614 3632.4891254791683
vn 0.97337827795494458 -0.18736974507696391 0.13201252453937892
v 8594.3355158930244 5951.4150392289093 2964.3792185250977
vn -0.52702317786663266 0.83785822347538685 -0.14226794208824642
v 9148.395412904636 6173.0351639594828 3646.4150784670683
vn -0.49108075500301135 0.82206585857445402 -0.28817948614000632
v 8786.3773565668616 5757.4991492953623 3159.9982807526585
vn -0.33510059903557643 0.26577273285553299 0.9039205955151699
v 9581.885603014598 6295.1267671389069 3479.0599537667113
vn -0.92229073029591135 -0.3584770021508043 0.14447853729605209
v 9850.9678089958397 5924.3776554608994 3284.4813214620426
vn 0.14357551041060404 0.76051307886382657 -0.63325028992286903
v 9313.2415135722658 6022.914050727928 3590.4153499690697
vn 0.58990686713001006 -0.77910260578983637 0.21215328836561434
v 8806.5764365982832 5659.1139664296279 3033.8543951154852
vn 0.5447702576159168 -0.83854765996262237 0.0079491124220167925
v 9540.0042711308924 5962.9781022806346 3493.299939205232
vn -0.34625917097244208 -0.11363555674771142 0.93123119941296784
v 8655.6776661243821 5848.104759924905 3118.2109905001307
vn -0.53790056114057316 0.84204030339611335 -0.040387049672361834
v 9232.0359087558609 5896.8967327644059 3409.7045896258933
vn 0.14571304022022319 -0.96927752933065314 -0.19816352097306991
v 9510.0525921114167 6375.0097439131478 3577.0023583074781
vn -0.15235236342625588 -0.85968833820637103 0.48757021905608866
v 9163.9333183526578 6154.4295673293964 3750.2449214666294
vn -0.41930945632305988 0.90715191812276019 -0.035425658557842625
v 9655.6508813872679 6360.2575704505762 3573.4393336638368
vn 0.70472586082923883 0.45119613887507171 0.54752489015816919
v 9408.4601988502145 6038.5711556983233 3487.1631889649416
vn 0.61011823080089944 0.61385750223243984 0.50093383934141478
v 9320.2576810788523 6215.826219048502 3576.3772926751599
vn 0.59417573670548152 0.38337508798717962 -0.70709174498173899
v 8837.0490933333385 5989.8965377532586 3003.777435121262
vn -0.78234494166265822 0.61925328320177409 0.066796433278095299
v 8699.6099430414615 5848.0284384912893 3131.4904427364932
vn 0.17761993898543732 0.89619565536039447 0.40655197034077023
v 9130.049882731746 6009.6656778383676 3660.6959641862736
vn -0.36434025384414642 -0.74207880498402601 0.56265018139361056
v 9798.0973843543034 5887.8223573017312 3419.6929330878047
vn 0.50153350172078259 -0.29694516051490566 0.81258089954075752
v 8971.9899296677359 6067.1053310686721 3131.2599634859948
vn -0.11206045227225361 0.94704983001433662 -0.30089711614828435
v 9117.8617297289366 5916.9397836513044 3465.3763496299694
vn -0.67440063632460845 -0.58505430316967655 0.45043894599335843
v 8717.5189977760383 5771.039866689769 3128.6017662500435
vn 0.58301836174457689 -0.66499065332078966 -0.46677298643415405
v 8352.1400945030473 5212.7662409254972 3117.3656798699035
vn 0.70633784548757372 -0.55495441917596844 0.43944560604133454
v 9927.6501904060897 5788.0982172811282 3228.6603943584118
vn 0.81924291660922965 -0.56759035323361384 0.081744935633617108
v 9616.1066399059 6291.0461383086131 3505.5047986046211
vn 0.0016548035009916096 -0.98329147693083352 0.18203058265179814
v 9021.8321716071587 6064.8909583724499 3256.5864671453846
vn -0.89849093979502015 -0.41804121791497012 0.13399840010399394
v 9348.0808056957048 6336.5844504866272 3590.9484175316893
vn -0.66379366878858437 0.22325420022755751 -0.71381757288325753
v 9614.0173155340217 6467.2484251473543 3590.534239720997
vn 0.65887001153453162 0.3101741508806149 -0.68533371726916792
v 9835.450216353127 5861.431053653494 3103.4952146932606
vn -0.8287737721310442 0.53254488752185258 -0.17184288580566007
v 9965.1208600674254 5896.1370196914086 3131.3548421135743
vn 0.1945094532011423 0.98089685694726758 -0.0027255543224041999
v 8965.3339132011279 5887.0617823712309 3075.6813247811024
vn 0.98869376656638452 -0.11990481309338798 -0.090041500153070081
v 8491.2505765852966 5446.1872902978494 3047.943564529402
vn 0.36151018965472126 -0.12652956439869839 0.92374274130240563
v 9870.6548687175527 5880.5431892782435 3122.9238369101927
vn -0.3247360589968501 0.94080314779759122 0.09713871051922654
v 8182.1689643046211 5248.2011427522266 3187.0351275896514
vn -0.19263604082359512 0.94492027374323828 0.26460731668798171
v 9836.6718753424848 5873.190408639618 3145.3834816989311
vn -0.41240269623569353 0.9042495299627954 -0.11071044982111586
v 9862.9941356450654 5926.2779548999761 3328.1107726779901
vn 0.55679846012223588 0.78723453475074723 0.26502313503028607
v 9895.1403054900929 5828.3907868977385 3035.2759695595878
vn -0.64795856089216219 -0.58533080418662797 -0.48737824432035692
v 8646.7632283227049 5809.2831836199539 3089.6575978705519
vn -0.83642964985949109 0.36635960312349947 -0.40763474095704999
v 9639.3665516637902 6307.0171843174903 3492.8969773008221
vn 0.64267142575188219 -0.59562015345326158 -0.48188180223199567
v 8567.682595645425 5927.4638128079805 2977.6079602487798
vn -0.88261318220053231 0.30060238584465448 -0.36143073503833512
v 9368.1416285387349 6323.0848096221162 3576.5834245011229
vn -0.016277972624011292 -0.2354309547127158 -0.97175474949717178
v 9529.5844980401962 6400.9285793765775 3507.020250197666
vn -0.09961880261006438 0.037460241507093248 -0.99432028264174876
v 8748.3309687876335 5643.0496122088134 3097.4207286741166
vn 0.38993269409236414 -0.72731160783998672 0.56477457377176976
v 9117.0217083763455 5915.4467417917003 3451.4533523948871
vn -0.68658851701457613 -0.66938067927547595 0.28377053144473557
v 9747.6723632923058 5863.2885792876432 3424.021913660039
vn 0.14164294452846163 -0.94369935735032151 0.29894614766191135
v 8950.3975236568695 5809.1728719465245 3075.6963565128131
vn 0.95927289930671134 -0.26795853109718037 -0.089407663362472412
v 9270.0941109109299 6106.7782997108652 3979.2292149495534
vn 0.96429715223377965 -0.23729439738832778 0.11756858067499648
v 8632.3392896122459 5521.4774086590833 2964.1448582824983
vn 0.6884972416672045 0.54544707131413528 -0.47797389113996958
v 8825.8417330515131 5884.6053512835279 3085.7721099549599
vn -0.96174939663708103 -0.024047753363004055 0.27287323728501278
v 8441.4097439250199 5581.866171026154 2965.9175092605683
vn -0.74559386381798065 -0.66639980901299301 0.0010415298464433349
v 8836.720458901731 6034.958019782167 3145.1679154633398
vn -0.50884731252940474 -0.67413439876898218 0.53536643985963972
v 8763.1610493259777 5904.0284363626906 2938.9992989978591
vn 0.90701900939063207 -0.40377235619886531 -0.11951736682864592
v 9369.3011024832358 6058.8428307178037 3508.2803975639113
vn 0.84757755648548405 0.28878407410238743 0.44521460475474406
v 8214.6904296959001 5166.9906618441237 3215.0868987173817
vn 0.15613180111448313 -0.6638558857454564 0.73138103861247517
v 8650.3007187676467 5463.3360810564564 2962.3082216315042
vn 0.49869004432503566 -0.8233058429625052 -0.27106406739900563
v 8188.2847488345924 5136.6555788789519 3144.9788623493423
vn -0.82818832549263843 -0.47480801159670982 0.29776072548487359
v 9600.0126143289599 5904.9620200758836 3437.201568619872
vn -0.37805353735404379 -0.80056235539770026 -0.46494670448792391
v 9941.2680677441822 5874.1440263309396 3047.8691251722976
vn 0.5879356632384285 0.5657643541158538 -0.57813696604200993
v 9312.0663472858687 6149.1796436243003 3507.0624678462818
vn 0.51317956667851328 0.79906226926727109 -0.31328297460457805
v 8459.4416383248281 5499.6265139653187 2964.6322837221105
vn -0.53335454186262687 -0.20571370458079052 -0.82049668154243904
v 8546.2402654245761 5575.3899314911268 2978.4546138960404
vn 0.81721946877207308 0.57468231802868475 0.043503714842165364
v 9679.9335868563576 5922.7642446769605 3493.2992731771483
vn 0.2188842035396395 -0.20699582924532919 0.95354204527952324
v 8760.553346558967 6070.4727174025384 3121.9134285535997
vn -0.55215819041637859 -0.83318369225696576 -0.030434646591668123
v 8722.2319524570648 5875.2433631513159 3061.6825196886293
vn 0.76155509225210849 0.38948469968556337 0.51801111008908762
v 9851.0585826154602 5846.5499173428034 3076.1353957389474
vn -0.88255967656124612 0.1742023218078006 -0.43674016117696374
v 9061.0320735107634 6041.1453208280836 3242.8070668086339
vn 0.11416944591164387 -0.8809434268932147 0.45924287281771459
v 9053.9093918231865 6083.1091738717842 3465.3280290848279
vn -0.89809675825012669 0.42992206505613251 0.092678103123036329
v 8836.6842746208113 5965.0325885954417 2936.2490744837123
vn 0.28803271449179957 -0.38687382503102219 -0.87599417742833863
v 8308.1464006160386 5284.1720229945859 3117.462271011655
vn -0.21276568465241091 0.86574661449517432 0.45300503631255029
v 8955.6139498144476 5823.7659742936339 3060.7727834531756
vn 0.88998247532563013 -0.38805846319543785 -0.23946152667111098
v 8731.4481376157837 5812.7616803370074 3159.0067800820607
vn 0.80226877858661994 0.52766690179672471 0.27916383657877114
v 10139.880345209718 5830.1237841290895 3019.7816625005107
vn 0.3724281986304715 0.81644323528016849 0.44126826356550225
v 8857.7829718830217 5858.9862715039244 3159.2477079820737
vn -0.69574963241155163 0.32814170322636199 0.6389487237665421
v 9686.0239426854532 6045.6706065348772 3464.612958512263
vn 0.38238019622638825 0.86337078677675938 0.32920551343248833
v 8487.499290195241 5359.5530618706553 3005.8703626086572
vn 0.58699455805596423 -0.80588211296857459 -0.07740419116552158
v 8905.9038956214645 6063.1388955325865 3159.2428821289905
vn -0.49312663508606902 0.77989323131830157 0.38547719713698914
v 9175.4473721878785 6082.9640642636396 3981.4799732346669
vn -0.89307432629057726 -0.24467587212375316 0.37756054523892235
v 9352.0537462597204 6282.5509882652877 3632.2160597246848
vn 0.95635391329699915 -0.22160602275767471 -0.19046774844849867
v 9251.6269315941736 5973.5224395240493 4169.3815986460741
vn -0.037944021788197328 -0.99841003827677788 0.041685089404965528
v 9172.3372535673898 6032.201311601375 4189.3944645106021
vn -0.8267056755780402 -0.40857302612050983 0.38681495355503692
v 9355.6881271267557 6389.7153986291414 3661.9992086326256
vn -0.2096432539614034 0.85398517593736634 0.47619221470714945
v 9352.78813229353 6020.1003076559682 3408.799819907802
vn 0.23809606702825378 0.020475671823079109 -0.97102575132128743
v 8938.3818283225246 5944.316973312998 3019.9327586448517
vn 0.71021706480495805 0.22589354425384256 -0.66675619796464392
v 9338.1692829866552 6012.9721020498073 3562.818234977382
vn 0.85499001997551405 -0.43176158104114593 -0.28735692592857409
v 10028.382205100846 5834.6483955961539 3032.511981050332
vn -0.35524616168097806 0.86215209374558643 -0.3612394384075942
v 8519.4515675738021 5368.3510351029781 2866.5967211722609
vn -0.64236550742656795 0.27112624940889452 -0.71683827447345028
v 8305.4286200108527 5186.9189276212992 3124.2628806490156
vn 0.62713384687154883 -0.39700261812207155 0.6701433125177878
v 9060.7891553357313 5993.2375721328044 3383.9973065237632
vn -0.8899195846197725 -0.45609508968940221 0.0045168652169094983
v 9179.7256844593758 6078.4681594442845 3771.74394638687
vn 0.61229355287504517 -0.78731758336890179 -0.072302337623389903
v 9492.8426233000864 5981.5191074489248 3423.5124807350003
vn -0.43482693584916526 -0.40161221761021004 -0.80599823977862084
v 8833.1999931916471 5938.0708722546151 2978.2502173350476
vn -0.93138624787279822 -0.31017823390802074 -0.19054952239019601
v 8366.7389694190515 5320.275452970076 3103.2596698732932
vn -0.39433260808458526 0.81712154912789048 0.42049276825178028
v 8958.1510917347841 5884.9641147288639 3173.098615120296
vn 0.77439859218271279 -0.4635869353658027 0.4305740050021315
v 9377.0108818842127 6294.2571116105355 3590.3320103468764
vn 0.4123593974684775 -0.90903101083148419 -0.060185950737063794
v 8749.2776994204651 5728.2077239832543 2978.1021535459272
vn -0.3118221535296874 0.2231026824911635 -0.92357573464949538
v 9111.8454121791146 6127.0572883894984 3701.9213711128868
vn -0.8109616964155093 0.52169247594326396 0.26491147104469881
v 8758.1684970371916 5765.6019467579144 3131.2647661062356
vn -0.01190183322898002 0.73445663972337816 0.67855124399858935
v 9232.8716710116805 6071.0925725530033 3687.8604480108088
vn 0.95812471297928714 -0.25714254467629388 0.12599502409126573
v 8446.2588952861679 5541.4376563480837 2960.4730170218154
vn -0.87923075028144682 -0.46559876556090563 -0.1008517588725408
v 9060.2145558211614 6029.6955007083425 3604.5019751905356
vn -0.97028576889627416 -0.082381445212772922 0.22750565742860296
v 8566.9351934407605 5598.6653212536094 3018.9004186485622
vn -0.15203758349338251 0.81181257477628965 -0.56377736442729243
v 9506.0173484699462 6182.7382886555633 3303.3379538942827
vn -0.52568327366079637 0.66418338717379244 -0.53152377556946262
v 8688.5174116850449 5876.3887953460908 2893.7969100550299
vn -0.23430166026020086 -0.6882674061238051 -0.6865789901147008
v 10008.837222966024 5872.0217853821468 3103.1653180894464
vn 0.56884496819866559 0.82235904492143552 -0.011874484871503209
v 8609.9978050911031 5641.352433736648 3090.1445519487602
vn -0.70670192717109637 0.30895870715992502 0.63648794442842827
v 9882.9908852445915 5888.2346374080225 3047.9407167857203
vn -0.33296647531336232 0.93040786667357434 0.15321399397354143
v 8542.5692542093057 5887.4825376094468 3019.8105260249404
vn -0.76669879060876456 -0.64200688722533605 -0.00034818715163499988
v 8856.2397565914107 5914.3010327655975 2978.3785598545137
vn -0.96713738008140793 -0.25139047158020572 0.038054156776259229
v 9261.580286689581 6203.3820608985616 3618.8546890902362
vn -0.55997786371183911 0.81545023727480792 0.1465117834209396
v 9343.4203088629656 6103.7470094495802 3451.3988852686634
vn 0.55009452944841009 0.81333139845163716 -0.18944140245373156
v 8707.7851588510202 5766.9365111705119 3158.0898709155408
vn 0.48981180200802532 -0.81428707895496599 0.31148186409587314
v 10092.919029554996 5823.9935403076342 3005.9689578061993
vn -0.40088861074792342 -0.0086754176449023827 -0.91608572682980194
v 9075.254853702223 6076.1976573043939 3612.2538233592186
vn -0.75613055802882423 0.18717174017825683 0.62708318339249236
v 9907.0923926091818 5729.1755191621196 3160.9088015843899
vn 0.21802216748979647 -0.91196411230206631 -0.34754538172180544
v 8803.4835484664527 5654.5264040484744 3063.2700964135388
vn 0.6436623430535372 -0.76081529085891608 0.082818363483548985
v 9865.1863292380258 5807.5584723937109 3298.0740196281363
vn 0.51302698036447703 -0.79051251200520967 0.33450453775893646
v 9743.0497929038465 5885.6112702362007 3326.2329139175999
vn -0.83300227328858556 0.29457676319210074 -0.46832867014876789
v 9203.6459647981319 5928.3292334920734 3535.0952223776076
vn 0.21843562807287978 -0.86546996166432766 0.45082992563177715
v 9374.1300499766949 6316.9751916802152 3646.3259664180591
vn 0.60778369916585595 -0.74256281263171964 0.28142395833464129
v 8580.9445155219055 5871.8020880581971 2978.4244159918371
vn -0.66354228051887532 -0.70028650944005455 -0.26326877266412446
v 9582.9626851518406 6075.2856222058981 3389.6859749032342
vn 0.85803778160515543 0.46975198996259671 -0.20761559012820807
v 8665.5634863132163 5939.0361257862642 2880.557874835391
vn -0.49413861852285396 0.3074317283862959 -0.81321138584364405
v 9105.7662836378058 6129.1092186506648 3367.8297787525248
vn -0.19946951206344685 0.97351356998716798 -0.11172843330150897
v 9525.4399784086927 6393.5694082281225 3507.8211891182491
vn -0.33794921425821378 -0.28789357507437702 -0.89605112466485415
v 8652.3353529674005 5504.4669598453693 2982.0405304618253
vn 0.95734799650700686 0.28557530256021207 0.043949518218784525
v 8778.9703590313475 5984.2489004848112 3060.6421820226597
vn 0.58407104270886767 0.090399359194691151 -0.80665294453449132
v 8584.613663190612 5859.476501543475 3047.3154764946303
vn -0.84663579940408007 -0.51332664887866786 0.14036942230561097
v 8708.5706454314241 5759.3962715923062 3145.2257368792498
vn 0.52392884651934002 -0.84732950895877379 0.086782872922006565
v 8659.2555068489492 5736.9824331984855 3145.2316660121919
vn -0.040301623629347354 -0.97332583976175502 0.22585966613123548
v 9085.7884677223046 6005.4468870093115 3297.9640119277119
vn -0.47719931056630893 -0.44990823728201257 -0.75489296991085542
v 8659.1725286466208 5644.4876594778007 3019.9319481041753
vn -0.4148417217622552 0.76539920090732039 -0.49200651330623968
v 9467.953833827376 5972.860951648755 3465.7469585232711
vn -0.38521438800777291 -0.68396539517803157 0.61951691943865117
v 9140.5765179902955 6140.1108155296952 3535.5400708616098
vn -0.14975024934120604 0.97934293595816702 0.13587596038698002
v 8127.9933781717245 5214.9972963885157 3173.0574616954809
vn -0.88421227909277267 -0.26232175959386117 0.38646596220772805
v 9487.0982697744948 5991.624681154618 3479.2902950825446
vn -0.3196424196114051 -0.17447256969992031 0.93133669851846435
v 9292.1616366233393 6023.4529079049826 4202.9234965095775
vn 0.86369998145539351 -0.00011375788303209687 0.50400627882308846
v 8939.5815042770791 5908.3755766993163 3022.9516452152893
vn 0.89531112894129616 -0.056755561097698831 -0.4418108064300228
v 9307.1129379743525 6267.9987252549572 3673.9518112818801
vn -0.50892142534733453 -0.16888390343655046 0.84408365105744776
v 9623.4598250651397 6294.1347073374782 3577.1050814659957
vn -0.83151345159814394 -0.54647454568063836 0.099754452203804647
v 9400.1339339969236 6429.2533028746248 3632.3508331581506
vn -0.28197124048106198 0.95879044861820606 0.034829515932187222
v 9667.5641123412188 5904.1835573619683 3375.500906381792
vn -0.53853033167778097 -0.21100133163264459 -0.81575947430126106
v 10016.913704353929 5855.9692946141122 3145.3282181072877
vn 0.82048221413010458 0.33266422604675655 0.46491230248819382
v 9865.5431829582176 5754.5359603207353 3227.9280122662321
vn 0.044683467667067774 -0.99638043376341789 0.072314721396609827
v 8712.7986930965708 5795.035904139223 3061.161405620036
vn 0.42405762238248174 -0.72098550615765944 -0.54804656080473702
v 9194.239801049891 6011.2514299551294 4189.5356709460048
vn -0.55083947668128175 -0.57179024798362543 0.60797350537693318
v 9081.4951589158009 5991.2335066244123 3312.186862172201
vn -0.56188705685379148 -0.76023412954360658 -0.32607821702355227
v 9219.4602874156262 6043.6514353050588 3312.2297690460146
vn 0.65436005112778928 0.5472147031026724 -0.5218898276420908
v 8166.8242052043315 5169.9368777186974 3145.0807133972212
vn -0.56075201231020699 -0.60684394598948888 0.56329175913194374
v 8611.8370786523228 5512.5773574917876 3034.4130750617769
vn 0.44043195554533493 -0.84802697830365248 0.29473706350523465
v 9748.0580074146237 5954.9212832832891 3465.3730347316837
vn 0.48677387146474232 0.000284291231130983 0.87352797164013152
v 9233.2381732619633 5965.8871914194406 3602.3281410154286
vn 0.25468880185850779 -0.77810518573347287 0.57418284034143308
v 9646.4793927612282 6062.5417688432644 3466.2987871543537
vn 0.33627635561243707 0.88177437829175953 0.33074485399503767
v 9862.9697633252035 5735.8020721333078 3186.9057698932579
vn -0.17804695073231097 -0.98362576659873413 -0.027921937933793637
v 9390.018808973502 6424.9841493707791 3618.282740331867
vn -0.52251050852415903 0.78970746504707456 -0.32147299751417407
v 8640.7926449767001 5815.7880663993019 3158.122069346291
vn 0.33521408827266036 0.83091140416304143 0.44409205515898625
v 9160.0273371204639 6058.8707589995356 3771.5519919060571
vn 0.20438804937215468 -0.85382841148324318 0.47875105119242012
v 8691.3493629484583 5950.5437887632015 2880.687664507293
vn 0.023877928217382962 0.83328489838011455 -0.55232791227285227
v 9092.4503185770827 5930.4298370800352 3423.9232612850437
vn -0.75977331883283494 -0.64998962133697868 0.016062258370178696
v 9686.0770801030048 6295.121423514538 3548.8388281679272
vn 0.96157599537956884 0.12717459915872756 0.24330685653842224
v 9260.1025664470417 6117.2194812313219 4256.7114067368984
vn 0.78297004671759007 0.6184551777614774 -0.066866277323283138
v 9035.8992023609317 6058.9953336387243 3298.2383178442515
vn -0.87348201391585112 -0.3000709967279177 -0.38338827354031407
v 9210.0602778009925 6112.9858065050357 3799.1858398027662
vn 0.91683797544534751 -0.10331549353794248 -0.38566051856041472
v 9189.5382128736819 6104.4793779441188 4075.992027053484
vn -0.94746842694147038 0.28519019976133103 -0.14481066918272231
v 9211.6968656398694 5977.0687776797722 3632.2759667016135
vn 0.25598826468223873 -0.77685028408549051 0.57530308921582263
v 8481.1684526397603 5473.3093208359805 2963.9681006881465
vn 0.1151528908203816 0.18689090244155313 -0.97560832423687882
v 9950.6335442150666 5755.4273548430865 3172.9427162930024
vn 0.64331518716528391 -0.57650562398780691 0.50377260293998227
v 8350.0312580069476 5296.932161115592 3114.2720817069257
vn -0.68034027511146489 0.66870308944579604 0.29995547707435527
v 9323.7427022268639 6213.3645262985083 3658.8891309753199
vn -0.15373752858113832 -0.43894820610867807 0.88526224626363526
v 10091.970403877436 5803.0328974204785 3067.9570561653786
vn 0.4834223849413643 -0.4717310077643419 0.73740942091299699
v 8731.3601664955895 5796.4237361626365 3132.0199075870842
vn 0.97511426628938103 -0.22097767761275738 0.017917412642300672
v 8829.0566872558029 6016.011250944066 3047.0766750913244
vn -0.63346876666900642 -0.0914990700275468 -0.76833927521567047
v 9332.9206647536903 6126.1572267469455 3477.4855779003929
vn 0.4916247306343402 0.61727181638921569 -0.61423173877639281
v 9485.5189508156291 5964.0952280451684 3451.4921795254672
vn -0.5908778374538316 -0.79151038843343358 -0.15612394501753554
v 9793.0338582182758 5828.7154355769344 3243.4569058513812
vn -0.9519856771385562 -0.12087880070586758 -0.28126781910299625
v 8630.8430591425349 5960.2571400680044 2938.5235797043952
vn -0.49750832413242702 0.84859632964538212 -0.1799159157254572
v 8645.6167796663613 5935.123783560859 3047.7616615616216
vn 0.213442298286488 0.62253283491490319 0.75292446816064884
v 9224.1822645397551 6118.1392835919432 3844.6425406820226
vn 0.91032036015232753 -0.16990217792113438 -0.37742561098816801
v 9789.9798618496061 5867.8019065018198 3413.6936441855232
vn 0.28026796489819111 -0.81711533699768968 0.5037582693067959
v 9309.8006008769044 5964.095747599119 3511.2077891840581
vn 0.33169375908798815 -0.91475855735182598 0.23064264985835922
v 9509.5487210360479 6033.7029148820293 3437.3953141156244
vn -0.31414845678886016 0.90168486728749775 -0.29711133805680529
v 9561.3982395976291 6426.3689707758631 3632.4277023342511
vn 0.35485568161834857 -0.073153756990759239 0.93205470497246778
v 9640.8961120496515 6381.9804703129703 3587.7973032126906
vn 0.92274613522632265 0.3103990912929035 0.22845562818504814
v 8380.2030201617945 5250.7550028020632 3089.6896119830199
vn 0.51653540201654846 -0.85136470539781484 0.091483970543994417
v 9569.4393245653209 6064.2354908755651 3378.3476633648506
vn 0.35449327562985522 -0.6533229379247284 -0.66895714086525526
v 8580.5947366026376 5602.692857658003 3005.2360293380702
vn -0.46920433020514624 0.7154912802085488 -0.51760943235442669
v 8911.2007841673221 6061.8669883953635 3146.0745955022376
vn -0.26419164845097631 0.94700300485429956 0.18272405885838688
v 8791.5772225028741 5653.0778799125728 3047.6839693939087
vn 0.39358915661013855 -0.91750273514480218 0.057239032143519351
v 8834.9952517372421 5847.5773208169448 3143.109493502945
vn -0.86953875927792756 0.36322042334137022 0.33462407292530244
v 9246.1993540794447 6012.8780475878775 4091.5229947931957
vn 0.17259424387736155 -0.75399707860751219 -0.63379778512688012
v 9603.5595417649347 6339.2156160576978 3462.328804310946
vn 0.41171367126959013 0.40369773509350243 -0.81701896646901173
v 8619.7886078079955 5824.6337256572187 3047.7381991576744
vn -0.54961002771927492 -0.83102073744642635 -0.085634989136540995
v 9033.4996862365479 6066.0553775190201 3158.6311466575507
vn 0.66285946685052266 -0.030099265088567168 -0.74813859775296254
v 8703.8762308789937 5784.4099682502856 3072.1079340906404
vn 0.61827656070807324 0.23666354313807367 -0.74948279621905234
v 9563.3378890309159 6331.7815321040853 3548.2428172227292
vn -0.53289618785037907 -0.84525763747234106 0.039511761150447765
v 9908.3198796356046 5900.0136435705499 3116.8130636867882
vn -0.28207202968583361 0.94901242127658103 0.1407508235559399
v 9183.4549687129584 6015.1303473244989 4160.0056103691086
vn -0.84796274244185899 -0.48534054410509009 -0.21308154232184592
v 10057.728371701989 5811.6962962159196 3090.9809949550636
vn 0.75828578738308139 -0.087875269267519165 0.64597260135704004
v 8209.3539165359525 5154.8305921727842 3117.3276532699806
vn 0.58275490393028395 -0.41321425337256706 -0.69975045748820885
v 9493.2511822132201 5974.7218347745938 3479.5815904258789
vn -0.57260395286537991 -0.40655574808540207 0.71192495170604952
v 9624.7197654414758 6310.4804083620529 3467.0147794341974
vn 0.77016975916145114 0.10755363936932499 -0.62870562008908881
v 9308.2874687662115 6123.8008952470036 3450.7524437918514
vn 0.34602570065613331 0.8748565563622227 -0.33895754937081002
v 9324.2310677658133 6194.4630109002355 3571.8831323878821
vn 0.84124265970925571 0.23895335266974713 -0.4849866830472615
v 8695.127582535828 5837.7848604536994 3159.1394806458893
vn -0.18750436330713183 0.93389337404825801 0.30444257200586727
v 9658.7718480067997 6010.4660748016286 3395.4358541044758
vn 0.14469884487812573 0.28966912468335859 -0.94612580690736536
v 9129.9726118906565 5960.9267877868242 3604.5867478807158
vn -0.16123058487539921 -0.84769283939438722 0.50539246980957098
v 8761.4049141459036 5654.6047763501483 3099.3609160644255
vn 0.70940712373303549 -0.61252740414625484 0.3486426708919495
v 8545.5848724481002 5472.8881029960503 3033.8349784321135
vn 0.42387935835527685 -0.54649377435886592 0.7222678479257677
v 8514.1832646626717 5465.4082935958359 3046.9515889707036
vn 0.23944795864823973 -0.39697442697317931 0.8860451339680766
v 8220.3588729247076 5111.993873409584 3159.3931807352956
vn 0.15955425294856626 -0.98091079073473086 0.11115961940466532
v 9829.1626151835844 5946.5294827212165 3366.3153761116382
vn 0.59034890895048542 0.75783122528248803 -0.27781288610828375
v 8710.3486526940069 5875.1233949579291 2894.6343480528781
vn 0.33409992779557268 -0.63050141585088126 -0.70060345621259035
v 9835.1924655670973 5882.3546982708904 3217.1096746579724
vn -0.5315461719475898 0.76789865891341558 -0.35747771500730102
v 8842.9854285525962 5997.3520358200894 2989.4105892794405
vn -0.7558446944518844 0.6541869820679902 0.027169658844236531
v 9255.6384774453436 6084.970359473491 3910.7511568727368
vn 0.72309432987705258 -0.37953892735275513 -0.57713498657036588
v 9077.7973851934639 5962.9959071842341 3562.7739924008711
vn -0.5494109683747409 -0.83261619569097467 0.069984701918476278
v 8989.0825367263769 5944.7305582641429 3130.8984425664594
vn 0.9674559624352973 -0.2448996354226744 0.063664191805393483
v 9234.1091901080981 6121.4696953294833 4273.3984114611321
vn -0.20981171632104384 0.8533304356945326 0.47729048933725587
v 9320.5113354160749 5932.9175777218716 3423.7146316191961
vn 0.59781838697188572 -0.79496008558258513 -0.10320677559570171
v 9118.8061666265676 6151.9357015084797 3661.9109843249103
vn -0.5159947078193533 0.85363047072286424 0.071165166731213605
v 9212.923938711865 6048.0691307465531 4006.6663863401541
vn -0.02115212683601049 -0.98442667065477107 -0.17451853091828423
v 9125.7249934481515 6131.7157980382681 3396.0462880247383
vn -0.42951288897030571 0.89559384792596397 0.11588933413195089
v 9346.9706059684631 6380.3349765187559 3618.1095521877269
vn -0.83341825603054254 0.51097279228368397 -0.21052509603566152
v 8280.6101695081379 5254.2466265593157 3118.4015236625314
vn -0.86074788311405792 0.50696475806980601 0.045823747008411957
v 9367.8563958160667 6372.6981335147138 3675.7345432756156
vn 0.26464274934240894 0.33728675020136606 0.90343890958885109
v 9329.0881534826331 6114.2190906456599 3465.0163651589073
vn 0.5683808794917069 0.76810935693552751 -0.29487487450836503
v 9471.1396472169581 6366.8790178490417 3548.7745934900568
vn -0.00010596049085255737 -0.97209462363838472 -0.23458906936539387
v 9499.0957809553038 6369.7263198864985 3548.8380284958157
vn -0.12597045139977531 -0.96201421557206568 -0.24219846079486176
v 9726.4976493831346 5863.3680810038295 3423.5181716428069
vn -0.066406161335301694 -0.96712775215294999 0.2454671724534509
v 9758.0810907776322 5988.9029211464822 3435.454428528868
vn 0.8350404258190397 0.48930731620844792 0.25156676559681462
v 9126.6881216151396 5893.7951100118607 3451.5322515269836
vn -0.84461890190774869 -0.5291923159636408 0.081082693993150323
v 9767.6576020910306 5830.1710930385625 3284.6173844559098
vn -0.88838448926946967 -0.43407254774464554 -0.1495126165910286
v 9638.4215044261255 6494.7036487869173 3632.8585942053787
vn 0.76940761934035329 0.63239142005096749 0.08996114242788722
v 8272.440690477968 5176.3754802066233 3145.4193460607389
vn 0.58896062523907078 -0.55648353370482162 0.5860473177426867
v 9738.5262112688342 5861.0072293351823 3329.9519252799973
vn -0.81113699257078364 -0.12668089663894741 -0.57097174160371267
v 9174.1079600703961 6167.2497099593602 3675.6169122838533
vn -0.034476448379328416 0.8210381292220964 0.56983134774302091
v 8506.8663746788188 5372.3893898671349 2937.5007291739826
vn 0.32643115469035516 -0.77271798926010116 0.54438002380813677
v 9696.2122024317032 6020.5804236493495 3409.8573759039259
vn 0.29514242438814514 0.69465051915949483 -0.65601189437214658
v 8923.4635000454073 5986.0925175519769 3006.0971563349722
vn 0.94333219706949933 0.31509163892532971 -0.10412312447953628
v 8523.5238277278586 5591.7962280035026 3020.4263905771736
vn -0.27651757955700856 0.93280572300214215 0.23110930602289553
v 9931.383702965386 5871.6803348191606 3034.5463703870164
vn 0.78590138300393808 0.55796713711756796 -0.26651771064850927
v 9155.6882953237746 6142.1032992554319 3870.7107142642926
vn -0.81287378539293809 0.57481123629847342 -0.093958776311614853
v 8596.0581873385818 5839.4407205891221 2992.2994540245222
vn -0.44772902234803241 -0.89214133437522536 -0.060187723386647442
v 9514.8456060717981 6117.0742877131224 3311.5226432464233
vn -0.59336319955695782 -0.72231637765788403 -0.35521706600151243
v 9896.1906918417881 5886.510461704971 3131.571267635637
vn -0.27415033966227376 0.95667803225375403 0.098024149402813759
v 8604.0667690843584 5956.1552222624987 3005.9336770499203
vn -0.5390278194194279 0.83568597938875655 0.10525185862962927
v 9423.2969623290937 6371.4787394210471 3562.4222040566501
vn -0.27577460038066165 -0.93844124371062831 -0.20802981009397559
v 9643.9551364183644 6270.8339941252889 3576.7197302605359
vn -0.63484985905316049 -0.76319998727288607 0.12038037999129678
v 8842.0981062491283 6032.5054651958399 3131.3745714138395
vn -0.47927398913937669 -0.79771270567849917 0.36599300885879871
v 9088.3359794340249 6095.0915591591765 3576.8255597860416
vn -0.86183523963575537 0.50706343070116655 -0.011255974748698383
v 8701.7940707748585 5590.1215747650076 3062.4032395137501
vn 0.47987748511981682 -0.87229141737957505 0.093942974410075486
v 9331.2511684363235 6261.4076391988365 3603.935559574953
vn 0.84661079974549658 0.2228797947029228 -0.48329571782447417
v 9243.5806235378677 6125.0381722130624 3896.6535103136816
vn 0.96056748117316071 0.16158410498173895 -0.22627569717028814
v 9072.4618629858887 6116.007201116041 3365.334349634601
vn -0.66017434569149003 0.75107557068337805 -0.0074377693867775227
v 8500.9394155351329 5375.0678083935172 2880.7414508699403
vn -0.45402052768339235 0.73736475700790749 -0.50015855042652579
v 10107.672437710502 5806.8018460679705 3061.8547511686238
vn 0.45730133180927635 -0.45669257230243221 0.76309068027938198
v 8549.0895384783016 5901.0854123451218 3006.1417133946957
vn -0.84737593889595364 -0.52446412768805606 -0.08301443819365048
v 9627.6564667542934 6449.1329270875358 3603.6102329683363
vn 0.81925918152122224 0.12071504423793084 -0.56057316345666386
v 9206.8248119949694 6064.1794478921347 3736.4854231120967
vn 0.88126030392957999 -0.37632856423971983 0.28593196473149907
v 9927.0028220002241 5895.4432284767299 3130.5651299671599
vn -0.27415033966227376 0.95667803225375403 0.098024149402813759
v 8842.2222111622777 6031.2679775251963 3033.7702868870601
vn -0.37835540588423416 0.47587520178606496 -0.79397101909531209
v 9258.0554937027009 6144.9130762177156 3660.2972768289083
vn 0.35316129427751319 0.011854562050060134 0.93548734335790618
v 9147.662270557852 6168.7413218033944 3662.5891379394307
vn -0.41405817034120118 0.82992607100117621 0.37386969420674843
v 9769.5185805648362 5987.1741093164746 3422.2093877106763
vn 0.62735339180696426 0.77245891591285687 0.098665824959969853
v 9307.9196564175654 6004.9922206585761 3605.1024440351907
vn 0.66209713336208442 -0.74805005572136063 0.04526035935539726
v 8877.9242927319228 5839.8486189934829 2964.1133226312713
vn 0.5630734963191264 0.4106729350914497 -0.71714432168589926
v 8563.056061412075 5866.142474395836 3020.0010073005283
vn -0.70855043161008835 -0.70566017730747121 -5.2484332852937764e-06
v 9674.694746101728 5883.3128473098204 3451.3078103568391
vn -0.026429830315025708 -0.8448297500951053 0.53438203321571442
v 9579.4318442611639 6102.1643820740201 3367.5064249901498
vn 0.91756078747264813 0.2948587073216079 0.266721847641329
v 9227.8922441544873 5990.3801442236381 3312.0090550449686
vn 0.74857054149689717 -0.096630805295410099 -0.65597609092938958
v 9869.9139747627687 5768.3589475527433 3089.4809948333582
vn -0.56926227509304606 -0.64064923113383121 -0.51527567845137034
v 9272.6110636828853 5936.747776032611 3368.8105803261524
vn 0.5752000971843626 -0.35632733564371838 -0.73632579614743143
v 9173.5553518499637 6066.3259544431821 4104.63349140221
vn -0.99072223832780015 -0.12243717108312231 -0.05897953560274901
v 8833.5817357424858 5680.7510565013263 3076.494799191908
vn 0.43267668396178022 -0.77114143359803666 0.46704579705228316
v 9322.4093755667109 5999.7133984123629 3548.5493890095622
vn 0.59503132299658557 -0.68771739589866021 0.41591165892686699
v 9762.3879102882711 5820.386364547242 3368.1283923581104
vn -0.21428676123053342 -0.890955908226293 0.40034829031480795
v 8602.7138286790814 5530.9312386862266 3049.2633045113243
vn 0.035406284515384676 -0.54966121727218142 0.83463701166655646
v 8536.2078282356488 5569.1839919249469 3047.9110555408079
vn -0.64068856153754328 0.28697096715813875 0.71215576324514573
v 9576.3347074641533 6138.0930757509705 3276.8487910144286
vn 0.52694225117068738 -0.50939521318633585 -0.68032961181622509
v 8153.6667570324462 5152.9235534403742 3120.5508026953321
vn -0.90393971902945736 -0.42451105560534824 0.051801042747987885
v 8231.628032211418 5144.0437612367296 3174.0678524399964
vn 0.60780746590493817 -0.76308539335537184 -0.21970609194534163
v 9070.3798700792904 6105.5663926796296 3393.0072053939098
vn -0.39777954021707063 0.91657167909211723 0.040838639435622652
v 9547.8238067003113 6473.2466645652112 3632.229372060111
vn 0.30264406174775449 0.94500355338664344 0.12399538691192896
v 9242.3439683700908 6129.3791028097567 4039.2174772249618
vn 0.64897588628451608 0.75456753072560612 0.097252972169945842
v 9182.1040765444741 6070.6664037517376 3813.9084587145289
vn 0.60061132239692028 -0.7986044082664896 0.038691581848674425
v 9233.2003911145075 6074.4807262721151 4217.4925694362191
vn 0.87650228778807449 -0.47688358177123213 0.065770730110832509
v 8877.0954930269272 5712.8851796567687 3101.9345114715297
vn 0.50399255380408647 -0.84689497382274703 0.16958894133699789
v 8659.1899720067522 5971.4080555373148 2944.5287949503468
vn -0.2386938832834021 0.95934482571398605 -0.15060788644321152
v 8708.5112864361145 5830.9406654326303 2976.7661102255806
vn 0.26092994446403195 -0.92714736861292335 -0.26891136263856402
v 8750.8275801429936 6072.1573816693708 3061.4486923694794
vn -0.93828010700126241 -0.18289697136020128 -0.29356283598740007
v 8537.3919612442078 5920.5536431953133 3033.6529596698497
vn -0.90663315951276202 0.30895191514996734 0.2873413095903099
v 8445.958528105537 5556.1446589913394 2978.2472336776605
vn -0.81681653417988487 -0.27648556216241321 -0.50632645931858566
v 9682.5689115987989 6314.6591368439877 3589.3959614842565
vn 0.8955064901747618 0.24727477266619555 0.37003150252074535
v 9237.2342351343505 6095.6628454502734 3381.9553839713762
vn 0.52857325342849626 0.71489027720249676 -0.45775780421676276
v 9343.4405981693126 6146.4558938143673 3534.844828685038
vn 0.90466860671375438 0.42523249402615954 0.02742331217936337
v 8596.0980551481243 5566.006059389787 3075.7760523049692
vn -0.52505669535988142 -0.32863741538747521 0.78505599536924797
v 8489.7944972430178 5375.8854162221469 2908.6370145275523
vn -0.83838796206390886 0.25648979993705429 -0.48095593103170625
v 8757.4335421050346 5711.4492617294545 3144.5062150768676
vn 0.022624520133125811 -0.99697381409212926 0.074373013273217048
v 9324.834228263544 5965.138422072524 3507.1335638938622
vn 0.29298596254648884 -0.87218035113538273 0.39174055297360805
v 8282.1723955831931 5229.5970245099188 3058.1425692060711
vn -0.98704648898490832 -0.154958014152726 -0.04156010626080086
v 8710.2151287698198 5651.4863207362368 3131.8872192543649
vn 0.25269509637459603 -0.56483044017660644 0.78556461358575391
v 8972.325233913667 6067.1328093649227 3161.210989533567
vn -0.27948765502056183 0.93575920129923096 0.21503806145641441
v 9547.8834921462912 6354.9069694262907 3534.8771192778704
vn -0.599036116233852 -0.79447471929799185 -0.099828111490901886
v 8944.8482598047012 5838.1690031173021 3132.0551843590483
vn 0.89270592214694122 -0.441147375576453 0.092006138848379576
v 8715.7965271493886 5968.335661885033 2936.4204178186592
vn 0.07809867280295088 0.99592544933108385 0.045089873376361611
v 8466.0724679074738 5363.7145013386307 2992.1542769478356
vn 0.37318913716989988 -0.86724702960242428 -0.32956404164313424
v 9980.2932361360436 5755.9569862851931 3118.7561624007558
vn 0.50397958264370346 -0.81199845624373435 0.29438594962407899
v 8741.6545338453361 5711.278079882215 3135.7354430212999
vn 0.75124205329049476 -0.65722634888418785 -0.060736345792624928
v 8743.7228971591248 5857.3123913085165 2950.3086724451696
vn 0.5928524249519429 -0.77439775465757343 -0.22098443341083893
v 8521.2570424675923 5572.5979997242102 3033.7519021965504
vn -0.33939494580620316 0.60706626935190666 0.7185273936158334
v 9448.0950201070737 6370.8961067707896 3574.4257220215691
vn -0.0074910219434784235 -0.99942612399615194 -0.033034940052475016
v 9152.6862550248388 6002.9616169508308 3660.3805297210615
vn -0.14330307266582251 -0.827146454738383 0.5434086600140432
v 8656.1636214168029 5620.0113345162936 3103.6278013109286
vn -0.46362568193612197 -0.24348462783469149 0.85191928200825906
v 9429.7510588824625 6441.2866187652853 3647.9165328689869
vn -0.25414382401608521 0.94464575573279796 -0.2074977418925136
v 8743.1852765622243 5958.1579785281465 3041.2771204271867
vn -0.80561114959081237 -0.28524235226577438 -0.51925665727928561
v 9554.7752962785598 6478.2872622724353 3620.6443071517915
vn 0.058806520590814759 0.90024419505789743 0.4313956216752326
v 8728.0063027873312 5947.2565206095105 3018.2731277140383
vn 0.18312738770294576 0.84839207492659219 -0.49668425289598883
v 9262.1270727311385 6092.9446387872213 4021.9962365548672
vn 0.98346100682040938 -0.16053456131896518 0.083863595713002753
v 9963.4708448043566 5890.9935691694527 3076.4810287785422
vn 0.44749075923933157 0.82763615258421785 -0.33877783181754945
v 9289.9469462774923 6240.5993957595301 3618.6308733559699
vn -0.90681259489586541 0.42141497414654067 0.010016850967105601
v 8823.8207889433234 5867.2784469432372 2992.5473091364856
vn -0.48435971672621458 0.27301823528725316 -0.83117790394929014
v 9622.2997814300688 5897.1016163306576 3479.037334028907
vn -0.089743291776311809 -0.96049647699077367 0.26342486456191633
v 8765.540897374085 6064.1983122491338 3130.8812908885693
vn -0.28706520014568071 -0.87491506703945188 0.39002204595724016
v 8320.5786652465358 5203.31955212701 3061.6402126281605
vn 0.71253016911335876 -0.39503926781795135 -0.57986613540121956
v 8670.0469450548262 5745.4727856936897 3117.9660060846145
vn 0.42333656707431355 -0.84153554900465466 0.33556530026087278
v 9568.2869145198529 6110.0489713477855 3326.6758723861549
vn 0.93410321949706543 -0.22393885765041205 -0.27803338533249178
v 9188.3960656850086 6061.2257179323788 4037.0597762970947
vn -0.94432974235869149 -0.31661605498041695 0.089418182856759246
v 9079.1738173392678 6036.8096665707662 3617.5242660436083
vn -0.68586204372623449 -0.045781452764249553 0.72629010426858187
v 8829.4144825676594 5710.7123809374043 3145.2182649567326
vn 0.28007962163436162 -0.76161569111649363 0.58437739910976927
v 9372.6561502145487 6363.3383819962082 3578.3237382504299
vn -0.47991706236487292 0.025652974958625775 -0.87693873111343579
v 9194.3703011617563 6085.4795591174397 4233.5306446640607
vn -0.78300678298824522 0.25488763151932758 0.56739111122123387
v 8558.4580646715513 5478.7981452839285 3033.9951798195243
vn 0.36001952432803674 -0.58982840825959459 0.72283358452175372
v 9129.6313591890885 5905.1518092161741 3369.2950262585996
vn -0.33925807557708515 -0.86144498071361686 -0.37791070818256661
v 9702.6035533029335 5874.019835612773 3355.6168345763399
vn -0.58711717009431541 -0.28629003036570888 -0.75718653388292922
v 8474.3142181389321 5373.5879052779283 3022.7543536731123
vn 0.53904193081859497 -0.76336360252988644 0.35596321039112255
v 9670.0288058250462 5896.9081640783415 3479.3443584885003
vn 0.15147873834025996 -0.9185859655796611 0.36503974533045652
v 9981.8062907073327 5764.0009157964778 3148.8293623848463
vn 0.60959080639457319 -0.61427176895551239 0.50106810178206274
v 8411.2224888843266 5483.7160983315443 2991.8833719054887
vn -0.75161861665330465 0.43358582442715876 -0.49706416885146093
v 9052.9359355302222 5987.9143133490506 3409.1009530027277
vn -0.89836100127202656 -0.43923408092682426 0.004575319211819813
v 8428.5085447539095 5493.6587455150584 3021.4091895901574
vn -0.75962061459140773 0.37780203845763322 0.5293790150969615
v 8617.142538809383 5559.993363310783 3076.409027795884
vn 0.33595999362910078 -0.65697640443468386 0.67491694799938839
v 9245.944492081504 5953.0165173435644 3549.2616316587551
vn 0.35735529031609936 -0.87894038355263004 0.31584964562818796
v 8221.3975781716072 5221.15223902861 3200.9640365745131
vn 0.58636350059948905 0.4659581503189732 0.66261666694706234
v 9179.741407542575 6004.9288504732076 3674.0581720354912
vn 0.17929790447734553 -0.89869739287150352 0.40024399745154854
v 9335.4141799511472 5952.5306322021925 3437.3829014748931
vn 0.41375090690202015 -0.9095748954834334 0.038518781705257181
v 8832.354963888105 5986.6368147668254 3060.9468173113787
vn -0.65454080693702155 -0.42371294965972572 -0.62613390608150854
v 8483.0590952344828 5411.2039254081792 2929.528432848887
vn -0.27209214386417041 0.21145524485419717 -0.9387505231269121
v 9382.9897348134509 6403.4016157205551 3605.0487796664056
vn -0.63421698504568524 0.65534792029411737 -0.41022910580032734
v 9855.5561330592554 5792.3640668758744 3285.1434409485919
vn 0.16673200866647103 -0.82339361413857937 0.5424236291699065
v 8164.1503546112581 5140.0274211343567 3103.4259153863786
vn -0.53183249826973189 -0.53536034321137937 -0.65615813391344135
v 9386.9365139993497 5991.5933147627693 3424.0476474732959
vn 0.41116899417005548 -0.45804897828409763 -0.78811876752560539
v 10061.368115928235 5809.365245944271 3018.1159065360534
vn -0.026778593240706909 -0.56054116346558491 -0.82769348856004488
v 9205.8577775377053 6012.1083614804202 3298.1332771582365
vn 0.44229749075627928 0.087600263480951054 -0.89258003759257742
v 8374.64933729925 5408.7545574158166 3026.2398786631497
vn -0.86207720107497032 0.47980382495720919 -0.16312936260274255
v 10137.107132708352 5840.0944869520308 3019.9970407387627
vn 0.72297128224789708 0.68679626846226327 0.074989403725742337
v 9198.9513037422912 6171.6396604709253 3553.2216898488182
vn -0.43159150772908883 0.90174849696011206 0.024050336511376669
v 8371.2920001077255 5372.1509565983706 3076.4820531705736
vn -0.43667936848020844 0.32764611917083386 0.83783002437010934
v 9065.9075394098763 6099.2077313698192 3214.9760001240807
vn 0.8310521940917005 0.45333954316713848 -0.32223517700024701
v 9099.8557080721985 6083.0063685481609 3254.7612815893144
vn 0.73692941890231189 0.42306501547263997 -0.52721060710064971
v 8491.1479558641931 5370.4506033058851 2921.7939579145373
vn -0.7173489756821162 -0.63403141096248938 0.28881588772215039
v 9465.4747679308803 6441.4550681471192 3559.5612941074
vn -0.63956955351697831 0.7433239971942055 -0.19601076860550817
v 8905.3492993647124 5779.0682237658984 3019.8630641190939
vn 0.78073343322735411 -0.50358784841072357 -0.36993862352299289
v 8802.6181227950765 6103.1138917675162 3076.1882731266719
vn 0.068112252748266572 0.99300889417404226 -0.096405690271902628
v 9086.2970254026513 5949.3100992471809 3339.8844875412083
vn -0.64078298726683436 -0.67018431919110066 -0.37449985519323314
v 9079.6478684676895 5989.9306552302814 3325.7276129452389
vn -0.45083823110807253 -0.74371287544037545 -0.49359502456523274
v 8650.8902727449477 5567.774381922779 3056.718474622653
vn 0.35364575616327731 -0.77155970408789909 0.52880081521826117
v 8697.3954937634298 5828.8981753314984 3034.3056414637513
vn 0.0055513907545116951 -0.97495187210581835 -0.22234664184118147
v 8512.6261963399702 5419.1426940680549 2964.4320543636118
vn 0.88882817846119 -0.44107245836363534 0.12425600849223434
v 8695.2344728776625 5677.2182266588206 2992.1210132684409
vn -0.60044104379965491 0.39714660453253842 -0.69407861761406864
v 8417.8327597340867 5296.616833819513 3062.0572242320322
vn 0.76114581310586904 -0.56794023929382298 -0.31321068912519651
v 9520.7387957455339 6172.2327236964402 3284.4529892062701
vn -0.57342833751830535 0.75492382804401037 -0.31822940716151654
v 10068.214691136965 5785.9029778120566 3075.938559672049
vn 0.64852264178079588 -0.62856119272834565 0.42933577779353199
v 9262.074183628727 5958.9237894697371 3562.8548319989291
vn 0.44303275896980504 -0.84058965953439835 0.31165846493148053
v 9562.2305036176913 6171.9185514885194 3269.0814320680693
vn 0.19811552564621868 0.86602330927436011 -0.45907936818311557
v 9814.2678613570388 5803.9493849238452 3339.9231752951837
vn 0.055307041546414179 -0.92107212562128504 0.38544425090909185
v 8668.0865841526247 5886.721332826819 2894.4854493036282
vn -0.3236249112373123 -0.54974040851396322 -0.77009895472824952
v 8791.3610570190394 5644.0990104395851 3061.6940057101165
vn 0.54862164679615888 -0.83226020368440023 -0.079732314840793045
v 8419.9265217723641 5267.2215537940765 3075.7113395763845
vn 0.80869924548562866 -0.58754272465968793 -0.028267950941746431
v 8856.8173877469362 6009.8918367723545 3006.1628885203313
vn -0.78842993739844891 0.57333618872558267 0.22285387255217451
v 9740.0230072649701 5930.9507979365553 3465.3987877538275
vn 0.36694067252774237 -0.28770980731340406 0.88463416711122578
v 9465.0664480984105 5971.1468915625746 3451.3759910338508
vn 0.032106625541741998 -0.95883657171496772 -0.28213754329796298
v 8632.2206177165608 5824.2014428654456 3159.2482044092203
vn 0.39663191512043755 0.81327452431556524 0.42575541336216127
v 8402.7870148298916 5323.8905133354529 3016.3874462304652
vn 0.1699483209072051 -0.67912069480751358 -0.71408168307623021
v 9077.7105325213161 5961.1394990671924 3353.7673362257592
vn -0.72806815115029733 -0.68391599100127942 -0.046644233655678942
v 8994.7879526670586 6062.7747161993775 3228.5969679264917
vn -0.92468833160149955 -0.23343342346522156 0.30076623183020718
v 8329.4612312267382 5229.9826204818546 3131.3429592764724
vn 0.38975043801561216 -0.0136951026750874 0.92081867934428718
v 8776.8975832800679 6042.5236964662017 3130.7230409163703
vn -0.62483091048109551 -0.25503271735076666 0.73793268418470892
v 8621.6005468147814 5968.2458186348458 2965.6573192616993
vn -0.41508751572189712 0.89268504593108944 -0.17554419119649756
v 9130.8447735651243 6153.9284647359891 3494.3233729795852
vn -0.30929478739566707 0.94835413721828399 -0.070435537272269436
v 8377.3304603177367 5344.3015176940462 3089.8138951485712
vn -0.39732437729227593 0.64575972061447529 0.65201819180236054
v 9208.6513821251829 6100.4151752097714 4222.7007878844561
vn -0.62214561427069814 0.75059566718395831 0.2225780291232807
v 8891.2222274903779 5822.0641811969526 2977.7536220642278
vn 0.93166725651411297 -0.097641155833359 -0.34994617847176424
v 9292.0638194499534 5942.8352358874527 3395.6133187259275
vn 0.73482865713033885 -0.44357151523824362 -0.51309955713221156
v 9039.0160130329732 6108.6611554054034 3215.7549098012155
vn -0.45322679585317072 0.8816008610265379 0.13177781815592182
v 8422.5691955029688 5316.8440700889241 3034.0377647231962
vn 0.51076399583197518 -0.73514539949183222 -0.44573689792045301
v 8272.098417752386 5175.923901946604 3103.4531798019684
vn -0.85015189912096556 -0.14171130893805223 -0.50710911384048241
v 9225.6542363961998 6119.0692316739414 4107.945948359139
vn 0.11991332513191462 0.55619253358541032 0.82235677174791355
v 8725.3256937044353 5620.1457161415747 2992.0996237135614
vn 0.39716094129694407 -0.38965483320160182 -0.83092255816697924
v 9581.9567702028507 6309.9522999503642 3451.2571335239782
vn -0.61834657027976614 0.12674967224156142 -0.77561719914523997
v 9541.1748450087434 6074.1150367945665 3376.7881215241177
vn -0.95046377877396915 -0.26132430300060361 0.16830987463591016
v 8770.5019079859503 5661.8487712950537 3089.6489923349095
vn 0.68946944137475297 -0.67420515072742015 0.26472495942582092
v 8166.6943427330298 5179.8338079731511 3173.445944173438
vn -0.72819221010174939 -0.56008984170785614 0.39501325846457147
v 10001.971249888051 5816.6889881348579 3158.2532631810113
vn 0.57142281004373596 -0.12862268574314589 0.81051352664464538
v 8695.6777828123613 5857.65604450511 2921.7437490985117
vn -0.087425758949478127 -0.64742552710817458 -0.75709769747424938
v 9799.0303529166558 5899.1537642326321 3270.0883644089372
vn -0.38030556913603547 0.75022574456628965 -0.54085950696467588
v 9097.0585398366748 5931.0107169191715 3479.1680510880792
vn -0.52910192709760484 -0.84634979975129887 -0.061181428575483608
v 8634.9301713790119 5738.2265847980116 3145.2990593546974
vn -0.20628147125018884 -0.97695982521355418 0.054749014032759648
v 9473.1866962517179 6373.6170930272156 3537.8845906734259
vn -0.11005916994929214 -0.97170946892628851 -0.20896814855155096
v 9176.550967046056 6156.8789458451693 3494.883204890416
vn 0.023942854894821185 0.99209959003862502 -0.12314683570712537
v 8833.1355788956789 5947.1670480808461 3006.0873488107709
vn -0.88915656326492543 0.45196025633809439 -0.071641696613847158
v 8557.0227753983527 5878.1822555317231 2992.1852429726314
vn -0.78227878491921987 -0.60789961909270529 -0.13600719014909746
v 9634.0613245200511 6442.5460366712705 3632.1728204498813
vn 0.48892646240789295 -0.69017695789889111 0.53348540855653737
v 9409.4792954944969 5974.7142313631593 3465.4537902406628
vn 0.17935094319931355 -0.98125391211513435 0.070526584578164242
v 8622.9697922369924 5839.0566780903937 2964.2545594377807
vn -0.31751445268555906 -0.94215881346309749 -0.10733751697145873
v 9027.2632683479751 6013.3371463281273 3202.7151798549758
vn 0.4898429747614062 -0.84170791483744178 0.22711593113848752
v 9193.7637851196087 6127.1048700155743 4008.1238545087172
vn -0.64950616946075779 0.65105599752877019 0.39276942843636836
v 8960.0091508875212 5910.6335279271443 3049.0437482317379
vn 0.83536407376031896 -0.098946130074616584 -0.54071852900915218
v 8817.1752200060509 5870.4659202410585 3072.2624977508685
vn -0.9137921371527018 0.1469994592698772 0.37864903149521129
v 9182.531143133674 6063.4952111985476 4022.1707436632582
vn -0.93302435395427985 -0.35975523396614723 -0.0064596100626246019
v 9800.1359244324831 5788.6411778284182 3198.1869617567127
vn -0.9396505965891645 -0.30495952830086787 -0.15510139402384254
v 9477.6565725163 6024.4804075586499 3437.293352994493
vn -0.201622918974909 0.84070034668816107 -0.50256454871234513
v 8872.1905497216012 6061.4176919006923 3075.5709986686952
vn 0.27126196890425641 0.71840409904647162 -0.6405563946284617
v 9833.6802197577854 5788.5537090519892 3143.5733659395146
vn -0.75253358487812649 -0.32927392835140001 -0.5703261205122141
v 9020.1198840414818 6064.4637189321884 3271.3745449343937
vn -0.84598272841146271 -0.32737999871929369 0.42087475532283086
v 8445.1894705317591 5564.4546077394771 2943.2980840300734
vn 0.026519538126853662 -0.098686794340540798 -0.99476511334099671
v 10110.98694401958 5842.3215940571627 3033.0477409826071
vn 0.27932466915707027 0.96018995040809108 0.0036039333513022309
v 9294.0759495691818 6260.946018892575 3618.245279755527
vn -0.96902750390801151 0.2437949074731442 -0.039366734179629985
v 9299.7755001423029 6249.3006466673924 3658.6102734281271
vn -0.73303828627661904 -0.19480111463481053 0.65169578530912187
v 8687.4094991959264 6113.8123117214709 3131.4704658697865
vn -0.93874329931304656 0.20364917307149569 0.27800725224740452
v 9244.8113160174216 5984.0166059447611 3620.276060128419
vn 0.33386120509118911 -0.79363288546338018 0.50860941678868699
v 8884.3871358740071 5964.6192586625129 2949.7828874873426
vn 0.59952005301656541 -0.0073134153766369545 -0.80032632093824285
v 9628.0598565176933 6385.1475874202752 3618.4916248772593
vn 0.71691134079522811 -0.049612175474025022 0.69539683741294289
v 8866.0895374860029 5709.2415992330461 3089.5594728169885
vn 0.58807623712959312 -0.78146457774212297 0.20851727280449445
v 8512.9755309807915 5350.9379006072859 2880.486976062658
vn -0.34684803758430577 -0.61142633697132065 -0.71123433078117737
v 8980.0077519740535 6060.0497618175368 3201.4413844492692
vn -0.55084881201208225 0.064652286820550575 0.83209715064633594
v 8647.3531715188165 5496.9005058064067 3006.1651307943685
vn 0.65779750151968586 -0.54314575337546644 0.52181906594590433
v 9227.9936940015068 6076.2390791094986 3701.1147567072667
vn 0.77347133544349833 -0.11266084936487619 0.62373842776250055
v 8371.6266870862091 5384.5987365976325 3019.6777730529375
vn -0.73310258183465682 0.33905464887880871 -0.58957828113069766
v 9620.4202587976561 5975.300924660798 3500.1985287903258
vn -0.0093430041836139316 0.013069557279417388 0.99987093914432024
v 8791.1977218763423 5928.9045378413139 2922.56359767494
vn 0.60456678189510071 -0.60436648260993719 -0.51888357164849042
v 8900.9061462466707 6055.2222436817447 3103.2926797032969
vn 0.52038304176781258 0.84814395282083421 -0.099263916575608971
v 9184.8350979677743 6056.3664926293586 3931.3915719992401
vn -0.39662975434166609 -0.84947626981267133 0.34795819432227659
v 9913.1597726928285 5878.0633687517284 3270.4846001790129
vn 0.80578271713207461 0.58125828952150604 0.11337113227706637
v 9094.3949523672272 6090.4768488148666 3691.9179879356311
vn -0.95905598931788127 0.14254787650211748 0.24472783302729811
v 9316.0895276839601 5990.9488317587229 3395.6590318628896
vn 0.80280680629662426 -0.17658195174553964 -0.56949104126540073
v 8667.9799600644183 5848.2674404273175 3131.6459334360416
vn 0.078794253135221509 0.88539736926130252 0.45810802675572876
v 9753.2928902887907 5863.6822068216106 3409.6613915070971
vn -0.093734864282744967 -0.88869468305175192 0.44881570330531179
v 9090.4624550946537 6094.0113369707296 3270.1303525205003
vn 0.50241571005576557 0.78315617325369269 -0.36639440850508748
v 8842.1000324079541 5700.9302007965143 3131.3613826505321
vn 0.29926092173603935 -0.86066705058822357 0.41194068596518146
v 9174.9418591745616 5938.1897125465239 3310.5767581456466
vn -0.013569568866213917 -0.90375033545521755 -0.42784482930773737
v 9575.370945995599 6295.2052339754846 3464.7466054589249
vn -0.97987696695447024 -0.18445061750696529 0.076283021265594678
v 9830.181184711153 5804.1051685144448 3132.5864534311204
vn -0.77832742843810987 -0.36508648283057654 -0.51080159964052385
v 9247.8413847739757 6108.3330121757917 3882.4184860020805
vn 0.98292298018784829 -0.11695458966381857 -0.1420705422499923
v 8435.7289382064373 5335.8576077064718 3018.0104426151593
vn 0.59839639776835163 -0.71425453568240327 -0.36299064642904411
v 9074.4065601235125 5963.0140031466508 3390.099728825764
vn -0.82018052064686175 -0.55512271442678796 -0.13835709406776978
v 8824.9028664537673 6031.7806931969253 3131.8105941302319
vn -0.21904773426586158 -0.95896892830052038 0.17999079050647024
v 8471.6346529093025 5557.4837888507036 3006.7836408969411
vn -0.72462811571473851 0.42067877887374783 0.54584197248013067
v 8937.4811832779451 5832.6547495191917 3037.8921232165385
vn 0.79506416218590703 -0.41686033526916971 -0.44056831353025966
v 9451.822627613672 5986.9045260325329 3437.412746041392
vn -0.13765886715641015 -0.49094746427322355 -0.86024451385458178
v 8815.1458953450274 5824.219390633365 3103.6707747132145
vn -0.87856750201934319 0.38844868513163527 0.27789703743472166
v 9847.2628887845603 5766.6097140738057 3103.7965632036812
vn -0.75032747272416311 -0.59065397042084566 -0.29687804045004906
v 9518.4912338553495 6013.7717444171158 3421.8572016290545
vn -0.29818299603689541 0.30536938217533294 -0.904343099329185
v 9640.3745728730446 6269.0452564132966 3549.5956329866372
vn -0.79328006758297931 -0.476208678269465 0.37938374914641881
v 9396.1924931559533 5996.8352989115265 3493.2216352223618
vn 0.42895753662818792 -0.33376957630335086 0.83940056093867277
v 8749.2522077490539 5941.1447666735939 2908.5554742955492
vn 0.18283033391311132 -0.013851893416679971 -0.98304689310835691
v 9337.2545638922147 6084.6997445795841 3619.1191122806053
vn 0.94892761010520543 -0.17513231964161369 0.26242153379052352
v 8868.7216353260592 5700.1503422928226 3075.9710343446877
vn 0.49094782269793263 -0.85456608043987003 0.16937251710297341
v 8868.8683813253283 6006.6823014323327 2964.413349930408
vn -0.29259928011013564 0.74899200177935887 -0.59447173402070108
v 8815.9232405551211 5691.1875794501093 3089.7064049961355
vn 0.41449118782611433 -0.88046314618907107 0.23017754759606648
v 8608.1392367208318 5605.0957176219117 3089.6864486864638
vn -0.52372870379956571 -0.10576012026822401 0.84529464790525999
v 9213.5190736204113 6104.9352577565433 3813.2217818263621
vn 0.88495315084025339 -0.43920524309615794 -0.15477944067204935
v 9218.5144246884047 5908.3300171048359 3480.03117320505
vn 0.21516741520337104 -0.83568164222735819 0.50531096987784252
v 9676.9160052008374 5883.2157477136534 3409.753799035539
vn -0.40006357451889057 -0.89079929322797102 0.21546636750944514
v 8757.8371263202716 5700.848342929683 3145.2456541414413
vn -0.66044126237037371 -0.70484614810763313 0.25886144258359473
v 8709.8941811230616 5592.4776127130172 3033.7940598730461
vn 0.42335293449193695 -0.89383700405506827 0.1477420151443912
v 9229.5891685720289 5986.3235373579882 4144.0948097389964
vn -0.066822607611103965 -0.9656507751480029 -0.25110420061821626
v 8212.1757984610122 5157.9683906509872 3200.93536982769
vn -0.27201426869706419 -0.7157282740681955 0.64322723459486975
v 8689.3430165631162 5977.3161867987264 2908.6448061644096
vn 0.06204453671227534 0.98342494490361543 -0.17036975437406832
v 8991.0771526658627 5969.838130420485 3173.9184983778455
vn 0.84192493697959392 -0.50188064724994974 0.19818732655717008
v 9200.906939398832 5940.452259205822 3547.5704213483477
vn 0.25677715339719881 -0.84733041596304581 0.46486197916921879
v 9574.9265272411758 6136.5997273252488 3312.497199829385
vn 0.92573163715953743 0.12777060321362083 0.3559432664292867
v 9180.6842928818987 6062.8337329081351 3827.1374374994011
vn 0.19512877826142361 -0.97877177850784913 -0.062694222148344275
v 9598.3175544328133 6486.1863750710882 3632.6773195023102
vn -0.71633876836910826 0.60062135677682915 0.35512357668139938
v 9638.5717860069199 6077.9275191313955 3438.5497243967225
vn 0.16518797909960453 0.96846650671413193 -0.18650886556385168
v 9227.7776505757192 6042.7264395518632 4025.5470647616626
vn 0.32579086097724913 -0.90430369298796465 -0.27585348602479465
v 9863.6301417246323 5754.5925464935617 3131.707138858148
vn -0.41974102772266392 -0.90216269421960715 -0.099598909656389026
v 9991.9388747735593 5752.2948649424234 3103.675127510463
vn 0.50842413185233815 -0.86094810692115786 0.016530557736226775
v 9232.2024122969779 6051.1812353158575 3980.9546291881106
vn 0.19259851582093296 -0.97972954099783216 -0.055098440992019528
v 9542.8365975353536 6103.2044143911198 3325.090768722157
vn -0.21128656329635589 -0.82384740545629775 -0.52595954282942881
v 9213.6407678215091 5989.9878065625599 4149.9483473153459
vn -0.20467253695061913 -0.90428462560900036 -0.37467114714825261
v 8509.9931629845178 5403.8855772357301 2980.1220190493259
vn 0.86217317674105654 -0.49132606947896884 -0.12351561342025688
v 9224.0688881909718 6163.0811553735193 3882.7854554669275
vn 0.70654236459812281 0.70197669000151586 -0.089591370804384909
v 9134.36378982717 5948.0519771158324 3326.3443903095285
vn -0.34715580672082313 -0.76531470326804107 -0.54201130137826925
v 8836.2284982041001 5935.0223096200089 2964.2438060735112
vn -0.91190360783379121 -0.35060141654089366 -0.21333179964373317
v 8362.2603162726973 5233.1604955650982 3117.50610720436
vn 0.64684715364870371 -0.12382647206591851 0.75249967749646152
v 8497.3810239766353 5584.4529023862615 3020.0543426423305
vn -0.3073974796364502 0.91549797252584109 0.25955780052665073
v 9067.7629264656753 6030.9476096844146 3590.7206411422562
vn -0.98766286010173043 -0.064358264199112336 -0.14275884772912273
v 8777.1502003511141 5646.5362752361689 3077.2304930355058
vn 0.60998295886653831 -0.47728709777859685 0.63254866704982249
v 10026.54707552398 5856.9253907796065 3089.1821101840487
vn 0.61704015151807257 0.78422823261275176 -0.06517308177180027
v 9737.5781759710444 5877.2263283472175 3437.7112200341026
vn 0.13386666612008821 -0.79484059443844435 0.59186835118515457
v 8389.8140167011024 5244.9168467322306 3075.1049388385318
vn 0.59535479902024646 -0.80315452542750643 -0.02225919066091683
v 8656.9698831034202 5950.415591218919 2894.7326620491126
vn -0.33142201457780729 0.37699103181015881 -0.86489144416389008
v 8512.363087172067 5380.8377808357682 2880.7797176105214
vn 0.46716481167240714 0.8551283155973417 -0.22475008920740741
v 9570.7697167656697 6321.5854024316341 3492.3490642709962
vn -0.94149992207375566 -0.31398531932810547 0.12243821291386041
v 9272.2849950118034 6221.1301684979853 3631.8595986547389
vn -0.85139723092407815 0.49550777705238164 0.17203138683222666
v 8903.7289182038603 5732.7096159682205 3075.9715569494738
vn 0.85884441813487178 -0.51205076142689654 0.013794316246526104
v 9182.1742533753786 6032.8146960084814 4104.8730145566033
vn -0.81059566752970458 -0.51561616018338829 -0.27762319632878479
v 9168.7942870043225 5925.0967039842662 3507.7978629084164
vn 0.28136055752119432 -0.94300417684534854 0.17770582186183195
v 8297.9121592215142 5171.548472904863 3063.8429102704158
vn -0.41006774005586466 -0.59266186641582508 -0.69325057566653814
v 9169.457511841043 6000.2571213268484 3284.0622398262203
vn 0.28747852891939385 -0.051916457212018062 -0.95637899228333845
v 8679.4468359426319 5630.8189459876376 2992.1256500887202
vn -0.60249760950583253 0.2648965515475844 -0.75287877345423648
v 8864.2383632908477 5767.180982051771 2978.1769586240052
vn 0.86125031845295397 -0.50516278706061868 -0.05530323258032601
v 8827.9784892933458 5962.4049157226527 2922.1092855237121
vn 0.67556331825914084 0.032927979830056943 -0.7365663250291925
v 8115.629062304637 5192.2811518049484 3131.3320085476639
vn -0.97195285195215453 -0.17065842137106177 0.16181272137013891
v 9874.9223769800265 5741.9249242510477 3117.426275468235
vn -0.47981298972709413 -0.84751710111755696 0.22692346331404403
v 8179.1654066022938 5194.0099325132278 3214.8777042783972
vn -0.36221396953425444 -0.64220781911859193 0.67555174290144515
v 8687.5534879801089 5568.8469145645086 3007.8304492177581
vn 0.65078991354224014 -0.75743378577148257 -0.052597990489784148
v 9080.0664891989436 5927.0870786283376 3437.6288437352659
vn -0.68176842313801378 -0.73063368153518859 0.036962692248299615
v 9899.0788588683172 5890.0795438933419 3312.2578159109416
vn 0.89747910729179192 0.23898753100472384 0.37069692742049315
v 8706.9414508044283 5953.0150467927142 3034.2615767150842
vn -0.069568195206158159 0.94581604552581133 0.3171628512951577
v 9110.9005942055574 5912.6495884123124 3424.1757115505411
vn -0.66029328377383911 -0.74992995098870407 0.040222481440608575
v 8728.2794821885709 5945.7917015139883 3007.1283402909658
vn 0.43202454277015595 0.88061389699106329 -0.19461232969791653
v 9076.168098027194 6071.0007087115519 3576.0222075685961
vn -0.92233217582332028 0.38230323803225019 0.056103401243388397
v 9346.7267492999381 6067.3639785607593 3421.9480728256394
vn 0.3299565730926296 0.61550195350050096 -0.71574157704442132
v 9770.1461108043513 5960.6433354912242 3352.6146429773999
vn 0.074816917179718057 0.96590048210828372 -0.24786828673048983
v 9292.5634911043253 6292.3443174071954 3660.2135544755424
vn -0.94971878322552239 0.18270694285807271 0.25426837361357074
v 8657.4834275818303 5495.9659393421962 2965.5405512316952
vn 0.85828381165477685 0.47760685834464395 0.18772476531749061
v 8808.8986417763372 6084.6234449882759 3047.0241579345929
vn -0.061774205886135414 0.3168365691533499 -0.94646634168060717
v 8725.2126847453255 5851.0707737795765 3103.8985219352526
vn 0.57136320428571408 0.8040406481047353 0.16450752257473994
v 9688.1734941568611 5870.0560703586325 3378.1872905847322
vn -0.65658039349013564 -0.71667256411023161 -0.23512256960148423
v 8491.1546790859702 5414.0758790175005 3037.673893793447
vn 0.58474875929004866 -0.26177966421330773 0.76781527460263288
v 8685.8953789397929 5672.1072661335438 3006.3094150950033
vn -0.62114310463121236 0.5975959437476126 -0.50701117501047188
v 9556.3361404865136 6055.4882569803221 3409.6439568583965
vn -0.98952078418380607 -0.097072562667415055 -0.10689029537542777
v 9475.5633126491903 6447.1173596648941 3576.7163223590469
vn -0.51133969598948226 0.78560128561577613 -0.34837097373952303
v 8835.4989666638412 6010.2124330254528 3116.233221730402
vn -0.68425092297285195 0.091028380668844305 0.72354302451451213
v 8668.4512470537593 5660.5843085262159 3119.6831350874668
vn -0.50652655237525779 -0.19321650472786658 0.84029651554649532
v 9088.3260211126144 5916.8006412322648 3410.4205000760066
vn -0.69866557325144341 -0.71483868040847975 -0.029530962481698123
v 8302.1087920625141 5169.8139194927671 3089.5970814134625
vn -0.15643492711039625 -0.98368107241772318 -0.088880039081242049
v 8504.4531979588082 5409.4340647688477 2965.0594435601088
vn 0.84316343993817366 -0.51956793510204935 0.13829162796575367
v 9437.9575365699984 6452.5398412950526 3590.0639452152809
vn -0.49880165710574276 0.85036551447632003 -0.16755715042333716
v 9113.7106313711756 5964.4635265062088 3312.9134464430367
vn -0.52405723918706704 -0.72708118532385779 -0.44352785707741421
v 8560.2583839954605 5590.2998394922697 3007.4440096631492
vn -0.049002634851047867 0.57137536048707716 -0.81922459631404965
v 9240.7410539605589 6092.1214716324794 3882.5541661161324
vn 0.86177048576440962 -0.4726426289459727 -0.18428395255261198
v 8405.9180760148647 5334.9210290543397 3005.8401310576874
vn 0.0049858516038003998 -0.5898619366619775 -0.80748872249782289
v 9033.8929975961746 6087.0841297011939 3354.0004229868009
vn -0.86396712125515951 0.41424384732301117 0.28629154431296461
v 9354.3113176469851 6095.7512331648486 3477.6022103514142
vn 0.76209975135823549 0.53143616009794703 -0.36983723003513996
v 9754.0243513114547 5888.0653032522532 3299.4953023475246
vn -0.65951230907111336 0.14364976291643083 -0.73784026712950646
v 8599.6755008119108 5571.6250587300001 2979.2267617086623
vn 0.29147890846027563 0.72138226913632841 -0.62820989143639572
v 9262.0601827809987 5910.8934807981896 3381.750797546797
vn 0.45402835845260503 -0.81918224637790815 -0.35042645011482354
v 8620.3440919289569 5954.0645958863206 3019.682593190792
vn -0.10172495238842329 0.71387565269027575 0.69284456161364638
v 8701.3707884042487 5610.895856019677 3089.5635120942311
vn 0.26754967469901536 -0.8882119113634922 0.37349266670239067
v 9183.6692705682963 6079.279339224061 4077.6198260568226
vn -0.97519308655696513 0.10045888378863292 0.1972471966833535
v 8689.7630866860873 5926.5979946711377 3045.3869323441149
vn 0.16996192665532142 0.54348517999472123 0.82203211775070961
v 9047.9602981015632 6035.6274251582145 3521.0455376700606
vn -0.89076694134819523 0.087615299808754724 0.44593476590259595
v 9097.0198971209611 6131.3631639478972 3662.0471521565028
vn -0.94602659292039926 0.16683757096561153 0.27784691900705993
v 8527.8816992257089 5552.5519102008693 2964.970270251617
vn -0.19229852758758567 0.62627770614089595 -0.75551142352617284
v 9810.5544925023296 5789.1717868832548 3173.3378451232711
vn -0.96053154096304172 -0.088612150711041032 -0.26367981637115889
v 8467.5412313132729 5459.0152828712635 2968.8423117899192
vn -0.28082413064057882 0.22778641814652581 -0.93233639602771023
v 9908.2578435711566 5747.7817046425062 3188.4280825225683
vn 0.54861093644384218 -0.6366127942755111 0.54198726053195767
v 8999.871259997557 5967.3380815489527 3158.4101882008677
vn 0.87475239346451317 -0.47269327287979929 -0.10662701300462803
v 9905.8555689299319 5751.6910946963935 3076.7733594453662
vn -0.40565596979233809 -0.81765701841489857 -0.40850977272116235
v 8371.77942092183 5267.9317597775298 3117.7432801755267
vn 0.40512489355574671 -0.37895341744067279 0.83202651882706247
v 9340.2126390831472 6118.9163957232449 3618.3932794000293
vn 0.99211990768358271 0.036419591565671663 0.11988203421742964
v 9611.6431410381247 6320.9810374081508 3577.1828281145454
vn -0.70357529163972221 -0.5909173510787149 0.39471317838171349
v 9353.0877325390684 6286.3242729659305 3619.4441715343169
vn 0.88134736373730937 -0.42353357471327907 -0.20939468838508341
v 9277.3225666803937 5996.6809711743426 3615.0209410024308
vn 0.41647408895662702 -0.73285211658737148 0.53803076904686142
v 8839.382756989864 5982.140202724222 3117.180139465132
vn -0.86633916529177957 -0.45863351486766429 -0.19776690754945553
v 9266.6205850732804 5913.0937037769872 3403.439652227466
vn 0.4887339993885772 -0.78056000080980248 -0.38969881059280537
v 8582.8985483534707 5480.8769268028227 3020.0037884000353
vn 0.47506984479613418 -0.67050809522891819 0.56984869640797198
v 8722.0497212524206 5929.7189392562377 2892.815278810247
vn 0.57930644428545219 0.29748125896962851 -0.75888664777500925
v 8855.1839096751792 5714.9295898938853 2990.4972491310946
vn 0.44407725957147182 -0.43458715298244549 -0.78353646628226825
v 9103.7040023716418 6134.7107623049542 3437.4030125220265
vn -0.57214715729239418 0.80039374763534543 0.17893428723550781
v 8508.4024570763868 5436.8275454351597 2950.5641437399599
vn 0.19124935287044953 0.46112697951247117 -0.86647884786204621
v 9387.8628055428271 6382.915734952122 3562.7425834594337
vn -0.75873970420023928 -0.37534857250205317 -0.53237910401405142
v 9246.0480373219525 6156.2140306368856 3908.4528553433574
vn 0.69113047882731482 0.5767208242391223 -0.43558208425608369
v 9524.4022405063261 6098.3606708318575 3352.9717438854418
vn -0.78150039782532255 -0.54017216518498401 0.31220371579824124
v 9404.4499590256692 6355.2804671804661 3577.4627806831486
vn 0.25585564939253902 -0.57044441520648492 -0.78046848484333664
v 10141.699610430582 5817.5207330270241 2993.1657825953289
vn 0.8898892291681727 0.19315892019748651 -0.41326358581251327
v 9425.9958578362221 6390.8502462246979 3660.2806286226369
vn 0.38626878014213312 -0.64604755669294656 0.65834564172521304
v 9872.1668672267097 5852.9330565786877 3036.2241913837074
vn -0.87497923196160521 -0.23742644046494071 -0.42194789844722219
v 9546.5949284517847 6357.8596916879542 3579.9342266496974
vn -0.5410512478990378 -0.82789138082799496 0.14784927696005062
v 8647.2663790310089 5977.3039300736027 2964.3047877932149
vn -0.14129357808589865 0.98990102236619426 -0.011493072263220069
v 8688.1146098275658 5748.6454398812293 3114.3937807712268
vn 0.64299888096447999 -0.73946701076868482 0.19935139594006407
v 9531.0016248998872 6188.7093173656631 3354.0086501287342
vn 0.079332863308760077 0.85112525742305656 0.51893361133748994
v 8734.346128444884 5623.1471426273874 2992.124468553764
vn 0.3202880198916091 -0.5364456885994634 -0.78079549659111114
v 9043.9640260984525 6100.2195087248892 3343.429764854709
vn -0.75478396262650005 0.61041504408790537 0.24019709347325333
v 8746.0808235870936 6025.3187444283867 3089.5834758444216
vn -0.96501271238398401 0.25558634740129216 -0.058532759710884542
v 8887.3690118034501 5722.116482816492 3061.4840260528167
vn 0.70819795704005906 -0.53119214894299005 -0.46507048341688501
v 8669.0582359709588 5702.5250024704637 3033.7464154637059
vn -0.65756035208203178 0.45874947473251892 -0.59763141048843182
v 8824.3374987348179 5860.8548972925973 3103.096545053244
vn -0.98119186129658909 0.19081786505196213 -0.02917316750622723
v 9266.5096967971604 6218.6215537510161 3591.7579537539723
vn -0.84601226439232646 0.47363462054214639 -0.24481318330854901
v 9533.4665081436597 6414.3724587286943 3617.9383890278095
vn -0.29001017056566614 -0.80256669517249879 0.52132600239041094
v 8761.3396139371544 5921.6940498883559 3006.1957781005376
vn 0.81657276937067136 0.53985393177161678 -0.20436889360428251
v 9870.8624428977255 5830.8770112270513 3061.7071140430699
vn -0.77863229131302036 -0.099397974965962976 -0.61955774347295622
v 9096.8621527828309 5972.5464964555777 3604.1182387999506
vn -0.54383754073468049 -0.83603293022691516 0.072730109747289662
v 9035.6750971192287 6078.6457150604874 3284.3919583790057
vn -0.74651670051897989 -0.61800685214519235 0.24653670426093993
v 8128.7612743714726 5204.3064240263438 3145.6010371480265
vn -0.80533939399106647 -0.49643883500389552 0.32400145614808107
v 8816.8370520714107 5943.1021240528507 2937.2307579735375
vn 0.59960831310497475 -0.64015676644946851 0.48028031942227989
v 9450.4956215646343 6011.5088067257448 3433.8645013342139
vn 0.040445783323946848 0.12522174957555157 -0.99130401595300233
v 9755.512831492495 5837.354543067433 3311.9608918509171
vn -0.71415523019740179 -0.69057830677520793 -0.11438491768228333
v 9413.4904550418214 6418.180991404719 3677.9990806326596
vn -0.43819708540530949 0.16243737368766437 0.88407998165988677
v 9188.8626499633756 6083.5296789723971 3351.8686119656873
vn 0.47275819175251876 0.63301260274964177 -0.61302099221071771
v 9427.2767132177651 6371.3084536958286 3634.8169503498375
vn 0.79213506786188836 -0.56288894905800035 0.23596199967753564
v 9075.1561129330275 5939.7457190958339 3506.8198940584771
vn -0.56518309967725344 -0.80726334744173622 -0.16998220999967711
v 9934.4123860103955 5881.8271184471232 3214.6268173171056
vn 0.52141812643272079 0.85324636350545435 0.0096840380064046449
v 9115.5523209733929 5908.898269336808 3437.7339206272827
vn -0.65495571610848557 -0.75393906602728178 0.051077339933978498
v 8425.030814066331 5596.0415575203715 2950.3465502225454
vn -0.87697446304974924 -0.29871728455517566 -0.37640905284887372
v 9502.3621423658824 6174.7027970472091 3312.2056423175309
vn -0.89269975152173531 0.37639864015700525 -0.24781286754522927
v 9898.6994530063494 5882.1194483759828 3187.07227547404
vn -0.19430566198963192 0.97993938672793035 -0.044318258743531576
v 9002.5836564952442 6010.5248842356923 3129.1871566882928
vn 0.9162236334513445 -0.12978295968433678 -0.37906547835537607
v 9395.230936323831 6046.3817040025751 3491.5372810659355
vn 0.7918575482294139 0.50044652143072543 0.35002128863825976
v 9812.1260860145267 5761.903393488411 3200.3155360958876
vn -0.83339764377290559 -0.53352106188358706 0.14423468334758724
v 9673.5540892789559 6260.8682714939741 3575.9290801118964
vn 0.093457398037621917 -0.98278367457854299 0.15937993516730339
v 9185.4198088340072 6060.971240468949 3953.7401479839309
vn -0.44240005758349971 -0.8963461927054085 0.029080781843594469
v 8899.4733066054941 5739.7581165720894 3089.4599722985113
vn 0.70086274705094742 -0.71210077153105877 0.041278335492973911
v 9264.2044010200334 6089.0475143108388 3980.3847147572933
vn 0.96556353605833944 -0.203188883070479 0.16248487816128293
v 9636.1388907827732 6294.8210273487748 3479.2856574954467
vn 0.89812747743247101 -0.32347425360144616 -0.29787823273574987
v 8797.4563600804468 6109.1511501253981 3061.7472579057071
vn -0.011489549546274761 0.95025843123594556 -0.3112505487805981
v 9562.4220775129361 6154.6428379251138 3262.9042189444094
vn 0.018127053956223736 -0.15058132564133644 -0.98843142113298177
v 8816.0742409506711 5790.1739765923485 3159.2075565712184
vn -0.47849938853173984 0.33902627703237004 0.80999970287421819
v 8428.8404310653495 5303.0614502556418 3046.6776293347748
vn 0.74114283354961075 -0.58994999209003696 -0.32041583467584644
v 8835.4902648156403 5993.3120020630777 3047.9994384783695
vn -0.91261663468648013 -0.32927973346354283 -0.24229266440340697
v 9074.614990761982 5980.2744421269972 3578.854820666711
vn -0.66749822059637565 -0.4620379128073055 0.58392387571441273
v 9135.9302725980378 5948.9143354881071 3312.149481800453
vn -0.37482451978718867 -0.80640987152340071 -0.45739446703684078
v 9774.1324057143484 5964.0957044576917 3451.5202394204189
vn 0.876422748219706 0.25967855606318074 0.40552461568190806
v 8623.5988860401612 5844.0874002509336 3032.3148166436222
vn -0.4526034450868619 -0.87111821591573857 -0.19053392190180865
v 9324.1858193841799 6249.1892379209567 3590.5475977353844
vn 0.53268391379481073 0.072348126959754983 -0.84321622168318
v 9231.6431366829675 6004.093259522363 3645.715901734221
vn 0.33649968141554265 -0.57282673239399784 0.74742056371366539
v 8999.3097030565023 6078.4661890285988 3164.8494588371786
vn -0.16454206722057929 0.81228057847781487 -0.55957677752255308
v 9169.9207913651371 6139.1657726894991 3938.5004693571864
vn -0.88886718850081081 0.29200263417480765 0.35305747809901633
v 8881.3523672609008 5920.0924932471007 2964.2144156170571
vn 0.11937192740680404 -0.40188613487420227 -0.90787547468970609
v 9206.2083856724348 6135.0237991674421 3423.5346358362194
vn 0.22212198725732654 0.849393780501142 -0.47874004263570202
v 9018.2888912065773 6023.3981646265574 3214.6980837935535
vn -0.46970192987557663 -0.79180985963552486 0.39040651026222561
v 9954.2896568374745 5804.650067204042 3186.4039373141422
vn 0.81854485233785845 -0.32574728733566238 0.47315222656630379
v 8699.132835777802 5899.3708902759827 2881.7986073735756
vn 0.1982758905255107 -0.31199302302388821 -0.92916469197916207
v 8954.0103821251541 6061.132058310799 3131.2509505180469
vn -0.095741190299268988 0.96121859355141492 -0.25863572817984531
v 8748.1329108109876 5891.1014711892994 2908.058846083989
vn 0.51969672915494436 -0.23498803354385631 -0.82139876661512223
v 9107.5420657234608 6132.9139263641919 3590.8635619362103
vn -0.57753122206380569 0.80577003997709162 -0.13111952645126251
v 8483.0414717437961 5399.5413598565174 2925.7860459136896
vn -0.80565222664673941 0.1404076319640106 -0.57550863293734322
v 9429.5783002780663 6432.4790334625941 3606.0359593583103
vn -0.47520559816649549 0.87986764073309032 0.0035460205877794718
v 9091.2162393859362 6118.5414055594529 3479.1280057662261
vn -0.81413751962012781 0.5690175020708409 0.11575483352260799
v 9421.4223959412247 6405.7724663295749 3535.6131576839871
vn -0.53534167597071169 0.29824126352159019 -0.79022872556109669
v 9093.7360588939518 5935.2603504818489 3379.7292122447402
vn -0.79813237842331708 -0.60205435764790705 0.022699272003854999
v 9085.9266434145884 5940.7998813914055 3395.653247220413
vn -0.60957076828674417 -0.67194948382661379 -0.42060357777300933
v 9052.0101156339024 6068.2185548294001 3423.398271719273
vn -0.99794112917964306 -0.0033870328489333783 0.064047097515337978
v 8737.9791652859622 6000.4185761449553 3062.0125720678052
vn -0.27778737591276326 0.94967702813707588 -0.14473325814142657
v 9150.0729464374981 6115.2890424873331 3910.6818707612224
vn -0.93014331999805255 0.29421133630051977 -0.21971138763219047
v 9631.7967613105793 5899.7435415134696 3422.9672160670252
vn -0.34004991661079126 -0.68964732065337142 -0.63933764735749754
v 9150.2832186018532 6156.7219414314732 3770.7958217377791
vn -0.4322305442458762 0.90174533860868666 0.0056657672400741224
v 8760.2860649158811 5969.8361234167278 3049.8625468238515
vn 0.4525244998388161 0.15295924163681937 -0.87853574056125827
v 9588.7688995500503 5925.2132372442138 3423.5422660453537
vn -0.26857878495296345 -0.58957089382429417 -0.76175560216411442
v 8766.5855061989369 5713.1148724241457 3130.6791431206329
vn -0.41856077357885862 -0.90076688677165151 0.11587016232306868
v 9113.5280289225211 6135.9860199187906 3409.4625023965814
vn -0.31371717106731101 0.94946822126331276 -0.0095725330296891949
v 8749.6090267474447 5782.6724043993327 3033.8914666076303
vn -0.52781973926185455 0.80257035417155453 -0.27800566442159663
v 8461.0756064500674 5631.7333346097485 2992.3369316762523
vn 0.47348703596430308 0.82346822340902692 0.31258616701530423
v 9191.830849399641 6030.8138348097236 4091.6189502780244
vn -0.90868394902804595 -0.39261127487090069 -0.1419502293870693
v 8174.6500766989293 5181.9724551097097 3187.8532303020374
vn -0.75865129477496929 -0.57111994203040872 0.31348082038849734
v 9162.1396144384598 6047.1146926821784 3744.3129452328458
vn -0.44545752490789781 -0.88223207577559515 0.15242754992328034
v 8910.8635167518278 6010.1661288999385 2996.2294199043354
vn 0.66449688894018677 0.63593886217566153 -0.3924610148327321
v 8840.2952051906268 5952.7078310779834 2992.9408174515438
vn -0.99779886336251955 0.060913129721074842 -0.026211045382576955
v 8728.2633882000773 5838.9918394338001 3006.2499319712979
vn 0.51513523350652612 -0.84122508665273932 0.16424385768200941
v 9605.9692870147919 6034.8556027524064 3493.1414358855327
vn -0.11081544655664927 0.31533327992869359 0.94248865211941013
v 9185.2824003594469 6054.9046222512789 3869.018017603154
vn -0.0052808590991606725 -0.9964069689554399 -0.08452966783448275
v 9160.8101646325813 5918.6801684161983 3354.2112457403246
vn -0.22593230329952604 -0.89507303465501298 -0.38444616913065593
v 9212.506238595488 6069.0094013483831 3896.8198808459492
vn 0.65763624857675429 -0.66013103571987874 -0.36296222976680903
v 9336.6434267825698 6153.9229709114952 3605.9939831840211
vn 0.9707498519023231 0.23339698897236263 -0.056307819796655258
v 8755.4983437837109 5641.94056572099 2991.8746036583625
vn 0.2557523050618391 -0.59142115833171016 -0.76472986860272052
v 9582.2094792658609 6062.1114431798987 3390.6464453516096
vn 0.55153826658848215 -0.012067719672644294 -0.83406229421457179
v 8797.1469361170239 5824.3423868586424 3047.7371608642798
vn -0.72334227548409191 0.67938993722632235 0.1233096334156828
v 8410.6608484264434 5399.0952698226874 2992.237250891591
vn -0.59271367314818979 -0.21005549830877127 -0.77753918826862656
v 9627.1046132689735 5890.0677415207119 3453.5211428371877
vn -0.14694604137219899 -0.98387147896425842 0.10199889119849749
v 9212.7272942924574 6088.2602952768866 3829.4313577089233
vn 0.7720222075980705 -0.60964239085105021 -0.17977170592953975
v 9204.4899508033886 6158.0516947567075 3673.505971128302
vn 0.59754531933087407 0.70735391069368259 0.37761095902014991
v 9424.2130375087254 6031.4801431431115 3479.3979242241594
vn 0.55147230333028052 0.64258428933495004 0.53194335202114551
v 8811.4872461428149 5812.3645673734864 3131.5326070325918
vn -0.22520089775865915 0.83371706172324778 0.50418291982201102
v 8748.1931101783211 5927.0427612308413 2977.3281781301771
vn 0.85741177149313907 0.43337528703498301 0.2775444373291297
v 8634.9487720742709 5757.9696909091035 3160.852015481672
vn -0.23186539967671746 -0.93370644375589751 0.27281992838037178
v 9554.4008491438581 6048.4697071299743 3479.4116250558509
vn -0.46109320448300634 0.73563393716056835 0.49622149014047484
v 9482.9818785090993 6154.8658961704641 3328.4131224003777
vn -0.9672071284817455 -0.13829769178618723 -0.21303548779653814
v 8352.089078784591 5233.4061656887134 3061.9756058368766
vn 0.46306656378706162 -0.70718458164007381 -0.53428393667880103
v 9202.9571067605866 5978.6091147048573 3297.6793465010746
vn 0.45619829661717831 -0.25630161486174624 -0.8521693472443409
v 8580.7940847899445 5887.1818577063168 3047.7295203664798
vn -0.82150067407571215 -0.081087873414617637 0.56441243721080914
v 9175.0930336157417 6067.5869551938595 3842.3465059119962
vn 0.10682620955327322 -0.99425273848215578 0.0070464865865176949
v 9824.7910717476298 5832.0717293588004 3103.4332352397505
vn -0.99138590102175106 0.060611944452440593 -0.11610420941974943
v 9810.0459054918629 5955.2700072625075 3313.0682122450039
vn -0.11920994576449556 0.98597617604147481 -0.11679027831740356
v 8616.9737910363983 5767.1999199372221 3159.6152022325914
vn -0.63786177087591511 -0.70612877985172495 0.30743211855652919
v 8700.8860857339278 5767.5926335071717 3097.9209334992911
vn 0.97135170962941764 -0.20823323532685883 -0.11451976207326192
v 9139.7210918276432 6151.4163695511879 3729.2405474923085
vn -0.62679892917185109 0.71043895523908518 0.31999936448033411
v 9135.2572577295941 6001.812731765749 3282.2718393575506
vn 0.033724963150264832 -0.25758094063082138 -0.9656679998240878
v 8767.5407933666975 5933.7506015595955 3020.8259418967309
vn 0.86158369308571103 0.48268866308411768 -0.15711522631131078
v 9219.4442986440554 6112.5647559771205 4202.0455158708564
vn 0.38690631031460632 0.92210650818403839 -0.0048056844858241016
v 9707.4285698330496 5947.3895391354326 3365.6616610198184
vn -0.37022313615329455 0.64739588628361566 -0.66619321212383353
v 8966.337277015944 5876.1221002739485 3134.1772260408452
vn 0.91517916294476798 -0.39943034472276878 0.053874849664420757
v 9093.4335504431438 6115.6679524663359 3563.5863269549086
vn -0.59128057388972333 0.78784422080231697 0.17230428517314783
v 9686.2211467508751 6274.8567769096699 3577.0656075086099
vn 0.65690744605494444 -0.7337153352285074 0.17359266737995963
v 9414.1609169745643 6357.9594547548422 3647.0031420511791
vn 0.68201605391040898 -0.62159822150267829 0.38531773023464866
v 8829.0393736790684 6024.5440430794351 3119.5977632975664
vn -0.38265435032192818 -0.75163302747311267 0.53723685669479726
v 8935.068865565172 5805.9032672252488 3146.1175467287453
vn 0.90952902097696942 -0.41439309096427679 0.032176484608299354
v 9788.5761646995506 5794.3218141102516 3297.8253312088964
vn -0.55198696428892702 -0.83054022740617683 0.074251746883093259
v 8725.0924390101973 5850.9218169629594 3075.7641713561957
vn 0.77441479454276541 0.53374006973053223 0.33971055909013637
v 8728.3929644091131 5857.1797253361783 3047.8685987645267
vn 0.80835582981395993 -0.025378345602844996 0.5881469136025852
v 9980.1455244598619 5892.9066852244432 3144.8848095583708
vn 0.44785369734876734 0.83278908767745963 0.32540651686219046
v 9850.9454918369192 5941.9622335200129 3381.7246966051403
vn 0.89439808592917935 0.42489509208924076 0.1397004817625763
v 9375.6020604651185 6416.9065452492423 3638.2626941253925
vn -0.47439822828409783 0.86264772442518145 0.17545718721376238
v 9095.2608330511521 6126.6602766064507 3590.7248911188203
vn -0.66996187736949508 0.73596256172036145 -0.097520206201303195
v 8791.8060078186645 5802.978426724876 2991.993955891734
vn -0.6048828332417614 0.46498477610823546 -0.64645643011497189
v 9213.3258482123765 6122.6051493166269 3730.8613775924987
vn 0.9635644622617684 0.23213560392987029 0.13287809621718513
v 8742.0249837534175 5818.5790656014142 3103.588420472217
vn 0.98455625994813845 0.11269486580539587 -0.13397327426780894
v 9233.9699750103009 6104.8785540006265 3868.7427942276499
vn 0.81661612319266863 -0.12029498736974384 -0.5645061765432593
v 9070.0634025720537 6103.1701247280816 3284.4026136777811
vn 0.20340031256670291 0.9081474772936946 -0.36591866901384762
v 9531.5813599067187 6372.1394004399381 3587.6431054881241
vn -0.555131924672709 -0.82156031784853245 0.12987374771597288
v 9935.1086188479367 5771.9330088672059 3187.1080609043233
vn 0.67674097324198612 -0.49411055561730094 0.54578055476817011
v 9154.7399445359551 6161.5588247354899 3588.0399133047395
vn -0.43769522182779907 0.88249926022374581 -0.17209865918610531
v 9255.163916772939 6075.6919936524719 3660.8038297635185
vn 0.45890102349548278 -0.14092577443370263 0.87723986271433163
v 9561.0345125486019 6158.7704497482118 3310.3308168784424
vn 0.76806017239376057 0.50189300482673982 0.39772727249769135
v 9527.2471669816368 6159.9068526787596 3270.6803609696217
vn -0.36788018658108418 -0.40260542774311459 -0.8381963003216194
v 8544.1232260113302 5590.0659022434938 3037.0179578950833
vn -0.51357377304745533 0.73811200712471503 0.43753016418999685
v 9514.7240265676955 6034.8727877070305 3449.726065881533
vn -0.48367429792686772 0.82845203320463057 0.28235864110040121
v 8557.1985068419672 5466.6565685192127 2992.1828618478685
vn 0.36946381975390152 -0.91415651620807614 -0.16677634654581611
v 8953.0589968880413 5857.6660137544159 3047.9988822230985
vn 0.77969496000423744 -0.33407162316309358 -0.52959599690817782
v 8619.4803690210938 5793.9111385533324 3103.1919782148689
vn -0.87562295165837134 0.041348472886162578 -0.48122214238235528
v 9092.0844932280361 5957.2523641726366 3563.5066456147056
vn -0.3169794164963502 -0.92942253285893406 0.18893862742096215
v 8596.1213594966466 5848.1014700275755 2964.2837662570605
vn -0.61737313878657762 -0.78562113336405515 -0.040618251028160267
v 9162.6198145366106 5896.5760455797199 3410.5273901265264
vn -0.23882111225385766 -0.90211136576041651 -0.35938775731472306
v 9043.9641690460139 5994.1005416425014 3465.2205843529423
vn -0.88486671956708274 -0.33476531418562461 0.32394918277530771
v 8782.3127516143904 5922.6241741801823 2936.7053035074096
vn 0.53917338019154859 -0.68022515334096001 0.49657406985774738
v 9400.0479812336489 6008.8714791692037 3493.3047494605835
vn 0.4432690450609818 0.01149874271846911 0.89631486242649105
v 8685.6172710998835 5589.923426689832 3076.4559446079224
vn 0.4922113848854891 -0.63485707565767702 0.59555389854864638
v 8363.1523608141397 5249.7950204325771 3117.4633411781601
vn 0.51833965457645248 0.094247529029903687 0.84996553210428571
v 8609.9557277155291 5942.1230150158108 2924.2751829821773
vn -0.83568703882250261 0.13729729615468467 -0.53176745445042961
v 9234.0737857152035 5985.6170162604503 3326.2486450334304
vn 0.71110325580736711 -0.066930591602322093 -0.69989460312816065
v 8657.108173845867 5712.1330342215524 3073.2329486578083
vn -0.81103754999339772 0.58425902963489584 -0.029316868707224362
v 9156.2517408187996 5902.803480407817 3395.7207177484788
vn -0.12057052168099108 -0.99078061057756961 -0.061778078677732731
v 8912.8621687648701 5760.5585766945569 3090.405589465397
vn 0.81034334586474233 -0.58450453365013877 0.041208153988843657
v 9442.0464210107602 6396.1490718539826 3660.0200488659375
vn 0.40438900485392987 -0.8354832126442393 0.37207167877024616
v 9411.968088227828 6435.1010798961106 3618.3886961743056
vn -0.15358039909878632 0.98415422822091148 -0.088620065941973525
v 8407.1670620173827 5316.7872451179792 3104.4119152339658
vn 0.51801628260885801 0.3327182500072049 0.78800869098268389
v 8821.3380277580254 5818.1268674303665 3147.936313395041
vn -0.83457486183280793 0.1983780222840579 0.51393672788721312
v 9350.9332841308624 6051.5545203606653 3563.0918897195475
vn 0.927561254813008 -0.23771618639121539 -0.28830735907592597
v 8966.0236198219354 5911.6369964337646 3187.1413565027033
vn 0.66373402145500682 -0.39290672697893941 0.6364600951024828
v 9115.5006790806801 5932.6967786187415 3354.1644809540776
vn -0.40321084731352763 -0.83054603134873284 -0.38420606765065107
v 9476.0676741578463 6460.6106797203684 3660.2541148376831
vn -0.23387654354547316 0.85505934350919888 0.46279075342625464
v 9228.8044350354721 6095.6308606967195 4279.595741315653
vn -0.0036880715453283357 -0.0057740833708705671 0.99997652876930199
v 9180.2312405876492 6042.8925679085542 3729.8702236674649
vn 0.19480758023843911 -0.94457605771653363 0.26424624476108616
v 9805.6915133706534 5912.6401430811138 3282.9987257621233
vn -0.4377352343194289 0.56482066328984015 -0.69954662672057799
v 9108.4441986967049 6071.1668766341063 3716.7636939186141
vn -0.90408180111423486 -0.31105164668794527 0.29305796352728342
v 8881.8007596050284 6047.3813947103135 3048.3786004749281
vn 0.39232792229934704 0.71577388699921374 -0.57770800935620958
v 8743.833936238032 6008.6821086517921 3079.0739264353524
vn -0.64797708500394924 0.71403097171148833 -0.26511406742482108
v 9405.3148639277715 6375.5310909430773 3562.9405979003704
vn -0.41471488076233087 -0.77535871483542151 -0.4762671844700716
v 8725.5723340638433 5785.6513780157657 3117.8443409501269
vn 0.68122822444862519 -0.62493935996201855 -0.3812858541630364
v 9905.9836838957199 5767.510591639817 3228.8822952080827
vn 0.43359004876218132 -0.87703296311446477 0.20691266569514538
v 8609.326108676787 5853.1164618522644 2978.8094177928988
vn -0.64334162582822785 -0.75825325811397226 -0.10565769747745871
v 9831.5563773064223 5765.8146224097336 3214.8454852912196
vn -0.39575414081595583 -0.8072684126053028 0.4378314402104298
v 8392.6834387545387 5442.7104906905734 3020.2814707510606
vn -0.86470860640265412 0.4936531487766585 0.092658484317788975
v 9164.5320784653049 6075.1799751335675 3931.0116070404365
vn -0.82706447931415294 -0.43568799359483207 0.35516238440200676
v 9559.8865381115411 6438.350495943494 3632.7152395975336
vn 0.44028491376556 0.088392161144735262 0.89349651401592856
v 8588.4508992668707 5466.7868501954017 2977.941662173509
vn 0.10962649029887425 -0.99200074292666385 -0.062582414923826726
v 9490.0860857240004 6433.2560263597879 3521.105613632828
vn -0.29303409444713568 0.5588907948091637 -0.7757397108367784
v 8650.0600851882973 5692.0898845069296 3061.6208388396335
vn -0.71776284403545898 0.62116933377410233 -0.3145872828020348
v 9043.3798753824594 6069.0749507528017 3407.9159524398437
vn -0.94114000714879797 0.08250372976177342 0.32779356540261251
v 9055.0534303807035 5986.7547704569988 3367.7351689494444
vn -0.86740711258046743 -0.49411068821943804 0.058817759496001799
v 9175.5239190018474 6113.8737043785823 3996.7038605956395
vn -0.89626650906185201 0.12867488653300779 0.42443976994362653
v 8216.6203556153305 5228.5527425886785 3117.1196480047629
vn -0.012203591098944986 0.60317918806447302 -0.79751234438732832
v 8861.7180773111722 5904.9904819345829 3145.1451381258312
vn -0.87009940434248489 0.079582992746871889 0.4864088545948812
v 9792.883552036079 5815.3107658460303 3224.8741297780198
vn -0.98487755938046961 -0.17274244079032525 -0.013275623472005262
v 9361.4110325909151 6370.7950179826503 3681.4464194042675
vn 0.50462682563337191 0.24658596341688413 0.82737363355194826
v 8879.4013168366946 5732.9565507429706 3159.2968479445353
vn 0.34032458920816933 -0.81702346311465224 0.46545873576551494
v 9905.5621761568218 5864.8737102497844 3011.7943207171693
vn -0.097090196288961664 0.10692007507834204 -0.98951583682617861
v 9262.9182474509144 6026.066434857772 3356.3612634041215
vn 0.70757196419971169 0.37521153068613677 -0.59879731355336607
v 8691.9561968220951 5703.0509792869816 3131.3903317431455
vn -0.79204769551656351 0.21443679741434862 0.57155691574993517
v 8756.9511327340679 5874.4396423814978 2924.4609883485637
vn 0.83842401123636157 -0.45245340948407176 -0.30386031269082869
v 8827.1497741541389 5839.2804866368579 2978.1586065345623
vn -0.67647664440208144 0.41596612056353416 -0.60774298525102122
v 9682.6386898676246 6061.3730499405492 3451.2080763356171
vn 0.52085964092621639 0.83264693384752275 0.1881603518505745
v 9815.0476502263446 5773.8577325716324 3215.0138963100799
vn -0.73664974252130855 -0.63388811997714212 0.23565442536717632
v 9141.9371398147705 6064.9215541319691 3771.560561348595
vn -0.3963626440719823 -0.70387209953969687 0.58945798991433329
v 8857.2581606217063 6061.5112117472727 3061.7475950411545
vn 0.54241538106889864 0.76085120796257943 -0.35621762129597861
v 9292.6131101377177 6272.2996443037264 3660.2581796196032
vn -0.95673052975735962 -0.016228730722037749 0.29052249780241418
v 9465.7332344054776 6412.3937303454632 3634.7881129678658
vn 0.40370204401832838 -0.83968624321466334 0.36325152802358457
v 8449.0054378861241 5488.1049204385708 3047.9401296817759
vn 0.0075512448751626649 0.76305831447480887 0.64628553086983087
v 8950.518792722447 6037.1056562701369 3047.9776454482853
vn 0.34092428940390834 0.76996279986120919 -0.53937734075907173
v 8450.3285728800183 5625.9094263245024 2978.2118156231595
vn -0.18845301376191823 0.92554044016509862 0.32842100301753813
v 8769.7394581379849 5785.0449817055851 3103.1135716318627
vn -0.4694925266204818 0.88066661667893842 -0.063269879996629738
v 8319.6214437344734 5190.5431576775427 3117.9326219097784
vn 0.55226212535243202 -0.79688976362657726 0.24489436401924877
v 9155.3780199277353 6167.9691273915514 3826.7201120085783
vn -0.76395131433439756 0.62417656882560679 -0.16365207073495683
v 9689.2430318263359 6252.660578425839 3533.9634274365376
vn 0.80345577839554416 -0.59116018977889584 -0.070628904730217143
v 9189.683745957278 6099.9578496558688 4202.2152890696889
vn -0.81190454810165469 0.56551849187712755 0.14491321581162772
v 9238.3041010253073 6157.7861444218215 3500.5597788842629
vn 0.058306999944330015 0.86165083245528407 -0.50414098889755798
v 8499.213154853036 5559.9286154237016 3048.0167712349216
vn -0.15133065928119172 0.80266076182972923 0.57691830702486713
v 9898.7180687478321 5853.9036939309517 3311.8733192636882
vn 0.80960098368762079 -0.094121759717002498 0.57938531355205392
v 8734.5889907099845 5846.0233396876174 2984.0397777211419
vn 0.74101017035582994 -0.63950588603093839 -0.20478317597158305
v 9777.8028644508449 5959.90633390937 3436.7642389780522
vn 0.85431866752808927 0.3360687443149693 0.39648129011037825
v 8299.3951614095804 5195.6681397143948 3053.0712150719432
vn -0.21484602167554906 -0.96079736288026918 -0.17524158882100413
v 8908.3388913301587 5761.166837388876 3061.5628559919969
vn 0.60244223547432996 -0.33604276844830194 -0.72397417819304366
v 9117.5829722741746 6072.5306737289739 3759.9000643879208
vn -0.92322303465339794 -0.3424857380050183 0.17424909626316226
v 8892.9433927286773 5933.4705852699699 3187.0184221490108
vn -0.55215264556593857 0.11207508936748473 0.82617590762367632
v 9410.2143503435 6369.1778837809998 3658.266357393004
vn -0.077886021432804653 -0.46550624158198961 0.88161085900389113
v 8710.5893245570987 5847.9297543252605 3119.6377133054466
vn 0.43347774443398068 0.79548908758868808 0.42343140720516359
v 9792.3915331032804 5956.4829631475341 3325.9550098274131
vn -0.11563735338127967 0.93385511517015996 -0.33844146668737274
v 8575.3362608576317 5539.1598023827237 2950.4417427287121
vn 0.078068312849771893 0.3236924910429515 -0.94293611118208798
v 9940.8618621720289 5861.4496101489804 3229.1256277505663
vn 0.93296754670127535 0.25825986189022898 0.25074568897319749
v 8779.3612380795148 5974.1585412416716 3061.6219081458239
vn 0.84963886382562925 -0.21617338694267577 -0.48102273112070904
v 8732.5627148084568 5796.126609132767 3102.46060566089
vn 0.95909120046996799 -0.15719016400958738 -0.23544706734150414
v 8618.8196696858668 5804.0795790523971 3173.1268951756556
vn -0.049587428333255225 0.6700224403686279 0.7406828041434218
v 8989.4215820385471 5961.9822701859166 3103.4416091871949
vn 0.81854362574408024 -0.13958857375816833 -0.55722649150044501
v 9637.0242341453668 6402.6553845407871 3567.2015570796229
vn 0.74922379438886721 0.64336687013895688 0.15729836721705384
v 9459.8651084521389 6449.0557463204359 3632.2508526628039
vn -0.27796547462547239 0.94482365641007326 -0.17333047396270476
v 8440.6871529768669 5631.4239099150363 2992.6288690180527
vn -0.68814079334565337 0.64572365734017334 0.33091268770605503
v 8934.801260118651 5859.0131516481379 3170.9356001232022
vn 0.33113920976080119 -0.52841589533810285 0.78174386170472954
v 8700.44874664286 5971.8766681687794 2939.2906174670484
vn 0.12402138137505811 0.98695881055512014 -0.10262067642266301
v 9233.8801929562142 6169.6671150784969 3941.4307540606915
vn 0.37673927758890224 0.92437323648173408 0.060013635101335464
v 9688.6658722120319 5931.5967512741081 3367.5346912979567
vn -0.4925624408210979 0.34591633620896073 -0.798576314597504
v 8618.3404416040248 5557.6199361727049 3062.2803761202995
vn 0.50788580764235358 -0.70502349585639601 0.49496856131061551
v 9488.1541726837622 6459.3229285359885 3552.4310286644281
vn -0.378482984330963 0.8608013149856556 -0.34025244553256956
v 8240.0955999627076 5245.108123589981 3131.5389143247316
vn 0.030735518342145721 0.84972885778443241 -0.52632328103609782
v 9944.9427584427885 5818.9347276728695 3242.4940946614292
vn 0.97268849475345276 -0.19337328732163706 0.12838950083509898
v 9886.7045850839677 5725.4103096951767 3157.9990863902185
vn -0.035563800637434563 -0.97501711836547345 -0.21926430393137239
v 9067.5845396681943 6097.9784105161816 3515.8553115513851
vn -0.83486190899627422 0.48284043743692256 0.26433067336731486
v 9166.565178209732 6145.3925336532902 3922.2800651929447
vn -0.91986982223129332 0.20801234168731877 0.3325212412071249
v 9331.7809086671332 6141.5334376649298 3589.702925231677
vn 0.89243485662045052 0.21477638574574809 -0.39677592015497837
v 9210.171684139319 6169.1524182377179 3896.7085469154399
vn 0.49419979522286633 0.86274238425653937 -0.10696794290355766
v 8605.1348878948411 5777.9580597613494 3143.0744463293959
vn -0.9143755909099196 -0.30757090187120767 -0.26328201433114901
v 8584.1510811234366 5549.4539637811695 3060.2973958266098
vn -0.22085777522604813 -0.35828013779402712 0.90711475899386251
v 9939.9910068128484 5784.1831756649563 3201.6433326567699
vn 0.7831174682066816 -0.56015818954909791 0.27009226880944565
v 8638.134192055124 5818.0084140474792 3047.752439895592
vn -0.33207331838551996 -0.93109228094145202 -0.15097839443997671
v 9175.4587702730441 6028.1976675405076 4184.8919768013702
vn -0.84012710503201871 -0.54224707233770109 0.012432213467899796
v 8818.4315668307736 5855.8247274651367 3116.5795747789944
vn -0.97319812408236617 0.071945724238677622 0.2184244126610756
v 9546.0477170809027 6020.6802644918371 3409.6675579090943
vn -0.52880086652837599 -0.25755116720470567 -0.80872556521377037
v 9361.6094705884971 6309.2611407962222 3635.8637345570069
vn 0.81321664932598192 -0.56160397013749752 0.15257674129703958
v 8193.5960009946775 5199.961555267113 3221.9136294701325
vn -0.11461745697070683 -0.10268932525499337 0.98808792171357018
v 9677.5282066986292 6318.657898026675 3523.8010148415124
vn 0.94911136402434459 0.20304749161205318 -0.24074745030820391
v 9268.6621620160713 6059.3169346904124 4163.5399586116155
vn 0.58411132953829159 0.8031100617098984 0.11759329694048282
v 8452.1566959473021 5497.1494704265097 3047.8738678864152
vn -0.40815440785097007 0.32660168633694026 0.85249124208621108
v 8765.3378738771808 6053.3643916048586 3116.7160063107067
vn -0.95737938383020316 0.081456577078577647 0.27710925907941497
v 9506.3430452156244 5958.4093763444071 3479.3047586241405
vn -0.69919661558812074 -0.50310594821100596 0.50794536874040119
v 9740.3790231982421 5968.8727936226705 3367.343795824926
vn -0.33106272027330114 0.72204488266023514 -0.60749375525136817
v 8424.98500593463 5605.2094939666586 2964.3274708128092
vn -0.90269387734571105 -0.2876835806305606 0.31997175068769124
v 9248.8094146286203 5914.7392288700521 3368.4950088580613
vn 0.34331794395204573 -0.63614231568425383 -0.69098172447353134
v 9248.2785582503493 6159.0314723140218 3660.2820458223941
vn -0.094716854232865688 0.38507777296401102 0.9180107985711865
v 9873.8973565679862 5874.192006040912 3145.075975838573
vn -0.36222835291854721 0.88593176293726927 -0.28968177671503342
v 8817.029594065305 5974.2135535253083 2922.5531287945855
vn 0.090559360745582559 0.6980974969940329 -0.71025269226664511
v 8288.5548691251406 5212.1987277712633 3088.1268041834901
vn -0.75045570574136244 0.013687153431051292 -0.66077900659084843
v 8980.5223678875464 5925.5464582618861 3103.332300457344
vn 0.99049927491918366 -0.13013860272213551 -0.044442439920659979
v 9724.1424768086872 5952.2271636487139 3353.5547142162486
vn -0.49832166273860667 0.60591833763188785 -0.62011167427072356
v 9231.4523636733647 6051.3425327301738 3965.6318954926037
vn 0.27037822518157184 -0.92896976577535983 0.25280583383881083
v 9842.3814463622675 5742.4748223031866 3159.0690638593001
vn -0.50072340320455244 -0.68889318400373978 -0.52412045802128426
v 8896.4331167753298 5971.2386032032837 2964.2359310490015
vn 0.67679849449566565 0.27739540342341523 -0.68190584981209912
v 9330.713818819293 5981.0334257453269 3535.3863421257215
vn 0.50770823421811284 -0.6849483220850765 0.52256879449500648
v 9836.541537713405 5763.3593106929648 3256.7135848913194
vn -0.31777703566381521 -0.94406795854085823 0.08805364990285533
v 8830.3465682289188 5975.9724010224545 3103.9633752924233
vn -0.85704771031348814 -0.37079710291068468 0.35774115044183913
v 9914.9707476008807 5904.5043408113243 3075.8393054219769
vn -0.048033369162775952 0.94161928619778301 -0.33323552527791828
v 9276.0871825387876 5986.9336502780061 4202.9838901152661
vn 0.54871318526403845 -0.62139814223185996 0.55926575896275488
v 9513.1318415399219 6381.8986527839024 3603.8923643718999
vn -0.37646268739093042 -0.79357601094670349 0.47803029177272438
v 9815.9851802029953 5946.7247592422837 3298.6338564290018
vn -0.044083754268980688 0.7163343135245247 -0.696363248511077
v 8814.0409119467913 5996.6678214439398 3062.0893416301469
vn -0.52655859414677275 -0.49798389649659697 -0.68901965556886757
v 9350.6196625824741 6300.7790834591897 3604.4647430468867
vn 0.73789754507825367 -0.6458486966511604 0.19592517449650002
v 9511.3095062505381 6406.1172976273165 3618.2834187990461
vn -0.27664804936570758 -0.89972327109941808 0.33758538508696151
v 9254.4368530116953 5951.5579894729071 3339.9884016429
vn 0.66319472703901994 -0.46883478999612416 -0.58340954201738093
v 9228.7060089588194 6052.4111330501137 3940.1299579532861
vn 0.11811623443170734 -0.98602150160693514 -0.1175166096025534
v 9572.6924006800036 5910.5025425965214 3453.6105635935537
vn -0.53449221384568257 -0.84183576417165018 -0.075037453980495411
v 8480.5865009879908 5582.4201201244905 3006.4915491719544
vn -0.3856180682446842 0.45718186536755773 0.80142588392332215
v 9199.9987307344127 6002.8021344869603 3660.2081961554495
vn 0.049186170287267614 -0.87432749237878238 0.48283760906033635
v 8982.941658542346 6066.0664895048767 3144.1267273941226
vn 0.036542835539203962 0.97263320502370521 -0.22945428663694598
v 9935.0988107780304 5787.9393036269612 3242.7086806320549
vn 0.87156685550971014 -0.48206106135606402 0.089377567102606775
v 10097.321130954117 5799.4872909236792 3009.9384703337782
vn -0.015173347537821166 -0.7379370919099717 -0.67469890907570784
v 10116.686868488516 5800.6821568531559 3047.8412798903428
vn 0.75914848049359451 -0.64487660016826232 0.088474601551460044
v 9346.1508212959598 5971.5450232439507 3493.2457568853097
vn 0.32122429320862605 -0.83958697633839707 0.43807380955218794
v 10021.746375614217 5769.2277097313208 3101.8185312135765
vn 0.44482889282799581 -0.82540317248402051 0.34761596476389517
v 8187.7555357948404 5243.6971455784205 3158.9947580017711
vn -0.097008627141291867 0.93298573184020928 -0.34659335025754739
v 8653.557586758332 5827.4992550806001 3089.4447970797828
vn -0.82952349533334291 0.55310171072071557 -0.077261039908686407
v 8641.1533026812722 5602.3020691880192 2992.1530177298673
vn -0.11115104412938291 0.40022545876913534 -0.90965104712850375
v 8532.8302968055614 5421.7037029708299 3020.1787307514219
vn 0.8137345843779652 -0.50379923232007162 0.28986610650596384
v 8916.7567360026896 5934.5909880115851 2978.5351501701984
vn 0.6706276252930089 -0.080013828099654585 -0.73746618600902558
v 8926.5137327887423 5932.3723652625249 3006.1495765665982
vn 0.91204726110490109 -0.041206568552048149 -0.40800957368573298
v 9128.2416092472195 6131.1922461680169 3771.2865518227245
vn -0.96613883349639962 0.25012629662657021 -0.063345008849104822
v 9275.56472385692 6012.3708029386144 4104.9329807479317
vn 0.75922362365248175 -0.24255700707673084 -0.60394170878154585
v 9168.2765391528701 6151.3516881608975 3481.881709580196
vn -0.18477727219365017 0.94290381097994957 -0.27710965865548831
v 9699.5702586993939 5885.5157673156136 3353.62225170275
vn -0.58711717009431541 -0.28629003036570888 -0.75718653388292922
v 8893.3199001426619 5866.289285480314 2978.0549019824712
vn 0.30969709939929885 -0.052076010715652384 -0.94940812916869644
v 9179.8498642551112 6054.9058122690913 3298.0101326451677
vn 0.43809274501588658 0.43364493226487044 -0.7874178176072989
v 9496.9224156148302 6023.9643339638642 3465.1665799920179
vn 0.015714248285078135 0.78014280907381273 0.62540407725825975
v 8772.8186483245245 6046.325839991161 3075.7756023084939
vn -0.93897115606834713 -0.20286524124100744 -0.27781083846369192
v 9582.4862093070351 6097.9419350152102 3382.7319310611474
vn 0.6643373691914134 0.69990450611051613 0.26227760526210792
v 9207.9924222304908 6147.0894729451757 4091.6565482238484
vn -0.6090623347278824 0.71403901629745714 0.34524101091959053
v 8870.7482429477022 5902.6273360676096 3157.151472917405
vn -0.76236938187956915 0.42057054110567305 0.49184687203096555
v 8816.7186165590829 6101.8854990132895 3117.5838817461408
vn 0.55451825247391295 0.79590907739558581 0.242977875932327
v 8762.2618080469329 6108.4826017901314 3061.6031057353548
vn -0.34628106396344649 0.81945238191620928 -0.45671349718635917
v 9561.7702978098878 6347.1097211420674 3493.1355619208421
vn -0.88044357223279623 -0.10760527630332269 -0.46177940688778946
v 8213.5303307989961 5224.7431657757279 3215.6253661981345
vn 0.41612612764343831 0.55899271674385242 0.71719327138492039
v 9229.0102031166498 6150.5927705053518 3476.2257856853762
vn 0.084877706657859944 0.96820696720763089 -0.23531052582301501
v 9975.4687628929478 5860.4624968019434 3172.8588214521051
vn 0.63862844050617207 0.28675366589735829 0.71409106567095537
v 8974.3680277449985 5856.9511110475341 3089.5898038202358
vn 0.94682981393674437 -0.31587376134651951 -0.061131582126689871
v 8176.9337920156777 5169.0695012707638 3165.2568428395007
vn -0.67219438880711546 -0.62802529374503979 0.39209556752491487
v 8613.0191049629011 5944.2243187203821 2931.7574945176443
vn -0.72879665444781505 0.6532919826901018 -0.20509759096222463
v 8913.5369294875454 5810.9445316305191 2992.0730414016884
vn 0.89385542454701561 -0.24805152954498441 -0.3734875080886485
v 9578.9986435641695 6037.7981101029 3395.0504693937128
vn 0.28072081792246023 -0.4380421100654851 -0.85399937482080301
v 8167.2547681275209 5151.8477793671173 3131.3605333396431
vn -0.4766874555573159 -0.66996094289631747 0.56914093571607494
v 9170.1267447880509 6095.884320797295 4175.6210415955156
vn -0.96693648712601932 0.25498256838909261 -0.004209475275495418
v 9614.0160189519374 6320.5102562571683 3562.7689357340869
vn -0.55940866960139501 -0.82761824745568147 -0.045934484357435891
v 10049.553000675885 5842.5838175743702 3061.8631481323773
vn 0.13003259674913922 0.94846768361965605 -0.28896466377714725
v 9345.4907795161671 6002.411701994306 3534.9116579506849
vn 0.69406308725263555 -0.46759177888988884 0.54738867290795279
v 8545.5414341578035 5566.2066999589088 2964.2276300960561
vn -0.062333738723505942 0.67356737349047391 -0.73649270083680674
v 8260.2822111170026 5167.0380586722686 3159.2084527096745
vn 0.75978602179572829 -0.64759355086100956 0.057860124153429518
v 8479.0713468253525 5529.4761198615743 3047.7872114578199
vn -0.59006099440480186 0.38492671460672651 0.70968968378023367
v 9541.7786352979929 6470.4005448770877 3647.950764814068
vn 0.43234914752482101 0.64111290045107627 0.63407291655595022
v 9323.3392309466544 6312.2143853948601 3604.5711544628448
vn -0.41908376027379185 0.17886986275683234 -0.89015412939115823
v 9050.125235213256 6078.8815708710972 3186.9456834610401
vn 0.79397045524411036 -0.20872868830597169 -0.57100197099268291
v 9918.4148143950933 5823.0839029137969 3270.8043048339723
vn 0.7777099872443991 -0.1668593505975981 0.60607353750057802
v 9397.121994830617 6384.6416421642743 3549.3911099776706
vn -0.73798340017631248 -0.42293879123859551 -0.52583579179230899
v 9516.6109902912976 6416.6152215046022 3631.9838241738989
vn -0.013725350355407262 -0.89380159615763832 0.44825251975162345
v 9185.2499435904065 6143.8002550983229 3435.4550084367688
vn 0.13358067948826985 0.94161067731054193 -0.3090720538033721
v 8401.1156932234007 5461.0631148122702 3006.0765229656254
vn -0.81300335956720693 0.41877271773462005 -0.40454288797801791
v 8526.1092476071735 5434.5796408176393 2978.6139996604024
vn 0.78950510964950416 -0.50912531475184619 -0.34274348384200992
v 8861.3894820404348 5726.8335834359814 3145.3573353949355
vn 0.46910979608953335 -0.79566412130397579 0.38321613390149484
v 9108.1555018533982 6104.8665215876208 3716.2576805484587
vn -0.96833344435426727 0.077206135041965246 0.23742273112927295
v 8617.8215742869324 5770.357724201871 3188.3073124334451
vn -0.48097997522194824 -0.51965909727202231 0.70612512068182443
v 9177.3000497083849 6103.3041842534249 4093.8987175075126
vn -0.95199630243551869 0.28461350471670388 -0.11268625950831498
v 8193.2071344505912 5107.3143360066406 3117.5082314781757
vn 0.27233777382716878 -0.9514775481880906 0.14325715423964627
v 8444.4825795987999 5460.6686039607812 2975.131195333197
vn -0.33170252907611769 0.18185606868346707 -0.9256899062253523
v 9612.5696371601225 6296.3994062998754 3521.5086412850696
vn -0.40639552955652603 -0.8674893435342782 0.28688832742190423
v 8937.6355160961284 5789.6373625263896 3069.0049259283587
vn 0.34206991481857379 -0.46494143638876917 -0.81658902399233957
v 8828.8687962155927 5966.350375015405 2964.3348720059857
vn -0.93108586005018901 0.35172236530361417 0.096801337593190734
v 9832.6709143952012 5772.0737052867635 3243.2378401679284
vn -0.49381572577616467 -0.86902007104847778 -0.030824423612750115
v 8893.9365611829016 6043.0271938708556 3159.3149530471355
vn -0.31685825309750781 0.19170638787579203 0.92889693093023618
v 8150.3465514999189 5205.7893369646463 3214.8477813363115
vn -0.89360549742575557 -0.060676283508466933 0.44473318247019544
v 8926.2822661794089 5921.1057824612108 2995.0107575604006
vn 0.97081373614594602 -0.016520359571553189 -0.23926505685113289
v 8368.1873802071932 5226.965977029944 3075.7277329924755
vn 0.63389408827991089 -0.7671147532149023 -0.098555772250132886
v 8965.5017695876668 5959.952761644061 3061.7512788243689
vn 0.94882273537590955 0.157255228574503 -0.27387261622834325
v 9059.5643694821229 6036.656490040752 3270.1856436837875
vn -0.059359935142140191 -0.92871334530540894 0.36601628427101052
v 9074.0878291863519 5957.0564681612505 3367.9811985641554
vn -0.82197991810602133 -0.56140631310707589 -0.095770380775782663
v 9637.9378878567713 6369.6599771597184 3603.5624764969207
vn 0.94312214516112725 0.21333219972031822 0.25497057059426215
v 9230.1751114310118 6035.1601909463479 3334.837350635592
vn 0.66437130220316476 0.61516966480732505 -0.42447268028662838
v 8526.0180844774804 5374.6869823430752 2896.4618603392573
vn 0.52837259539904968 0.65113196888208313 0.54483902166696352
v 9495.9917930530246 6427.8326584272527 3660.908743741315
vn 0.30742340643778243 -0.94696596285040191 0.093521732110783601
v 8302.6911269549528 5238.0986900784155 3140.5648515175271
vn 0.28284385126010442 0.29477706337535031 0.91274631673436879
v 8807.899463246511 5721.3233149409707 2964.1879468283196
vn 0.033178475836727644 -0.71177019916756201 -0.70162837194494965
v 9014.1853058927609 6026.2089045318926 3226.6323856948975
vn -0.62483684962940023 -0.74404735705160818 0.23658495685424069
v 8263.2828929831048 5218.1265913366424 3187.072813866871
vn 0.6098220259044147 0.48164396206514865 0.62939351007777389
v 8752.7623726326601 5666.9634603793056 3117.7623810032869
vn 0.39560948389256673 -0.42752977865801184 0.81284157411816016
v 9497.1737579695018 6467.3986706205396 3660.0304396657302
vn -0.2303885933516889 0.97230943882393461 0.039184834149393159
v 8819.3545679374893 5906.9690454726988 3077.8247058599036
vn -0.83894631316405988 0.18774249051926922 0.51080509089285042
v 8648.8447890641182 5926.2971472391291 3047.8688725489046
vn 0.27792864881456031 0.50580528922644596 0.81664966513105486
v 10123.306601653685 5832.0970819960094 3033.9008192369961
vn 0.88511283067692192 0.41995671307745558 0.20052839228464947
v 8791.6117318955494 5808.2337160851666 3131.2406956955974
vn -0.33302701839493709 0.89926668275784782 0.28357086997904846
v 8447.1348381019125 5628.1129859285165 2949.6938270543205
vn 0.24311689920238044 0.80977835674141696 -0.53399736541989617
v 9525.6262287817844 6370.5597025921243 3534.3417336303851
vn -0.31329086388807781 -0.93118477322548676 -0.18639676155250332
v 9271.9988241424799 5987.183845316702 4188.7891895642824
vn 0.29028530067364716 -0.95426327855361193 0.071526494510229369
v 8622.1212040835089 5475.1038430885492 3005.992914157724
vn 0.45542585767105737 -0.86290568103311516 0.21904582581130741
v 9379.7438165991698 5969.223177488826 3464.6734900206316
vn 0.44283566830629634 -0.87480145552292132 0.19651713485264927
v 9233.5258162881637 6094.3975973024553 4216.833469211113
vn 0.7530182274317071 0.58822742154645558 -0.29487632949495701
v 9664.6663616985315 6288.9500739739278 3592.5752580039834
vn 0.064094201340442455 -0.98856993898907597 0.13646028389852205
v 8827.1415601442714 5932.3447308817922 3047.7270781640741
vn -0.87375666334821478 0.4064202218668756 -0.26715519181231373
v 8933.2525533519747 6055.26261950956 3118.5749065387886
vn 0.38175343066547951 0.92144103770412522 -0.072185401639679125
v 8949.7542905393602 6051.607940677347 3117.6062415151291
vn 0.14499456104612002 0.98581733901977298 -0.084502966545660307
v 8695.2201008716911 5611.0091069081445 3103.5639647584835
vn 0.14266612113948204 -0.80821966239733922 0.57133821436461407
v 10070.451201655667 5784.8780465640766 3034.4055731322942
vn 0.10346421475371159 -0.84944055201138757 -0.51744169223593395
v 9490.9742324621911 6002.0494803417823 3423.5820703101399
vn -0.37750244342984712 0.11734992730391294 -0.91854281324620979
v 9531.0475204447157 6177.422149285565 3284.6461953014109
vn -0.0498189765941092 0.99663267907875597 0.065125821019139107
v 9113.306835743846 5962.372083573975 3590.8290043545903
vn -0.4636372367285716 -0.83214635092738631 0.30425805388999916
v 8221.2186661681517 5127.5513237530613 3144.7455412021372
vn 0.34777079130944843 -0.91865076039098092 -0.1874466781382709
v 8718.0081035568182 5790.0408201876044 3173.1844329303722
vn 0.50505196304849409 -0.34737842734913615 0.79009540109616094
v 9224.8222717693934 6168.7665269107265 3658.7930676103451
vn 0.19237680562361054 0.83693636214656297 0.51237553647196377
v 8542.4485958466685 5359.8344780422294 2894.6218604174078
vn 0.95703985113585166 -0.083941913199960722 0.27754004854470476
v 8815.0405695919926 5903.9260344899958 3029.5062007648185
vn -0.90228654643140871 0.32224189372888673 -0.28642477206921563
v 9619.6563363267342 6072.1276283037078 3423.4804435203223
vn 0.22247659110119958 0.9465797750775643 -0.23343285078603992
v 9239.7542266406817 6179.126888087083 3644.6266425259319
vn -0.12953302392908 0.75684186427423339 0.64063373950619507
v 9383.8320187466634 6338.6523730545359 3657.6010031457199
vn 0.63013187818511429 -0.44577451102739774 0.63578211787780325
v 8980.4341420301898 6076.6027427304116 3187.9149529241627
vn -0.70311213864376698 0.70124903935413607 0.11782658993915292
v 9929.1083455375574 5775.9719174309521 3214.8360354321767
vn 0.69258587415401085 -0.60244807376052256 0.39671290040098345
v 8754.0331384086712 5670.5760483887898 2977.9567393151287
vn 0.1138791115047199 -0.37406635488530343 -0.92038356683815126
v 8245.3303361737962 5239.1887450873837 3173.0249460604718
vn 0.50639711669968068 0.8109136787701231 0.29322511110366301
v 8336.5331229812582 5342.6852857938939 3062.1263298877548
vn -0.8512996215500207 0.52389283194797431 -0.028727251562288107
v 8333.1107489207789 5275.8742710760562 3122.8392608929898
vn -0.68034027511146489 0.66870308944579604 0.29995547707435527
v 8830.3674539324275 5671.1165429909706 3061.7207800416509
vn 0.48294336490292061 -0.78923371481897486 0.37930970154912386
v 9561.9143076426699 6343.3199866089635 3561.098059118598
vn -0.46779632178993924 -0.78486654775796116 0.40638787325694603
v 9890.7458500207376 5904.3898992072855 3298.0105834140877
vn 0.77862957393223353 0.62164541325359346 0.085398868721298773
v 9910.616753651273 5897.1067975318429 3145.8107120340574
vn -0.17856281460798679 0.98364265832520315 -0.023715858875473915
v 8476.06367971291 5415.0761648567141 3049.0149424361525
vn 0.52387620558949277 0.51440000416265497 0.67893030344403982
v 9914.0161377244567 5749.7102454754695 3089.8897971802235
vn -0.40881068844390311 -0.82630341056243861 -0.38742288872355501
v 9604.1545291717157 6419.0903428238071 3520.9533183918174
vn 0.27758293258062328 0.86818782733901478 -0.41133637330085732
v 9108.6614264250147 5948.296395180224 3577.9985720582972
vn -0.29174341037166113 -0.90574954216893699 0.30741429596795489
v 9192.1887636013125 6068.6218686435195 3854.273863291517
vn 0.276183268991957 -0.86489744293873005 -0.4191362727406952
v 9184.197211341314 6071.3423658384927 4007.818461867867
vn -0.93292945972520924 -0.35536967935372638 -0.057922484173755083
v 8595.6060803579894 5920.6162861502889 3047.6800457162535
vn -0.35777566495538887 0.43288892473027313 0.82740785131130901
v 9593.6539613457844 6318.7503176943046 3450.7840296859308
vn -0.21485903532877976 0.29792863971879135 -0.93009360850018563
v 9203.5955495568269 5919.0077494700272 3493.4481181016945
vn 0.1015994184159541 -0.80835721859700371 0.57985874600600451
v 8836.163131351188 6013.0344939259876 3033.8207992265102
vn -0.84558577763745957 0.088691645426714052 -0.52642044478606143
v 8627.9873355178279 5826.9674782910924 2992.4634890309462
vn -0.36315640824536699 -0.92861035779441148 0.076159218399741158
v 8272.1226435307271 5251.1504424971645 3103.4299702871226
vn -0.86181751786446537 0.35567404131515301 -0.3616165679784028
v 8608.1583844878405 5887.2000274649608 3061.7917514365658
vn -0.3627346147073342 0.088775262959689363 0.92765432785039048
v 9401.0757728065309 6037.8390860682866 3436.5782494486098
vn 0.48695229788769223 0.71703123626544785 -0.49874208344748661
v 9646.3489542394891 6073.0689645558768 3451.5580077499108
vn 0.17766294934593774 0.93763233390737855 0.29880007168858741
v 9248.2205242454183 5916.3605042524077 3479.358180549651
vn 0.28328847279289804 -0.84609544211591814 0.45151981574825317
v 8197.1759494514263 5176.0124697450283 3214.8650891757989
vn -0.35602161093140006 -0.67528115656401033 0.6459442484761232
v 10019.11550983159 5817.3806420893197 3131.3734868158626
vn 0.83730274795892934 -0.17782077343073291 0.51701439128608584
v 9688.1094884723043 6298.9980305790868 3576.6921050243782
vn 0.98908567113554635 0.14669012796634495 -0.013839852295571803
v 9655.7334428689264 6390.4513078635764 3521.3106186164091
vn 0.67231052188065632 0.57017329056615773 -0.47212390417507916
v 9587.137715646757 6119.7192646627418 3340.4501652978856
vn 0.89940689034550114 0.35656414690957106 -0.25284235155069507
v 9402.360049733441 6426.8944765700207 3659.0370357394145
vn -0.52177794172680003 0.76761264999737255 0.37218086878741546
v 8350.0029122551769 5217.9265273441088 3076.275060556954
vn 0.61453009959727556 -0.77511751952478458 -0.14678415314572466
v 9589.5641150076044 6247.9943011789328 3451.0567493653898
vn -0.55161076513642804 -0.64774392475267795 -0.52550297024051307
v 8855.5951350828564 5706.5617812988003 3117.4080105214061
vn 0.70122321294569379 -0.71202440514125376 -0.03615594154992785
v 8268.036300754693 5173.743588707337 3187.5078299507468
vn 0.84852050793713218 -0.35250699504623267 0.39465398269064317
v 8920.482301595006 6061.3530901477934 3131.8447125190687
vn 0.15517656009621386 0.98331301697959883 -0.094951281377267896
v 9059.2723582357721 5967.8095320127704 3493.0066670866177
vn -0.81509640900192015 -0.42100179855288522 -0.39796398033918895
v 8884.3451382349376 6007.298819162158 2964.2254799652528
vn 0.43854014788858575 0.72019640833037901 -0.5375868972713892
v 10040.929895274834 5838.4342209642382 3116.6260471144815
vn 0.68901339489154234 0.37703136104727075 0.618957102267091
v 8647.4413403022154 5800.2890825015693 3187.6865462909477
vn 0.12040474417996681 0.72707846662734488 0.67591390054191491
v 9858.4098118685088 5800.9340613376744 3316.1920096357726
vn 0.48427765103650167 -0.85017887969632699 0.20656967159984216
v 9105.5139496458651 6134.7742691085314 3464.8024802140585
vn -0.52608646143938231 0.8088331911182175 -0.26272020104230681
v 8897.9173584317814 5718.0232592911279 3074.5348932394536
vn 0.84993649634939439 -0.525507742144944 0.038073154834330609
v 8321.6899607300966 5319.0156382861369 3060.9912174306141
vn -0.84622927879598286 0.53204471414438059 -0.02871288664441312
v 9332.5471811865646 6128.2793566590699 3548.7464903932241
vn 0.93120073134824266 0.18004526137653071 0.31693674730512833
v 9352.3403918624081 6293.417058787556 3647.601257230177
vn 0.99762855895780767 -0.06389910836820685 0.02557659675399385
v 9080.9283612873623 6106.9876688452823 3563.096251973835
vn -0.70133220596155943 0.71001875541066606 0.063296949738367844
v 9262.2483472012045 6138.855798177774 3452.5937500449118
vn 0.22659278971392904 0.90287196338981646 -0.36534630882804464
v 9223.5325560727979 6177.4544811247479 3919.8929450585738
vn 0.26736887915290619 0.93765681838713189 -0.22206659675115431
v 8855.3145820332738 5994.0387480082281 3019.390172273459
vn -0.94001004444266323 0.31992162678412367 -0.1184536578696591
v 8668.2080550704613 5767.2025255395229 3075.4853582084143
vn -0.69820456594293023 0.14243473343194776 -0.70158586844991
v 8729.305507907764 6123.8028667718681 3099.9777319979039
vn -0.49965551277464071 0.65908019762243164 -0.56210111337364133
v 9516.5144487346806 6465.0111661380934 3660.7331631984812
vn 0.29220547542885178 0.76284350626364927 0.57678916865764773
v 8659.7224993838736 5850.6509669762063 3076.3697848374454
vn -0.20141278419421843 0.6553862344714031 0.72794352392787198
v 8346.1845921373406 5337.1727714533299 3075.9733493594199
vn -0.59699343824667939 0.49991326421081955 0.62744367313448257
v 8624.8140562227036 5833.504416079797 3132.7994510097428
vn -0.67572326760938117 0.69845121115205755 0.23572011210655017
v 8766.6132456555279 6045.8640788668326 3103.6072524426859
vn -0.53967103629407254 -0.82130665916689627 0.18496092612601678
v 8685.614301743577 5955.5821071873979 3020.1843358435922
vn 0.19853004466647195 0.92268716929416184 0.33050598933250125
v 8620.3677698329939 5545.0772949086477 2964.1849327013306
vn 0.45726317055562832 0.52018519491548476 -0.72133054548116393
v 9174.7059320486351 6163.0980675794435 3805.1446124597555
vn -0.57780033943092235 0.79242922913821612 -0.19545507044055771
v 9227.2053659556586 5925.2672499082291 3340.3366266007447
vn 0.40156153141609041 -0.81255083565276132 -0.42250381769489781
v 9129.5959426372228 6139.2663182637607 3704.2709844313426
vn -0.85337698783053761 0.22622799769062729 0.46964732481104166
v 9057.8530580230326 6002.788262910035 3479.2893312434594
vn -0.91523568459803284 -0.40229392059155922 0.022433080337807779
v 9286.2792149040615 5979.7461596194662 3368.2976100047144
vn 0.75847610525955311 -0.1050458569119576 -0.6431791085661378
v 8291.09249492456 5233.2775262368086 3077.3524632827434
vn -0.97880188025917747 -0.17963786027091463 0.098372345496008179
v 9205.7795277814384 6097.1693417317701 4271.658035104595
vn -0.90011485584133499 0.14952826225011923 0.40918766487052383
v 9751.8511978162896 5911.481841277393 3326.1532306589797
vn -0.81169493087433664 0.3727801226605465 -0.44965133085769216
v 9132.7627720100063 6042.6755619817777 3728.625369304857
vn -0.33985123849032833 -0.8328215376465461 0.436931827781672
v 8362.2157962720521 5395.1406546597136 3033.8557053486784
vn -0.72792362669396204 0.52810227185808845 -0.43730445248023125
v 9201.7344042327586 6005.8929632825202 4118.0646991104604
vn -0.34059645519250004 -0.91338230273713761 -0.22299512047779713
v 8179.0039532192714 5158.1724272528481 3159.2780899357745
vn -0.71726801466206025 -0.25668491310827279 0.64779584015748748
v 9731.7876582710014 5848.4425561619792 3381.8981297312007
vn -0.36291462321343693 -0.850731253989509 0.38019640942976674
v 9546.9357300961383 6081.0305055662375 3353.4156600534325
vn -0.37114184713740939 -0.88572043121284871 -0.27884233365032118
v 9540.6401287084664 6082.5115569462068 3340.0108680245294
vn -0.39410522351013083 -0.82321401656133164 -0.40865603597523109
v 9083.57793428273 6081.4360704882511 3228.4436457910429
vn 0.90131576455240348 0.15535740314083024 -0.40434387575262487
v 9868.4503625331236 5889.7438745606169 3214.4873611174785
vn -0.11929234196850746 0.92962573174085539 -0.34866220906910445
v 8629.1858319093917 5754.8631309906013 3131.3283874506128
vn -0.43648635478002468 -0.79734155960754627 -0.41680462978888827
v 8923.9389663514758 5790.3052209466641 3119.0505593260168
vn 0.86897380642619659 -0.46412942412279756 0.17166362867132756
v 9225.1704061879009 6147.1916075221025 4009.0457283790656
vn -0.31850987529007996 0.82731628814583724 0.4627085677954233
v 8631.3959379541029 5670.2692620232583 3089.3048947720254
vn -0.58999869441411446 0.45657123267755007 0.66591609837947541
v 9093.939766966314 5948.4327846346841 3354.1422597706833
vn -0.58030683332176114 -0.75777496416609458 -0.29836401070360935
v 9031.6268735433005 6096.3927681232017 3325.5723960902378
vn -0.82195041427585658 0.54753566781929497 -0.15685091309082871
v 9952.7089692323752 5803.3415284551347 3204.5017990851679
vn 0.8761534028632022 -0.38395945729969883 0.29142812115743388
v 8778.5530672751611 5802.0215802245366 3087.8159520870036
vn -0.48963471006598497 0.84993519684442231 0.19459704998697147
v 8535.4110069552589 5579.5471652002016 2994.7015536139984
vn 0.82787396669011293 0.55976660783646759 -0.035861400251973548
v 8443.1271712298676 5322.6630852238914 3061.638656037348
vn 0.5427211812172632 -0.78268071856823329 -0.30473695581542537
v 8673.8921153628435 5714.1193683660476 3047.7181019458867
vn -0.64019545228151364 0.65801064058194825 -0.39644896236338228
v 8516.1393952441413 5578.3108829532484 2983.807888591622
vn 0.059962031163243175 0.72494508344901254 -0.68619179593017765
v 9597.8529947817442 6073.948932432736 3410.0859129809724
vn 0.75000763153529482 0.64701146461646508 -0.1373488889422641
v 8917.1625071666203 5995.7472129788221 3020.1639746605374
vn 0.69905114966028881 0.68688842040603904 -0.19877572304163529
v 9208.9328855307194 6169.4197730760798 3952.2407083411363
vn -0.54112543690778825 0.76105466332720284 0.35774161200407367
v 8278.2736891647728 5257.3730426659931 3103.1525982772037
vn -0.87418267376618164 0.27527958720122891 -0.40003225089651268
v 8624.2729471153834 5478.9653911980422 2991.9847490983598
vn 0.41887863678504195 -0.53806263246178021 0.73145696468992916
v 9170.9388986872691 6157.8446547049098 3888.9895350109482
vn -0.89947010326420807 0.4015800316379417 -0.17229919188302834
v 9265.419098034421 5946.4917641944339 3534.7626533042535
vn 0.30740654170274051 -0.83024188877382976 0.46497271343985874
v 9098.9362132019305 6126.3215591575909 3338.9511954826157
vn 0.053197477029950757 0.96101070320641158 -0.27134564076167866
v 9157.1333596216573 6080.7263759549205 3300.4121297916208
vn 0.41576492196565756 0.78579788262578654 -0.4578877780894805
v 9599.7879010589168 6483.8643083459847 3649.7280801476936
vn -0.73134473286747426 -0.077218429558654905 0.6776224581900292
v 8680.0950821009192 5827.1726009561335 3159.2424238938902
vn -0.40169584704772343 0.74115985753172198 0.5378870811315043
v 9202.2489440052723 5995.2639638754408 4160.1071384013321
vn -0.61394535155209984 -0.75643816752959325 -0.22554911662881641
v 9359.3539702484613 6362.0700140976824 3590.05288176966
vn -0.65682176689217797 0.41037185949936322 -0.63259790030292717
v 9187.8620476142023 6101.0497755760289 4119.4682017069354
vn -0.74046992961071256 0.58167121138276545 0.33669405279988623
v 9127.6724425646989 6017.5468888850155 3689.192883046408
vn -0.50507150836607739 -0.79916196528285999 0.32594926703714505
v 8506.7161231679765 5553.6594187917599 3047.9625171656062
vn 0.25771262044481791 0.61713872287192906 0.74345410214448981
v 9205.1076790222687 6117.8042734107439 3397.2713220024079
vn 0.46920276847136799 0.87341333392308651 -0.13037603377984311
v 9930.5793439667505 5891.8738988307987 3177.343117258215
vn 0.10988323066018783 0.8801917247607568 0.46172308073385737
v 10016.934482273675 5858.3718864639613 3117.2576469556898
vn 0.68094031428900437 0.72833652925804615 0.076460372248213421
v 9411.8878590040804 6366.8856303395632 3548.7739557027876
vn -0.52642763505549828 -0.83300808932294235 -0.17021007071385591
v 8448.3223193290032 5536.8846961903218 3020.6223588365724
vn -0.71084640247861586 0.63224557733270825 0.30816054586276964
v 9461.4779213848979 6375.2157960504228 3587.2918279521095
vn 0.39638223880352441 -0.90148412662703536 0.17380302126429478
v 8766.3013504648425 5934.2317138966637 2950.1732794048185
vn 0.86908975615259587 0.26814387003793483 0.41567037507104182
v 9202.9665935649828 5944.9901863519026 3576.8378463448325
vn 0.33626730965756352 -0.93446053158158882 0.11708036287917262
v 9678.9783633869774 6032.0555735805428 3409.5770253460209
vn 0.37724207650736524 0.6145992864411185 -0.69278866389287819
v 9257.7680565352475 6205.0534201782339 3562.783074355807
vn -0.42435027642306355 0.9045227784996791 -0.042016497651398511
v 8912.2759271581381 5886.8738005502182 3187.0818655986272
vn 0.11951498167903973 -0.31457149562389697 0.94167985180484959
v 9071.2856882265678 5965.4370514574548 3479.4069668480711
vn -0.94061808991796547 -0.33818190937135667 0.029506017911970966
v 9884.0440481425376 5883.0756215104084 3142.6637736102462
vn -0.5832364156977462 0.76505603791264809 -0.27299183551426298
v 8648.5437391955293 5789.6474512816676 3087.2776043347576
vn -0.86165178928129982 0.004129230414304989 -0.50748314601030864
v 9202.4577616623883 5960.818343698129 3604.4741221617737
vn 0.079905005637173926 -0.76664657922181711 0.63707787015529682
v 8198.3999285309783 5229.379509396359 3117.7169118330062
vn -0.20120375166864155 0.69864203170715811 -0.6865976710174293
v 8641.3086410073956 5842.0938891987298 2936.4374075307105
vn -0.2600038502083592 -0.857018502734475 -0.44487895415223655
v 8408.1286044576937 5463.8599567839519 2991.6023583962096
vn -0.76117811801929058 0.36369220385264756 -0.53696913645517397
v 9252.6094802186162 6128.395247957942 4077.9686720852487
vn 0.77229748186737612 0.61778424361474193 -0.14798387696864551
v 9142.7920683632528 6080.6126010407397 3867.7453815070517
vn -0.93004446216855985 -0.3672147920173473 -0.01306119876775678
v 9832.5375703696409 5740.6170690613035 3174.3118483392959
vn -0.59177780979517269 -0.80353763604430639 -0.064236214819650819
v 9617.2890185196939 6429.1469102201436 3552.8487264220171
vn 0.53822626480811653 0.84246935288362079 0.023619426804147307
v 9602.0436302692833 6024.8739575908039 3406.001465261078
vn -0.095799962698088589 -0.17220494583651211 -0.98039166855726012
v 9292.126759009243 6002.9372050538004 4202.9786346554511
vn 0.83373347494645555 -0.22357747433668304 0.50487781266652809
v 9178.4225286491474 6072.2435323474128 4091.6420162145696
vn -0.97468250327556438 -0.15940939239731278 -0.15678859468723896
v 9172.9602444886077 6151.8707327137899 3898.1266152916719
vn -0.95602846339417769 0.26133107165450087 0.13310014338113177
v 9669.6190638523221 6244.3799891482959 3534.7140420466703
vn 0.0062518971357092504 -0.99963304034850453 -0.026357132351787545
v 9170.4635174955056 6031.8472715071584 3284.4459424663937
vn 0.41418426722692891 0.12713826746532916 -0.90126980074093588
v 9791.4790245984859 5854.4062976355526 3248.0088763688082
vn -0.89605480211633104 0.15794460159918636 -0.414896727427365
v 9870.0596659332405 5839.691963594034 3332.9237793990337
vn 0.67311852018280693 -0.30177155857378241 0.67516322783669003
v 8734.1162780112827 5983.1086773363641 3075.9593328453675
vn -0.85390008306527942 0.19004265696604894 0.48449812865933101
v 9179.9195035312332 5986.8634311731712 3646.3510339709446
vn 0.096786438583987486 -0.75039700320998048 0.65386292361603482
v 8658.949714737204 5966.6446736632079 3015.7415249573346
vn 0.14073867090164882 0.85894392602486191 0.49234942719356733
v 8742.8974208870241 5613.0322121222307 3035.3488462208461
vn 0.51947225657661922 -0.79631776920910713 0.30988156622978774
v 8907.2720182869816 5731.1689882460423 3103.5603342620425
vn 0.68725368327911784 -0.70486591638958229 0.1756314742053951
v 9572.8057661576822 6336.0641230138935 3535.2860510121809
vn -0.44537637017093218 -0.84794446360222653 0.28745447559517506
v 8437.0499139257827 5589.9867697555273 2978.2987926807423
vn -0.99166929215155264 0.10989977446365624 -0.067186714285460358
v 9577.9499415311111 6490.8857052640888 3618.2711712572045
vn 0.57069329470343833 0.65078628403006566 0.5007857584824803
v 9782.1048222148675 5967.3939330301246 3338.3959058435157
vn -0.28624072250887933 0.93058274530319729 -0.22821481748904754
v 8923.2834880462869 6022.252555420072 3033.7935385118949
vn 0.33165585718366675 0.61522171246410218 -0.7151969217694556
v 9413.1617559055539 6432.9523727568576 3588.6416699240726
vn -0.61058136802404661 0.78201618937484474 -0.12506427378564458
v 10019.330361033486 5853.7989133594183 3131.3110672824182
vn 0.76435912747232215 0.41787291540545729 0.49105738037452817
v 8227.3047159553098 5139.8242565592063 3186.9082872574595
vn 0.2911071571663727 -0.90193952393915588 0.31900112570792261
v 9963.0630337495204 5831.9164457195038 3186.9871654630251
vn 0.90717110424043168 -0.1951913960279498 0.37274777872960663
v 8736.8701182984769 5857.2231767757712 2978.5343479955873
vn 0.83437007635602045 -0.50394018505095017 0.2233178577106244
v 8885.8020925111632 5931.6198220412143 3158.8319674806867
vn -0.82603789596678678 0.23657280050675591 0.51156104668666336
v 9207.9017888952949 6167.3012218311105 3868.826020424598
vn 0.37685491148561689 0.87280243908814004 -0.3101552482402346
v 9618.632110296945 6495.4309051402715 3617.3851098534137
vn 0.040864528399157898 0.97448620000830255 -0.22069602695130933
v 8474.9840741593453 5620.3080622934285 2992.4022256243934
vn -0.21556043249408574 0.97282209994885716 0.084562768367989677
v 8481.5873836189276 5571.6186069033993 3019.4674782911461
vn -0.68278510525410485 0.66404272846288048 0.30471585915195509
v 8665.2142881663312 5750.6278541072061 3172.6350768588145
vn 0.11054887805936957 -0.96798824445539278 0.22533908705766356
v 9386.0469775538822 5976.7110855379151 3437.3833373637972
vn 0.3426446294802053 -0.76078797415998478 -0.55117720949066751
v 8431.1255851044789 5542.2235325255388 2992.2592033012197
vn -0.96711452045467239 -0.24483097264334511 0.068900647023396364
v 8317.2539332237866 5194.0640805646399 3061.6222850112786
vn 0.71495133325882831 -0.36572691829534837 -0.59589295373045947
v 8772.7542645174053 6028.1124342730354 3075.7831688074134
vn -0.68873514672514669 0.3162595532963236 -0.65239849219192736
v 8572.2230488970436 5612.8773962112537 3031.5186672550199
vn -0.055260497522636697 0.99781566030503377 0.036196484132855859
v 8932.3875020824435 5896.2024140044741 3006.0519953979519
vn 0.87343114854141768 -0.22938058813196338 -0.42953762878920698
v 9559.1602632888153 6101.8357874087724 3326.038180643447
vn 0.34161600346894094 -0.7996696523836071 -0.4937883688692854
v 8467.2843069055616 5364.4952285868412 2980.273798051277
vn 0.19538905290309233 -0.91298016435988705 -0.35817640554763802
v 8512.9223985396711 5407.4573762730197 3005.9858085445776
vn 0.88379847953708845 -0.46309363958299082 0.066667297423171873
v 9406.0053842156121 6424.4480203219327 3604.6693442256128
vn -0.55474151854229747 0.81676987421513214 -0.15858379545206694
v 9899.6842507957354 5793.6593588697433 3270.7708405956246
vn 0.33285336069189797 -0.40768527268265781 0.85029486574586366
v 9059.6180010788812 5961.7144584376656 3437.4952211770169
vn -0.95462328280893194 -0.27588820824287297 -0.11216097570739619
v 9046.0053942522027 6044.3270788290574 3493.1404107584481
vn -0.91429182540064291 0.21238740773550263 -0.3449087517604526
v 9334.3050432423988 6254.3276665923768 3681.1119034564954
vn -0.0097094313782446432 -0.056000924545552944 0.9983835051684069
v 9254.5972615980463 6063.8215958337087 3980.9297969283771
vn 0.69477614285738609 -0.71826990137811186 0.037073711582337028
v 9243.0470707609893 6067.0345301654215 4194.0549163578016
vn 0.69231870406763707 0.71959768806920921 -0.053609507772002941
v 9240.9609653200696 6101.2998585299238 4111.2274806463802
vn 0.41187011545044994 0.79148561780244342 0.45156785183482401
v 9275.5398654137243 6146.5203186003628 3483.3357058536917
vn 0.14307998592666121 0.80646557646880579 -0.57370845522622649
v 8659.5571913681524 5829.7616225051515 3033.8824724639853
vn -0.35614399091244492 -0.91479091047648009 -0.19057556991012506
v 9555.7383643070807 6143.4285754568482 3354.2916245414253
vn 0.64317176597471515 0.5751133959738336 0.50554392610772281
v 9938.2723568788388 5894.0413134569608 3159.2680230729056
vn 0.21185294612089264 0.9188728857143631 0.33285274389564107
v 8967.3275027091877 5844.650015098483 3061.6160712699825
vn 0.94188817523169099 -0.27194506650235917 -0.19721193210285964
v 9272.7495646686093 6226.444104983837 3604.5440744480484
vn -0.89573276360112331 0.44439519288068208 0.013256272328058502
v 8583.3117731577549 5496.4081678841194 3032.7403072791421
vn 0.36096594395433607 -0.5360278307115377 0.76313678459882806
v 8935.4214082213275 5791.0223272222047 3103.5139428079592
vn 0.90005136848913858 -0.42321911796589889 0.10388990455763961
v 8915.4409704238205 5979.6061656163547 2976.7081015906306
vn 0.72367390692968681 0.29855844828358263 -0.62222096508203772
v 8732.423169297459 5852.0806379420883 2922.5875366798596
vn 0.33498209717920174 -0.8239794840553426 -0.45699540963265173
v 9973.0394702584454 5751.9026895728075 3075.6776153968731
vn 0.11024919651260968 -0.9805018484111383 -0.16266911179036164
v 9527.6782998341641 5942.7458415446781 3466.3020633007072
vn -0.57803325067832223 -0.80359660426784618 0.14180993871883124
v 9106.4346031728128 6140.5366098729173 3497.3275935089041
vn -0.52409125529330747 0.85099809099045087 0.03362447405824627
v 8130.8780569738465 5211.9773325548304 3157.7649169016008
vn -0.80786605479272844 0.18295638151713567 0.56024940872417583
v 8810.8970230630766 6067.3882167878046 3046.6764082940276
vn -0.36971659735051876 -0.21527132351662503 -0.90386276331916393
v 9041.494535169255 6077.0468105414921 3394.1053363243586
vn -0.96559895770873461 0.16880171771788513 -0.19779947666082692
v 9660.901164312987 5925.9455654382764 3382.2013414334078
vn -0.40889706998583031 -0.0023893228694220332 -0.91257738153716517
v 9924.8846311176676 5788.3467841734455 3256.6424673106012
vn 0.65071261610220876 -0.4836685294285889 0.58535275252261842
v 8776.7901051133922 5635.7751264828394 3033.2515012347444
vn 0.58473958287557981 -0.76391383045082395 0.27297487039001023
v 9961.3110058369712 5777.8927900885037 3047.7422033854418
vn 0.052805382624787116 -0.84291170944391747 -0.53545442536987464
v 9873.3055145705039 5879.5273191704691 3337.4859083059268
vn 0.71925367672678453 -0.073924815762288418 0.69080335127264259
v 9178.5059307421452 6080.6021568971018 4119.0402270692448
vn -0.97980141525855069 0.19293842574930287 0.052573287197222637
v 9965.9406649832381 5767.3104162450772 3163.7308351354413
vn 0.58425311474593045 -0.56736598353055745 0.58029659540797052
v 8768.1111001193603 6120.573731986402 3114.4805538141686
vn 0.27601378235453772 0.96056036081040441 0.033766628350008342
v 9479.6871336722306 6423.0216688278651 3520.932267097739
vn -0.28152408516828331 0.48254613952334841 -0.8293934004447312
v 8706.6760929393149 5910.5042864334 3048.0381490879799
vn 0.34301695311827651 0.40723080615434776 0.84646467167409545
v 10127.943131020558 5825.219030404478 3047.6165824406394
vn 0.98051439058255974 -0.065833947311173729 0.1850876042363217
v 8511.0297920557623 5338.1190516499428 2894.4574555416748
vn -0.29955824166165607 -0.90970046571005414 -0.28759332839877844
v 8560.5128170900789 5893.3639421626567 2964.8051162177399
vn -0.93023303111893385 -0.27390955728871147 -0.24421314919795509
v 8546.778735703072 5351.0206512550949 2866.890646814109
vn 0.42906252451227972 -0.85876421358067379 -0.28005245139494117
v 8528.9887631095098 5341.7993735340515 2894.4973985495999
vn 0.46566474786936091 -0.87949463337117006 0.098211671725288385
v 8524.637041966409 5351.9984763710208 2867.2370371489415
vn -0.11339200731340217 -0.90437589913013594 -0.41139577750627843
v 8733.1706070153905 5762.5138489155161 2991.827434823404
vn -0.49261016461686458 0.70361857815248463 -0.51210948262536726
v 8528.4109931603962 5584.2182029224987 3002.9682014861287
vn 0.11123804697056455 0.88591732536212908 -0.45030721683022801
v 8638.6339157340117 5634.8820106547719 3007.1844340360403
vn -0.50016177200371936 0.67784830869487833 -0.53885051009124263
v 8953.4344269848389 6037.4289202973541 3061.6085194437151
vn 0.32227001185327664 0.83357541410394398 -0.44865807522157386
v 9061.4209684775251 5984.17233760401 3339.6340237408908
vn -0.70319594404836261 -0.50536071752842837 -0.50012599357870235
v 8737.0819126140923 5785.928978956882 3117.4141752899327
vn -0.33269887386592834 0.93847461135579102 0.092611355507519158
v 9564.2517630414986 6376.741764815506 3479.3050112355559
vn -0.66009724646556722 0.47868594162346878 -0.57890534157203044
v 9548.9345217526552 6053.762347355665 3395.6432796261665
vn -0.94243203274349041 -0.32288217992416529 -0.086999779001970368
v 8513.1165035449194 5339.3468899432373 2909.50191646444
vn 0.0071125717580030568 -0.79609566737920501 0.60512899426737554
v 8649.2133078108236 5841.9570868315823 3129.9323614725254
vn -0.66205611443105195 0.73097215671387095 0.16541283944582438
v 9203.9952023807909 5938.6452415367185 3326.2064479798564
vn 0.20550491223950401 -0.82984897799455992 -0.51876623325619231
v 9809.7066933185724 5770.5311019214678 3195.3795122128681
vn -0.88581822688758483 -0.45671719598872923 -0.082069920201787869
v 9170.7619261100263 6156.9329858444262 3715.6199257573635
vn 0.2870528337009593 0.95661422310292732 -0.04989888597385872
v 8391.4859748604704 5255.6244849038794 3047.6153165029591
vn 0.57351133449707925 -0.69469666102566341 -0.43414432895429339
v 9065.91352811461 6057.7480553962041 3534.7923671245098
vn -0.96018940624925231 0.26436993093250488 0.090248788055301385
v 8995.4748924183696 6083.5794377939146 3199.6912428886944
vn -0.76995141785708854 0.57274282758681549 0.28131915609804908
v 9293.8018571994617 6028.2405364913002 3381.6820514545907
vn 0.64928753737279865 0.24929166292056643 -0.71852582459551539
v 10132.244864953038 5808.2147784510234 3019.763267068226
vn 0.72824170119869203 -0.42866709081818927 0.53470417043885599
v 8881.8548146197554 6058.3480038197122 3075.69399211065
vn 0.21591904089153569 0.82383366557130067 -0.5240964217124876
v 8612.5336629770482 5799.9766144052428 3134.7816943496473
vn -0.92981258172488113 0.27221412336997441 -0.24768535262309652
v 8674.0075631337677 5803.2936241726165 3173.2536549319843
vn -0.21544558793761195 0.69059075156042926 0.69041119088367797
v 8811.8096426547327 5838.9435461340763 3090.6228898766203
vn -0.90041305692834506 0.42436196596023351 0.095777078465144286
v 9310.0300143377663 6163.1350936148774 3646.4418877777007
vn 0.36141939187177169 -0.52107986104933168 0.77320876973030239
v 9185.0228786521584 6091.7169396824975 4161.4314293867592
vn -0.6784855498760104 0.5827163297264113 -0.44732430928759953
v 8635.2902908865635 5926.2163432155467 2908.5094879000062
vn -0.50920503184358512 0.20087538706796831 -0.83687473041995208
v 9488.1593146264713 6464.4404933052101 3632.21213409556
vn -0.50252557113724039 0.86228360565733564 0.062729847503202374
v 9065.4946163823824 6046.5489583781855 3214.484064277483
vn 0.82804789945037649 -0.3712431726349617 -0.42013710022770795
v 8749.4379793162807 5770.5260623244612 3006.9879320430264
vn -0.10875749849377139 0.97981761188908068 0.16771778067144844
v 8711.4532200632311 5608.6302852364497 3048.148431590595
vn 0.59430531461871672 -0.79149184174230547 0.14262488377320912
v 8606.6815708628346 5858.7461471878778 2950.3374490727947
vn -0.44678257096365281 -0.72451327112843422 -0.52484841072626365
v 9261.8220550960632 6086.4064737736571 3938.6390309201443
vn 0.88201919639717952 -0.22746765654252357 -0.41267493552907503
v 9177.0042844024883 6035.8300583191804 4147.8900717273809
vn -0.98907309864108539 -0.1438582773560769 0.032236649650110721
v 8913.8221454222057 5768.4810762327998 3146.0219455724455
vn 0.71379691939958434 -0.68030188966705663 0.16638298221601641
v 9658.828389403734 6349.2106943959225 3507.6392243846481
vn 0.72194873477262433 0.2377200701803055 -0.64983012595114231
v 8759.7821882287153 6102.9057789007875 3075.4571806460681
vn -0.73125394320216408 0.66826028595822617 -0.13673280792229825
v 9116.1120205939405 6137.6170769935279 3381.5773549943565
vn -0.16297764880847623 0.98658813682499091 -0.0090627956533190866
v 8718.0363593129732 5954.6728727394038 2978.309897139673
vn 0.65684214829457122 0.70765686909370307 0.2603462076702292
v 9929.1050872995984 5735.9248197968282 3173.1393685264029
vn 0.45129878402091528 -0.80754805707601418 0.37973088240752534
v 9185.8190837547372 6099.23857231076 4188.9828811082725
vn -0.67925389508679657 0.60124268719733998 0.42085790606941981
v 9896.1207964645037 5735.9254684879224 3103.5769716297082
vn -0.18118884105610053 -0.84290534413827878 -0.50663713316325032
v 9262.0979175573721 6102.9798558159264 4035.9324738733762
vn 0.95147029708075637 0.07086612403816242 0.29946997551818966
v 9045.2793219629039 6049.1651845401411 3466.8851571763244
vn -0.90701519324523605 0.24627275591371325 0.34157454371918866
v 8899.3878109001344 5770.1279199678047 2992.1556401836838
vn 0.80158107260684008 -0.53088493500683009 -0.27500721776211895
v 9048.3644428495718 5978.5961980550574 3521.4671264461899
vn -0.91245146897706675 -0.24822368747161422 0.32529573888937957
v 9175.223060002174 6148.1838835774079 3966.8169140744085
vn -0.81574855402225754 0.54778233542057442 0.18571163025448079
v 8840.1066841308384 5957.1221027725414 3062.0771369223016
vn -0.85304909718088373 0.18016212829271236 -0.48974365266731079
v 8710.6700498781574 5832.669795359574 3018.0991643642119
vn 0.075582541449473017 -0.99557578100477029 -0.055822430122490073
v 8714.0715764417619 5823.2839995721988 2999.6303266406539
vn 0.41007880550623227 -0.91058900284335642 0.051604662340950444
v 8369.9946195443717 5409.6617347096471 3062.3617374491705
vn -0.59185203235384121 0.42855050374600107 0.68268267704525532
v 9182.124269962922 6174.9233658105486 3659.8339243087266
vn 0.069239014438448279 0.95133855089312158 0.3002680809945803
v 8896.3514734083437 5953.1298264504103 2964.2239261337058
vn 0.65809650155780541 -0.21982874187517099 -0.72012798784865795
v 9151.054869118605 6118.8134662085595 3923.7143884794677
vn -0.89534668200412593 0.3605018572070729 0.26152003742438901
v 9360.1542347426712 6007.0076590206709 3521.1227036064192
vn 0.58436750302627505 -0.40942033550479734 0.70063514776378122
v 9351.8814487959844 6296.3422023959783 3672.8105837339617
vn 0.77704668212099359 0.020174178262442541 0.62911958826298731
v 9894.9927031579009 5908.1524488826799 3089.6283835646332
vn -0.3147937015171115 0.9415580733235257 0.1198887819791572
v 9016.5232057716712 6107.3278636355335 3230.7946999806645
vn -0.52211907383993506 0.83669133529947881 0.16534594693340254
v 9066.6756430251062 6100.7691029162452 3200.5149576740951
vn 0.85039690680982849 0.43977366172150772 -0.28883252473420062
v 8873.8556999739521 6072.1943420416865 3146.4616878580491
vn -0.078820194254653239 0.71793583708176434 0.69163249693125695
v 9184.0601021601924 6156.4908144622559 3701.7430741924745
vn 0.17386147762207399 0.94709456028824157 0.2697852488026195
v 9253.6179064084972 6110.724740901137 4048.1036415890794
vn 0.86283581068894044 0.34443684697822458 0.36996975854312447
v 9261.4346584891537 6079.5001075054533 4038.9040068189825
vn 0.97117824271075248 -0.14389293636991218 0.19002011406190425
v 9172.1617555246594 6065.9459277495762 3885.3285591838235
vn -0.267026364715168 -0.94634598424831684 0.18200604013077784
v 9918.6684051868688 5884.1942820250242 3230.4175626595434
vn 0.51449833039974424 0.82307136650807022 0.24050986185687578
v 9681.8057733532532 6292.1095501336458 3590.8045316767557
vn 0.75492461498931185 -0.24632699650036721 0.60779259330658808
v 9715.4743289067337 6036.4397565437994 3451.4085971914301
vn 0.61099366539173838 0.77918174571478127 0.13986617888551259
v 8602.574647332629 5464.8883183431826 3006.3899682214214
vn 0.45107519732592805 -0.86516620996831228 0.21913145709012447
v 9282.1675447676716 6109.5435838013145 3422.8201305654293
vn 0.26572886932557538 0.61423027493504145 -0.74304060276688422
v 9050.1969134041519 6052.9692103889611 3562.3976113049384
vn -0.93491784570359227 0.31177204515298734 0.16948986295964066
v 9323.4807592153029 6312.821949016331 3681.0461027941637
vn 0.35161142552841507 -0.34539717991914548 0.87009780688252358
v 9146.1887427498386 6144.4503978901503 3758.451320443648
vn -0.65691156502311021 0.73913844163410025 -0.14880040267956848
v 9560.1034583626697 5916.6041474237654 3452.1109255632537
vn -0.47083018774107188 -0.86790310219753619 -0.15831342175444277
v 9962.9630636855163 5852.3631636789287 3200.6715548962229
vn 0.91825069475387244 0.33519880690985387 0.21084928605580078
v 9715.5846000594574 5929.0476113273307 3347.8922900042298
vn -0.48901504210574626 0.30316978012592938 -0.81789508680069156
v 9268.105005996631 6074.9621208812168 4091.6036240305621
vn 0.94938692029804306 0.30276374567299452 0.083657575108625981
v 9155.0717364380944 6096.9153906556021 3324.13763106858
vn 0.53532687125145639 0.80633281320154948 -0.25150056713773355
v 9183.2088888683575 6075.4517485736906 3329.1022125053969
vn 0.57642577812863638 0.81694676779008724 0.018201673168294467
v 9286.6881870626221 6013.4799793466154 3368.6477333070443
vn 0.74616022466650045 0.16913392948494196 -0.64392440008328644
v 9235.3927902812011 6099.551783099947 4230.3630991373011
vn 0.071627677361849967 0.81247133040283537 -0.57858431806366262
v 8886.5582353513164 6064.0471322623034 3103.4777053381313
vn 0.60987998606101501 0.7924656899891791 0.0066732894580238582
v 8830.0213635071304 5722.7733123247872 2979.0476815669099
vn 0.66455899787312378 -0.71410020174824163 -0.22005054012428607
v 9396.2455384462737 6407.1416124034304 3548.7336950306121
vn -0.62720509186337525 0.26903312326379181 -0.73091377831286253
v 9194.8635001398525 6129.2123867129358 4022.1399230251382
vn -0.73162676805686488 0.64858320663874847 0.20990973376398001
v 8906.0382741825397 5756.232848409195 3117.5432043049691
vn 0.52017073404639724 -0.85302277943612759 0.04212535109284795
v 8891.2236347321759 5748.7957042014004 3020.3906137936956
vn 0.8159306263560594 -0.55064250824672578 -0.1762102184493371
v 9185.0935016028088 6153.8661727689823 3748.7642675264483
vn 0.42611446029588734 0.90465852310662931 -0.004407187002708879
v 8676.9121874633256 5574.4795499834518 3046.9216552952976
vn 0.65862555373240128 -0.72120497109195336 0.21465267210762282
v 9584.0159267487616 6123.2562096005386 3297.8298554649919
vn 0.93207750839362158 -0.35892560484254221 -0.049029873905136884
v 9781.0291692488354 5975.9519714563985 3382.1668811835088
vn 0.3216879047366682 0.92438306756203836 -0.20501911215964291
v 9264.1049393769481 6025.6686619915672 4091.908813680081
vn 0.64295009674112724 -0.36838273990124171 -0.67149782579203443
v 9255.5142595414327 5909.6970035580835 3437.3988232457014
vn 0.58088789042175482 -0.80789451480863461 -0.099376615476097704
v 9068.2273690175934 5950.5820742860469 3451.5160002514381
vn -0.72970501930340725 -0.60373820840420378 0.3209840502521833
v 9885.9603367865784 5744.2072872391418 3201.9274534670249
vn 0.33489542725071375 -0.79616428508444526 0.5039518667120263
v 9314.1863306875784 6054.5389967249757 3403.5489406943939
vn 0.42116211000586984 0.36196731562737872 -0.83162620179556224
v 9599.8105175538039 6063.1312118759652 3465.4316855989146
vn -0.29084089127781121 0.8479395727953607 0.44318174245827113
v 8856.8251043534729 5692.7396549875548 3056.8314311810741
vn 0.68931822543429544 -0.69516000219127871 0.20394351040799349
v 8724.7817515741808 5811.8982561604207 3077.1492506534582
vn 0.94289256174098612 -0.04068912647177552 -0.33060249847889012
v 9056.1858298670304 5969.9547469120862 3464.8021256630914
vn -0.8417722143338805 -0.43168973013626794 0.3241350275275901
v 9542.1062097013655 6356.410893156778 3563.1208536655422
vn -0.26096735773248964 -0.94503702157864744 0.19697986202625348
v 8794.2361742094326 5809.1848360346539 3103.5048457373177
vn -0.52536733943574987 0.83196901441084326 0.17837241298600984
v 9834.5428299725172 5956.3647753245386 3382.1176076143606
vn 0.49069566119704094 0.85232862642588658 0.18097977969198667
v 8881.5013066086176 5757.3261398137547 2964.0809625805059
vn 0.84258456707542673 -0.49071714698493191 -0.22191874409631235
v 9630.5091303428671 6421.4071432560177 3618.8530454876218
vn 0.70870156619851965 -0.65652084762068719 0.25830692345963058
v 8294.2687778377076 5186.9738676204161 3088.4959115936581
vn -0.57343607928583562 -0.52953936055040429 -0.62510729367138074
v 9283.556582715566 6004.2880110062924 4148.2341194979608
vn 0.91433375412948714 -0.35554356980167712 -0.19386220888084027
v 9562.9748853252931 6112.9970012242811 3370.0014323636042
vn 0.19118257964553609 0.85039273062963516 0.49018509252358056
v 8808.1485131880363 5809.4129302456149 3117.5910429339388
vn -0.68762108602473071 0.70991840949646101 0.15229279008602167
v 9437.6562813205692 6427.3360958650501 3562.518082929937
vn -0.54539380308460061 0.83260043778965787 0.096551077411833899
v 8441.8035743448509 5297.3043799234329 3076.3130909855618
vn 0.90062738463943648 -0.43447539717043288 0.010071906032287149
v 8385.0786649139081 5341.5811641032105 3005.7250258843542
vn -0.37227304468567929 -0.27517008358060951 -0.88639393347579643
v 9021.8754558083747 6095.0541435706582 3256.5837789457046
vn -0.92409833468010583 0.35836910999515909 0.13271717614059206
v 9417.6549855445992 6341.8852384007369 3590.594564910577
vn 0.88832395306144207 -0.45710520536386684 0.043993018156860644
v 9484.8918127895522 6455.2139704396886 3640.3728983405063
vn -0.49068803889886253 0.86843294226796142 0.071059645829401288
v 9705.3864438855235 5878.8087740816927 3439.5899670139952
vn 0.0042721906552184059 -0.95769394107753114 0.28775695232329601
v 8541.8896893276287 5362.101222836247 2884.7087190955635
vn 0.73779729311800624 -0.16492089674505866 0.65456569730207259
v 8836.1666378621994 5974.2231310554016 2978.2048189030988
vn -0.9133481854939749 0.38269378997096198 0.13907032455748716
v 9264.3636770235553 6108.1185786086335 4077.9306097903309
vn 0.67830728276289431 0.71633714807526017 -0.1635858197956703
v 9198.7039415367326 6054.2806175807345 4009.0303761378323
vn -0.62783531641682433 -0.75354709482533089 -0.19490918741837185
v 8836.1821559671243 5938.2832022236544 3089.6908186203013
vn -0.84977667355367936 0.18488654706278571 0.49365632761997869
v 8569.1066090334753 5926.2322979001692 2964.2524066250767
vn -0.75615963308760747 0.41514353884520933 -0.50584429565222055
v 9189.0342504244036 6170.4061678466896 3898.6719799723369
vn -0.25826935566574394 0.96542745052726897 0.035309739342271794
v 8942.0322475229568 5886.9798881124789 3187.0958070581619
vn 0.27934160865804047 -0.3465873471883798 0.89545824941270136
v 9216.0359431999659 6040.9296890733794 3701.9758252872025
vn 0.64362092133815119 -0.35073365119113326 0.68024849543234256
v 8824.3861701037422 5909.2862932977687 3021.7423507634448
vn -0.88633004871783083 0.46302987443721089 0.0047307629943014254
v 8563.3467578206073 5476.064684084512 2964.1922453808829
vn 0.10397348286164877 -0.70546417048247911 -0.70107761269854141
v 8551.0264232261179 5944.3034226052168 3033.9529318323284
vn -0.69882204618212507 0.65620515661881762 0.28467971511279261
v 9365.652502613988 6077.712330524746 3465.6470641813557
vn 0.63910459501525207 0.7628166921577465 0.098265002904922502
v 9977.0105122511486 5824.9523374132223 3030.2992872294881
vn 0.2287639171347832 0.35259420100990441 -0.90738327052648315
v 9031.3018967027474 6095.5392627253359 3276.4424903655563
vn -0.63085749220500065 0.50816946719694056 0.58632978530652446
v 9235.6770357187925 6092.1189357141466 3896.7720390658728
vn 0.8734920254941414 -0.41104796600383586 -0.26086634708649531
v 9787.202510542611 5947.181943537902 3434.3664221832159
vn 0.68889650706285621 0.16278147734889128 0.70634537811803411
v 9795.6521702917162 5836.2786134146663 3382.2006401577987
vn 0.18463478001511724 -0.77818432184966713 0.6002825661604233
v 9056.2872458492129 6078.2658125989201 3493.1254709177779
vn -0.8630366276889847 0.38548645664210834 -0.32644750115866517
v 9523.8006232520165 6457.092434434654 3549.0800743420446
vn 0.20549257733777809 0.79167756837955883 -0.57534287897192771
v 9330.7780200546058 6144.8078378385471 3548.8715206569645
vn 0.9338305763048097 0.25343331121714791 0.25245199845463562
v 8850.7755750321267 6020.2360582427864 3145.5814170205863
vn -0.78310258022116586 -0.35410872954700318 0.51123121629020263
v 8888.6524169224431 6021.3162990615174 3003.3553852346399
vn 0.15040745704679512 0.93253013103405824 -0.32827602955183677
v 9996.0825916086033 5761.8555803340932 3061.7112974771007
vn 0.048133542681675773 -0.73753103777576068 -0.67359567277879739
v 8290.394547551783 5272.3566996942673 3090.4901180615834
vn -0.45681065287831435 0.86042703973354318 -0.22580818566265465
v 9548.3552468122944 6168.2337824251745 3336.5745333422597
vn 0.8833092909146032 0.43034338834718411 0.18592811699634262
v 9240.2592488331356 6196.4329258014059 3590.1200845748754
vn -0.56567656943628986 0.78704630052789404 -0.24610595201283944
v 9326.8868477684773 6049.5985014568178 3618.4787470534857
vn 0.82566045255270237 -0.39698480842050121 0.40085892652378935
v 9064.7574857093769 6029.3590915535515 3575.9595521881984
vn -0.84829593017298044 0.0081105073769266664 0.52946032384121722
v 8889.0583891695678 5730.5649937811631 3033.2986383260022
vn 0.7916699646633707 -0.60951318935855758 0.041860948960297337
v 8779.241726768445 5661.9463431710046 2992.1471816047515
vn 0.29764201331041157 -0.48085624052556958 -0.82473420437140865
v 8925.5013036207965 5798.594394464686 3159.6704698222402
vn 0.76313401295431249 -0.32232621170115194 0.56011810497664805
v 9662.2506589158274 6336.5781974959273 3587.4713923184299
vn 0.64951609217067141 0.60676099823085594 0.45822476694001935
v 8128.100204648601 5218.2840636905985 3145.219663407468
vn -0.7290382271518826 0.68056489330169812 -0.07303895779984966
v 9235.6062454591192 6192.9828534816279 3618.4414760602958
vn -0.28573564760892339 0.9139091191447456 0.28831451858965457
v 8886.4386670275981 5754.9517650854195 2992.1715917866923
vn 0.79825125481130565 -0.52542950483195539 -0.2944805080887733
v 10115.864511932023 5820.3091840165434 2988.2934771445034
vn -0.43827097211452515 0.63859960022897 -0.63254178169444975
v 9217.1716612283435 6100.3564984589157 4246.7143745461926
vn -0.6564204587615845 0.75330585614894174 0.040527378535266015
v 9307.2016067138866 6311.7831102016571 3673.9604495691892
vn -0.69755400305034898 0.12956672003013125 0.70472042533835166
v 9178.9623436811344 6041.0604249587377 4120.7197290515669
vn -0.9634844351599906 -0.26508476478700399 -0.037786382232923167
v 9308.0833839296611 6326.5205093237764 3648.2769468427032
vn -0.8369359001810609 0.46137384317229041 -0.29440189507635278
v 9084.019075347227 5930.8125496999801 3521.0470024386341
vn -0.48439515847920844 -0.81814927009178651 0.30982753636528093
v 9641.3238298409142 6412.4749557310879 3548.9996963012604
vn 0.75405906052463123 0.6564605877090991 0.021317364408731644
v 9222.0134627983898 6080.3113417014247 3863.2702726753587
vn 0.62279104788938422 -0.58943764656737907 -0.51448476311544189
v 8911.8373584971032 6033.0494460773189 3173.1559447193231
vn -0.57455278752099792 0.40550357094304917 0.71095425190674999
v 9132.0737030306027 6128.5136792468638 3744.0380661769746
vn -0.82706026246354059 0.30660446859740392 0.47113163987344642
v 9283.4774804035478 6032.2264148901759 4131.7951754294909
vn 0.94615777419017832 0.29881841955339039 -0.12447095434317815
v 9515.0379020344099 6445.451216696596 3646.5624467192838
vn 0.74606365875070069 -0.50405241696928638 0.43510938629146872
v 9199.0173233721507 5932.9308097452322 3506.9487220131659
vn 0.19494414806543262 -0.96483249152063522 0.17633786445663391
v 8842.0708429565184 5941.2378308297848 3103.6974840369603
vn -0.9579903263162507 -0.14460125606030191 0.24767925110970984
v 9027.6013808774624 6071.0396801418938 3333.9899271023514
vn -0.99903218636760704 0.010804457098071461 0.042637475398701621
v 9655.8515252560283 5895.0359130634861 3409.3347161823149
vn -0.60154657608863116 -0.79668293881685104 -0.05863456143086803
v 9204.2447680106998 6140.574767982841 3729.1244396326729
vn 0.81350445450245845 0.5787476240718743 -0.057111208495514258
v 8563.3425185867272 5887.2337810672607 3034.1991150796498
vn -0.57240580237636507 -0.2908126438462203 0.7666678574096093
v 9269.8299646422092 6096.9446785084056 4002.3031695909658
vn 0.97520260710780504 -0.17848300029066172 0.13085753206210113
v 8620.8381480289954 5781.5270446075247 3117.4110710049536
vn -0.88409767427238828 -0.46516876502329757 -0.044601820510536641
v 9908.1358039044735 5800.5507235004588 3047.5076238085821
vn -0.4318711317941869 -0.5119753210865492 -0.74254198273305272
v 9518.6568977985808 5939.3859834499926 3451.3457915801755
vn -0.519621746293502 -0.84121467889953783 -0.14950285877814776
v 8660.5342286714495 5534.2084298868685 3005.8605466267672
vn 0.79820896449163625 -0.44357310845544179 0.40756023660358071
v 8640.4377286463496 5638.1188652177989 3019.9031743081323
vn -0.27856826066077178 0.82169824925598789 -0.49720389310832708
v 8736.1573021689292 5747.1254175089198 3131.4848453024392
vn -0.42095593119282809 0.47715344304992924 0.77144066251344101
v 9524.9753019403834 6119.9002539091016 3298.2381047158142
vn -0.48987357700155815 -0.5917593238794393 -0.64019120671674912
v 8593.1805110409114 5856.7218165138256 3006.160433765519
vn -0.55125233814171026 -0.83432632336572254 0.0045217067942708179
v 8708.6165237602399 5931.5404966970909 2880.6326508636739
vn 0.50459151647074618 0.24109852572621121 -0.82901079751617235
v 8470.4523933176624 5566.7048493362436 2964.2012871188676
vn 0.92512766385500134 0.32017766220916238 -0.20402222965271039
v 8710.7557758991898 5704.6811802209886 2993.1374306265807
vn -0.62373702113494733 0.3778430627034019 -0.68424173245470443
v 9800.032011722169 5852.6654902834962 3215.9385692827477
vn -0.76454563618741778 0.46089412454521822 -0.45060689757977923
v 9822.9587479052389 5821.9147807274821 3130.9958778653381
vn -0.87625768854453856 -0.16364475012737958 -0.45320288946820486
v 10032.590876099295 5818.1654820684598 3021.4853615257844
vn -0.28259967839861688 0.13859343824699649 -0.94917294559204235
v 9339.3431839184777 6093.5055390343477 3632.7077811828121
vn 0.81392253726059471 -0.098253031268783153 0.57260496433909069
v 8519.6043054130569 5395.063277801979 2937.3544528495881
vn 0.98779952424263784 -0.084390090083819175 -0.13088320213710924
v 9344.4695027234648 6067.7636203947413 3590.5646766557329
vn 0.95370767371512011 -0.08202641123912506 0.28933257845621863
v 9107.9017007441817 6103.0092249669015 3729.8492130661671
vn -0.89785388417260203 0.075108341578194876 0.43383999320203864
v 9794.9074693014045 5834.0143055159133 3214.7591183931363
vn -0.89763997475227297 0.14566678233349045 -0.41596113310181548
v 9199.8074828666577 6169.8144725343236 3852.9070294833114
vn 0.44930003010802305 0.87344665955719225 0.18767103093794688
v 8623.9108655611071 5819.088568021084 3103.6877482460154
vn -0.74151033505463959 0.33291630280391299 -0.58251966347457274
v 9358.6792973454358 6327.4481833968639 3675.1980594331799
vn 0.30416855083786448 -0.36062564182658735 0.88172027261391428
v 9213.5799182265837 6126.1720245245651 3715.5458307510862
vn 0.86661729117366881 0.26127272953035968 0.42510120141275548
v 9149.9747410721702 6150.4560245211987 3515.7376869704572
vn -0.1288032850020929 0.97179649885109498 0.19753804340790546
v 9672.9493603273622 6041.222450864102 3420.5635899625972
vn 0.41901929531116311 0.69935949278313836 -0.57906746585440949
v 9263.2208774867177 6121.4491756785574 4018.9183921708463
vn 0.61903178790156876 0.7039324779256223 0.34825093264610268
v 9125.79959119663 6100.6739095330959 3743.6834096973193
vn -0.97341118957871098 0.096420561226823825 0.20778289481009524
v 8581.2284554069374 5941.3892100427802 2978.145293992392
vn -0.50378198783785888 0.86356925076108582 0.021256948747935996
v 9995.4531078244017 5766.5545075877853 3124.970506432277
vn 0.69828187842813016 -0.61735413116940707 0.36232070736703514
v 9160.7498402114052 6048.0302111311075 3760.3465691464148
vn 0.10303139423912203 -0.90692104419024189 0.40850795757980535
v 8941.4754710488305 6063.4649577154087 3159.1302821648055
vn -0.061148398189882019 0.93001718191926963 0.3623933149683527
v 9264.5471880041296 6062.5733883646071 3952.2688087264219
vn 0.78669949640316594 -0.60750364133257428 -0.10974164262789349
v 9182.6263931204703 6174.6692031145749 3649.3769148472511
vn -0.0055941296996334976 0.99663906007086245 -0.081726921231448896
v 9171.1105590142415 6056.7062795443198 4172.9936004390511
vn -0.94214453942286058 -0.21065036887854041 -0.26074909190066342
v 8329.2559200005871 5308.6623788003526 3047.5984080342687
vn -0.7872401887487257 0.31730303113921132 -0.52874537506132335
v 9113.9098765181334 5914.8460339407238 3381.5351694707624
vn -0.58192725799844869 -0.79609695004995473 0.16610331880960899
v 9476.0757330155466 6398.694259117543 3604.5232320838531
vn 0.28001718894702882 -0.90607586918179106 0.31720166011650375
v 9153.9711397838655 6018.8802935944805 3701.9212354241781
vn -0.086367690579094741 -0.78485190136712735 0.6136351643643303
v 9355.9424637416923 6307.9647022954678 3661.29630886431
vn 0.66362094151478868 -0.38679948661473101 0.64030727243848007
v 9283.2004291264639 6035.445224602141 4147.4770205879158
vn 0.92639754668427476 0.30954941879256498 -0.21439856068206764
v 9282.1060034905968 6044.6053468001573 4165.3132588157951
vn 0.82173548804295393 0.56432149231565121 -0.079322386508757864
v 9652.1968673884003 6073.8998754978184 3436.5142581185405
vn 0.42811258550108999 0.85047633812680523 -0.3056298617968996
v 8311.1839701252193 5248.1945628930853 3131.3994292990737
vn -0.091426903523058642 0.65718439177040988 0.74816428444930594
v 9266.089393727023 6082.7234605650974 3964.9715617493903
vn 0.93151077556651973 -0.23572369584124073 0.27698739000612871
v 9833.5292656043348 5920.578040038672 3400.2514936749485
vn 0.72023950062471398 0.074447856616058031 0.68971920256372254
v 9105.1520170460935 5924.2999092628907 3394.150459194705
vn -0.5696752400922207 -0.77953122186944934 -0.26038662591729644
v 9165.9893481845866 5898.8985863158314 3381.8021313475242
vn -0.088608770149073757 -0.99421017221359809 0.060783380291624882
v 9628.2948858229684 6408.6609798946811 3618.5303901479219
vn 0.42447741607568179 -0.47036433822037216 0.77367713716525444
v 9087.8803473730313 6105.0376736275794 3660.2014357099561
vn -0.98003745039280998 0.17792829812077934 0.088702404451082878
v 9305.8975052204732 6281.4195023226857 3604.2971954251498
vn -0.66018966563934089 0.47239114178914704 -0.58394881157697476
v 9572.6847821468582 6391.7977063142671 3618.3687322345286
vn -0.39056383152555268 -0.55143839346824608 0.73714014387580307
v 9382.9394694803268 6386.5702143784456 3568.2079334263362
vn -0.962492959334734 0.11874932999630305 -0.24393831157998783
v 8448.809213489727 5568.3955603108279 2964.2153159106015
vn -0.86526342641267129 -0.4353605546330841 0.24855661403828544
v 8782.3353816764811 5797.4948152040924 3117.5954103696695
vn -0.3684863556023677 0.92954878529803886 0.012524435549197912
v 9636.6619188617369 5904.7812640782386 3395.7466431599814
vn -0.80673135589671197 -0.51275641144209172 -0.29370968989476848
v 8806.1357803729625 5867.7851471306785 3006.0482778600599
vn -0.85155136306722978 0.28380627854413393 -0.44081092581431364
v 9896.8671579994752 5886.1001157763549 3173.1089235506811
vn -0.15500201359071702 0.88424820742402355 0.44054453060981724
v 9183.6753987178636 6102.3442214797506 4062.9078576534466
vn -0.87359818816135026 0.4791193695590994 0.085269193466909587
v 8755.5789949557402 5639.2401036313413 3047.4476122901815
vn 0.54572423940036108 -0.83704488243433206 0.039254545232273758
v 8807.3603669358854 5787.4289242102532 2976.7774628465995
vn -0.4955178297251272 0.36550099129089503 -0.78795374597109002
v 9350.1973060741475 6047.0008073855133 3548.6388370969225
vn 0.94364136188679137 -0.12584376949017897 0.3061116231327134
v 9009.872460627812 6040.977331554428 3214.8536783525387
vn -0.6828967755430102 -0.46280906964059931 0.56520771315628948
v 9366.1536064656793 6025.4159569917792 3520.9916146690975
vn 0.77157462511680475 -0.066267702457714073 0.63267779278779668
v 9909.175661457044 5888.7113373281591 3048.9043015769607
vn 0.28726377067252379 0.90401743009969682 -0.31659439687863
v 9596.9670729775389 6271.0467752227487 3480.9858053335229
vn -0.47403789521506062 -0.55423549657346294 0.68418644260029171
v 8585.9996167930767 5906.1236555777468 2948.9223225204896
vn -0.81663226739846528 -0.043348076742856567 -0.57552817835996262
v 8249.3082953836401 5140.3127918919126 3188.5631392289756
vn 0.62473704200380586 -0.76436280000199242 0.15954039714582996
v 8463.8127646603625 5342.8554167993225 3065.3917251200887
vn 0.93665034666354252 -0.32459310041279477 -0.13162616479816994
v 9189.9215928537269 6081.6466710299283 4214.4229865943744
vn -0.87853456534522389 0.33509206175967854 0.34042668467575593
v 8449.3282428145649 5345.9600990429708 3006.9427055632891
vn 0.3313611864809583 -0.93233903489347869 -0.14471934254904648
v 9823.8432606085407 5743.7934735496447 3201.0299411167757
vn -0.66573374915955041 -0.71495578379297497 0.21362771929443528
v 9298.2102409109211 6012.9085424951281 3618.0035079834815
vn 0.53614747168858157 -0.58395443594635488 0.6095433580480687
v 9625.2173136737165 6426.6706029687048 3579.1403973243359
vn 0.62682016259874207 0.77906128520788076 -0.012649017745712898
v 9143.769063543059 6098.9939888747922 3841.0194017285639
vn -0.86185429172803785 -0.31782121491220355 0.39521747833527426
v 9498.569466855135 6018.5691660323018 3479.7991987923051
vn -0.42335317870980932 0.64378529759472858 0.63742652649318499
v 9198.1287493881318 6108.8394572136458 3757.6055251778835
vn 0.92136600764941901 -0.13274234851780448 0.36532745429018681
v 9222.0576598988009 6181.2160090150037 3548.9512210803914
vn 0.10114362383620515 0.95024345137299648 -0.29463087156646683
v 8294.5286274051432 5278.3264874826018 3063.4236968165715
vn -0.73217598335227996 0.52332746336949598 -0.43594345445868393
v 9844.1664047249906 5779.494395698166 3131.1944218327808
vn -0.79218032720096132 -0.58071657853604985 -0.18766615200712591
v 8848.6465956152333 5779.8240921333636 2957.3002402221564
vn -0.068733441397711315 -0.028902766777321398 -0.99721629755346608
v 9349.6060918742842 6233.7479014724713 3632.389838071037
vn 0.92103818238042534 -0.15089447455436891 -0.35905365079096907
v 9110.0986223729433 6128.1811316356534 3423.1697624532635
vn -0.53838897558748855 0.83800278842488118 -0.088818002443076374
v 9058.9172438045407 6102.6134510411293 3244.4262201818642
vn 0.195459907152916 0.97472158788160612 -0.10822777283735312
v 8808.2982682909642 5665.7939542743325 3075.6695134732704
vn 0.35884259391404905 -0.74577027746663904 0.56130088726134131
v 8922.07463626352 6028.3387584549737 3186.9797020526958
vn -0.56013416117372172 0.3837780015523346 0.73414178944581776
v 8925.4862029769047 5960.2435181416058 3005.0507590740835
vn 0.94849389042583787 0.0054602732175706853 -0.31674836264967221
v 8968.2778690551968 6035.0046652152896 3201.2752402122692
vn -0.4161134697308061 0.232528808902772 0.87907902565062235
v 9973.0467680326328 5753.9131990158248 3145.2340704505909
vn 0.47931672254525531 -0.80419503201666187 0.35146241615312862
v 8520.7185369513354 5452.6032944430572 2960.5625136523417
vn 0.57646866723709256 -0.32526024330518899 -0.74959298944089625
v 9251.9511526952756 6076.2804194023447 4117.3111857364092
vn 0.84309678917863329 0.48543436668981566 0.23138988679961117
v 9172.6823224924228 6170.1237884946886 3854.5485907834027
vn -0.35322756946421308 0.90384700895268333 0.24143501936896455
v 8291.6823137707288 5176.3646946729859 3132.1460495203683
vn 0.67826048904581893 -0.35834494635107306 0.64152288222944398
v 9153.7061983199164 6149.0062829945618 3799.1449950038841
vn -0.86967145881923347 0.44257726366207922 0.21862506581957311
v 9424.4017715639238 6354.0099090555486 3590.9997953691682
vn 0.76501930411749886 -0.59569909384408104 -0.24472035861554015
v 8466.7516158881554 5397.8437296973971 2950.4214510008333
vn -0.64725533462248364 -0.67977873783444209 -0.34490781288766065
v 8695.8867101147334 5715.0079725883552 3131.3707235981365
vn -0.74134766556114773 0.3814319642862144 0.55218954661220876
v 9658.0239912513825 6282.751030988411 3506.9419301438688
vn -0.0028418424849188852 -0.52396757967457119 -0.85173346733662092
v 9826.9196877826998 5793.8308884497101 3298.3381472332999
vn 0.14968380054670055 -0.97328907745717042 0.17407794678380722
v 9300.697621405372 5930.0268651073602 3465.7267169710399
vn 0.37228068760798749 -0.89724134815811041 0.23741325318848644
v 8212.2403574468863 5112.9748485979881 3131.2465611989305
vn 0.28170789813736369 -0.86389688822096677 -0.4175198518024732
v 8926.4434193786201 6037.3995688030436 3061.6737355902355
vn 0.088932358200230571 0.84505163137483352 -0.52723692584613069
v 9004.7752995456685 6065.285930624661 3130.2052151718262
vn 0.65722197604464183 0.68008647893292196 -0.3248717521986122
v 9881.1318272066801 5735.816308012696 3186.9991821100102
vn 0.12749985205244241 -0.89052663595872417 0.43669909362700021
v 8794.5531722632841 5682.9667873454355 3118.3280737719147
vn 0.13400820125276028 -0.66362947612105194 0.73596040682926545
v 8688.5406399396379 6096.1422328867193 3131.3152589569218
vn -0.94909332649521028 -0.06346575665989207 0.30853517681756087
v 8810.0198764765792 5702.3481198258023 3130.3708999266073
vn -0.3886573300500118 -0.87080384925437326 0.30107496727918598
v 9917.9656314438416 5869.6166028354946 3283.7853198821149
vn 0.93842752668490836 0.16349694165104414 0.30433949338000904
v 9563.8833642500649 6349.0171056824038 3479.2334375671817
vn -0.77550337542568626 0.10996692055372424 -0.6216926821889559
v 9768.8599793185167 5958.1592517541549 3340.0735107557257
vn -0.42057494873206103 0.72285033226246576 -0.54827375429347991
v 8734.5016457325673 5827.2359349473709 3103.6204907167335
vn 0.8702700154794516 0.48632785318733485 0.07820050748935943
v 8542.1946246748339 5538.9635963608544 2950.2978877330534
vn -0.12929579525805501 0.39335017098582437 -0.91025174557042721
v 8733.1149893886122 5993.5950657843623 3089.7498325475894
vn -0.84873670677939783 0.16071870127573018 0.50380105361690641
v 8495.3154546968963 5383.9480828523183 2975.785890620281
vn 0.59717507113179691 -0.78213917874274286 -0.17787703475817507
v 8620.4318443228731 5593.1601956659615 3089.7703921814286
vn -0.0084725065886506832 -0.32948758721758997 0.94412189176061179
v 9184.7513009104423 6158.4042064794785 3730.7261399494373
vn 0.34840465364444118 0.93654418555683205 0.038719320998527408
v 9030.1033097000472 6119.088425334613 3200.8581246997373
vn -0.27895090676588991 0.95989032499541482 -0.028230401957544449
v 9040.3842196674777 6076.024495049438 3368.1004260091577
vn -0.810415529780246 0.2641725998855981 0.52291443521926906
v 8755.5430976242114 5931.4268367107952 2993.044206152857
vn 0.8791973752395178 0.47156520260234092 -0.068104589173974273
v 9570.9497447968606 6072.1986601795088 3423.7279411283089
vn -0.75081918885104026 0.63091002796197393 0.19550724352332097
v 10051.07439141037 5831.2757772702198 3103.7269870214395
vn 0.77033553845435621 0.35788862027630791 0.52772994388319261
v 9207.6827351426818 6175.4097322431662 3577.2039412507561
vn -0.26335418530032695 0.9477370691906416 -0.18010835840330708
v 9590.3652997924146 5960.0938567979028 3409.3031146981148
vn -0.60813199497186199 -0.64682098380747743 -0.46021526658496464
v 9078.6849105980127 5936.548193283199 3496.8298615838817
vn -0.58947605955396454 -0.77731374843370815 -0.2197755939786509
v 9566.1161031027168 6075.5171433785372 3340.0540941346567
vn 0.1252034063786146 -0.89580109133672026 -0.42645575595966873
v 8674.6191677594579 5947.3176737612666 2881.094468945078
vn -0.51061912411662658 0.71496931539073016 -0.47758453506796023
v 9343.977853329452 6292.456256414469 3590.6977534214134
vn -0.1301042734762386 -0.83561815960869579 -0.53368077476652309
v 8506.6601957677649 5377.5759829814097 2911.7710638741637
vn 0.60231826131924482 0.7192669620235087 -0.34621922162530849
v 9923.3497099830947 5882.7546775905466 3186.9225179699215
vn 0.069134585680171556 0.85945462294945263 0.5065157057324533
v 9856.1712739900941 5788.2369701504285 3089.64295819782
vn -0.75885449747161271 -0.45499629485277021 -0.46595946533722993
v 8725.3908789884808 5908.164401403239 2894.6321011869304
vn 0.58374451147393991 -0.065767572888878981 -0.80926940611909781
v 9492.9777250979241 6184.0956431587747 3354.0749990872682
vn -0.18145423540754138 0.82011912746035109 0.54265917224933824
v 8686.0514986233302 5747.1178282328319 3144.1602231801339
vn 0.28232080290980149 -0.94862694896912958 -0.14283513550203861
v 8724.5402021555183 5839.2179567784897 2964.2138792446426
vn 0.50682045700477318 -0.85594564965753406 -0.10242103882413478
v 8821.0929831603517 5977.0371254265847 3089.6913488282244
vn -0.37159213587116324 -0.86399948689696238 0.33974132983858879
v 9708.2809753350248 5975.0086229496919 3382.6976467137783
vn -0.19137916571557434 0.56268785018477563 -0.80421166255187204
v 8993.5754973995408 6001.4815841774034 3116.4224058035074
vn 0.93882278364644955 -0.037937630177256758 -0.34230471384844435
v 9748.5780451889023 5832.4507167602769 3325.6246203701357
vn -0.73408096556218683 -0.56660648935935964 -0.37427559660649695
v 8601.9589616873855 5785.4366834688553 3172.4114516030677
vn -0.82339762954343243 -0.14028280749734606 0.54985186876368697
v 9175.990243652368 6075.8732971327245 3312.6274493154806
vn 0.3429815862837845 0.81353858696511183 -0.46959407895443933
v 9237.7334021701554 6116.334743025277 4245.1362792196314
vn -0.24427911347699244 0.82976995372828943 -0.50180627597574656
v 9100.0016627296209 6026.2118179933968 3659.3470836654542
vn -0.54351600708355019 -0.48887338529102969 0.68234387459553181
v 9215.0099129195987 6110.9265809438421 4119.5393358077308
vn 0.40495882528602412 0.87161695491366675 0.27621048808832444
v 9606.9801644660565 6430.4898933047334 3549.1173023595215
vn 0.24177289167856425 0.9007306427179852 -0.36087418599593768
v 9650.3152504831232 6281.8009969898194 3604.5829401281198
vn -0.20933006708875168 -0.91758379420651726 0.33796583203364006
v 9101.1307320873439 5978.4740736758504 3619.2937397976675
vn -0.47434672560834301 -0.59683260611608235 0.64713678938948338
v 8780.6071786515804 5966.1976234686281 3076.4026595834039
vn 0.89383263886280973 -0.44302276415433106 -0.069239036277246604
v 9198.4726665588823 6064.7173084556234 3312.3284625181268
vn 0.56660566132280288 0.66473543760878784 -0.48691356783725248
v 8662.5283408682772 5548.0954794611162 3020.1493927286347
vn 0.53182195973372848 -0.83749696807243712 0.12555569128658323
v 8629.8289557729604 5972.8694000450423 2985.0304700325196
vn -0.74483024511880513 0.58482839894456173 -0.32125324861268129
v 9040.0543177052532 6061.9599194444054 3170.2572916106828
vn 0.94386036277802843 -0.19522871717549684 -0.26648332699540189
v 9003.9304877964423 6093.0932154854363 3187.0323592372338
vn -0.57466597566717137 0.81459934342096396 -0.078657015635176311
v 10050.904112116106 5832.279649603488 3019.8217850850815
vn -0.42275642548591125 0.61065208656830539 -0.66961259985169796
v 8622.7903226911694 5792.646658185502 3187.6448865023876
vn -0.35176808327670439 0.42729024686547418 0.83287589743098911
v 9024.2211051574941 6103.3507268942685 3243.234760621961
vn -0.60578994922892471 0.79496482725083506 0.032395383116528821
v 8707.4018248090288 5839.0863094409033 2950.429176773107
vn 0.22222133820302553 -0.97492604824478779 -0.011699457297582726
v 9343.9808505231067 6225.0740257672878 3674.2378765758922
vn 0.27013782531947472 -0.5623081380891719 0.78155941115845684
v 8728.3310611788311 6089.564482554566 3103.8871916774683
vn -0.82536166263819688 -0.32262387503823647 -0.46334863882655741
v 8959.5908195428801 5844.9824635303148 3075.922661636343
vn 0.95978221362921246 -0.24880881592414156 -0.13004720496587174
v 9388.9835223717091 6336.4327842442581 3604.5445672591504
vn 0.70016607268072495 -0.59297296474073902 0.39768144758515983
v 8657.4582397727918 5669.3402148847999 3104.2417746496076
vn -0.6571699398996006 0.16123069086196612 0.7362963631694297
v 8236.5193887060086 5137.0959847244521 3131.2331336318712
vn 0.70053755883007363 -0.62841227369561548 -0.33814958662862221
v 9157.8930745048565 5900.9112146261896 3367.845781599086
vn -0.17558929107194726 -0.88790881936832222 -0.4251897568719209
v 9801.0675469604212 5913.9662688468052 3423.6785669341007
vn 0.59300093635243267 -0.10058179809787514 0.79889498144407955
v 9346.0170843266242 6114.6326203034332 3604.7370910654518
vn 0.99198321672645373 0.1197399452476384 0.040393604012641332
v 9944.6166337886316 5858.4243749200978 3244.6775270682069
vn 0.93112793698677654 0.29666071087189738 0.21211597673850502
v 8580.0992200808196 5625.8702379494225 3061.0816549397919
vn -0.9027948532593566 0.42934545372932342 0.024978676713909024
v 8746.0381340889071 6051.8171178593002 3089.5992123763058
vn -0.97150556073189942 -0.22948811859999435 -0.059263385732108986
v 9408.1286935441021 6323.3692061684851 3590.5640748872852
vn 0.80648217988732684 -0.59004996018248901 -0.037782774022412709
v 8677.2731248836662 5754.7581051681118 3159.2032365009513
vn 0.071159029975155386 -0.96228698069529739 0.26256458107925279
v 8246.6940755934556 5198.7677830502289 3127.5627309834049
vn -0.036368757816820009 0.07625503399602486 -0.9964248507765785
v 8788.1716611684824 6021.7380268420384 3061.6956256331468
vn -0.29661090266927209 -0.25438007664406154 -0.92049592558809346
v 9203.8819089022036 6018.9512357743333 4091.4800691136943
vn -0.52953232897331493 -0.74948426074778018 -0.39732713909755818
v 8136.6268721792103 5235.2107191331861 3173.1195048381983
vn -0.52297588153791752 0.83915349973842757 0.14939086721211264
v 9171.2496827428986 6107.15702525901 3368.3655976966802
vn 0.40604590529523771 0.74995558136347074 -0.52220048714526257
v 8455.8203046683921 5328.0758404418611 3060.9808427008438
vn 0.70070222328964105 -0.68368321091379924 -0.20394524115936488
v 9089.5404222389679 6052.8538678349796 3632.4629316906771
vn -0.94686602919289886 -0.32162697421783337 -0.00090123024452151896
v 8776.4454654613237 5818.5371642170048 3061.5621728931969
vn -0.42872629923683464 0.89935171842104467 -0.085791881409620116
v 9668.9484438112831 5943.9590737243907 3381.694898757054
vn -0.18185905914164299 0.19195232300187054 -0.96440737673573507
v 9232.6136692210675 5958.4740711259237 3576.7476542375134
vn 0.42684881395308233 -0.86315807103213416 0.2697373434267718
v 8867.9147351970678 5709.368731233455 3005.9982314015642
vn 0.79415906492341692 -0.60306611368208562 -0.074984279208044277
v 10034.843013643527 5797.8896917978254 3117.6568615039178
vn 0.52661806220249963 -0.41789198401027272 0.7402970392092908
v 9153.0778441730617 6075.2711685387039 3841.6590021993588
vn -0.63387703411288188 -0.74031681947856343 0.22389933546440136
v 10060.32134992248 5841.8689632857859 3034.5713004204517
vn -0.14956955453913692 0.98516747216203426 -0.084107075498031356
v 8644.2079935778092 5836.1985428518028 3075.7777916295536
vn -0.51725720358759575 -0.18834176557180288 0.83484870765788244
v 9389.4200240814898 5965.1310377884347 3479.7632395949981
vn 0.39758406807047336 -0.86364355189209552 0.30991405920309312
v 9766.744275662757 5835.3697121013174 3270.7829630933716
vn -0.92166773566376159 -0.093531800034436383 -0.37653736523584608
v 9829.0367395830963 5934.1084697480965 3397.5412839793416
vn 0.63286358359941774 0.46769953535519593 0.61704199952858674
v 8827.2576981663715 5947.3207194652769 2964.7232048205833
vn -0.9465489408314296 -0.31540769319989087 -0.067550645305742729
v 8759.260857784453 5950.2683681852259 3048.3843373595014
vn 0.19922139221594493 -0.96011027510705282 0.19621186640313104
v 9584.1550391303117 6353.1372186469707 3603.8529705435021
vn -0.73311587042068649 -0.66669034714558062 0.13440647886253276
v 8485.1007124805601 5386.0595855382562 2936.5683071111339
vn -0.78695127855935287 -0.44540655097138271 0.42699026865442369
v 8476.3478467732275 5379.4480774352833 2922.9834492452301
vn -0.93071644219583494 -0.35507126433817121 -0.087700065379792178
v 9213.7896303497546 6094.3771098643774 3730.2289368653983
vn 0.96576680313472962 -0.18508727935399824 0.18176132972736342
v 9201.6113383250577 6033.5599136660612 4050.0071977759708
vn -0.41208127791448618 -0.78337350461299604 -0.46531169409624368
v 9619.9891014841269 6045.051066629926 3493.2942300142677
vn -0.14432386192859237 0.4889104192835762 0.8603122832983231
v 9755.0041522877818 5972.1441457876863 3367.8488233073622
vn 0.027791078741137568 0.85937108885902669 -0.51059669757613457
v 9722.0209782761176 5979.0259240075866 3479.3945177489113
vn 0.42336944823716122 0.10210306149251402 0.90018513381038323
v 8710.7780709656436 5895.1636400028037 3062.0275411656567
vn 0.40565806597518417 0.3975766931394748 0.82302752480190655
v 9226.4308800359559 6137.094243699662 3674.1534586334756
vn 0.65934083273826161 0.57762288170948373 0.48127068559143255
v 8421.9803885794754 5395.092306554332 2978.3568400156946
vn -0.8225647485518266 -0.2218417256057508 -0.52361577823833116
v 9046.1851224855327 6037.7117082437235 3313.491000845549
vn -0.91941141202315568 -0.33628882058384024 -0.20394235605169606
v 9600.7807434903134 6484.9966069212624 3590.5337043302816
vn 0.25451865082885022 0.73197914619028515 -0.63200220404900731
v 9701.6636358088617 5857.0909125566814 3367.4133012007969
vn -0.8272903741043327 -0.56141293041977991 0.020153373707368367
v 9564.1582660992171 6072.5405644208986 3409.8808304047352
vn -0.96224034514355983 0.21956891687732999 0.16088197201463902
v 8683.3149203910616 5977.2976864835473 2964.3315797832179
vn 0.1414369179646687 0.96621495862497553 0.21546287839438233
v 8965.3942615962987 6025.2277388119182 3061.6726796579169
vn 0.88339328192610345 0.36820923451661136 -0.289893547814571
v 8295.9085644125989 5160.6397169876764 3103.5282381892052
vn 0.083955004387463547 -0.96953362794083919 -0.23012192753011448
v 9192.7183409561076 6066.1207733074625 3887.0055283732572
vn 0.28843746915083379 -0.94589399336455948 -0.14862159905850969
v 8699.0862045659505 5818.2325965363889 3047.1599699157041
vn 0.3455686483884674 -0.85160618301434476 -0.39414365186148353
v 9127.4160525471671 6163.1587153791897 3646.3782930454472
vn -0.9129212711017356 0.39214051174630021 -0.11313961206112176
v 9599.2173307841422 6281.237411644448 3444.4065066203448
vn -0.0091168303603781087 0.014811988900137336 -0.99984873275361119
v 9155.7119992436528 5893.0434812848662 3423.507800269349
vn -0.14900021225694765 -0.98714318788680189 -0.057855538680981741
v 8657.4634717938661 5811.7054345059296 3062.1868415012314
vn -0.52980341921014018 -0.80329572122800053 -0.27207410984882568
v 9207.8973782740286 6137.2233034562905 4063.6884518101579
vn -0.27676208163149857 0.95987283210820495 -0.045242638645128785
v 10100.580406977548 5832.264470623275 3006.22785044185
vn -0.22499361704151699 0.56987943999722435 -0.79032606951752848
v 9199.9372548370447 5969.8172378920444 3620.2842839951995
vn 0.14671470913106791 -0.87357886703714216 0.46404176233469446
v 9086.7955821059531 6063.3013914181611 3228.6483232096712
vn 0.91684289919359541 0.017106221811953665 -0.39888153049947417
v 8597.0411769417879 5616.9965664173596 3075.9354859605801
vn -0.77581017067306246 0.25906470056191655 0.57532952297183415
v 9745.4836221266523 5827.9189471414684 3351.7095768553986
vn -0.51735541947342045 -0.84544394902487974 0.13254395119618842
v 8182.2837259397074 5233.2446360325375 3200.924719972174
vn -0.10150631073656353 0.75238086870414078 0.65086058206704656
v 9224.0404281069732 6010.9472101869433 3660.2740340921655
vn 0.38587324769063597 -0.62272022137735872 0.68067713536185015
v 9206.0375786093373 5901.0330290857564 3367.887580677992
vn 0.10532225299357174 -0.84639468544477869 -0.52203760350686623
v 9914.5605504141095 5830.97110737209 3283.06894274156
vn 0.81069035333075845 -0.28106010531614711 0.5136013709250844
v 8519.6498076220814 5479.0470753126447 2951.2084217248889
vn 0.17578645180059344 -0.83016994704938385 -0.52907181211947085
v 9040.6878628182203 6036.4162905548947 3396.9587171570265
vn -0.99588552208225267 -0.015197438433563418 -0.089336805248548229
v 9260.5467703969553 6142.1569137515871 3467.4389496124472
vn 0.23204149599585652 0.91751671920489342 -0.3229857800515275
v 8668.7784917034496 5743.1895699482429 3131.7477187458708
vn 0.008685906727587539 -0.91401057978159361 -0.40559735584891898
v 9252.2287711948775 6063.066243736961 4021.928967885262
vn 0.81635387944668913 -0.57740281157577533 0.013127707215288564
v 8806.26120528924 5977.0554894656316 3075.6180906474237
vn -0.69517834782849131 -0.69088710832609079 -0.19849954221423693
v 9280.7274892509304 5954.5449131469759 3506.6255279611009
vn 0.29002075348819323 -0.91790448800843061 0.27081232143335293
v 8476.2346936905851 5422.6014228185522 2950.4866890913277
vn -0.36903775050238924 0.5661839650321363 -0.73705281794768607
v 9795.3463499752907 5811.7437239909978 3353.8752495514955
vn 0.044321057896688908 -0.9466286862302391 0.31926442682035522
v 9830.0198230365004 5776.9560817918609 3270.9910523737062
vn -0.16589794208136197 -0.8635668664114392 0.47616188428883777
v 9668.0765736932262 6321.002802992276 3507.0274660722789
vn 0.70700060393024577 0.10333314234826697 -0.69962304688646493
v 9340.1946089984613 6247.5533154041041 3618.0577455916618
vn 0.97870473049202444 0.10373356059788547 -0.17713384464358736
v 9114.4371888533969 5929.7310840409718 3533.8087765701885
vn -0.3886059213971958 -0.82103555738786871 0.41819379641480581
v 9849.7497627581724 5900.314911658128 3365.2443894787957
vn 0.95532286270621469 0.074316773787966597 0.28606860212989293
v 9679.5122667046908 6267.6377688029752 3562.8136548859538
vn 0.65731057086867994 -0.75280646953775332 0.035003326219002269
v 9845.6776451190781 5899.0554442314133 3380.9515564652011
vn 0.85925343926806286 -0.20638105908113058 0.46807091936858936
v 9042.0906217234078 6041.3638618692639 3270.5532609392794
vn -0.50312236377538511 -0.71545520348935543 0.48475946496079297
v 9521.1695572005938 6370.8343126543059 3520.944421828859
vn -0.39073342363619018 -0.82798574180343765 -0.40220268898125566
v 9598.8975415175719 5978.000687258841 3395.620584091077
vn -0.54177787293731317 -0.058892335330894621 -0.83845597930648319
v 8489.543044607608 5360.7387923691567 2908.9014561848035
vn -0.76750222160833126 -0.56298442743315491 0.30657604977238284
v 9940.2794601727383 5834.3361787317035 3256.9044899811734
vn 0.78836312230403072 -0.0077799934359373711 0.61516100257833051
v 9869.9128064511169 5925.2682361994339 3298.4231929818416
vn 0.56924056894464592 0.79943958509425084 -0.19199355315194333
v 8891.3971519952538 6045.2351360170687 3059.9057941887381
vn 0.32762312330625082 0.72122973300482585 -0.61032021210578058
v 9241.0397224691988 6031.5700854461047 3661.2646606257604
vn 0.57124611018992788 -0.35323742963357935 0.74087866746096753
v 9874.9365761694244 5880.0381643896417 3201.0511317113255
vn -0.065467594915030666 0.96591873857938859 -0.25042959984243873
v 8841.560719481231 5939.9891886561199 3131.0251680115221
vn -0.40775782815958522 -0.91168321355838211 0.050668251306312147
v 9294.0098515600275 5967.0445530350862 3381.5571737427463
vn 0.73072340064456764 -0.18532351206039724 -0.65703767595780871
v 9240.1921799633565 6127.7555270547746 3435.6758510269428
vn 0.20314450409629864 0.87370714420000106 -0.44200467942019278
v 8833.9699452801924 6075.0583437921277 3145.2858806630497
vn -0.17915886234479458 0.44528651001391351 0.87728104165252985
v 8743.3624182511485 5620.0890770245187 3006.0373434735297
vn 0.43878942769332308 -0.78241164800240715 -0.44192290188982458
v 8484.7493399593186 5492.422378391966 2949.9875100574877
vn -0.30861018218549813 -0.24131790275122045 -0.92006816337877173
v 8662.2557612520923 5968.2577243260448 2908.6116201056566
vn -0.38540232780592054 0.66595053251432923 -0.63872915540599773
v 8498.5900210401323 5565.7798468410065 2981.1822823591574
vn 0.19068496199326426 0.46865589889888226 -0.86255486416627902
v 9998.3971147261182 5754.7801675070914 3075.5195490926358
vn 0.11024919651260968 -0.9805018484111383 -0.16266911179036164
v 8831.3322642696912 5929.9398187487404 3023.2624142639534
vn -0.85776805772563669 0.48552921638251784 0.16880562545296551
v 9848.8601279332761 5828.6756317790605 3353.7835532807803
vn 0.60906749485120104 -0.45883287302066422 0.6469228557960256
v 9803.7567794745701 5803.968363338201 3312.1970215816027
vn -0.37821122247733352 -0.90530629763895976 0.19333074935829533
v 9250.9770665778433 5980.0472427905715 4203.1859868198453
vn 0.054135294272926605 -0.89167285937362828 0.44943173204663833
v 8429.7434695797929 5399.652729531128 2964.229441298708
vn -0.71579603389548851 -0.16418907695015944 -0.6787326313576969
v 8210.1628465705398 5144.2938038017683 3185.4643999923101
vn -0.68831763280824887 -0.3577851638856942 0.63103772697718774
v 8794.8700780498166 5975.7063484180708 3090.1503647067602
vn 0.046679145607504254 -0.9836920561049306 0.1736980026408122
v 9497.5956710511164 5962.9624352884839 3465.2647469287526
vn -0.5063034368474284 -0.77379336843955004 0.38065818367067428
v 9490.1443136531107 6416.887324909907 3632.3750012774371
vn 0.22881541886933449 -0.75621400765992941 0.61301213585585668
v 9358.3731844200065 6102.3912079607799 3534.6941068526212
vn 0.92236780934798457 0.30864181432887133 0.23233134684407669
v 8890.9225660632073 5739.3287174767174 3159.2732884190655
vn 0.52335363478421448 -0.73128905294768998 0.43739832418177127
v 9146.3534925813365 6086.1589520303387 3800.9198761895959
vn -0.90427152101659969 -0.42417273534333511 -0.048687851356147262
v 9218.015501202899 6052.9101888238174 3910.6557279657409
vn 0.23966134541618847 -0.77667497039546807 -0.58252762155497917
v 8394.7290662118794 5439.0214556103783 3061.7887041886015
vn -0.92413450085415327 0.14730880996748902 0.35252735899077015
v 9047.0543280957827 6092.6582321687774 3310.7383711971497
vn -0.84227599897123806 0.53257428306726773 -0.083281297854852984
v 9176.5826028217471 6167.0216879120562 3632.3088835595681
vn -0.33578225049815325 0.93228193790395208 -0.13453872493987398
v 9187.8678386762986 6174.1917116990899 3908.5555368878122
vn -0.33650876578292205 0.93793443078219663 -0.083909797428734223
v 9623.9818405517835 6432.8453563430867 3588.623391604684
vn 0.88167780037912491 0.30311755292308956 -0.36161306036777213
v 9690.1095387557853 6293.0291901332785 3534.8819788288461
vn 0.98457122935912111 0.12347218236736651 -0.12399239694315296
v 8824.3967841132435 5694.8553617912276 3120.4355458268292
vn 0.30161291060309064 -0.86734817561973254 0.39589998030645773
v 9761.3129748082665 5814.1566570492687 3326.6975776761756
vn -0.56685143898252499 -0.7820775276245594 -0.25890961146333907
v 9516.0846232589629 6437.9391518905941 3661.1845070035033
vn 0.78040857719959789 -0.6144316108486354 0.11591483176561336
v 8815.1976035944899 5932.2586660505112 3061.7023014283332
vn -0.91827780602067555 0.39329412809177305 0.045668367371590676
v 8720.2161080846163 5738.7342527347428 3131.1971244647248
vn -0.58688860078988248 0.60573816310893747 0.5372551051561113
v 9828.7348844661828 5901.1861414715077 3269.4001354749662
vn 0.041485687303070534 0.84474439482260466 -0.53355959851246537
v 9016.0833919576326 6088.5497285142319 3242.9233412034505
vn -0.82224399898857425 0.25835964901765229 0.50711448203216702
v 9355.4028967770646 6226.8554525971413 3660.1914469428557
vn 0.91683127728926495 -0.39359881732496438 0.067084871502627902
v 9571.0068919822952 6400.6848280266604 3631.7326407021792
vn 0.17465287293570622 -0.82074791485584242 0.54393863094570793
v 8650.4198585657014 5694.0735153671867 3091.0464497403186
vn -0.6779668170687958 0.41920051952693244 0.60384759615482109
v 9597.7776434060033 6456.8942364790419 3632.3162620605981
vn -0.73496735361088783 -0.32827894518104678 0.59334300642800808
v 8959.6792512245447 6061.1564309872019 3144.7334928104519
vn -0.15008974648186257 0.98853493008472404 -0.016485144931120958
v 9015.9943015851095 6094.7348840587483 3172.4069460504161
vn -0.268881122039209 0.79353064178444566 -0.54590481107982725
v 8888.0790310400225 5788.1603428932031 3173.8073284285874
vn 0.20071374551345095 -0.17051759588457929 0.9646956731818096
v 9131.5977531935641 6142.2115685570352 3466.5227613469388
vn -0.22199954097735478 0.89525956867863898 -0.38629847073885898
v 9753.8987598581371 5918.6305309866684 3312.8996972147129
vn -0.79849550641083056 0.52227765277584115 -0.29938433434745576
v 9203.9467990684498 5996.9160600913965 4133.2771244575806
vn -0.23142005071774074 -0.90259764193784542 -0.36299071185643211
v 9245.8096127677691 5987.4452028611659 4107.7815846188896
vn 0.0093711812564172513 -0.86947681013210509 -0.4938848627001628
v 9649.3761260869633 6344.8655380210475 3590.3023504798416
vn 0.75471273920099047 0.61330113930765617 0.2329600691356114
v 8950.3889168286114 5977.2933418059256 3033.8577512122574
vn 0.6945297285568488 0.1014572232601114 -0.71227444710525578
v 8840.306472124792 5960.4591777049036 3048.8283154886808
vn -0.983761568960419 -0.025587027954819437 0.17764706425093033
v 9279.6379034876009 5949.7472318361379 3520.2038472418744
vn 0.36173621987796756 -0.92941010607155272 -0.073101039393868222
v 8868.8274867789023 6024.5999878350904 3018.1201591632253
vn -0.69149580149426515 0.64287716339013112 -0.32945790217759663
v 9178.2860378839778 6065.6655731062438 4141.9261694796551
vn -0.9196218420918737 0.39258235742452241 -0.013219689351623029
v 9653.60711758051 6280.7999465227376 3562.8042376660733
vn -0.63498684137779982 -0.76683122441780771 0.093603336131415346
v 9073.4527969472547 6108.0024407719575 3497.1768471667951
vn -0.89324782278029391 0.44954666473056182 -0.0040153863939235129
v 9789.7710832862685 5870.6677789642818 3256.4148510102164
vn -0.64928765253833876 0.39643508402115679 -0.6490491263520749
v 8729.3003282629998 5767.9381414909831 3117.7146638998838
vn -0.78154179361930465 0.60725576654674362 0.14294355117334706
v 8745.0042121255847 5772.4300466529403 3102.9873637892383
vn -0.59876066866566358 0.79996048580644397 0.039355848451855753
v 8387.7653803215435 5257.0820185969442 3102.6040834071259
vn 0.61957494423440929 -0.69492274097390672 0.36497845491787756
v 8464.2809183009358 5614.3210273251843 2950.3305286633909
vn 0.84779326376103792 0.41472844096907957 -0.33052519143442549
v 9218.5920041175359 6079.2315949105578 3367.3700380467676
vn 0.32791373048842448 0.58243321893743827 -0.7438038255046413
v 9670.1343481259319 6337.1414757241946 3567.6294118086043
vn 0.91531147129347434 0.4025314747997551 0.01316519328036813
v 9564.6255810000548 6051.2351712450745 3465.1020359713789
vn -0.4215024956853986 0.83376940175068204 0.35660094059787678
v 9047.0362191176646 6102.7872937768625 3184.8407388511782
vn 0.56211377933800311 0.58224906586124836 -0.58737902957294152
v 9200.4084362577159 6111.0147400029027 4119.6699055495264
vn -0.45703994795002423 0.84791753982011153 0.26860813770853742
v 9965.6437137454686 5858.2867128373155 3187.0695239366978
vn 0.87163777073060855 0.26475777611677126 0.41249353524810156
v 8646.6499174775108 5950.3308775818477 2902.6744642437025
vn -0.4924427062374398 0.71217543880848189 -0.50030623165366706
v 8954.0555110617624 5842.4812510873526 3117.3583714617534
vn 0.92446135260812057 -0.32221742244031648 0.20383115613144814
v 8869.740769170141 6087.9582899205861 3089.82072466301
vn 0.41291317405584682 0.8995903607177228 -0.14226697998792015
v 9556.0476214172595 6463.1001265675568 3562.760093284799
vn 0.28813311115848134 0.84233223446720074 -0.4554730694910808
v 9035.4710117361374 6035.9050042043864 3173.1117547858066
vn 0.88500702934460052 -0.26271043293564067 -0.38437714088823421
v 9175.9308914681897 6177.0861050434032 3841.1476351244323
vn -0.35632710907577936 0.88227229422156539 0.30761435302455098
v 9822.8476345136605 5854.0000814680043 3154.9481182666577
vn -0.9091474289783642 0.3544076082027165 0.2187377416680987
v 9838.6402015899657 5829.7424760721378 3117.3767593420253
vn -0.99054694596632287 -0.12113056883230959 -0.064374941795326171
v 9422.2350174425737 6373.1192935101517 3646.4840050120592
vn 0.5359616451754462 -0.65111942639469922 0.5373905539477476
v 9228.0791422022176 6023.0428664051624 3312.1349067969509
vn 0.75436534964816915 0.23550572699281178 -0.61275604591369215
v 8744.0284915761695 6127.0933921192873 3117.4199481194582
vn 0.16676379596910049 0.97803224612186934 -0.12507102741957266
v 9145.9067373388552 6149.0231406215353 3789.4957231934204
vn -0.57975806897627724 0.73538505628396 0.3508409902664385
v 9060.2167181416753 6098.4940064807015 3383.3346458302622
vn -0.80981996683282165 0.56555128908764007 -0.15602359030030136
v 9084.4235917570677 6060.5611601792025 3242.6387747915114
vn 0.90195359742792003 -0.39131311142451741 -0.18263010954959377
v 8610.3555911430049 5944.2646631511025 3034.0035847677923
vn -0.054539096452893343 0.77002413964170813 0.63567940923640842
v 9624.0792324942504 6270.5694332055973 3465.0974332843216
vn 0.86586301990833425 -0.47806643112396369 -0.14742360118928124
v 9052.6661048195565 6010.4262941839734 3549.8732475195852
vn -0.94824216749415779 -0.18346089666463439 -0.25918891021991997
v 9148.3149537038007 5980.404800974472 3632.8525970005776
vn -0.36011396622548375 -0.8685885438305645 0.34039957822484213
v 8448.4446977946518 5434.1003158992389 3063.3420759552014
vn 0.44381964344387187 0.20279005775837422 0.87286901455356392
v 9418.949119732375 6440.980470445139 3658.9621510482411
vn -0.40359907131406736 0.87338056284470178 0.27260627666929171
v 9476.0219748425661 6380.9131729241062 3590.6792044674612
vn -0.043500237362530843 -0.6054395358712914 0.79470164071389626
v 9214.2280465186559 6100.8259367787778 3715.8187749562471
vn 0.87172961155160622 -0.263438200185029 0.41314379945408641
v 9179.0417858751534 6170.5457389740786 3535.135614221067
vn -0.34808775967352212 0.93186149180877109 -0.102318481465472
v 9187.9248857178936 6101.0774613185995 4133.3172198993125
vn -0.69082436795797286 0.65613426789545826 0.30372605276590653
v 9530.2575331453791 6177.248447857909 3303.8732413316047
vn -0.10433827877545464 0.9839659318318299 -0.1446532701894232
v 8791.7259377152368 5819.1808079402408 3061.8110063460331
vn -0.42057793777815394 0.82472779602463187 0.37807176662457687
v 9180.166163160573 6176.0532523209431 3617.1613083578877
vn -0.30485084381125027 0.92884404664994125 0.2105105698784043
v 8636.1212088686734 5902.6749071474478 2908.0607140493194
vn -0.44869682705062558 -0.2375184905476028 -0.86154287417556263
v 9252.7188477350646 6164.0158541648507 3969.6558055190599
vn 0.38627485798701122 0.92237954977734182 0.0027749305689142344
v 8603.4703232528209 5959.8071316957721 2992.9604105448061
vn -0.65500804535402712 0.74393748180802699 0.13236874133506088
v 9340.2845119842314 6017.1165334324833 3548.8965632871227
vn 0.72790316948067701 -0.59711147525527641 0.33706803761029014
v 8697.1293792800807 5816.8501318302133 3173.8103100277472
vn -0.16776727472674302 0.47308678151503558 0.86489481365453136
v 8608.1865921688895 5931.4472720552667 3046.5937560032899
vn -0.066427079586791296 0.70490576873966149 0.70618361655812789
v 9161.3688999642418 6160.5371136827844 3542.5379611913377
vn -0.5088441438202812 0.8607784299534702 -0.011752949699700272
v 9070.3707900838035 5999.2484216558532 3603.8407285206235
vn -0.92660647582023747 -0.32182021141483402 0.19450498834968608
v 8903.4997583411605 5966.9126263718226 3187.0729656330236
vn -0.4742993872959988 0.27127484494435083 0.83752614867301811
v 9914.9526130513914 5868.912020808848 3016.4097598068292
vn 0.39417260181830738 0.3320184143544912 -0.85696658774150325
v 8530.8441262417746 5564.5330138056443 2992.1312341880575
vn 0.78989169651562086 0.59952364945648662 -0.12900581970612823
v 8271.9954242612275 5217.690225000294 3159.5062178051212
vn 0.64255713904923395 0.2736349082087085 0.71571241435822186
v 8251.1318471574123 5144.8161097709617 3131.2170979310586
vn 0.013195344811656771 -0.89212923771434227 -0.45158753978661564
v 9210.4662451197491 6146.3546916808937 3801.6968265486503
vn 0.87018772897611618 0.36418619851927542 -0.33187607498502841
v 8373.3975200099521 5285.6984698729029 3029.3965238724595
vn 0.10120197404014104 -0.29949958861462317 -0.94871394891719085
v 9340.5410870300984 5947.2910720860091 3423.0360849366871
vn 0.58595214719663857 -0.71360567596964464 -0.38396226431715308
v 9317.551386071691 6351.8735107050143 3673.0270178973528
vn -0.62306120281680766 0.48546962548105033 0.61328132229814525
v 9174.2531689738225 6068.3605492498646 3966.8822144600572
vn -0.7453646643031403 -0.64044095192870498 0.18511322022189869
v 9747.682426053525 5987.7816982834283 3465.4883396631112
vn 0.64862278547412 0.24327701543083136 0.72118290046760025
v 9563.7694431125201 6019.5787086240853 3493.2909534268197
vn -0.12727224759108738 0.29598101592024656 0.94667682617033133
v 8778.8336716165086 5683.0110431227822 2978.004121942844
vn 0.24162945369960262 -0.41857993678274091 -0.87544619687779113
v 8969.2405843909964 5887.4960394813215 3114.9340879994261
vn 0.91086381027611374 -0.26284566160944123 0.31818120199404476
v 8506.2694466759931 5410.0829817464855 2936.380456813748
vn 0.58303139203153131 0.44556268442765901 -0.67937345411150196
v 8540.066295423323 5391.6829769821925 2866.2821512795749
vn 0.20129666752108991 0.95514156611254142 -0.21721933691314271
v 8601.2267769994924 5561.2880712598799 2963.7414949228582
vn 0.35603917791083839 0.59847702495801947 -0.7176777510763257
v 8662.3076195514586 5785.1961476786437 3075.5293410563063
vn -0.3223480685042372 -0.36416743820031383 -0.87376987799203065
v 9909.205649795329 5893.489015886852 3034.4881020288435
vn 0.18118850548109552 0.97329082325689809 -0.14098120032627331
v 9002.2069679426622 6062.4810171465924 3147.8183339557745
vn 0.30564139775983384 0.89311103140710513 -0.33005457360011209
v 8846.0777808191051 6066.3955297809298 3047.6770338159276
vn 0.38416703470196878 0.71840120656058348 -0.57992706081074907
v 9220.1309023454869 5903.0040102269495 3465.618980333139
vn 0.21478794203102811 -0.83437545996346341 0.50762558226396992
v 9259.9123954242496 6193.2440004115833 3548.0497078807075
vn -0.17716130086644796 0.86319069472397225 -0.47277446844902049
v 9221.6150995516855 6148.8018824640194 3839.98960891153
vn 0.89191503749884349 0.40792703039062089 -0.19514892713034857
v 8689.826745932467 5648.7153334259556 3117.4926334569245
vn -0.20196709829278298 -0.65927366518260899 0.72427034013818536
v 9824.7539537975081 5843.6622779484605 3158.9793327250627
vn -0.98925497605485102 0.11768053514357285 -0.086751853000603965
v 9200.4096419930174 6014.8062269035236 3674.0124814388146
vn 0.67567818574309879 -0.62519667321500894 0.3906252796630037
v 8673.4111788972859 5495.9695404833983 2950.296989925735
vn 0.9134505985962651 0.24661152859864807 -0.32371400631786607
v 9644.1478113476951 6328.9149664698416 3493.1346100033411
vn 0.73215200373230671 0.061910054963104949 -0.6783218915273439
v 8120.0937746429036 5211.5050587715996 3135.0868957217199
vn -0.88229096053734168 0.16795855607227866 -0.43971875602049354
v 9440.3123639744917 6381.521961886896 3520.8825099481196
vn -0.31786121295553582 -0.71172205590477333 -0.62643113303628062
v 9222.2075230312385 6048.8269053505846 3952.4541460944624
vn -0.058013792450086123 -0.99575426754136864 -0.071469144102268053
v 9245.6457656034127 6185.8532885503064 3576.6488447913407
vn -0.43649990401264616 0.89792281326745482 -0.056590239536604137
v 9776.7638229283184 5815.8310162483212 3312.1340268612421
vn -0.57306960221355729 -0.81755381860293885 0.056541884533043353
v 8903.9491360311113 5884.5230438537619 3186.7919176998048
vn -0.21365474040886073 0.027907382029764852 0.97651053754123274
v 8839.0534751381529 5941.8054978729733 3019.8669884134529
vn -0.88867255852573468 0.3470970752542728 0.29964095860421713
v 8533.287632100084 5479.0406577367612 3047.8964597531094
vn 0.2148534079015727 -0.43435407131000792 0.87474256432935804
v 9214.343366148225 6082.3098154032677 4244.8914578717267
vn -0.93827628370150795 0.017090111364982147 0.34546424349969945
v 9549.8312906643187 6172.3820736306734 3305.3123516864343
vn 0.70561274240148952 0.7070134264755622 -0.047356863746808732
v 8594.2663472723834 5477.6834820866698 2991.7871537364908
vn 0.23312908395320356 -0.96952192591404462 -0.075352938808396719
v 9261.2800880402301 6086.8949011140612 3925.371451128769
vn 0.93625097006776126 -0.25661803485993623 -0.23996104940552423
v 9283.4437427237808 6006.1967793910881 4131.0127471311971
vn 0.95247460524336691 -0.26921049995755941 -0.1425406365886345
v 9444.5060171682726 5991.7807603588135 3480.6316314944761
vn 0.64779608041797843 0.056331245083352577 0.75972825998672922
v 9810.8390185986573 5959.420982740382 3354.7163050583977
vn 0.35516117028390293 0.93087089875899798 0.085673292023733055
v 8563.3747391235374 5509.0576698983023 3047.9030221767434
vn 0.10783802507219546 -0.32670898027112066 0.93895271582691153
v 8757.3252415417955 5865.1706195331662 3016.9201324220794
vn 0.93199501005017982 -0.34844275803093416 0.099864636470379187
v 9530.2678644475491 6089.334539935564 3368.0925927921107
vn -0.84528853747058874 -0.4100628082466235 0.34254310927783377
v 8158.1702584324767 5142.9533344041138 3117.4316682351782
vn -0.73852337105289478 -0.64354679008426763 0.20107401468340938
v 9156.3227576650679 6073.1805331717615 3808.6297538903937
vn -0.37653111745956713 -0.92289913593405271 -0.080507778983328573
v 9678.5440030412556 6061.7039275624393 3439.4824733953196
vn 0.43327103938269085 0.84807135210366202 -0.305042928410592
v 8917.3654664848291 5791.1423364473376 3019.9309930828158
vn 0.72742626819832401 -0.40471960783947475 -0.55412368959043945
v 8407.9954046551302 5468.3617101163272 3016.3087748211951
vn -0.81286348018415477 0.53302530758131383 0.23481265736912496
v 9634.9818694048954 6350.146330525884 3483.706309212128
vn 0.69305574106421342 0.32527906896989217 -0.64332516433605647
v 9418.3383278467609 6356.2956944957059 3604.4143627336002
vn 0.58760740888421781 -0.73921177793279347 0.32906455352987207
v 8927.2551932088991 6040.9088447330196 3172.9961063194405
vn -0.37244743255420154 0.77536452291692837 0.50999290836793754
v 9107.1129242032312 6031.6552915392595 3674.911690434149
vn -0.73109989607671444 -0.64232388625186465 0.2300281876356006
v 8950.5031989183626 5818.1886030077094 3075.5551121920648
vn 0.96066948150324838 -0.2455710542175534 -0.12964954546298743
v 9631.1230496181342 6402.9381507146909 3602.7112899743729
vn 0.98610133193569227 0.09867552749671038 0.13366863292448011
v 8479.8550683177709 5377.6313771947407 3033.2360145400862
vn 0.79067086192014957 -0.60804089031065267 0.07159513824748634
v 9377.9954510807092 6066.6369502101261 3463.8312171136981
vn 0.70524362361984283 0.6692957396169098 0.23382609835988608
v 8509.4577069757142 5406.7790088289603 2992.2252985109476
vn 0.68710541196837782 -0.69185688448865545 -0.22185626930383839
v 9157.8459367343385 5903.7929657658105 3465.3383692397701
vn -0.20677499710340164 -0.65260428015652028 0.72893878624633368
v 9903.4559074401914 5846.8192490868314 3298.5583391423907
vn 0.79034151088866478 -0.49545109724000264 0.36040048059055096
v 8767.2009536713231 5961.7956163783738 3061.770438002171
vn 0.60966135953729372 -0.7201685383170966 0.33116506927113454
v 9864.003669140413 5939.0802161060965 3312.3026802941054
vn 0.51149756287654158 0.85912193462766717 0.016725567642763013
v 8573.3270340910931 5949.3683798678567 3005.7697081749679
vn -0.5254953204063082 0.84809214690823409 0.067781845531482962
v 9965.9222524316392 5794.3619329639478 3174.73375500355
vn 0.52445183620647629 -0.28696756475436819 0.80162328326877008
v 9044.9517113797883 6105.2900937098366 3262.9855487315376
vn -0.17495733901046007 0.93448174909213255 0.31005449543602392
v 10009.176382602562 5836.3811762554233 3049.3193589895441
vn 0.037005426916782401 0.82568417812963457 -0.56291761063684675
v 8547.1962426051396 5899.4385675354833 2991.9387948254462
vn -0.92101023554554562 -0.16232306700198637 -0.35410643589097207
v 9543.0407205429165 6453.8550456317344 3646.2547882701119
vn 0.53911931591264173 -0.4589604379616824 0.70619096538819159
v 8737.7847244020286 5961.4543800672 3033.8878075774523
vn 0.40403146072454965 0.88089275790343657 0.24654924014903021
v 9172.299475492393 5919.1090354967255 3521.1216292910012
vn 0.10254398692476581 -0.99466405871516073 0.011319940187854219
v 9314.9101871727435 6226.2727538926038 3660.4326260304661
vn -0.42615354534422967 -0.2383995630925608 0.87267336621889624
v 9835.9365081603955 5944.6233717128907 3325.9253963380297
vn 0.39832137766611064 0.91557412301118246 0.055354361765588299
v 8662.7798838381786 5704.7773930630201 3094.4668488964862
vn -0.71149634586509014 0.42107950371717728 0.56255222101589797
v 8783.8375176567824 5742.8964469237872 3159.2352854446563
vn -0.44843099246277074 -0.071942827588131378 0.89091743419773683
v 8446.7647901170312 5329.3332420165107 3047.8526534404095
vn 0.66126794643644582 -0.61904264052135616 -0.42368728117807936
v 9191.6039601899702 6071.1167260345801 3800.5785571464967
vn 0.48207811150059637 -0.81717253732572648 0.3159584445028375
v 9938.8136197604799 5877.781366838467 3200.8691271706334
vn 0.41664592568401271 0.90440285764176498 0.091987193132096579
v 9147.4289668523852 6007.2606163459441 3680.0773416005545
vn -0.17586507229959147 -0.92729840886964943 0.33043779634429837
v 9175.3833794235761 6051.2995677545623 4131.9182487834078
vn -0.99835420885233706 -0.038341478733493146 -0.042647446293457056
v 8826.0343161701894 6048.8633345209701 3145.3085522871784
vn -0.22949479134312498 -0.42857968734103902 0.87387161090461829
v 9111.5418320927201 5921.855935186215 3491.8323621646387
vn -0.25645040908518651 -0.94767539276487012 -0.19011716815687552
v 8157.8904060958384 5155.7284475501947 3131.6610830999798
vn -0.49701256601506683 -0.76081785177307026 0.41729450708885402
v 8728.6725087450486 5602.3906377307403 3017.3091215732884
vn 0.43890938993763146 -0.86676575447085469 -0.23680302848812154
v 8803.1577382645191 5872.1506621146273 3019.9940468277759
vn -0.84837555776572926 0.5144721123990732 0.12480928871411448
v 9965.233099422112 5749.8865360496275 3089.5031162339792
vn 0.16050165507162706 -0.91182604485219454 -0.37790538848827254
v 9260.9850607351509 6010.5806808327688 3340.6478251763219
vn 0.71637136234837417 0.19874391923076881 -0.66881456755660473
v 9190.2970162985512 6051.7883434963005 3744.5088669947136
vn 0.6060517049312274 -0.63191809042087432 0.48309508168557069
v 9549.4890388360509 5937.4822205750825 3493.2403698221856
vn -0.42958072197339509 -0.39986737652739268 0.80967060246616152
v 9509.776093590428 6467.1004490462074 3576.1341269366471
vn -0.34662980407473415 0.90436492515857936 -0.24894148121602505
v 9788.8087522361529 5966.3683384446776 3423.7487092950205
vn 0.71640939955326643 0.4894637156616381 0.49717486187701765
v 8938.4494960544871 5803.0422000738736 3061.7135881881622
vn 0.33497660895529424 -0.55082383440385663 -0.7644499819513666
v 9343.5517283205754 6096.7693671691486 3591.0750374393965
vn 0.98277590404702941 0.13735547204419171 0.12363250674503641
v 8826.2860764673187 5799.0463256170306 2964.2738608899826
vn -0.52807743955805519 0.053656043282928126 -0.84749940817031189
v 10115.013222497295 5795.9046815452339 3006.0622660095878
vn -0.15192344353506212 -0.95873883518163427 -0.24028964442732834
v 8959.389140138639 6013.261212525118 3047.7570606462086
vn 0.75170577976799147 0.10429436629768531 -0.65119974341361675
v 8455.2369043717681 5518.3050965505245 3033.9117482775
vn -0.59454600414173397 0.40772733883067619 0.69301765210501842
v 9230.486031713388 6126.4702521883737 3701.8064923019506
vn 0.86213427361082751 0.26223784926656624 0.43353870032279296
v 9586.3662084744246 6379.9637165996792 3619.0093869868742
vn -0.042654664380948892 -0.54555024159298915 0.83699194351222983
v 9352.0814516388327 6240.1590662326489 3646.2685038705022
vn 0.96015446458226739 -0.1412344884971039 -0.24115601464964723
v 9882.897067926715 5892.1086057517941 3159.2051765878819
vn -0.20511413410434176 0.97663777933734996 0.064084631243659138
v 8852.7077189051815 6001.4446316480598 2983.7976977577259
vn -0.63270264289834099 0.7730294612737586 0.045965396465786269
v 8972.3523387215246 5923.0720557166605 3172.3159310168398
vn 0.90617700037343341 -0.36985409837689892 0.20506386787539532
v 9285.7458011607687 6234.5625276657574 3591.6704176263092
vn -0.49645996219398225 0.68734289933190929 -0.53017661649336689
v 8761.446476453475 5872.2215975674517 2964.3552781308194
vn 0.87598685882295435 -0.36634009348632368 0.31375461602010751
v 8602.8906127714454 5849.0418658121243 3019.8884845733833
vn -0.38707600562490541 -0.9028939747080833 0.18696159045458297
v 8619.8247790108107 5837.659785267464 3019.7303400194501
vn -0.48106710573622913 -0.87390822857115091 0.0697054360448362
v 9389.2515396873132 6409.5778573024445 3560.2127256470799
vn -0.83632583460424992 0.48837573116347349 -0.24909484856987221
v 9526.9153856797311 6040.6435457288389 3429.8871629760488
vn -0.59024845928744674 0.68216669441276356 -0.43157311934683645
v 8962.6199898797677 5988.5943543542089 3090.9449169180866
vn 0.83802985378124573 0.053576334164586376 -0.54298760629398202
v 8197.2638285352732 5125.0408801931135 3103.4218421217743
vn 0.64898798063802543 -0.28158037961400084 -0.70677230477984432
v 8317.6052853197052 5230.0501313733439 3047.7481284229061
vn 0.57054230316807508 -0.49386983360347414 -0.65618142899059928
v 9952.7828897844556 5901.553632557323 3089.6913482870905
vn 0.3427343725942904 0.93538305811171463 0.087130272810171785
v 9618.0373956666281 6487.4739926634875 3653.9413701324984
vn 0.14092856805213494 0.21166777187643945 0.96712765085878827
v 9082.3614611916164 6090.4572981761357 3243.3568786437172
vn 0.77614158619317974 0.49156229821353731 -0.39493131701165474
v 9854.2870924688614 5855.0919162357641 3087.6778167243519
vn -0.76926287816331707 0.42319044632682756 -0.47869037009071952
v 9193.6566743191688 6170.8043094449422 3938.7678997341727
vn -0.3087052758713501 0.92781310737054545 0.20943707990851654
v 8794.1901219618121 6024.2697412074867 3131.8851808604268
vn -0.041487767862280506 -0.90536786247752532 0.42259649633034374
v 9195.5615435549025 6043.7439935270086 4216.7151427527151
vn -0.54722459017359315 -0.64096508236448424 0.53824623649295766
v 8473.2932801747174 5365.0909224966617 3061.7370139441059
vn 0.90432467104126324 -0.2040420222043679 0.37491831446444862
v 9149.3738034742437 6122.5521108273761 3854.6284686094104
vn -0.97303705456503764 0.20733990173200584 0.1010398713041443
v 9080.1057074128203 5994.9415312645415 3590.3119211795602
vn -0.85602619171363337 -0.47187698654631965 0.21107171451480264
v 9299.9781681317691 6055.2509300167376 3395.6715094419365
vn 0.41865231776813033 0.49403814580058641 -0.76200823310597554
v 8980.6116372230317 6055.2068719665558 3103.4710370621851
vn 0.43921796725008855 0.86061104276891665 -0.25775222658378377
v 8173.3044422386656 5162.8981138876807 3096.3954392741848
vn -0.051275747281969229 -0.069744924025934352 -0.99624617605955812
v 8134.5149786272195 5176.0975099714906 3130.8467345832996
vn -0.63565929783408848 -0.74757242175716376 0.19254280382606559
v 9547.6640975407354 6067.2076574991925 3391.0479839044756
vn -0.98955071145726092 -0.14373633423845206 0.011369066545698308
v 8476.3107810541151 5359.0794634342019 3047.7618022100214
vn 0.91701098512031309 -0.33933033846328975 -0.20963247498196017
v 8476.1575899938198 5535.4589805091337 2960.7552500262136
vn 0.092985882070244913 0.029838667162392082 -0.9952202166744758
v 8993.9811542106345 6051.1145621495343 3117.4108426866014
vn 0.61442167943328441 0.73683679481706288 -0.28205945764341933
v 9408.9025343838839 6421.3923460778697 3549.365164813993
vn -0.44308804641960381 0.75430519984455047 -0.48445500163331151
v 10120.636638127267 5826.9262300988466 2991.82991219219
vn -0.54849975104576765 0.76488411573875004 -0.33778737778857493
v 9246.1089104289968 6068.3652676643069 4241.8719072819031
vn 0.59913085371107444 -0.78567995781799405 -0.15410783242442397
v 9108.6777124847249 5933.8697710557371 3545.6754483560176
vn -0.3768117973922625 -0.840085172913558 0.39021759519120847
v 9304.7392301705077 5956.2880011639472 3409.4902471263058
vn 0.73039225732954727 -0.34270110086901034 -0.59083255317917016
v 9322.8073786183359 6107.5722299421632 3439.0565150429647
vn 0.38930325248303849 0.6530514652184547 -0.64958968694257835
v 9148.5522756929386 6141.9775227597784 3813.9963356409608
vn -0.79983855167672946 0.58987118731033206 -0.11095167251002198
v 8870.9662155218703 5822.9727881488416 3173.0976403115255
vn -0.54409530121482996 0.1187352164793144 0.830579467338047
v 8836.1709505947256 5941.6212957524695 3033.8743384417749
vn -0.96462709580092076 -0.078840468706669123 -0.25155267150398947
v 9085.0710280978328 6122.3310704849991 3507.9614781293735
vn -0.79365019309573126 0.57609109632220001 0.19554646439502366
v 9332.5347951779895 6371.1456390038602 3657.7481933151703
vn -0.7550960319294534 0.64256457742323059 0.13015662259485278
v 9856.6301058151112 5932.5745384204201 3339.9527772442048
vn 0.72977172030764526 0.67411024944914089 0.11405528408117198
v 9234.1783581053423 6017.0325409025318 3326.1726146800647
vn 0.76079967357916289 0.1758837002365585 -0.62469895203444636
v 9886.6724502309225 5900.2787477192614 3270.705987158959
vn 0.41308546369446747 0.85725930201919864 -0.30735466286666846
v 9062.1622561055046 5981.9630518832055 3535.2786449937726
vn -0.9617733443998896 -0.25283026907066586 0.1052087878625462
v 9213.7961269139196 5990.8845282814855 4188.9541403203566
vn -0.48248382585604249 -0.81817151324694537 0.31273748208124919
v 8698.1505878034786 5776.3319547709461 3064.771758520913
vn 0.74089462847407372 0.47824336328861622 -0.47154897409352592
v 8314.0114140390215 5299.173640235681 3061.6790767601883
vn -0.77693003019927209 0.51605471866921204 -0.36064838210339789
v 9409.6248254087968 6423.2879006139374 3585.2303862788576
vn -0.67613705256081258 0.72100305575510382 -0.15163535124165328
v 9584.8027633637939 6113.936595631787 3354.2724155175856
vn 0.87506525566358384 0.17769723064969256 0.45020494505264669
v 9389.1273242730022 6393.2739714117015 3663.8889871683709
vn -0.072938022229112845 0.082319301054432692 0.99393338689633282
v 8350.1491824310579 5220.7053951438456 3089.6585533567109
vn 0.69911967341039716 -0.71249331202876132 0.059874556907135952
v 9643.8159166946716 6299.4435758981199 3591.0404027833806
vn -0.70715946292356957 -0.70689889235315584 0.014813844454759709
v 9372.3674329443147 5974.35532895297 3423.5848515004382
vn 0.33763732206063918 -0.74072110422749615 -0.58080399835376395
v 9262.0752906110647 5976.9528603627832 3340.0379175962444
vn 0.75085038911700819 -0.15250114784332724 -0.64262515751354221
v 8737.1358698732074 5674.0595143024657 2978.1116026454947
vn -0.1339452833071213 -0.11964597711448567 -0.9837395494947303
v 9524.9440433098935 6029.3554142629619 3479.1456150552749
vn -0.46957592243519786 0.71647803304092195 0.51590472108611729
v 8431.1735481824398 5587.2345074884433 2992.2624778122167
vn -0.89836590833401542 0.08138398767133366 0.43164260829291601
v 8383.0431660025024 5431.153204314639 3047.7616209485527
vn -0.54480187495802435 0.81993647528302016 -0.17577000182817976
v 8567.7988668836188 5494.7409200684697 2950.3445342183882
vn 0.18003954224339949 -0.91921608089386075 -0.35018218095002801
v 8287.1851847476883 5187.224118219794 3047.7126177229538
vn -0.45242637993001594 -0.8445450401752036 -0.28645077388424756
v 9234.1008678482322 6082.7746052598959 4189.6567624579948
vn 0.8073082009215381 0.58611725636811129 -0.068702478211105616
v 8608.7791539524842 5478.80122165795 2950.3552205433939
vn -0.27072565243132274 -0.81374638241007902 -0.51431940098555884
v 8584.0754252017268 5881.0656819905707 2950.3593738952309
vn -0.72648519720614479 -0.33515873842845273 -0.59990655796998671
v 8617.7330267075176 5756.1419029479985 3144.8787205671279
vn -0.77334445215195857 -0.62947137893422933 0.07552576665236084
v 9196.5148170810789 6177.026276719298 3924.6684208219458
vn -0.29293641078922017 0.94495694799374097 0.14575536241347606
v 9067.8615846434514 6092.0657483741088 3590.7576992355607
vn -0.91333850982856069 0.37073472404315105 -0.16842960206802415
v 9801.1179089450998 5866.9796226084609 3235.7337288183935
vn -0.7086724875518563 0.52881235957999184 -0.46705545039374652
v 9220.9542037485844 6140.4792587639822 4030.5739960382525
vn -0.063322495435715109 0.997499573354657 -0.031382522669010551
v 8370.9077255759985 5233.511801443874 3102.3141879830873
vn 0.80012324518231348 -0.57109437153266707 0.18345029660001014
v 9948.8519133761874 5761.923672264702 3061.633135976861
vn -0.073630106786819666 -0.75932197977120974 -0.64653595291436972
v 8693.3278817397422 5824.0086962914902 3020.4179192257516
vn 0.22747593245664829 -0.93851125501647248 0.25971392792914305
v 9583.8486570183595 6350.1432734191476 3463.9764539765019
vn -0.20596466212549827 0.24061324290613942 -0.9485166447109511
v 9185.9436527961007 6028.920555545621 4063.746456989842
vn -0.42165456839822052 -0.88523401587231332 -0.19638778498543988
v 9267.6169945819747 5999.542738929089 3632.5381343014888
vn 0.35738392245297573 -0.62261581821259238 0.69615104315341625
v 8758.151863591549 5778.8669255910063 2992.1396051012757
vn -0.46596501404945373 0.72159110133692617 -0.51203797530383854
v 9214.5303996652437 5996.3731718731906 4105.5257051135695
vn -0.38006927980543209 -0.83243715070108382 -0.40323161170826038
v 10115.258896322288 5828.041203541261 3061.711857295883
vn 0.61729992139451983 0.14756939624792506 0.77276392277159434
v 9560.9625147910265 5917.7229833771034 3479.3771155850154
vn -0.50576162287988324 -0.80185198132402746 0.31818010759417087
v 8996.0644267509524 5998.9820516174786 3201.084687655592
vn 0.003705468413591974 -0.53163272281242602 0.84696689282337478
v 8611.4947803251143 5861.0412192214217 2936.2257369576087
vn -0.49703362398286755 -0.78619118818034284 -0.36723424712033353
v 9233.9130118263856 6185.0728406091685 3534.8309379058369
vn -0.10414869867353758 0.91517569913515406 -0.38936677859967767
v 9486.0044547870039 6435.0586737009935 3673.5611378940357
vn -0.62829746748227511 -0.1654999518602287 0.76016580973470615
v 8676.8057401261412 5726.5004025733288 3093.4337088369521
vn -0.81525953122638395 -0.41590881908134925 0.4029537826536615
v 8733.7230573874385 5618.4211806533049 3077.5465549537475
vn 0.39743735191232016 -0.79855448764698123 0.45205561777704956
v 8759.9772501348925 5719.0775284021183 3145.3021381996632
vn -0.39404548636558728 -0.01888314406381365 0.91889693739024558
v 9290.0199090809328 6262.8548680155054 3645.1660223071267
vn -0.9308692716491539 0.10032390983146616 0.35130828657391749
v 9818.0630145392824 5778.1214366220511 3156.5219897977631
vn -0.74539265892213424 -0.32354573963614103 -0.58284469491305602
v 9824.5889299751198 5791.8357283204396 3284.4115024572379
vn -0.081953509302171781 -0.88161639711173168 0.46479689183210787
v 9193.1817239146694 6116.3919138266156 4175.2430652544499
vn -0.32097955563556285 0.94481749105017931 -0.065513612857489509
v 8318.4798216761446 5286.7475272503198 3117.3935373754512
vn -0.093528238476958903 0.87470364627436403 0.47554810461374919
v 9371.1229476619737 6082.0646102209139 3492.4663859141551
vn 0.83666065833045111 0.52894106039538202 0.14219809221598306
v 9170.5250001420663 6045.8099179704941 4063.5617769706951
vn -0.93289304581559451 -0.35342030863599028 -0.069315586360820775
v 8876.3475878684876 5851.0306850497764 3175.0355935200355
vn -0.35795526168738917 0.12489010516736665 0.92534884895459657
v 9668.1385262656768 6290.5757161539623 3507.0168765739409
vn 0.61844863077075507 -0.17757150261585089 -0.76549960976902343
v 8793.6344619815354 6113.2852361699624 3091.1055099306031
vn 0.25861049921387619 0.89963779358646156 -0.35181308964737651
v 9393.6376279890319 6407.7639040569611 3579.2648245942751
vn -0.82454574350942111 0.56438995076528442 0.039853485865802778
v 9053.4602076321116 6019.2432925891289 3311.1468355729467
vn -0.84654005373977936 -0.47421753952856466 -0.24184222670519215
v 9511.3958511017081 6181.4846996978185 3329.5638720040956
vn -0.014743484437710657 0.99909245731109142 -0.039961123741958739
v 8191.1111725772989 5194.1409238096294 3103.4027456004305
vn 0.06257000736767647 0.36446950048014942 -0.92911085312666497
v 9072.2595365467787 6101.3874967624461 3438.4022909217783
vn -0.61210425888506592 0.63812627033053937 0.46703665741438266
v 8294.3000142164019 5205.7330573490308 3064.321550789989
vn -0.69042811020721506 -0.60155489971534803 0.40179687313884255
v 8193.3597676218615 5228.2221926292714 3130.3464356858935
vn -0.39335709219182646 0.75899484696395958 -0.51884199936449482
v 10120.069663562856 5815.504757267192 3033.9087176832309
vn 0.84754767151704435 -0.50038989993427352 0.1768414333514747
v 9616.2598381878452 5929.7303454377106 3395.4989448463798
vn -0.84111132037549041 -0.3907164760986489 -0.37399516312547842
v 9233.7240481429817 5922.7145858133972 3492.8905041944913
vn 0.30298032531149061 -0.76023872371171963 0.57466512461025421
v 9591.1167947431641 6249.4781534077511 3463.6325569850824
vn -0.5687560810501987 -0.73390773225798578 0.37134345396190893
v 9931.1521552515696 5795.1595071181455 3033.7867582013137
vn -0.1594491446557508 -0.50121701112948391 -0.85050424926803059
v 8703.8480116542651 5708.8711836842922 3006.2206342560567
vn -0.93986544155976637 0.31020885457818048 -0.14291052551494796
v 8353.478923849405 5378.8016396181138 3058.6482136359114
vn -0.86640989906586374 0.38253501971373965 0.32093744794474932
v 9987.6663355068122 5882.6549993193703 3116.520389383576
vn 0.49677657936211977 0.86787059406534162 -0.0036962351038095035
v 9548.0651290392379 6467.0721082666432 3576.5138427869729
vn 0.17561285582340938 0.9219707954208477 -0.34515210742598063
v 9082.3893817987046 6106.2136335482992 3451.2799059117729
vn -0.79017677620886906 0.61181601637618688 -0.036080804394194983
v 8208.5446572455476 5245.1919814535813 3145.4000817615706
vn -0.28745596961303338 0.92451030663826139 -0.2502993377007996
v 9971.0735497606074 5747.8979841335786 3117.4687524744231
vn 0.42384659273654551 -0.83812584551108837 0.3433644316348799
v 9887.6881371868221 5795.9582092885976 3061.0273775158576
vn -0.52923525017691386 -0.31626538579966879 -0.78732855639508337
v 8858.3109798730566 5982.8029815912887 2951.7832659816891
vn 0.5222435918131213 0.42325544933617754 -0.74034887412446315
v 8671.0619126923793 5944.5407222546582 3034.4015049804375
vn 0.12201408269650207 0.59694354010091988 0.79295080147226826
v 8639.6350074662878 5944.1054108046783 2908.0424898796373
vn -0.55089450459668188 0.032711396216817595 -0.83393357610946617
v 8730.5548935971365 5842.644206433486 3088.9408242578029
vn 0.75381198216130141 0.65707017686187907 0.0051262294865695741
v 8857.8585130990468 5748.8843566992036 2978.3820443951167
vn 0.84887829904011625 -0.52247171209124244 -0.080180692708436127
v 8668.6256872636695 5821.1213854663019 2992.4519656277325
vn -0.076842911822696786 -0.9969925480260764 -0.010051173219123294
v 8850.3704987864803 5874.3918807322716 3147.5104249021447
vn -0.85523322786272737 0.3233578844865122 0.40498864737163637
v 9158.927091447129 6066.0301060537049 3786.5712245711211
vn -0.17940072935617013 -0.9605621774835652 0.21245159800412391
v 8737.221702598601 5692.2145224721517 2978.1158925243622
vn -0.36877254860174252 0.029669090490910266 -0.92904604432031124
v 9135.9494058245218 6051.1021719120145 3757.6970841723469
vn -0.48477393603900432 -0.85982080479821377 0.16031972608947295
v 8590.0395687123346 5924.1991160522903 2946.979702489637
vn -0.7486391858141842 0.43179271199972569 -0.50308490667818406
v 9322.3941788079319 6080.6270137278625 3420.8907868481156
vn 0.38254424506024332 0.45898951782758513 -0.80186565152504774
v 9851.0031766644788 5936.1259089734313 3298.2734986494243
vn 0.23774708895370414 0.73913202759096286 -0.6302064483034997
v 8821.1701578483517 5991.417171880079 3103.5101993282979
vn -0.312575518415867 -0.62826833958274597 0.7124432881043874
v 9219.4935400642389 5989.6580563367497 4202.9276303413226
vn -0.26380089751502633 -0.77608072367017211 0.57280694550419753
v 9804.2608389331908 5819.7437398702778 3186.1660138316442
vn -0.92004220045066987 0.1387244694120687 -0.36643945062756195
v 9648.8684793385437 6050.3527464545023 3410.339525210426
vn 0.29759210062173558 0.62637638463149159 -0.72048009439784289
v 9343.4657416985028 6319.9355206282798 3590.7977360594355
vn -0.63401152541487116 0.021487024871237843 -0.77302502766940928
v 8680.3131807743885 5615.7245593483894 2988.5846594754767
vn -0.13952161753860415 0.1430522185201617 -0.97983150644173078
v 9777.4463989122687 5926.2971375007637 3297.4832578646729
vn -0.43763528405242236 0.43682722316838452 -0.78591178592215682
v 8767.3965013867455 5886.1934259120899 3020.0842496322834
vn 0.94244050266480328 -0.28283642262489334 0.17835205906763676
v 8814.9598611335168 5830.3232453845822 3075.5350779858745
vn -0.92599871480525142 0.35650823149704203 0.12421055129848688
v 8898.4287560772646 5727.4821556221468 3131.4923779181536
vn 0.72309912407671961 -0.69056143663983227 0.015892104499143165
v 9297.1371830252137 6128.0023846093954 3464.0432236116644
vn 0.4080924882960244 0.80586693748140659 -0.42899766907373493
v 8629.4849540233845 5566.0771237403133 3075.7465731936677
vn 0.24799073589973775 -0.75596161370525616 0.60582392946470143
v 8786.9367623144644 5996.9069465318862 3071.6886587475315
vn 0.071657452327811316 -0.10199363413255665 -0.99220084061762504
v 9157.8404602695173 5989.4733715433085 3283.9205525050811
vn 0.039439247075800543 -0.30884425070453547 -0.9502945725388775
v 9663.8273118166653 6382.4930072129209 3533.491803399922
vn 0.94762504512780765 0.31303769601126485 -0.063357515122355601
v 9844.8407798917033 5948.7504516358422 3312.2557229582412
vn 0.36712463348874269 0.93016523894167569 0.0034830662255864622
v 8846.7552886571684 5920.7684196286536 3131.6545982107191
vn -0.66620407927375314 -0.39484104541518267 0.63267106272885321
v 8775.156154661574 6021.142759588256 3117.4508377938091
vn -0.40758316874087247 -0.91021804008091101 -0.073342212063821785
v 9859.9518618453494 5883.1425253916786 3160.5438836928333
vn -0.56006342599687708 0.82294946274663128 -0.095305512042438326
v 9065.4764773220704 5974.7336369032491 3547.2824837215303
vn -0.69464305667332904 -0.71311299622231483 -0.094556218380215717
v 9157.8099575568012 6122.382748889584 3897.1263903746708
vn -0.98954744203609046 0.1319698799463741 0.058136139764950356
v 9274.2771838844619 6134.8680978136763 3952.9698484658179
vn 0.87620371028761546 0.29871472655722209 -0.37820175861048072
v 8481.8122623386644 5395.1298998918783 2937.1497686767643
vn -0.62219272916742607 -0.68822072250340482 0.37313328032766185
v 9557.4491611146768 6065.4530801233414 3376.2425953379516
vn -0.44935965053599858 -0.61828546968987819 -0.64482476878647599
v 9139.3474322543552 6125.7883993798805 3792.0270819058542
vn -0.75732368411022122 0.059860849469627539 0.65029033222591937
v 8434.8320738770617 5375.2989356219232 2977.5011535507401
vn -0.57800326884149766 -0.63926085007146249 -0.50720586232264175
v 8732.0823287881103 5620.21760388447 3047.8998258046877
vn 0.62902063233174188 -0.77578077948082935 0.049972255193178487
v 8858.8871911469396 5886.8733672946955 3159.6747092655187
vn -0.74963108015130786 0.28417084220787564 0.5977459126669542
v 9272.8435064287369 6079.8830316301737 3395.7814106851702
vn 0.48532913093903163 0.67605867983280343 -0.55443691803909601
v 9919.2110417040149 5860.223372038432 3270.5143338138755
vn 0.88616638611938647 0.18787912211060473 0.42356885105854392
v 8923.51165531488 5869.0913703616607 3006.1215663385324
vn 0.84408281084872838 -0.22511633811679663 -0.48666913066537715
v 9571.2177872450775 6135.6799960771277 3337.273427699698
vn 0.88082348721914805 0.47156991009472898 -0.042092805280103097
v 8665.7287598723051 5479.2705620935149 2978.3499646585751
vn 0.86682150413096648 0.36764467032138043 0.33683508778096777
v 8585.3892051078292 5799.2333153164218 3159.7347827690887
vn -0.97093514658859825 0.20437601083779816 0.12456077758670843
v 8728.2782287663285 5869.1402511558535 2908.5689791527475
vn 0.33409992779557268 -0.63050141585088126 -0.70060345621259035
v 9509.7364719699617 6467.7269219570144 3604.7708637829628
vn 0.030013509229455903 0.99871161761702631 -0.040918139015792263
v 9338.169070907803 6119.6284696963148 3569.1762948951705
vn 0.97155840708014973 0.23267048315263994 -0.044030760854191026
v 9334.9420391950553 6038.0843685258187 3604.7200094931432
vn 0.77094945850267227 -0.59588257310720982 0.22485749153979084
v 9068.9357740134164 6072.864655211939 3548.30170181625
vn -0.82928309148451929 0.52766398949898929 -0.18401159844936096
v 9653.7827377428439 6391.863478776806 3548.8444583768787
vn 0.87739531956920891 0.47971325146358496 -0.0072560022244449957
v 9573.5874403410617 6331.5687862099112 3465.4805738058267
vn -0.89562335117541136 0.3231859928792668 -0.30562988537767094
v 9084.2301333265241 5962.4583103869409 3575.7488716786784
vn -0.51567219909250617 -0.71321990314452932 0.47476262789061946
v 9132.5567417841012 6138.4965785353306 3422.7173983683219
vn -0.2154887282090682 0.9765050578044786 0.0015748324070217839
v 8734.3415408773508 5947.2940786195722 2992.1838392202626
vn 0.52179637471854157 0.85300069564990499 0.010879179719333948
v 9384.4099202862017 6004.7968006590272 3507.376879016826
vn 0.69253866333283765 -0.15576587733704203 0.70436296839526424
v 8975.7210603784533 5897.9694684764681 3061.5654205452342
vn 0.97891964593708514 -0.10163093375673786 -0.17716512100903323
v 8927.3388284332141 5797.8822619903758 3047.7960581688594
vn 0.81798179313084618 -0.57052567466424997 0.073527142303695447
v 8520.1053005155645 5424.4453276204322 2991.1703499384412
vn 0.80879674365483745 -0.44414102944074074 -0.38546928985413381
v 8668.4074914432604 5548.0579426525755 3006.1246530810899
vn 0.8128646358027205 -0.58238521897283091 -0.008862312524291668
v 9425.9518817046701 6378.7155929052224 3532.5070858206745
vn -0.38326320257016233 -0.58423373360854336 -0.71538818977495289
v 8918.612186906963 5885.7579630192049 2993.296614625147
vn 0.84655956641611052 -0.047285954481840781 -0.53018953122266399
v 8886.2339273807847 5968.0370512872232 3159.3059941071633
vn -0.72219942682733029 0.28243630531598735 0.63139347583715977
v 9579.9633462169404 6298.9806744851066 3493.2804564449052
vn -0.8066098503404886 -0.38181464721159675 0.4512184886597384
v 9253.128155300381 6109.6388150720022 4272.8160683054475
vn 0.64450944490805673 0.23481648625624882 0.72764606314236158
v 9830.2001277935869 5853.0874292432409 3179.4804856163578
vn -0.85075863734057755 0.49851078211543459 -0.16642337908197122
v 9821.6951629579635 5857.8838571042961 3395.6675591175181
vn 0.57251099788303117 -0.47971897981795225 0.66490665337729848
v 9544.0802939410187 6051.4972509093532 3451.235853819966
vn -0.52763711544754044 0.7854916637916618 0.32342220164361918
v 9772.2336129608084 5977.8734930552464 3395.748118881022
vn 0.37420383712625122 0.90761185923041088 -0.19029503741376647
v 9568.5202461382196 6077.5813031678917 3354.4173388510899
vn 0.3156038839240915 -0.9437239951763563 -0.098889885126868055
v 8231.6745676059181 5142.9308517958798 3144.9351563059963
vn 0.74431484089561883 -0.60909819338700311 0.27385180013141847
v 9184.0452646411577 6176.3198549712124 3590.8990151669586
vn -0.32862505457571334 0.90847294873945761 -0.2582295004714687
v 9192.683421419224 6095.9645439158467 4149.9059000127727
vn -0.69672850457761359 0.71301383348742264 0.078617200182989205
v 9456.0391958097698 5974.9039776340769 3465.4981813562981
vn -0.24217167958198912 -0.57083666996250215 0.78453704427169002
v 9538.0216354930781 6447.0963970061603 3535.1101898372945
vn 0.15076087983547165 0.82265218627858738 -0.54819206262248543
v 8828.0059620755528 6091.1601510174087 3131.7496248423572
vn 0.17591091526227701 0.83677487406576356 0.51852016356532726
v 9195.1370197247543 6061.9981261154335 4223.467494744219
vn -0.68859766493419061 -0.42150181221915789 0.59005887684462976
v 8432.1144608896429 5372.9105595453975 2991.3975220932302
vn -0.29020002711676968 -0.71563182521012358 -0.6353385200094932
v 9210.0104818812652 6119.9941223081059 3409.7560930133614
vn 0.32504057288134502 0.75257354003351429 -0.57269685944868898
v 8755.4798836871196 6010.3333083652096 3075.3815860362861
vn -0.21462812707689766 0.32212104024223914 -0.92204815628074499
v 9600.1458381106495 6300.5239056695318 3507.125578271613
vn -0.48722656260034719 -0.78832502561468731 0.37570457900623522
v 8749.9277420750313 5854.2633046440751 2964.9006556576051
vn 0.70764982091728568 -0.64186846900538552 0.29535842539601931
v 8741.6602075604733 5866.114837011537 3036.1190194866294
vn 0.62772374644201079 -0.23100888531268765 0.74336921718577753
v 8913.6525958125167 5765.6341538840134 3033.6875281840262
vn 0.7669322560673838 -0.63984737133811553 -0.049094358078057156
v 9111.8689591893253 6138.6119532017165 3688.454942693777
vn -0.74485773082334683 0.10452159543930541 0.65898573347191425
v 9822.8406084633098 5816.0058907525608 3145.1308967076229
vn -0.98387399588542723 -0.04877717943119423 -0.17208354653243108
v 9113.862882468602 6129.081664747092 3534.8686022753609
vn -0.60489887932379494 0.78100452467462844 0.15533601717108225
v 9138.8040358689177 6156.0255716122338 3704.9788309983842
vn -0.22491386503450811 0.89288168530614487 0.39009748699536312
v 8728.0800050306789 5892.6955786721446 3047.1159419264436
vn 0.64384169918744516 0.20663976254144409 0.73672781603807991
v 9517.6362713985964 6151.6937241188862 3283.2248008409842
vn -0.8143232615333319 -0.20282390717352042 -0.54381990438433192
v 9094.2090434152997 6058.8173246570441 3674.1868314483859
vn -0.95739741073008633 -0.22393465641616808 0.18232791224357048
v 9236.2311522042492 6084.9590835768649 3674.1035116809107
vn 0.86145109450384383 -0.26714289400242952 0.43189893026278287
v 9873.6900206104965 5736.2726319108451 3200.7076024615394
vn 0.20070363067315319 -0.90684662929266757 0.37060389039396491
v 9355.8810810371124 6285.6384965366087 3673.8124618562583
vn 0.79010182649513161 0.1139121893161309 0.60229819599120749
v 9379.0618257770057 6404.9856807343922 3657.5226996503452
vn -0.36776796388595573 0.48545955327423568 0.79314295487885289
v 8587.0439832847806 5904.3860812283465 3047.5633535275788
vn -0.43816027597544388 -0.085800696727520914 0.89479260893136281
v 9368.2641991428573 6075.480850208347 3476.1727225704735
vn 0.69567886330795459 0.71827608787546404 0.010506223530415937
v 9807.954343934196 5883.6214211611014 3251.4095191385777
vn -0.45831150112480273 0.69493449846870259 -0.55409079650792115
v 9762.9849273079108 5819.2180603109191 3297.2687973626685
vn -0.74920557532468168 -0.65048614888211131 -0.12473482278390534
v 9095.6821351141789 5999.7606021647489 3646.294468922069
vn -0.7240876257163541 -0.6675603518678066 0.17337902669753136
v 9776.9602151086146 5942.1018965255535 3312.1535297633973
vn -0.53342209384893424 0.74851436734504673 -0.39393795408904575
v 8609.713704593174 5852.8008152626098 3061.9187611207835
vn -0.43568496837893406 -0.15718920681968293 0.88626754515103745
v 9516.345092506388 6101.754356275771 3338.2439023838842
vn -0.58652875264970195 -0.73338016748714008 -0.34371143747585547
v 9481.4938176873511 5977.2504732542429 3435.5281477997987
vn -0.4364269999905378 -0.41442689049949738 -0.79861243798865089
v 9122.0289525594471 5987.1816658163916 3646.2039241462671
vn -0.36089432061680027 -0.91680265630710422 0.17096250681004913
v 9072.7860855889612 5947.328527615844 3410.3993076476613
vn -0.89018616440191023 -0.4531079404013037 0.047558249050022941
v 8778.3411371579714 6117.6804553440525 3091.1029259245461
vn 0.25861049921387619 0.89963779358646156 -0.35181308964737651
v 8951.847274803953 5813.4530541714375 3101.9715049974984
vn 0.87621379402115107 -0.46053454877585348 0.14197646477807818
v 9045.9225727964968 6050.2864041591547 3325.9022669587944
vn -0.90226162895249451 -0.41254857837990405 -0.12540982177130836
v 9123.6668407506622 5990.3418626481671 3632.1331137753155
vn -0.48532444489017351 -0.77300042631182975 0.40857132071864088
v 8890.586579335386 6007.2063334426502 2978.1733807239216
vn 0.52080705140942229 0.74724524458371189 -0.41277664620137117
v 8841.1469369705683 5997.5289811312023 3131.2772483853569
vn -0.82847534077403517 0.51763198365813889 0.21374222611240509
v 8927.2344423134491 5802.2481151035008 3130.7243352315818
vn 0.89270592214694122 -0.441147375576453 0.092006138848379576
v 8566.2352751214567 5577.9668485475968 3061.7800162705571
vn -0.49292353019546675 -0.25856608029563716 0.83076469321955959
v 9639.9047580256465 6470.6883490282698 3618.0111534345651
vn 0.76553239652913707 0.12836359966182725 -0.63046247798438748
v 9446.7837681055189 6016.8237891759163 3479.3319923392851
vn 0.67648822277337417 0.43134216069577236 0.59691509015539579
v 8475.3981892425545 5426.0759093285578 3051.5015604600826
vn 0.55148673158572348 0.13319667547510552 0.82348104442499204
v 9682.6970918686311 6295.4482121390029 3562.9668890290568
vn 0.98953533577310859 0.10467307014127515 -0.099314488588527802
v 9155.3166826492525 6056.0296877242235 3868.4553411543206
vn -0.51998543242240047 -0.85415889329096994 0.0052664105835467778
v 9161.8260425009648 6066.8624188999574 3854.9179494523496
vn -0.51255226214449945 -0.80889114872286971 -0.28807167179081083
v 8646.1142193670585 5814.3663178463885 3079.663606178603
vn -0.9650428429720046 -0.26026142444006112 0.030924135831760499
v 9967.1491337163425 5880.7828087513499 3163.7015551698332
vn 0.43887668958668807 0.66743434674104107 0.60159674544314956
v 9179.1892188956044 6126.9315921555681 3381.319728383869
vn 0.32002760271623609 0.81461178340408824 -0.48372510358561077
v 9827.7297203734088 5852.451421720687 3381.248929271731
vn 0.5582576565019951 -0.61504945930257005 0.55683260641643162
v 8149.225259889593 5236.5174907247228 3173.2076590291622
vn -0.29220827649604453 0.94209390500866896 0.16453995652341835
v 8836.4901407366997 6097.1868612128674 3075.6996233081991
vn 0.38709310024976429 0.77506378346009996 -0.49943474379296154
v 9087.8837546484683 6056.5776223474968 3660.1692300242212
vn -0.8529973684967862 -0.13592575568701157 0.50390443367614146
v 9084.6861309193446 6029.6964190286808 3284.4354058960994
vn -0.611913492555755 -0.78008151869144338 -0.13051705568342153
v 8357.1963032031235 5316.8031235541639 3117.5552402306439
vn -0.7304470278061137 0.54614576914448065 0.41008772039016034
v 8668.605048458996 5556.6250877596412 2991.8052405707804
vn 0.69335842833473049 -0.12107734127347561 -0.71034806066275613
v 9156.9668284309737 6069.3509584332969 3896.1552951770268
vn -0.89254880024231265 -0.44903461413080842 0.041527755759300677
v 9028.0476124759771 6107.9485448806063 3255.5429763182865
vn -0.594324237085189 0.80195101965241566 0.060442231027309744
v 9015.8828585361953 6059.6545235749936 3242.5814192714038
vn -0.72051531185449558 -0.24956492512868314 0.6469737502625077
v 8529.9368338471395 5379.389998224261 2880.5893461581636
vn 0.032099919030031655 0.98250837248583944 0.18343089487186243
v 9666.0399020246787 6296.9613469913565 3604.5951180589118
vn 0.32760576808891984 -0.48980678131022792 0.80793797886804619
v 10005.16004397749 5762.2392797895245 3091.0787728264831
vn 0.3703439001785015 -0.92130077958612033 0.11853383118157824
v 8974.419622430767 5947.0163521796576 3089.48384745968
vn 0.82921610576195304 0.049884466221057848 -0.55669757496761363
v 8639.5834889802754 5833.7699856243762 2979.2471217369957
vn -0.50736753462225481 -0.800715075748618 -0.31848634551613036
v 10051.348517775594 5780.355031114359 3033.8439219924066
vn 0.0072849822562428669 -0.79011363138362878 -0.612917105761702
v 8650.0917337465507 5538.9838340122351 3033.6030034476789
vn 0.46958309140223065 -0.82921905243551353 0.30312948280738589
v 9846.8238738040636 5864.8136603679886 3187.9820793254025
vn -0.45242393327531133 0.86867014253144659 -0.20180378607472352
v 9526.136557253325 6471.2590669651054 3618.4736892142741
vn -0.040851007206528761 0.97826931287163965 -0.20327406795718381
v 9330.0342116127085 6156.6462967381367 3560.8684872096151
vn 0.95764043554428591 0.22263353679333325 -0.18264474946037154
v 9356.1399616069702 6068.9010627504067 3576.7276049343009
vn 0.95779537746168653 -0.035812200438989153 0.28521132728687881
v 9460.50268344096 6416.7126874346723 3520.6339009390467
vn -0.2142903587329279 0.47324835564721418 -0.85446804272092058
v 9186.4634468994791 6063.6675038195172 3978.4681669340771
vn -0.60631536547864517 -0.76050163377160174 0.23241975521719604
v 8777.8078513715609 5786.5379722356056 3130.5532064875629
vn -0.57965303588714889 0.65900694239259805 0.47928301437164528
v 9229.8172482928239 6149.4008668912975 3897.2520226008201
vn 0.80187032922753054 0.55138728278806304 -0.23016524386650641
v 9640.1109875237271 6450.9588377214677 3618.3877756738125
vn 0.93170992068770553 -0.25359766332733152 -0.26000932453861519
v 8603.5699400781668 5476.5745812658124 2963.4166364033158
vn -0.15527685033025843 -0.85647183241549385 -0.49228558787594096
v 9268.2239439958939 6039.3508505266791 4091.6214849513372
vn 0.97295292467848349 -0.13767826964077368 -0.18549204950161033
v 9519.8476403547902 5959.123398228754 3433.3553545376126
vn -0.38969888748683817 -0.68614901817235951 -0.61427542841353167
v 8394.3123682282712 5401.4503048724418 3076.5368005962364
vn -0.37102164284041578 0.31215241776109998 0.87458779355185301
v 9256.8116684258821 6067.2024899636035 3965.6211836850625
vn 0.6713394902590285 -0.69532050961382175 0.25657879438707132
v 9045.8994323809547 6047.0476504084145 3507.0979178201414
vn -0.97054691035481544 0.22133929890788098 0.095118923247109841
v 9248.4417643331235 6063.3286874102878 3938.9994959177639
vn 0.60551732277090486 -0.70598836578819679 -0.36732710109120337
v 9236.0320349782196 6067.1358691149817 4238.3857786780118
vn 0.45503063922900722 -0.88810487243769587 -0.064937299876613536
v 8419.2658485763022 5382.7945388504559 2992.1311697493625
vn -0.47013873871063405 -0.52127712132911619 -0.71220764468124331
v 8601.7173303005893 5635.027492172343 3047.3471179081012
vn -0.77328071415995148 0.57284275027953202 -0.27182369389083233
v 9354.3500926672641 6027.4610919663646 3577.5349769941672
vn 0.860414839753324 -0.4472339264600742 0.2442705847116409
v 8272.3817802579579 5191.1266725757287 3159.2372743881647
vn 0.71073608206476435 -0.17028904092315009 0.68253634642610961
v 9738.7182411552512 6005.8934719960525 3409.3185431019874
vn 0.56016725632825315 0.66391639282674875 -0.49540656866213956
v 9527.358503186324 6456.0432617811921 3659.1889221047049
vn 0.84972041439677348 -0.23308601949433161 0.47291238604382496
v 8716.2123851171564 5746.2704173233924 3006.0857673877576
vn -0.89420676630644813 0.44553170028356698 -0.043540362127560329
v 8989.3787095077187 6052.1820311284282 3103.430456535973
vn 0.61694935078738156 0.56594477131341125 -0.54688208453563292
v 8412.6845890437071 5478.9273727878899 3018.3097577263297
vn -0.81301173978641061 0.41207249368644105 0.41134920799305286
v 9158.1042856296735 6061.8381375291929 3908.9146247544854
vn -0.68130725372213219 -0.72933817903935561 0.062339767573861858
v 8772.3672500295361 5630.320934838277 3006.6615372264414
vn 0.52993039372444961 -0.81686059086073937 -0.22784326390238893
v 8513.9562333014619 5530.9632215800884 2950.1854441238493
vn -0.1209341967770049 0.3808424282591219 -0.91669731366880114
v 9161.8910752613629 6090.536836651263 3966.3252584805437
vn -0.97512813956614075 -0.037532334169398142 0.21844091951389058
v 8773.4206487692882 5908.2045767620184 2964.3422369422933
vn 0.94402722993851262 -0.11835729845779749 0.30790280777607471
v 9962.510171192549 5829.793868487388 3204.4600937663008
vn 0.90981887648976101 -0.18843505728912124 0.36975916644128581
v 8824.0914465806964 5920.1702428884046 3075.6617058403444
vn -0.82014609477759359 0.22663290688781282 0.52535503113289239
v 9217.9443715419347 6106.3104517406309 4190.0410499605841
vn 0.40520793588632142 0.89869124446844162 -0.16781113136651696
v 8290.0045329559489 5275.2352127273352 3075.6508958889463
vn -0.89415223019111434 0.40048223179885067 -0.20026425356929775
v 9333.2656918252105 5940.521819633439 3451.3130697243678
vn 0.31226513118509075 -0.943407376042249 -0.11168263372179631
v 8154.980506402615 5206.2489027591264 3117.4187354121382
vn -0.43307625511845199 0.73435230294241693 -0.52265825585725345
v 9455.7103874347522 6432.6484200808136 3675.9363565443173
vn 0.31542652792416404 0.19525729431618608 0.92864454690588083
v 9585.9650547611145 6144.9671805265316 3294.6497908440106
vn 0.96989977276881489 -0.040105112387331943 0.24017912220549237
v 9572.1093822937692 6412.651179435401 3632.4117066165672
vn 0.10364063394423112 -0.082021349711142694 0.99122707650023378
v 9217.7574252418417 6145.4726944348804 3453.4141212345548
vn 0.056182636741207451 0.92085145035156446 -0.38584468081629131
v 9232.0443475510729 6055.1114084642468 3353.9675092940561
vn 0.45935913546625429 0.58303944809884234 -0.67011505476618927
v 9539.8627800879822 5986.8749643457913 3493.3081337986346
vn -0.23230703069763997 -0.038011663317355358 0.97189945824673329
v 9198.1957651087323 6007.0245323980735 4105.9927233456301
vn -0.69350609437714184 -0.62830536646011903 -0.35253604573033126
v 9675.2075409347071 5999.6420948121358 3395.4102617575741
vn -0.0033057441911574898 0.3217197390989408 -0.94682917230588748
v 9491.223931569024 6130.1345717213189 3354.1787624270582
vn -0.75658621721142416 -0.52612053564279926 0.38829689401364248
v 8245.2921344891165 5236.1724384115132 3187.0528538776084
vn 0.52551047966677167 0.65416431921077156 0.54397406117562941
v 8321.0134283290045 5292.91055860491 3104.2823339380338
vn -0.36105879776813676 0.91451057289735893 -0.18250193591623118
v 8208.5095972031868 5167.1199077997808 3117.0733771072951
vn 0.52525670865424756 -0.13954978685694938 -0.83942316325074495
v 9454.7206259451013 6384.1486912584769 3607.2286518783148
vn 0.57108311409367885 -0.72343108336160677 0.38795817354879641
v 10020.198282047364 5765.6815396141465 3061.9691235453465
vn 0.20456588209430468 -0.81301180736598433 -0.545128059236061
v 9248.5034008655766 6155.4797927363743 3995.3221987790112
vn 0.35903652860086838 0.8126350568215237 0.45903925273871371
v 9073.9647304897117 6107.2762507575007 3590.7419084379349
vn -0.86334033412166811 0.46652974870334712 -0.19233684268355383
v 8492.001322983735 5356.0908891858498 2895.2941843682584
vn -0.91271175847701513 -0.39305583588766629 -0.11164387942221739
v 9646.1567649507342 5886.5802331518826 3447.3287054482971
vn -0.26529154188433501 -0.9470208194505001 0.18103028843797264
v 9208.1380901725242 6006.9981377745462 4203.0194243435481
vn -0.66188801369307682 -0.43667408890107223 0.6092782594281958
v 9495.9590718891504 6148.7833612700615 3298.7668822453238
vn -0.68275022925918705 -0.34629631577391667 -0.64337468564432909
v 8424.0322123537426 5323.3500826451218 3020.8565603722227
vn 0.52461315334668623 -0.74313944022966749 -0.41536106186158406
v 9152.3800961610978 6141.7601375540544 3879.5227875428159
vn -0.82296737748062432 0.54648761760092479 0.15516436256927368
v 9294.0687540538129 6088.9832488406428 3646.3897198664677
vn 0.33753811974153403 -0.069953937588199067 0.93870893483403905
v 8885.9869723641714 5737.2385294802152 3048.7303871407357
vn 0.87603105454687169 -0.4138930359026935 -0.24751191143205148
v 9558.474081653907 6461.5681443011708 3633.5935644365504
vn 0.34330083689809654 0.46293961168349812 0.81720955165697762
v 9639.9025879312521 6060.8575842285072 3479.4479628504791
vn 0.133934671675013 0.88050923908946555 0.45471417791992907
v 9537.9372277227267 6356.816494997569 3548.8539215496453
vn -0.52542816599863307 -0.8283886650467891 -0.19415834259004006
v 9353.3264225629591 6387.2044581659884 3631.7432382718416
vn -0.87752959224635774 0.45109786426068271 -0.16264234255381274
v 8650.2262246136306 5503.3797422356074 2950.3230635106356
vn 0.27297039995461569 0.82163454080215204 -0.50040367915259576
v 9570.8461911966151 6414.4150440726808 3505.5073809331861
vn 0.037386630885588919 0.66131257417071143 -0.7491781624385031
v 8410.7148273838902 5271.6815251038097 3084.0410702181744
vn 0.65051503237309072 -0.43345199010496588 0.62365821162771629
v 8485.6263652466387 5515.4071736407686 2950.2533375618941
vn -0.30968014063027749 0.10285528384529243 -0.94526134009823748
v 9173.349211480845 6137.1138696288426 3418.5898081928485
vn 0.13416129380644592 0.8648190589181185 -0.48382718255195251
v 9309.7720994075917 6343.4762499522203 3660.2832530103969
vn -0.91271660792962384 0.40853338838843906 -0.0069902919325414105
v 9457.2428258919263 6404.962399642036 3660.3538386267733
vn 0.56197647231127856 -0.77461189336414293 0.29010146367674228
v 8827.1332715582139 5667.8560726251599 3006.0829072284
vn 0.53508715822815034 -0.84165819835275801 -0.072754451718859386
v 9862.8339595958496 5761.7978381902785 3242.6277479957726
vn -0.063764704990153923 -0.99716748836458413 -0.039888125378184085
v 8407.7297502435322 5294.346740097556 3103.1523764949006
vn 0.75426142165415522 -0.24627084455778306 0.60863813462931227
v 8798.9930357492394 5734.8172160161621 3159.2180214243949
vn -0.13603246371487573 -0.17271883104904706 0.97553235426443541
v 9185.1337061671111 6065.2436171582358 4204.1368415950365
vn -0.69083677173934011 -0.36164435428904401 0.62606542455531555
v 9063.681718384898 6011.3130385693657 3326.3409163450651
vn -0.84668090916804417 -0.4599032142556469 -0.26762001339155972
v 10012.740399692404 5864.4553666190395 3131.2801816817259
vn 0.7170928551983774 0.69513278965254321 -0.050677823289007502
v 9202.3246875769164 6101.3613263426323 4161.7900628704338
vn -0.26020602991276931 0.95667035015921609 -0.13067005442440796
v 9194.0743276770772 6018.0376069584199 3700.9449196107294
vn 0.36624681425640282 -0.71228177691211025 0.59876367736024438
v 9097.9005115591717 5925.6213586924187 3367.3793140046646
vn -0.6428796626108888 -0.70683895545699182 -0.29510071238439722
v 9415.2567149273418 5967.6557558965014 3451.3540964552103
vn 0.41720362196966981 -0.90804201508927995 -0.037427752376926068
v 8752.9330756198397 5622.5876791998899 3061.5454563409021
vn 0.4717369445593475 -0.87732965244921102 -0.08807346973497493
v 9276.0543166084244 6033.2270550380254 4105.3608819151468
vn 0.92194127642353974 0.13319501413904036 -0.36370780997255925
v 9576.3175141269312 6161.3458467552546 3288.3957166381406
vn 0.54953974115183202 0.80656600530702627 0.21784708393238492
v 9278.13050758791 5983.6209544427875 3603.3790576131914
vn 0.56017866162303032 -0.82687152613976345 0.049833184942657406
v 9640.5902116901798 6406.9386536365218 3521.1400777082708
vn 0.59627011837582788 0.68023519869991711 -0.42631211615641473
v 9691.5183746238836 5973.2924310524904 3383.4887675324026
vn -0.13433321155079397 0.4267559566290785 -0.89433435680177786
v 9760.5108860250257 5886.9064533166202 3438.3076850141224
vn 0.39851050938238636 -0.54908716973816873 0.73463777056500335
v 9901.6262254113753 5899.9736210507481 3060.7641857715134
vn -0.17414144763239045 0.90068277729146184 -0.39805186961881528
v 9595.1454978034908 6329.5207336218627 3563.6830040311779
vn -0.57329175191477422 -0.75978440306494921 0.30669892084213102
v 8731.1280586098346 5790.8955048293228 3158.8724650106142
vn 0.89159394930531111 -0.31463938209664216 0.32567205713109837
v 9118.2175829108237 6087.1404685259804 3284.3693705242072
vn 0.40451331436177135 0.78574877782054864 -0.46793999258192148
v 8938.6124950777466 5778.3841269668092 3074.7069247270683
vn 0.46621711403669747 -0.86165342392796374 -0.20048685645824735
v 8172.6722684338902 5216.1963165193492 3116.7357349241324
vn -0.35129785632827015 0.73623439078235964 -0.57840188274977955
v 9067.9390942869322 6104.6807908706032 3269.6949720185166
vn 0.14785803565611594 0.95598117249528713 0.25345216338877602
v 9329.1286760963012 6000.8037398267406 3577.0259420424391
vn 0.62276137406066479 -0.61781398659168552 0.48007723227597582
v 9335.6434597309453 6285.3278016245094 3600.8864146053138
vn 0.079122485691833291 -0.63483859797359121 -0.76858284314761471
v 9913.1129805184646 5729.7324672563163 3172.3519708320068
vn 0.33106152285972384 -0.89354775459118685 0.30326667859632855
v 9169.8462882607855 6076.9715541815276 4063.7927085322117
vn -0.99716332930454554 0.043683724455821658 -0.061294591180154338
v 9798.9688131837283 5799.6296451913913 3283.4705317196358
vn -0.53808885780435645 -0.84243675999713685 0.027580545903404585
v 9533.1393270597637 6376.5183466899798 3506.9315682649285
vn -0.64387378001250373 -0.36227303788509568 -0.67393234188152285
v 8632.1416539674883 5962.2776065261205 2922.561312662212
vn -0.50066432209312184 0.79850328988182506 -0.33425698591194319
v 8976.0665815809261 5918.5831907746215 3159.510383252094
vn 0.91934897485594391 -0.38697778703341612 0.071032772535253016
v 9503.7331575371245 6432.4846459275441 3675.572941441184
vn 0.37897953223583736 -0.66179674541481515 0.64683814196803835
v 8791.1199802445954 5824.2283090403371 3033.849909020686
vn -0.81461587621771758 0.57904340743912286 0.033312257733908016
v 9671.7435212806413 5896.8041043149988 3465.3318660543305
vn 0.050679899726811271 -0.9217807941804842 0.38438485303621955
v 9208.5438646718958 6071.8549360286497 4272.7265504341303
vn -0.65877623478224856 -0.60103222113012833 0.45251976934660931
v 9130.3247916427154 6144.3987893437024 3716.165737135952
vn -0.8702781798601279 0.40894287664593676 0.27455712210738414
v 9057.9581747166485 6073.4831307359891 3562.3813719790596
vn -0.92613925058993407 0.35050693043189168 0.13932329394587342
v 9612.7055904344452 6244.4712559751761 3451.4532942048463
vn 0.30238993691442906 -0.79355112606255795 -0.52805012676613727
v 9605.7529036564556 6079.1046905309813 3437.4651620028499
vn -0.18454659857903283 0.98247010590206429 -0.026363686420830128
v 9578.1607576330025 6074.6663826417716 3451.9571326777077
vn -0.31850300649262009 0.90141725545885187 0.29326228263483378
v 8941.7471805456044 6048.822263200339 3187.2997273523065
vn -0.49956034392280069 0.71684259468743039 0.48639095100703256
v 8682.2757928299925 5832.5538704574428 3145.1867186029358
vn -0.042045131874831283 0.9613484075371892 0.27210557916246159
v 9744.9239057197046 5894.103691646349 3312.1197157782854
vn -0.92054660948892586 0.2527873250822873 -0.29781287419482927
v 9345.0606525645162 6125.1738559812866 3493.6116800546038
vn 0.69339140935937205 0.72048447777304447 -0.010510504970141065
v 9939.5275569925088 5744.3185278109304 3157.3891604059072
vn 0.41868481894270915 -0.90645842541712007 0.055101228454781936
v 9907.3380801001767 5757.7235032933841 3218.6388851569427
vn 0.3717941885045426 -0.7747138407302635 0.51145629957525462
v 9277.5163375620323 6047.0383226428048 4188.4150767063229
vn 0.59288479275917316 0.75797393050130468 0.27196165758304169
v 9212.0838887869213 6043.9527583835188 4217.4271459895917
vn 0.057255873866651701 -0.33185190048114305 0.94159231148879907
v 8923.4547118157134 5752.1801754959533 3075.7031942955446
vn 0.85468131117658686 -0.51442628707775695 -0.069896004813318313
v 9596.8966664820618 6320.1601284960052 3549.3870988373715
vn -0.29798565214567951 -0.89265426630401246 0.33819064440720281
v 9354.7098422851086 6095.9167191040724 3509.0001157411702
vn 0.90053841653773725 0.40713508138975563 0.15255027316088915
v 9592.2937188760425 6389.3711555845894 3493.2703849102609
vn 0.14268121440252463 0.58647000005001759 -0.79730484138625002
v 9754.7980400702472 5992.3513552801523 3409.6329876030841
vn 0.56524439754613209 0.65966541970581161 -0.49531838759232982
v 10121.675925199681 5843.2031748142272 3047.3082046775417
vn 0.6097811489747651 0.77039427966550811 0.18617090055558735
v 8717.4236237863588 5604.8655758449686 3061.8975081468525
vn 0.55234977160714183 -0.8285765748391809 -0.091490925415090074
v 9264.0895299152035 6052.9915894870937 4077.6502332556138
vn 0.8719095413452127 -0.13679934818206238 -0.47016985233864556
v 8667.0590739547588 5907.3043101201692 2879.2066498337645
vn -0.41505995901633697 -0.32414421437193952 -0.85009161783336917
v 10092.963212883929 5791.8575592050456 3033.828786194701
vn -0.017431136598744189 -0.95152897225884414 -0.3070647658538887
v 8736.0740419619506 6067.7744634661622 3089.7069069135136
vn -0.90823198790708393 -0.38647773179702183 -0.16046687810067159
v 9215.7588086367359 5928.8342668953392 3521.0718066281856
vn 0.24970586504872735 -0.95753485064647459 -0.14413185198872719
v 9721.3427880316431 5934.8242794298712 3478.6546703348658
vn 0.55043768111999913 -0.21173833107179271 0.80757986500294199
v 9936.1547854290802 5738.3033612512918 3137.6299951202418
vn 0.20657900672049184 -0.97800506782598573 -0.028830561719536078
v 9596.1416230407413 6428.0608172730299 3534.0359561304199
vn 0.24714737994570035 0.8468238597844534 -0.47096446053363322
v 8893.9847788639327 5814.9459857637303 2964.2561932589065
vn 0.93258576505630952 0.047345974196406369 -0.35782977732677734
v 9566.6580532671687 6352.3793805971418 3587.3857081999495
vn -0.34503526822939795 -0.84644416036896686 0.40556497266793406
v 8172.9257644775607 5188.2225339498873 3187.0487361629303
vn -0.82056573682884215 -0.51056541370405351 0.25689458902777201
v 9526.9027221892611 6113.6481153618543 3367.9739599310451
vn -0.67239623940513549 -0.067791248283395722 0.73708048671092274
v 8131.4683190881442 5180.1361181944994 3103.0044931549355
vn -0.87181794677213131 -0.032430104907786479 -0.48875531299587432
v 8893.4923760849306 5794.2836988121999 2964.2313641827723
vn 0.94131860664982658 -0.022027836167307035 -0.33679972566588517
v 9044.8457586165769 6042.5435484970285 3257.4299989071587
vn -0.17140270804132901 -0.9601425594615558 0.2207880820758033
v 9937.3017578638664 5892.0578845246237 3061.0684468572663
vn 0.26068329739076262 0.77401500833262116 -0.57701385194580157
v 9056.0096241753999 6099.963384600951 3364.9523967405503
vn -0.67837254047156992 0.64372253480866637 0.35416379616450561
v 9105.7716775980807 6008.1225487587199 3631.6186351376564
vn -0.83351806816193863 -0.53587466390137684 0.13448410551502457
v 9782.7114053718724 5891.4299579331109 3284.1640315780214
vn -0.7374840019612906 0.41297695786395661 -0.53438504762445482
v 9225.985467190425 5898.8777643985823 3381.7607313577364
vn 0.14798391709537725 -0.98003661865979863 -0.13277419315129368
v 8725.7643682245071 5828.7270859253813 3159.4236822155813
vn 0.61956992570756897 0.76541697956886068 0.17398262713960816
v 8865.6226079099597 5845.9032812178466 2964.2744562808239
vn -0.53357369015892453 0.020496155364083828 -0.84550518909435401
v 8320.8460675635652 5289.9319212269402 3046.5724455295267
vn -0.61085855243788978 0.28908779268139451 -0.73707535370278454
v 8966.032492997696 6001.1996035542907 3201.0279454181282
vn -0.042400179933753682 0.07981603264432463 0.99590743830664563
v 9199.9861077705282 6056.2159677441014 3938.0421930917328
vn -0.13682388024257719 -0.98708892085831534 0.083274774776829444
v 9882.1266636004584 5894.152112276226 3061.3373306810681
vn -0.60696899755136158 0.75650502876959602 -0.24349286941881446
v 8173.1395433396538 5190.9984511616367 3200.992224930726
vn -0.73278338478116078 -0.66659600719206014 0.13666848277590615
v 9107.3724620243884 6124.3073130065186 3578.370995602826
vn -0.80845167910937332 0.5392481570656138 -0.23583321998093087
v 9197.9182816119301 6112.6270207095577 4203.4754671879327
vn -0.48194090207027496 0.86073820352938923 0.16389848045875693
v 9478.8980079950597 6147.778748728153 3354.0688979565757
vn -0.76503696981418701 -0.39509262014977747 0.50854720166441825
v 8926.4035351694201 5959.2151263345804 2992.1725194678911
vn 0.9630081339090637 0.009844221768631669 -0.26929245314852907
v 9214.0886931795249 6159.0479853571796 3827.1770436891284
vn 0.80245893508583821 0.58230774486805603 -0.13029715180149259
v 9804.1803424593163 5783.2018303558143 3269.1627534438467
vn -0.54941324206439102 -0.81879956714220736 0.16647029252100368
v 8398.3149174645878 5323.0433914257937 3103.8641913740485
vn 0.15398828401338455 0.68282302494404667 0.71417107543842384
v 8897.5341878098552 6055.5701265826756 3158.9494541939312
vn -0.53072126704018063 0.7243908033374753 0.43999193259803338
v 9800.8408753637577 5803.8774805317053 3243.8409328902444
vn -0.8439643545841905 -0.53302097798428383 -0.060106615442631822
v 9653.3294320038494 6246.0237506345529 3519.8870994044532
vn -0.37779948151559262 -0.89527421430728227 -0.23611783702852226
v 9181.6374045436132 6177.0148115148095 3827.1912122665162
vn -0.12088538284369162 0.94053495597190362 -0.31745979400494684
v 9324.4614541930896 6346.7962257066538 3641.0502330506692
vn -0.64354628646019052 0.65490713445565485 -0.39616262118274276
v 9057.9133229793952 5982.9405797078944 3562.8238472579887
vn -0.91335522326491425 -0.33961775181217368 0.22459300698985121
v 9405.0269381552516 6346.711407750312 3626.0339454460782
vn 0.68795252422736985 -0.72200091829500035 0.073729223448820644
v 9797.3462606665944 5965.6824609737578 3367.6168689176761
vn 0.47008332800155928 0.80668256178042308 -0.35816882786522941
v 9008.4683545328571 6094.9124656169806 3214.8668632234003
vn -0.66953459450575681 0.74001556633674082 0.064034274723187651
v 8510.7967590698845 5509.1057279595161 3051.4131250571622
vn -0.061266737275959618 0.066820950831821629 0.99588219556004209
v 9504.4703086783484 6115.8629750041 3352.6846338330611
vn -0.90236718342645983 -0.20004447310244114 0.38172722598232983
v 8731.3361896854331 5839.097674090619 3020.0324551913254
vn 0.54284192692731403 -0.83983466778083082 -0.00061087093710466569
v 9340.4481690517823 6119.2218050034353 3507.150451974971
vn 0.67638401584722596 0.7294273775319513 -0.10217809947948721
v 9215.9653634206352 6176.0074385241069 3632.6771967785985
vn -0.25783345933510193 0.95653287411463916 0.1362599280246474
v 9257.2365251743249 6082.0799888220572 4257.5018366185077
vn 0.9174172259091633 -0.39418479244355686 0.054442474331770067
v 8631.9987009640136 5529.4781164597043 3020.0709975282621
vn 0.43746319606750389 -0.78699770153066728 0.43504088298900306
v 9136.0402051325618 6166.3194107865293 3673.2802203945321
vn -0.86716251542502243 0.49718721255245568 -0.028879880818090637
v 8314.0018304982696 5175.5225727478537 3075.6529624843629
vn 0.75577646295642431 -0.63959632853098947 -0.14042248598694917
v 9166.1353308373909 6131.1714015144435 3395.7857108883418
vn 0.17977517306456556 0.98350141967914362 0.020145586085158429
v 9123.9575809331491 5902.894280634061 3423.566165999317
vn -0.44574945549248207 -0.86496530224925239 -0.23052646015808079
v 8173.1506698479479 5194.1551208681749 3103.4116895533853
vn -0.10063231447840446 0.42303798561962669 -0.90050652413272825
v 9251.6292066750011 6099.5063690979614 4063.1857985222732
vn 0.90809923677359228 0.41048829583711799 -0.082795743561839996
v 8671.2963632566225 5863.1385026588723 2922.5006566184147
vn -0.15943718489350234 -0.60090797303896049 -0.78325563643771068
v 8913.3205103541368 5983.7232160543144 3185.4713583258681
vn -0.49099466751922693 0.23643218062255827 0.83846530067364489
v 8485.695258297852 5553.3941324423049 2966.0773306664328
vn 0.32583964190078446 0.40752843485941664 -0.85308211946271784
v 9449.1809916244456 6386.2651178490923 3622.9833042548289
vn 0.47318891063989527 -0.7314377699045157 0.49101022759667434
v 8444.8202151601581 5383.8431929606613 2964.4028372503481
vn -0.40861078605228146 -0.48754112622984092 -0.77158335632404296
v 9536.39396558931 6362.3342814411099 3520.4995184704385
vn -0.63187832687746981 -0.7464616194983954 -0.20862605455302596
v 9566.3960507758002 6085.234362011508 3396.4791641510164
vn -0.48551504400828344 0.68994068097485028 0.53689570567997125
v 9057.7245002352047 6119.0387216244962 3200.8912497768106
vn 0.47580151240378865 0.86572916263315103 -0.1553252643994871
v 9725.1461325862492 5907.9582535586924 3339.8738406652033
vn -0.39575603329665981 0.041613468126310185 -0.91741238348944998
v 9134.9714340228929 6161.2212951072433 3618.1813036734761
vn -0.58748974900711748 0.7890524672438578 0.17958841484888435
v 8824.0869853330514 5947.2350453198078 3075.6542972919351
vn -0.99419170755636976 -0.10107661064275968 -0.036964407301100247
v 9265.8479800027053 6060.930927305687 4177.2495934960707
vn 0.45249652654868427 0.85946379720873711 0.23784212147749301
v 9850.1734295903589 5877.566431661643 3131.6128476403264
vn -0.4460883993429311 0.89447424060155989 -0.030347534857451286
v 10037.958983188266 5775.7603472005612 3087.8733736128415
vn 0.49147150448769739 -0.71732058028626511 0.49386936063535597
v 9622.9049011895004 6364.7567267870436 3618.0756255529805
vn 0.26804718369320168 -0.035149871708334474 0.96276435010496242
v 9152.2870492278307 6175.0950206225607 3660.1599316248039
vn -0.31602556181641317 0.89507133753077595 0.31460315479900708
v 8926.7813824086152 5785.2628327308066 3089.5882516535121
vn 0.83101268687811547 -0.55449494310483538 0.04419584051447295
v 8808.7647748937579 5867.0021460559456 3030.3655970338232
vn -0.91280246023500911 0.27234044076297115 0.30433920699434203
v 9182.9566061256301 6016.6714495284759 4142.6262978218501
vn -0.86299394810215568 -0.48845049448165034 -0.12906417000734605
v 9100.0159148870225 6109.0790521866893 3298.2385801800319
vn 0.13725286763845831 0.8598779332203752 -0.49170274585940227
v 9287.1970199194875 6255.5558584730225 3604.8409687674939
vn -0.73433734163629072 0.65126292983227863 -0.19132502425146078
v 8850.9017390459576 5890.5281134158358 2974.6461322078876
vn -0.8192107034071785 0.48684438248698575 -0.30311115232531666
v 8491.6058339909741 5380.0946925614007 3019.9858795524051
vn 0.67144644400671516 -0.66674010356303304 0.32344598796629559
v 9211.0384572187104 6154.9322365805592 3687.2944450293385
vn 0.49991969126755847 0.84191216953071746 0.20313591774727918
v 8818.0784545863353 5965.1414825451611 3075.6993903191951
vn -0.86025301328757298 -0.5007684573562865 -0.095894239903425937
v 8472.7826726249405 5383.3879519792881 2964.1615598996473
vn 0.12485267386290612 -0.80523141301335566 -0.57966730227415586
v 8662.2822284740178 5824.0001029077521 3020.0128754877478
vn -0.13930325307116739 -0.98928809202520951 0.043631120326103529
v 8554.222394147062 5363.1847882645561 2866.7858360994214
vn 0.95812011370163119 0.014296913245779412 -0.28600952080659114
v 9195.3817662408565 5992.8639457038971 4174.9741545033339
vn -0.69728992335867201 -0.70356117117129391 0.13707093492981892
v 9326.486272103004 6059.5934317122228 3632.0102782779445
vn 0.6718904115015496 -0.26892416313726714 0.69010366570045023
v 8684.393176055095 5924.9004436299574 2873.8071075370272
vn -0.0065344900148622794 -0.033857436131328085 -0.9994053104015701
v 9928.5144575876075 5733.9914392192422 3117.8602056353188
vn 0.1495908507746144 -0.98191763716823177 0.1160186673879854
v 9200.2117756883672 6055.6190577591715 3715.2721535540013
vn 0.80157298880638184 -0.40965997222843181 0.43549908239834961
v 9990.3203354493271 5876.8171273671833 3090.7937766327914
vn 0.48472556175306658 0.85849062691685585 -0.16743647535431966
v 8219.1403731408172 5124.9505351995522 3167.9427920954822
vn 0.10097245015716454 -0.64035673708667973 0.76141172408688318
v 9468.3850243119305 6394.9767297921608 3618.321524514181
vn 0.28379324871849038 -0.89184999790039077 0.35222858093413989
v 8687.5303937626104 5849.2430047908038 3089.564510038123
vn -0.055648067814551998 0.99655547104775011 0.061485654207334282
v 9697.323851226316 5906.713844688873 3355.0994828570847
vn -0.52350063214487108 0.10560533951269969 -0.84545526221694767
v 9365.263999782328 5968.6581583454972 3436.5757984705197
vn 0.44187628248607624 -0.8610348817477671 -0.25172263185874644
v 9225.037399918112 6071.5955102785574 4244.5691829755051
vn -0.52198060976901028 -0.83785841418269802 0.15977960072683461
v 8788.2361228260797 5678.1618657592462 3089.7385778012322
vn 0.47053963988873937 -0.84547824695229723 0.25250540830613105
v 8849.6965136354775 5725.7743241993812 2964.120612286094
vn 0.57759514680018709 -0.71547902634544103 -0.39303130823466226
v 9010.2570874520279 6053.1979429307976 3145.187167433196
vn 0.69597742719698674 0.5382915277245901 -0.47524483375644372
v 9216.2158235402585 5981.2775290830696 4175.1817946970868
vn -0.36150237039339184 -0.92573907701792746 0.11100989812604437
v 9308.6382900918306 6252.0304894533074 3591.8112305245195
vn -0.1632319164067268 0.3881292617145406 -0.90703418770579591
v 8779.2271223482549 5800.3917020081244 3019.9916531557715
vn -0.8493156739885156 0.50773560773770299 -0.14445566293039244
v 8857.9118124465876 5890.3664820816321 2980.9539530424818
vn -0.98135423847972858 0.094130495181988752 -0.16758075216046142
v 9563.3448479656527 6063.5362546356264 3436.0215100534319
vn -0.34552284618239937 0.93761558583132121 0.038613158019026678
v 9234.2583567660768 6072.588941279284 4272.2209396184307
vn 0.073993929095528405 -0.77465452967430881 0.62804080927283812
v 8722.3652953707679 5839.8067902801849 3048.3075888057178
vn 0.85636485460034972 -0.51442155168806103 -0.044829710730376268
v 9254.0511989187871 6115.2562546296649 4246.5058266754495
vn 0.6360290827063223 0.59484107519653207 -0.49155986533766938
v 9422.1294030708013 6427.1285097966338 3563.2466304954069
vn -0.51211669045435049 0.85890918610615796 0.0033919582161515199
v 8878.3878784864391 5713.5355211720216 3131.3357713032801
vn 0.56874634416892433 -0.82235072542935916 0.01633647392463148
v 8197.2877816982946 5188.2303927209086 3103.3938569201814
vn 0.4315937558599624 0.14456937424928462 -0.89040806708601961
v 8671.7350978227187 5966.4155356358879 2997.9045993800328
vn 0.12935201026739315 0.9901251328106887 -0.054039604147331388
v 9201.8310630198575 6111.0596807982665 4147.0242515901336
vn -0.45746531762700138 0.85104355428539757 0.25777965761034011
v 8163.7855392980055 5239.0594084217064 3159.1832872239042
vn -0.17770828705710223 0.90253468196213904 -0.39223833643173012
v 8864.1822872726734 5701.9557541510903 3047.6207018325408
vn 0.85136241102878729 -0.47984265267770582 -0.21197422899605659
v 9378.2499456484911 5984.1306690013098 3493.8295072222472
vn 0.41104447573855957 -0.79047208908220012 0.4540884444101555
v 8950.4208295847293 5809.1681876815164 3089.7085595865856
vn 0.8596694648926787 -0.4319034014860893 0.27281470436155292
v 8775.9907943426679 5694.801065115953 3145.2354687923748
vn 0.078767695674292995 -0.98261667782370665 0.16810744951031734
v 9220.978492132841 6035.9961535429102 4045.6927227830274
vn 0.30311143576092886 -0.81603627718877592 -0.49214657554719587
v 9162.5771997708034 5938.8755726516965 3326.2208280261748
vn -0.098566905556730658 -0.87201614191026122 -0.47945011562926337
v 8859.5941904722822 5995.0881389228944 3145.3001500464152
vn -0.76767229232907819 -0.17851021963555755 0.61547814995813077
v 9851.009341099656 5924.371602947027 3355.667553412165
vn 0.82219940192023577 0.51952141308518673 0.23256320609240258
v 8632.1097579320976 5680.2552940055793 3075.6982840551595
vn -0.79968933482376614 0.59811263709738716 -0.052518959562541392
v 9908.533753765485 5891.8628610203259 3283.8844773712108
vn 0.78064196799283891 0.6244446939522168 -0.025825220293151138
v 10066.379001832409 5839.1810860809319 3051.034033157679
vn -0.19856817293455198 0.97831171628729463 -0.058964959700163078
v 8376.9585144159173 5373.9290205410707 3005.5302541617903
vn -0.67572386238498827 -0.072959666406265916 -0.73353537670749047
v 8347.0184415632975 5362.0927400767423 3047.9602895744306
vn -0.93978622319921545 0.31334892175383711 -0.13643426226817842
v 9149.3552509890396 6164.8409945227068 3689.8736635330706
vn -0.032094511622565318 0.87283006026440713 0.48696778971769822
v 8482.2268559367058 5596.3836179539103 2978.0649893596292
vn 0.64868921789618084 0.50178468447131352 -0.57220138851217883
v 9268.1958615135445 6003.0043566876811 3353.9480250611778
vn 0.75822758368526599 0.21440958502100277 -0.61572677478726245
v 9536.0550337334644 6034.085195293691 3466.1940814327363
vn -0.49625016510245951 0.84055039033297596 0.21728049831235047
v 9684.2342341485364 6283.951051181517 3520.9666282981311
vn 0.91959441397120367 -0.1938455945977953 -0.34171625546348494
v 8902.4915636773931 5784.8012138512495 3006.1881569102361
vn 0.86273682481973846 -0.48694050170644354 -0.13628689921570913
v 9267.3804193384804 5981.9394656353279 3353.2601790317917
vn 0.8276734918941353 -0.22517126884004821 -0.51405689422935619
v 8698.2963477110952 5820.9939350213835 2992.1789740436966
vn -0.0055242233758621218 -0.99041384588254422 -0.13802136370954132
v 9101.5050697532752 5912.9004009087303 3436.4950280020207
vn -0.54685417023897454 -0.8330609565237721 0.083426369979405654
v 8383.2810629314172 5316.9326614928414 3019.9403433101279
vn -0.06810589306165854 -0.44972272828073756 -0.89056782728661588
v 9439.8022025210776 6435.2765547592271 3674.2114459165132
vn -0.17430551629556423 0.55318453409352397 0.81461921056937248
v 9897.188960894051 5734.9414616583454 3117.9630678071107
vn -0.15895591376495036 -0.96128430931270936 0.22508996900869926
v 8950.3823072152099 5907.4889106804458 3033.8434208275025
vn 0.77904515826525322 -0.056914219827000123 -0.62437922207977947
v 9844.9013961708315 5823.7004451761131 3090.7341038471527
vn -0.89276760202461325 0.048738721486463785 -0.44787335911291559
v 8757.1199510205006 5792.3338709270911 3116.7727539323073
vn -0.29854383719375294 0.94637521009720149 0.1234728269179405
v 8620.2126628686528 5623.5437923086356 3020.0838487129004
vn -0.45861276146093627 0.74748911140499108 -0.48055630612463218
v 9890.3036561282643 5753.912234937332 3256.6244053082673
vn 0.1806831607867414 -0.93287355267461503 0.31160957964792224
v 8371.0664401630165 5329.0342014016969 3019.9779565241429
vn -0.63823042577251432 -0.095479242229392663 -0.76390158916023743
v 9052.7631565577703 6105.3511607487544 3224.9621859259682
vn 0.34477392063552387 0.73508551522389975 0.5837638469086821
v 9114.6924134225046 5930.3512806489816 3340.1588535166989
vn -0.48392646183399862 -0.77865568454878309 -0.39938766187339031
v 9604.7872088437889 5996.0613898949414 3395.6356739198782
vn -0.22712601044506764 0.0063795519697293851 -0.97384448280820102
v 9593.485002617439 6061.159605542276 3479.095464014179
vn -0.34565317967777515 0.78315633965144282 0.516904272609927
v 8379.5905342473507 5425.3503084270214 3031.3936075397942
vn -0.54480187495802435 0.81993647528302016 -0.17577000182817976
v 9075.4652944818226 5949.2899306936451 3465.1968728073016
vn -0.85684137810902117 -0.41706686125663378 0.30311398186453437
v 9120.4715657048237 6133.611576983255 3576.164269820033
vn -0.55171219126335769 0.80104856106764177 -0.23223880128618679
v 9797.8693831180954 5964.8420741721238 3398.8433049147502
vn 0.58953898244394931 0.79482346999999809 0.14387299856510585
v 8798.6450860564255 5788.1311656448343 3144.3052639429679
vn -0.39827759907012339 0.58391231750024286 0.70740466463717466
v 9036.3839018079307 6063.9769498447185 3313.5347024972839
vn -0.96518385004797835 -0.1082270481968038 -0.23813240360179533
v 9755.0480951954414 5984.0952010189176 3381.7567386082774
vn 0.12961494222701389 0.92687063557212657 -0.35229361570373374
v 8662.3771237829715 5460.9899467714131 2950.3231687749976
vn 0.46311950314380573 -0.77055883503474665 -0.43790342263760468
v 9989.0620997447404 5888.0822848586831 3131.300967398769
vn 0.52900392249014172 0.84525314349529812 -0.07551141239151353
v 8842.2784353039569 5944.1366651746721 2950.322987367239
vn -0.35632230776976148 -0.6512977508170712 -0.6699594411352493
v 8749.5977068756947 5897.9715102873251 2978.6169580896958
vn 0.92914710356838404 -0.19358821696490872 0.31497501834721736
v 10009.120888914911 5790.5641855467875 3131.7468938367242
vn 0.78215615520321613 -0.38508419441056457 0.48983865924699016
v 8209.24246993013 5233.2047879248057 3200.9742080612996
vn 0.38320355500903447 0.7644685509441983 0.51840415704903009
v 9588.1765254230831 6489.2011867021774 3590.5450578345258
vn -0.055144922756246467 0.79669339366909153 -0.60186267036445584
v 9658.3680788473794 6238.9921142312487 3549.4963206648335
vn -0.39681837967257855 -0.88642118202504994 0.2383121096615588
v 9812.4115129606289 5964.6175860167405 3381.7549973114719
vn 0.34102952790958307 0.92247808944229059 0.1809227337640798
v 9983.9934187333802 5779.6950390364709 3033.8941539661355
vn -0.012865232225333765 -0.69166210921488291 -0.72210664896274679
v 9269.275914102207 6186.9375865040256 3646.9641380207886
vn -0.52729327213817356 0.39104758155249708 0.75434978234222427
v 9631.753076190389 6294.2926999718875 3493.6115579540256
vn 0.49766046271527398 -0.84355696655754775 -0.20185566135793054
v 9172.3945541116918 6107.3551317759202 4175.0310179666612
vn -0.80624130864397137 0.58627182142528367 -0.079122080601667408
v 8723.0302279586485 5768.878180391509 3090.4738194125607
vn -0.60335660353228404 0.6548419693394576 0.4551294367162016
v 8304.2749488717127 5208.0344782027496 3145.7352276031706
vn 0.44749505250040622 -0.25051145417074994 0.85848249214350014
v 9108.9982352515162 6067.3841153880458 3730.2984649724526
vn -0.87124279927374182 -0.26919365964598091 0.41045189525699388
v 9095.3268213093997 6119.5883982000596 3677.7266808165605
vn -0.94691342271974122 0.24612182833465859 0.20683088620994111
v 8365.119057847467 5413.2008736437765 3047.7604588999311
vn -0.75598764720379574 0.62269544234519125 -0.20182433787280413
v 9049.8889130487114 6006.9854610478042 3562.8348596089513
vn -0.9444325789965784 -0.17535411242498117 0.2780252488273659
v 9687.5512701416519 6035.116544869772 3493.3582548087179
vn 0.46463210374404884 0.41004039304182649 0.78484640805987249
v 8612.1166792014337 5647.4021883952291 3078.1105375372299
vn -0.69715480247583261 0.54121686980339112 0.47016963026667496
v 9247.0823053060067 6136.5851047705537 3882.3726392767662
vn 0.95085780441615653 0.28128236752639363 -0.12942049876133613
v 8942.1743358788553 5836.5230049321835 3159.3285080474743
vn 0.70924772605374531 -0.35928395485221887 0.60653334852532237
v 8280.1626194351684 5154.8867957173334 3102.7022252184101
vn -0.35148475278483665 -0.81628761186835186 -0.458402664990121
v 9039.1532613074633 6024.163083124964 3452.6456250196693
vn -0.99972708440658664 0.013054009607682996 -0.019373939637257837
v 8731.5143135841863 5752.8068517651709 3019.9462568252939
vn -0.5286221480466019 0.84882784394386168 0.0070651213869030579
v 9298.2922921060017 6027.2537182013039 3632.3886043982116
vn 0.47683290160899494 -0.48844281821695584 0.73078998164686437
v 8679.8876785736575 5750.8451094088923 3060.9961030365525
vn -0.67138499843377419 0.38454983026346862 -0.63353264471723825
v 8424.5973562580803 5363.479401960285 3093.2992206028011
vn 0.056154132740233481 0.13270826718593978 0.98956315068655298
v 9955.1602007256442 5736.5319095940049 3102.6653753111714
vn 0.17548374968938088 -0.96148962541429761 -0.21152577577124826
v 9252.3845879331238 6063.1802627682409 4063.3119928702172
vn 0.98837630106874919 0.023459668850546515 -0.15020629621650283
v 9118.036174785655 6050.9973895765015 3270.3983265791439
vn 0.29695775777143468 -0.10584091809346258 -0.94900673873081376
v 9237.6696356065058 6060.8434106825025 3911.1888864270795
vn 0.55522961925799319 -0.60533182562127397 -0.57034502784598684
v 9219.8853148474827 5944.8382490117447 3562.839440392599
vn 0.1987758412850627 -0.94573933697207468 0.25703165451950866
v 8751.2563204760227 5789.6884709122587 3075.3764197907353
vn -0.35831415249124637 0.84584819278742396 0.39516047737941695
v 8499.7307209995561 5563.4305115757234 3033.5457248630619
vn -0.15039778635317672 0.95319107248521429 0.262311427876391
v 9631.7201471030421 6290.9096021151345 3604.5354576087175
vn -0.63842938118381298 -0.72625888832613572 0.25486457652749428
v 8563.4275326025563 5902.2634742089122 2978.9868485848633
vn -0.9401498337208074 -0.27210080362929401 -0.20513274438526519
v 9345.8621403421821 6070.5894992536396 3604.4170763409429
vn 0.9564160569045197 -0.12801411982801289 0.26245135019631682
v 8839.8830231392003 5892.0308098659398 3117.373109588616
vn -0.89437836203148147 -0.06954150325462681 0.44187252104534758
v 9220.0536455858746 6047.0010412046049 3927.6527450581762
vn 0.11997474013853754 -0.98981390509755118 0.076645254283786629
v 8161.0058085876699 5149.1622180695267 3103.4160298940619
vn -0.58348329058402526 -0.51263273420774591 -0.62988485410265926
v 9188.3826076120004 6092.8058708644794 4036.1861881784962
vn -0.97505487948769043 0.16241106128265023 0.15129649421017216
v 9045.9030955329545 5993.4070283647306 3493.3098252200271
vn -0.89903523734618351 -0.20833059966408024 -0.38514153665048423
v 8870.4880681925206 6009.8655997555616 2975.2034228037191
vn -0.23778189880262748 0.908504580734109 -0.3436265347538775
v 8794.1467579783639 5731.0184036655992 2964.193545683067
vn -0.15021700047734637 -0.19802608574228919 -0.9686178411185582
v 9221.8441816799077 6012.8975223067919 4091.4921137241577
vn -0.17518019174761895 -0.82000940099918151 -0.54488208145637429
v 9156.1522722099489 5917.3875340551986 3339.9320144648523
vn -0.20526316599457051 -0.88991810435665331 -0.40732394997611659
v 8274.2536402275691 5157.29002722718 3129.753644416217
vn -0.18345682209484168 -0.96607627773687865 0.1817696894999791
v 9274.0917996720018 6142.8630478586192 3979.4630148948604
vn 0.57843340983937319 0.73348440803638482 0.35695295705332081
v 8209.7113628909392 5119.0040510097306 3157.3844232328256
vn -0.26362121507028646 -0.92127285121685687 0.28593738576063948
v 8666.8360517447145 5751.3955792547331 3090.4956534626449
vn -0.73214444671280376 -0.55478391720189579 -0.39519528636070839
v 8884.5982198997226 5741.7845531818311 3144.9693522211974
vn 0.68044654772815194 -0.67202681252851815 0.29218565831950016
v 9106.8866612344245 6125.3618513651945 3325.9026404699925
vn 0.21906809654127576 0.9229583313500862 -0.31647604596437751
v 9451.5599685232228 6453.6999416739191 3660.6372548459753
vn -0.23387654354547316 0.85505934350919888 0.46279075342625464
v 9206.8253641200827 6053.578470425 3985.3095417879977
vn -0.21840295518877884 -0.97449372854142136 0.051595757560546962
v 9909.1337415874386 5768.1685408911471 3257.479093217356
vn 0.56002762781295734 -0.52953067204098314 0.63715486614638395
v 8401.240791647595 5275.0538516455399 3103.6094986672706
vn 0.67046612039711073 -0.46856443840022194 0.57525867960973154
v 9863.4811282172341 5876.7158123054624 3087.9457825673794
vn -0.78105143199095484 0.62412385189985498 -0.020690047717845345
v 9197.9404802444369 6142.1976697817408 3757.4091061983527
vn 0.90558580351402718 0.39046958882825311 0.16567393480613885
v 9201.5939235678234 6080.9216161518971 3839.8568198377748
vn 0.6874505376192529 -0.71578793058213519 -0.1227167338220202
v 9429.7372333096991 6418.1054617771533 3681.2684329520221
vn -0.087667354566993816 0.10983616647370269 0.99007598267889829
v 9042.0179643282099 6022.8771476036054 3214.8953818870687
vn 0.40201005755229757 -0.89247190138781118 0.20465047974540221
v 9560.8620855620502 6041.8815759500512 3395.6681425965444
vn -0.69300403408360367 -0.58461734545258615 -0.42186249909161527
v 8740.268550725501 5770.3053239476958 3006.0959804770837
vn -0.1165634690433657 0.9790668660880596 0.16685631367461598
v 9766.6085516175517 5862.9619133565957 3284.886717956118
vn -0.86776292495427898 0.26765942598933912 -0.41874328383133708
v 8676.0010276542325 5691.1501189488708 3117.5254727537108
vn -0.68242368346887128 0.41592401986874949 0.60108662099317922
v 9473.615750119181 6420.0576187928873 3660.0555769994908
vn -0.58357565586702675 -0.65833938192552355 0.47542477016378643
v 9045.2676829096545 6023.1702567068969 3411.9751423051839
vn -0.97690136562180951 -0.10700200081762229 0.18497106170228197
v 9052.2257842537583 6002.6850493800757 3423.2930436933916
vn -0.97228056965952558 -0.22069563822095742 -0.077226479479467411
v 9832.5221048644398 5808.9679053605632 3103.3797754619877
vn -0.9442213868465168 -0.31574015314578363 -0.093563498828964267
v 9299.8004929287999 6013.8140107362269 3590.5969210006356
vn 0.61702154960198818 -0.75391621840396894 0.22559863242985395
v 9475.3229651560905 6452.9336296896618 3553.3807345602986
vn -0.53179402930075625 0.79830629087645077 -0.28266973015720992
v 8760.0945406250194 6034.2806607342227 3117.3953571101688
vn -0.92979663778111798 -0.36168505889474223 0.068279796010497884
v 9602.2098150600141 6350.7108283614189 3590.39580579928
vn -0.67399478363582188 -0.7339776601125898 -0.083712759405895801
v 9987.2094767860817 5790.6828246767363 3160.9964891508271
vn 0.48576347568240363 -0.28049984320609778 0.82786090839844917
v 9273.512103309964 5937.1421087475737 3493.8362174538247
vn 0.26196502636047114 -0.66042689305889257 0.7037120461442562
v 8557.8746457492398 5458.1333035394546 3019.8698481726292
vn 0.58444135803147257 -0.6115928010666084 0.5332752991709141
v 9050.1966625292334 6024.890835217735 3228.7118481103325
vn 0.1927992717364781 -0.98087031186795848 0.026867677866493741
v 9104.8164873541573 6119.833585618454 3631.8076821930308
vn -0.78152757716708054 0.61833641234791015 -0.082913975251872996
v 9295.5442064712188 6139.1350204990158 3646.5367013210653
vn 0.28668515210876611 -0.10228900283080618 0.95254846777487023
v 9770.6721541654697 5835.8560104597336 3381.8173793879087
vn -0.17364295710835143 -0.82690801894406363 0.53485629065448148
v 9281.7623978405882 6192.2137471039223 3649.8178197595844
vn -0.19630318912482592 0.27913159033130996 0.93997373006831231
v 8235.415838190951 5139.9456111296931 3158.8666807816685
vn 0.87396733284371653 -0.46834222980134982 0.12975614400381993
v 9281.2385664086487 6159.2211809712207 3509.8256395198359
vn 0.24930155144131214 0.83050876684968844 -0.49810031583483733
v 9339.8289774350233 6378.785830732988 3646.8580945990507
vn -0.74995308507958069 0.62273382457403126 -0.22309852960299587
v 8847.1971518758783 5698.2894443871628 3102.6692547666848
vn 0.41558428155001559 -0.90637489763000811 -0.075988485145775164
v 9575.9349420963226 6083.2325723256672 3361.9323593951813
vn 0.82054667809707693 -0.52048990432154019 -0.23620628391981008
v 9033.9841493028671 6040.8747127507277 3242.7656264566326
vn -0.22859854212845696 -0.80292726043854834 0.55050024612291637
v 9864.9356678463992 5745.9146201801996 3103.454984097013
vn -0.57819964587853745 -0.73932888943436992 -0.34507674907718
v 9115.180342524176 6044.913443529078 3270.074049738887
vn 0.17052102652678852 -0.33775783776151463 -0.92565772429279536
v 8720.2016534084614 5967.990106642188 2908.5906962860854
vn 0.41081363844708663 0.88354577228633258 -0.22489780510448423
v 9652.4614907440191 5890.7295464536001 3394.7595754546155
vn -0.77169611138862459 -0.59857972476986809 -0.21491259796043649
v 10134.675483820916 5802.3512513718542 2992.0084094952254
vn 0.3149400565696871 -0.78916540998022611 -0.52728618079618217
v 9155.4577941216376 6145.5446353987409 3450.9020897639075
vn -0.52670840471850433 0.84439490975465059 0.097854446906227119
v 8735.997142750959 5960.9275594676064 2951.0960882909499
vn 0.62293592568375589 0.69470379125211124 0.3596351969878161
v 9577.0768945235595 6085.9343866533609 3340.0500899293183
vn 0.75750933680980137 -0.43591492977507296 -0.4859606760275651
v 9135.8399209999789 5910.5943066136406 3406.664324250004
vn -0.49409843713646678 -0.84630748152763657 -0.19907380824621376
v 8433.7855979859105 5334.2879772648557 3034.5943283513689
vn 0.70261377297312611 -0.59684915483808576 -0.3874338297019651
v 8771.0253337575723 5753.2158465328985 3144.896858831512
vn -0.01190183322898002 0.73445663972337816 0.67855124399858935
v 9332.0942999752333 6165.0392160208066 3534.8631944725412
vn 0.85217307452308877 0.52036014103863582 -0.055012495636149496
v 9551.6843851162193 6148.7207009997255 3340.0929156705588
vn 0.8134067873227373 0.56269187177125946 0.14746950796642536
v 9844.5391044964526 5868.8333186501895 3172.2445177255186
vn -0.48240673303115467 0.76652454842741413 0.42393851038134917
v 9623.8741235761136 6479.0529989804563 3650.9695459051645
vn 0.18325663392074029 -0.039090442460727022 0.9822876072883463
v 8623.4559349124502 5557.3926828662943 2978.0932682301127
vn 0.13900017969766409 0.38383417996255564 -0.91288020700226036
v 9571.2460181494189 6122.0479763903395 3326.1418646184557
vn 0.92520953898812697 0.10109758705780826 -0.36574114733847829
v 9675.3043745557661 5871.8630356703907 3396.281539445853
vn -0.48886309368640041 -0.8546652966762478 0.17481449107171615
v 9891.0271794635082 5830.6987371279429 3312.046860698596
vn 0.79848835272779051 -0.51620948990448834 0.30974846745481638
v 8680.6081533796441 5739.9521819889787 3103.7616346666837
vn 0.61713650460199576 -0.58063919415952325 0.53103734416085124
v 9604.7963510593545 5905.299994808971 3493.2708732745141
vn -0.17157429134503771 -0.64502083648469921 0.74465453940067217
v 9377.8176285976915 6074.6407292989825 3452.3389347370135
vn 0.73222036764788678 0.66225187990286605 -0.15898358646952651
v 9620.0281010979834 6401.0562095600308 3507.0054718397273
vn 0.33931591179685922 0.56632628398087315 -0.75109203968214278
v 8374.1341756522488 5244.7244252561741 3061.6879030868849
vn 0.69463730222413489 -0.69555439847356726 -0.18352955381313951
v 8129.627498269816 5193.1113229418952 3113.4199084896718
vn -0.77218087538005653 0.094406467613506975 -0.62835031198371305
v 8154.8716427326617 5238.5978388648773 3187.4734353676399
vn -0.38473616652496684 0.88782625896494338 0.25247300065548856
v 9510.0229775994849 6381.2777505627528 3591.009783452163
vn -0.52386090999115076 -0.67703009952451476 0.51691391093785533
v 8144.2495545110723 5216.6975756022002 3204.0852863493492
vn -0.89360549742575557 -0.060676283508466933 0.44473318247019544
v 8656.1959576475983 5881.1333396306109 2908.6212693319139
vn -0.33234559615538084 -0.65267724474116617 -0.68085153955411182
v 8578.5054792493447 5496.5584704063485 2943.2862377075385
vn 0.34886660683103743 -0.63848081693604064 -0.6860279418820231
v 8203.2154795435763 5251.2170259064169 3173.0472808072923
vn -0.024481598181027919 0.99058357914888584 -0.13470272480943254
v 9075.9686839113238 6035.8692012145075 3227.8081448774765
vn 0.70552209016094103 -0.70341644111862867 -0.086277984787197129
v 9149.9988480508891 6092.7514445426814 3924.5889619850973
vn -0.91382071608457871 -0.16564575706845222 0.37080073087830751
v 9560.8854502755439 6080.0280012141075 3409.870441837289
vn -0.67188621436033258 0.44453629718362225 0.59241572855454772
v 8902.3576526471388 6070.3534086077561 3089.5763671511008
vn 0.68851928032714405 0.71952735377505728 -0.090672971646766368
v 9285.3829304930478 6002.1884113486312 4183.5852431613102
vn 0.92485012845961845 -0.36136991402130059 -0.11859184258820185
v 9088.663093958352 5932.8556186280057 3467.1117378299523
vn -0.69152718609458041 -0.70794830374887097 0.14352473693133119
v 9250.9420483144131 6150.9218187651441 3935.4395788985912
vn 0.75586634030594257 0.55315074695666788 -0.35027178980583273
v 9548.5095374476568 6059.404487518007 3422.0167895314389
vn -0.70982262992522749 0.68166430552940105 -0.17744184572178287
v 8632.1429269070959 5754.9560677195368 3103.4575741042222
vn -0.75019780670236091 -0.62800540358775259 -0.20691172969058882
v 8704.3689544757563 6091.4896820762897 3117.3073032099437
vn -0.58108399956115142 -0.34691317474273919 -0.73620149052004069
v 9101.4718226680961 6135.70495150231 3646.0181529134716
vn -0.66403870850542401 0.63275229837701341 -0.39834297094972743
v 8638.4958298079728 5829.1625232789729 3062.8921275519097
vn -0.75980433925086077 -0.58735202283039112 0.27877404350586649
v 8825.1904934871673 5855.0619024835441 3100.1714968446322
vn -0.97741926665224244 0.18702070069040072 0.098360737544326324
v 8878.6700140938156 5913.451535780061 3172.6694028383999
vn -0.95454396041977385 0.1604710893833565 0.25118689674871991
v 8952.4249074539639 6057.8522209496405 3075.8203227846725
vn 0.62145576128469149 0.76548001843730185 -0.16683248526378949
v 9725.2040980462189 5847.676796793925 3348.4184493300827
vn -0.81643856056892272 -0.38566803472489097 -0.42975370133087387
v 9201.8762155045843 6106.7158832114947 4187.3245913959081
vn -0.35497560860770067 0.93143939070159354 0.080081076060682918
v 8994.7159677556392 5976.3135100589734 3131.0368125422019
vn 0.97683558776378687 -0.21397583602136733 -0.0025643863074861421
v 8831.5899390177292 5831.0375870738053 3160.4202451426922
vn -0.65921137259615381 0.13216305046464216 0.74025218292942252
v 9191.9933319365337 6027.1956569364347 3295.6413525560661
vn 0.40299741189580823 0.16827299793289957 -0.89959840160593574
v 9797.6391314263255 5840.6797219875461 3396.1878311439514
vn 0.24073044834733487 -0.77890257021653198 0.57910244115231579
v 9412.6925975890663 6023.1011024591508 3423.5517055858127
vn 0.50252623822136977 0.28206052168132267 -0.81725714558389706
v 8814.1376591513981 6037.4732688084041 3116.2222751200243
vn 0.06374792050958919 -0.90893158904681204 0.41204316407815844
v 9349.9867138943391 6072.7708172473476 3549.2967701057628
vn 0.94683869144273003 0.055832572221701224 0.31682679221638954
v 8502.4564393519377 5378.9940203954493 3006.2495773445753
vn 0.88263728042716916 -0.44397404087129927 -0.15439715746263222
v 9012.3817746769091 5996.3472923409317 3187.3167838273043
vn 0.5938936033818748 -0.67875455460194911 0.43195212983524256
v 8542.3938287995697 5898.2520834679926 3033.7214592197683
vn -0.84116250802308312 -0.25459912034544324 0.47710053763923088
v 8979.7242520495347 5888.0926597716934 3102.7991871392051
vn 0.96459672435801391 -0.21617486479004716 0.15106815412519822
v 9671.1675278234034 5881.7618675554077 3423.5475218752658
vn -0.30500607925901518 -0.95027635462862314 0.062818320964337801
v 9234.16728812976 6099.0070680252284 4202.866565400851
vn 0.89268834366360461 0.44910848531783526 -0.037537840942842071
v 9729.6966510998354 6014.9602325729429 3427.3165640654624
vn 0.56399945607355362 0.81796284727622526 -0.11331987479919917
v 8941.9535353002993 6049.3614625717546 3089.5957224351378
vn 0.68211923042544409 0.70302085325682617 -0.2011840832915068
v 8646.0979761489252 5673.5084162485618 3033.5105915148192
vn -0.47663879493176586 0.53063482056932465 -0.70088668582400304
v 9136.3168919012114 6077.6022209754537 3826.5942864812087
vn -0.8448498706096732 -0.52810727057956985 0.085623635123810549
v 9971.7600981368232 5831.2070469905957 3041.5309508479249
vn 0.31605806968421546 0.54119883386976986 -0.77923752399732971
v 8400.3601262081647 5316.7111304417012 3117.345718107365
vn 0.48632271099621205 0.58523162434623233 0.64884063269370351
v 8635.3910906681704 5545.1735734393878 2978.1105522268381
vn 0.53281607501487538 0.22017958712209004 -0.81708505042038837
v 9071.7346133886713 6047.0553698045733 3242.4600612341646
vn 0.61427029532813515 -0.78401189685209693 -0.089427903206229453
v 8857.485461917764 5781.8506701960359 3172.901614115985
vn -0.334594859034195 0.0070233799458436037 0.94233590212939655
v 9332.0929157341398 6241.0784909383074 3590.5565896365442
vn 0.80017997537926211 0.23983153351045844 -0.54972069502254095
v 8644.5717742621382 5491.288122953506 2992.3919545946351
vn 0.6978993411951645 -0.37704740026412958 0.60891031155123043
v 8871.3631251668012 6080.0003980222245 3119.4972239913614
vn 0.34104797270168508 0.93207098945394429 -0.1221881783742437
v 9873.5792093149412 5751.4287005409515 3214.2075406898339
vn -0.11991414594343464 -0.84836360876454453 0.51565471483023939
v 8272.4037600709107 5166.5900241636355 3117.9509138044095
vn -0.53415772294391206 -0.65588082669241643 -0.53338154092229995
v 8899.6170309713289 5768.8536956479802 3048.2599434151152
vn 0.8423194886562505 -0.53671039128477704 -0.049394685106946362
v 9312.8774518973551 6139.9103590493296 3478.0072247125149
vn 0.34597657879054128 0.75876247314545819 -0.55188741267995989
v 8952.4404273617693 6052.9346008242446 3172.7011361554078
vn -0.42616366570282366 0.83856675758331156 0.3393969992662626
v 9224.0291831141039 6074.8488295616435 3882.8583698367174
vn 0.55471213469805125 -0.82497254878408632 0.10823465882710169
v 8875.8925537428167 5886.2907818693084 3170.7023705272331
vn -0.61625652829502642 0.02833741035296659 0.78703550269873401
v 9688.0509546624253 5947.0309192727727 3493.2975017782551
vn 0.3380051702888287 -0.014013743908766712 0.94103991405236342
v 9747.5097402180218 6002.7578555734408 3450.7814794271849
vn 0.70370685066317828 0.66941143977291329 0.2380861033972094
v 9797.7439998954978 5811.7716875168862 3367.8812189135333
vn 0.0084079655827794565 -0.91003033568295033 0.41445638401590024
v 9814.5546386839742 5818.0345637026021 3366.4838191122908
vn 0.35107481266956714 -0.81522516941128853 0.4606022134850899
v 8968.3597142281396 6032.2991474893352 3075.7299778455117
vn 0.93569289936593014 0.35236649069411485 0.017794783283128467
v 8799.0190547109341 5814.4994224799339 3089.3999354186358
vn -0.74855277854129176 0.6546739217860813 0.10521784008115487
v 8344.4610525845328 5279.9348159276597 3033.5535945027536
vn 0.24678521240750448 -0.54482686672863345 -0.80141171954722668
v 10023.240620340674 5859.5781473375318 3076.263202999357
vn 0.43115096326195584 0.83446124777063846 -0.34319567719794591
v 9375.3394041404608 6053.2187905491446 3422.9743408363838
vn 0.52269467424062599 0.5178301996507686 -0.6772312469534546
v 9309.708687527349 6194.6655132324677 3548.5919242245541
vn 0.44522133887233156 0.64077141963312345 -0.62545179446067634
v 8960.8727364003025 5873.5923494654526 3158.614319284683
vn 0.853123423401699 -0.32845363470495964 0.40533767933966658
v 9151.9909861925807 6159.0978500203801 3729.8135136524661
vn -0.25373507678727553 0.95127910681857897 0.17517583091911387
v 9783.7320366857457 5909.6651071821216 3437.126277884483
vn 0.62874669706309561 -0.25457401846438882 0.73475823238337445
v 8536.4247804668521 5366.8114641542743 2859.7767907501207
vn -0.0051450636368096589 0.0043311640436614132 -0.9999773844133677
v 9655.6371233154732 6055.4879177780367 3493.3432528061194
vn 0.19221502780857688 0.67583158527638265 0.71155115868597918
v 8231.0992154217456 5158.8179297628449 3201.1351017442339
vn 0.40813173233570682 -0.49264494443109275 0.76858925817834622
v 8419.1375013120087 5497.1566626234944 2992.1638488213353
vn -0.88612163241404773 0.36762338085032209 -0.28220826072254224
v 9085.9555137578773 6117.1780952187237 3437.5295200817523
vn -0.85759002167107767 0.46833833708124922 0.21259952198951571
v 9224.0583327136228 6048.969913171878 4215.9411356969604
vn 0.38192723428002268 -0.12326557928916143 0.9159351421785934
v 9437.9525254162909 6391.0129439008197 3520.9075140561531
vn -0.43078860160709798 0.056147908085473999 -0.90070449823625631
v 9213.725542909644 6110.7749788840156 4272.0403888170949
vn -0.53989501751357016 0.73648783836353526 0.40755249233274121
v 9009.6554825148196 6034.5136272652417 3144.7484031680633
vn 0.88630524926195597 -0.17010689170283999 -0.4307280470620648
v 8286.6864286987875 5230.8027405960374 3047.7897016712209
vn -0.89735536380726288 -0.0094897783294030785 -0.44120663543694999
v 9908.5965846518702 5762.2828631514903 3243.1214969791736
vn 0.3906313156741878 -0.92019042625796954 -0.025627224544017366
v 8288.4853451520357 5156.3802881080119 3114.2740385969028
vn 0.48437929809044922 -0.83251141443907184 0.26888927165296045
v 9937.3496694231835 5807.4344148285309 3230.4541151681451
vn 0.92258425993201409 -0.38073806627346418 0.062264020236739548
v 9746.6575790521019 5950.522241639108 3340.2012252632276
vn -0.42671162418427389 0.68619167031060779 -0.58911644127655871
v 9874.3046160222348 5898.4994612724877 3240.4153584327996
vn 0.032009242576014049 0.94630607476212536 -0.32168341775417753
v 8812.1543706314533 5887.3715088728604 3047.7449896669964
vn -0.96108776484290637 0.13932906141338652 -0.23853243157887566
v 9332.1106651455302 6151.270043865653 3632.3674500586949
vn 0.88730852259583437 0.033131550132938871 0.45998465856437665
v 8891.5188113197328 5969.7269712793004 3172.8929170764604
vn -0.93205415056685126 -0.0032478493362738609 0.36230444640632575
v 8895.7142669711957 5984.0244343128443 3159.2152816091916
vn -0.95166363859056657 0.25850188577479999 0.1658707148216218
v 9451.0046685689449 6022.7953317580022 3465.3303330071039
vn 0.58681253379619236 0.59777146384214885 0.54618708076602018
v 8420.118120823161 5626.0443898491876 2964.3568363091263
vn -0.75204627915418432 0.63172927863233763 0.18800136310413568
v 9085.9609036255406 6090.4366767930405 3646.3711923492265
vn -0.96916201632621457 0.14560831693884693 -0.19880443694430541
v 9472.7299318237237 6434.0687122319432 3537.0660500241047
vn -0.45389629041959401 0.84179194545270042 -0.2921720009074949
v 8668.3455113840773 5971.3355964680368 2978.2451479007304
vn 0.18491634306858445 0.89892397495847176 0.39716700934367954
v 9468.7626455957725 6458.1292442419362 3608.4500163015136
vn -0.27910164047367075 0.84112349544977894 0.46326400646634702
v 9296.4196015700563 5917.0224676998341 3423.6223867741678
vn 0.55060328358134258 -0.83438632048713779 -0.025208972477650922
v 9294.8763407431506 5938.8352612091239 3409.9436677908652
vn 0.70591172690008619 -0.4658085999566528 -0.53358315381143839
v 9669.9861667847817 5879.6296595235744 3434.8219886636798
vn -0.28332727650231887 -0.95893419067759678 -0.013071814689663955
v 9236.910888601582 6099.5162515659977 4121.3890162782191
vn 0.43952632440822376 0.8368077595566672 0.32644966487645238
v 9108.3570490443963 6029.7779840921357 3689.2510857951756
vn -0.65662937900392904 -0.68273914501082589 0.3204763930444815
v 9376.6100196638436 6321.2903064986876 3616.6436374094901
vn 0.81417433022340491 -0.55999472128507166 -0.15338211153235867
v 9882.1167459563967 5764.355329846604 3074.9981130576543
vn -0.49466046440987405 -0.74484268970948952 -0.44779503406820065
v 9516.8714001619228 6113.6465719024909 3327.788174544065
vn -0.6187350056776254 -0.67009348193757923 -0.41005087271444768
v 8437.2371363262355 5629.35246944149 2964.0744943411082
vn -0.18924481695243445 0.96290961789717178 -0.19233165890659354
v 10093.133980781173 5844.4225354502041 3047.8980018704015
vn -0.19856817293455198 0.97831171628729463 -0.058964959700163078
v 9866.6229187953068 5890.0736081577734 3229.9514946701811
vn -0.071072327154357129 0.94008086940889779 -0.33346166688882684
v 8858.7024194369915 5897.6970435365674 3129.8364354054384
vn -0.84585893471706963 0.046525321639709183 0.53137374512260727
v 9049.8192380617602 6056.5968618090428 3452.3341409770237
vn -0.82486920798588337 0.53776790035859712 -0.17434584899173092
v 9149.8841316919152 6084.7903699978087 3910.6586798231401
vn -0.97518500028882737 -0.22090044982140322 -0.014737926597098267
v 9606.7366018319062 6500.5934930437961 3644.1561853063163
vn -0.34124874441783398 0.89685066569311234 0.28143947462833491
v 9144.7752777190399 6106.0925633937768 3878.9685927935161
vn -0.96429658768718196 -0.1007028275803923 0.24493066670421448
v 9298.8870984728201 6149.8071846763414 3647.8423971571683
vn 0.34957505238407149 -0.037880884314725555 0.93614225487059821
v 9850.0677984756185 5732.9020981218982 3200.9600282912861
vn -0.30007472777407623 -0.90368478726873747 0.30546515842297123
v 8711.1861092019972 6074.6460885341439 3131.3510614756833
vn -0.70434977426009959 -0.62723253034221138 0.33237140126709719
v 10099.493475885245 5792.5581363127803 3047.1715498281483
vn 0.56974458363620306 -0.81542937648800407 0.10230367235634609
v 9264.1076596108142 6069.0768403683105 4105.6988649093755
vn 0.91749836386337058 0.39265547462309464 0.063391092091480236
v 9149.5184699815072 6152.3522131192867 3825.1547194574746
vn -0.90709789924759976 0.36189447027869254 -0.21495532922515745
v 9590.7278841878779 6451.2996212045273 3562.8755467794872
vn 0.31796153340667838 0.83171121187349561 -0.45514494759097912
v 8952.0296667293132 5850.1427170579645 3147.6059293517465
vn 0.92887488377819083 -0.35916326189931402 0.090516305646535872
v 8659.4446381329326 5971.4925196915046 2922.4956714300315
vn -0.073565894977018334 0.99423835398411442 0.077962520246518938
v 9065.8817931963476 6055.6636684077675 3604.6176992124438
vn -0.9533099596211887 0.20706870646031711 0.21982418359202088
v 9234.8188447807497 6140.1833258544284 3869.3520287719602
vn 0.80464819731146953 0.38914660126355521 -0.44844866070535422
v 9274.2690691568478 6089.9138529631855 3952.7367912403056
vn 0.96904327039205218 -0.18662530832966889 -0.16163580791004228
v 9941.1924914779884 5820.657264721176 3228.708137946428
vn 0.96039291214768863 -0.17503462310605661 0.21681405630309736
v 9820.2868900195244 5758.6768917855206 3172.9920351371884
vn -0.82124890914144288 -0.56358820941186838 -0.088986287965697283
v 9835.8630829737867 5950.9984790257595 3339.3415887153069
vn 0.48251037245270922 0.87567928662927041 0.019223096628793616
v 8817.8439447416931 5833.0438059874559 3117.3774635202672
vn -0.9749548215384749 0.032852540464704642 0.21996319361178471
v 8435.3257872761878 5546.9845137658049 2950.2648578373628
vn -0.66373616700376281 -0.73816351631082489 -0.12070179699901606
v 8551.0144016018239 5920.139867852713 2992.1702646520707
vn -0.89491251433313368 0.25053089159146252 -0.3692774892250214
v 9303.0052951466259 5963.7980275534774 3535.4349997808426
vn 0.41102912542771392 -0.74332606359076148 0.52775128729051135
v 8642.4765384552247 5940.0966876935845 3036.8569703276589
vn -0.19905466799193339 0.67785800517736683 0.70773283374984253
v 8590.4894518650653 5880.901482584748 2936.4856008038314
vn -0.83638476203719492 -0.34516315019856669 -0.42582030197841264
v 8520.1122048527614 5354.8156704923385 2909.6615469615472
vn 0.56111588321318495 -0.017361397700418404 0.82755516279929953
v 9619.933124240446 6295.3892686076833 3451.4789849664139
vn 0.68426940085613019 0.097021931749507018 -0.72274624302834423
v 8673.2833446602381 5765.633145663408 3186.2992778350981
vn 0.37772454313094661 -0.57302739457058338 0.72729895819268608
v 8689.4770727284449 5760.3109046378459 3173.6957145533861
vn 0.51238322653203894 -0.60955290448194999 0.60490386492916048
v 9440.3996035750533 6436.221772859335 3617.4984331819205
vn -0.40870542847833263 0.90829020741666699 0.089267977703824428
v 9182.1091353903757 6093.4975107258315 4021.8231472605307
vn -0.97792243113861155 0.14679527649545515 0.1487241253952106
v 9425.0529851388128 6035.7697320246889 3451.1119550770368
vn 0.56426126687238742 0.82066829165244681 -0.090070959714120657
v 9550.3637823227546 6477.5481209649897 3591.3697331912454
vn 0.44237469744161978 0.835218944254841 -0.32667099996979232
v 9371.0543358358591 5980.4655966611563 3506.3427800329673
vn 0.4929791826377668 -0.73104682408826915 0.47174364487108317
v 8826.0679665563803 6067.0216090327995 3145.3622102397562
vn -0.15354580736234663 -0.23553982376232047 0.95965862496174137
v 8646.8610726538627 5593.0688388251274 3089.8259690895702
vn -0.19238642199934841 -0.50922466702078473 0.83885499529290497
v 9900.2329632535238 5893.7091203177652 3159.9806423335767
vn -0.19229387196773728 0.98048935618939148 0.0407883464112982
v 9488.2005583349674 6165.4569626005732 3304.884756591041
vn -0.86213412214002294 0.42526642896245587 -0.27545093907876322
v 8926.5223689503327 5981.634649272708 3019.9433047190914
vn 0.71629547584367836 0.4347771973057909 -0.5457926162827782
v 8661.495698549641 5841.5474259396597 3090.2163841959596
vn -0.99574076785671162 0.091838106359064087 0.0081292956956752552
v 9089.5101702181273 6112.7455405732908 3426.7867067994084
vn -0.81465098438391859 0.5421321888817866 0.20600112480410226
v 9765.6357666874901 5982.7867393945526 3451.6186876706888
vn 0.83149418681393028 0.3758288358711232 0.40910891388772896
v 9294.004868233209 6216.8304260440773 3563.4974027431717
vn -0.19118815760192598 0.9070087838104921 -0.3752094808015824
v 9177.1357628614624 6065.2893045964838 4160.1608529961977
vn -0.90452257993724938 0.034020646151255836 -0.42506646306091156
v 8425.2286253223774 5565.2305122593334 2950.2989618077836
vn -0.94441567517445846 -0.30795883725573298 -0.11506688072972542
v 9858.7015622005929 5785.2818806935975 3075.6314836218698
vn -0.74163074626132353 -0.39033724958668925 -0.54554621049455665
v 8398.7506931457719 5289.9891218582743 3117.7498675929069
vn 0.57522867693131152 -0.15293416396016221 0.803568983180448
v 9109.9687416564448 6137.1502686016011 3618.463695842579
vn -0.71133396238466973 0.63172079650284496 0.30811171549283295
v 8446.0930806075976 5476.0431614732734 2978.0834104917931
vn -0.78392414448624925 0.12802048510997191 -0.60751435463181425
v 9181.968749417083 6052.9043195560525 3910.6824211770113
vn -0.16880329518065343 -0.97473783377884127 -0.146258684994379
v 9949.3287583399433 5899.9716963321735 3144.9697694268402
vn 0.093990206688849748 0.97751833373612806 0.18874254490265627
v 9334.1959054590061 6326.9802651146965 3672.8389921058051
vn 0.56603630248752101 -0.30504330492515991 0.76586649383988048
v 9454.0529262283453 6025.1065474621428 3451.3968586492142
vn 0.2093719457443361 0.9748412535872264 -0.07647168521561358
v 9554.7967840064885 6341.569790343332 3520.2221149802012
vn -0.72473903421406805 -0.67988316950895011 0.11185798185612143
v 9313.3386599137139 6025.9363083029548 3394.1179440588767
vn 0.13557457825024025 -0.32075609304900993 -0.93740869555610817
v 9121.7588577881852 5901.6310889598844 3451.3274044434588
vn -0.84461890190774869 -0.5291923159636408 0.081082693993150323
v 9192.8740468046399 6152.1738209680107 3980.1289860911165
vn -0.57687743587063367 0.78522385174642728 0.22502428009401082
v 8682.2311938415951 5912.8044269370675 3061.5346917632719
vn 0.19606733801395784 0.49941061290110578 0.84388781167040339
v 9270.1202853452378 6134.8296264316268 3994.3336164714819
vn 0.59734645365504557 0.63288686673055894 0.49257631715878947
v 9198.8306692184597 6080.8593519938695 3794.2138732156964
vn 0.90175851566798693 -0.43182000528421283 0.019054197873731107
v 9248.9928544641261 6121.5986273498893 4091.1398436806699
vn 0.63953913319017408 0.46735261287935292 0.61038613381465545
v 8807.7459931912035 5845.9616999195168 2992.570046122637
vn -0.66967323898156461 0.34296336870871991 -0.65872139840444455
v 10041.066476771943 5815.9932660480481 3117.4753465251288
vn 0.69378588220734982 -0.090532394501820698 0.71446835842851431
v 8545.7598158664732 5440.4142335485158 3020.0506597653407
vn 0.78814900961911483 -0.54264577776961753 0.29044224641951688
v 9165.8097138910107 5888.9068749534335 3451.3812371483486
vn 0.015833032511343839 -0.98949488852014433 0.14369822780397137
v 9150.015299065115 6136.8300994062329 3381.7959152599883
vn 0.11413658058119305 0.9382849760727181 -0.32648758728235244
v 9780.8046586042456 5807.5235039990876 3268.6640403352485
vn -0.82395522317207692 -0.55919339865851536 -0.091654422174773029
v 8936.4166951523966 5847.8604553444384 3020.983891464306
vn 0.77503221862066329 -0.35339024925133095 -0.52387058691437771
v 9542.7268162711862 6109.7900943634886 3299.1572349076132
vn -0.19304497599139611 -0.79478572700969019 -0.57536882552512303
v 9274.6375101202811 5993.8225362640615 4120.3922319630274
vn 0.64822527672997199 -0.70035180944177799 -0.29885001860461508
v 8437.1611151844972 5322.9046511572524 3089.7349682148238
vn 0.53836103072062991 -0.15723373287547568 0.82791603067428554
v 9305.8741928220861 6221.0947554513723 3576.5646348108016
vn -0.17680819524919111 0.84256616204927015 -0.50874465565968086
v 9215.3285845567989 5947.0401377001945 3590.2074666572025
vn 0.32860558675437113 -0.89364589675261341 0.30563929650984489
v 9104.5167159914818 5964.9700535642405 3325.7952776172165
vn -0.47535620563210168 -0.61362813798604277 -0.63047362041471089
v 9160.3046667957387 6100.9767062530555 3938.6386385812789
vn -0.92585638203136922 -0.036672793544142261 0.37609183195790347
v 8755.4305166969989 5871.9971287670505 2950.4303390891678
vn 0.8644743458191877 -0.45874290503379428 -0.20552141616299485
v 8866.5685219282277 6082.1429592953409 3100.6669155979121
vn 0.55887497079377069 0.79727007913154979 0.2280771534850308
v 8749.5121075072366 5955.2836893049971 2964.0087298683175
vn 0.63582961011463057 0.69943928142559597 0.32635164853317772
v 9268.6741427023153 6043.3909453968754 3646.0057159579856
vn 0.45108161770090993 -0.4041154591326705 0.79574874794894979
v 9850.9265596289315 5807.8649621477161 3075.6223095523346
vn -0.78955524835773538 -0.27205501498428886 -0.55008052011742181
v 9503.0938717552453 6445.2640885051469 3533.0048237779788
vn -0.20296687995485468 0.76621605972925111 -0.60968630905931642
v 9136.1837582617991 6108.7771792876538 3827.7192337951765
vn -0.99693324314797716 0.010846374454019037 0.077501386230566904
v 8261.1589737500944 5240.0766897608746 3149.8726404673466
vn 0.39350375143069427 0.76586248527731582 0.50853657808934793
v 9871.1005194047011 5865.1859406262483 3061.3012030348109
vn -0.89694180091208509 0.20687599274632162 -0.39076556834220905
v 8811.7441648567255 5885.0518973502622 3025.1794678153565
vn -0.88633004871783083 0.46302987443721089 0.0047307629943014254
v 9829.0251068416692 5924.0534655477395 3284.2874106527688
vn -0.04342800450137918 0.60623049136606943 -0.79410238619656737
v 9762.6316244820591 5929.7662566725121 3325.9603431988298
vn -0.64254354722451279 0.61329901376766593 -0.45934965944446793
v 9195.8750302630633 6167.1196086704495 3520.9487411257987
vn -0.06075837328324362 0.7984071701509714 -0.59904458158595486
v 9320.1849268139413 6336.3344399578309 3617.3523834512553
vn -0.82732138327211624 0.49025640701583745 -0.27420427451196588
v 9544.9637188629968 5995.9977561004871 3409.5876599864409
vn -0.21034400909708942 0.024709376962892313 -0.97731512038189061
v 8709.3428269619944 5647.8078837985558 3117.0082256384203
vn 0.28681156042450373 -0.72064248339031423 0.63120007916658416
v 9618.1356051001421 6306.9178865663162 3547.1685735864994
vn -0.61466603178999712 -0.53622888247176503 0.57848444660735732
v 8628.5984995061699 5914.3765183753558 3061.8354949408376
vn 0.063608799077752326 0.36411937293075236 0.92917759493888019
v 9701.1024497453418 6039.3375454112775 3435.5535267818664
vn 0.56988460974062971 0.66062174731450585 -0.48868234933942445
v 9276.1968837862842 5982.5942777391774 3576.78870802237
vn 0.45254791422353119 -0.8183196751223798 0.35433500340713475
v 9586.0772524819513 6151.8871559910285 3268.99709438837
vn 0.77340668878734919 0.071544808337883223 -0.62985985277590439
v 9139.6154518296589 6089.6765283342984 3784.0320236022508
vn -0.79967141723823243 -0.35726294457220781 0.48258554981245783
v 9822.282385390261 5875.7719996966298 3228.6890403205653
vn -0.6111691467831003 0.61857726546530634 -0.49379595043892482
v 8880.5969275317548 5783.7291540992837 2978.3537130922396
vn 0.84399133646329227 -0.53350718335091807 -0.055215118290879668
v 9049.5204442031536 6007.6702813989286 3346.019726812116
vn -0.88385468793222133 -0.31478091132518543 -0.34599691976305441
v 8463.0295500841567 5408.9593790535146 2948.2054729633296
vn -0.53244249006647948 0.17798024085682632 -0.82754336964074149
v 9886.1148709702575 5916.9017702532319 3312.0628130566283
vn 0.80429333187850194 0.58576488456387976 0.099958672998608139
v 9045.7802092735565 6003.0186965857029 3437.4361874610786
vn -0.94743887643633207 -0.19282104486198154 -0.25530299660480754
v 9498.466017758612 6465.3978092316438 3677.6574915663741
vn -0.055373391698930519 0.68585016081928341 0.72563306456908372
v 9472.3254371236271 6438.9891705912305 3663.9312628542993
vn -0.015576413455539572 0.07641261680186523 0.99695460645776313
v 8810.922548592489 5759.3296070293327 2963.9050523179826
vn -0.44341026496307018 0.17967763195115419 -0.87812486896898978
v 9901.9231838862761 5812.4700641540658 3280.9083465892145
vn 0.50341104377252699 -0.46068736383624381 0.73098869608870642
v 8455.2725306923967 5331.5224298646644 3075.7357806802756
vn 0.8999692721371283 -0.37002177426565719 0.23051940434215637
v 9263.9266167938476 6040.1893761333877 4204.0312434162943
vn 0.37809579512432795 0.27248302534627161 0.88475791638585821
v 9276.3498316780988 6116.2650812334577 3968.8543366362055
vn 0.98700678949560083 -0.10273269286880599 0.12354590768419051
v 8959.2600069921773 6027.0317263235211 3089.5518234585115
vn 0.78651051825886042 0.56867649595444525 -0.24084901415026008
v 9189.893152110868 6065.3871527114443 3340.0657427729948
vn 0.51306408913278923 0.83321364251968943 -0.20620442856886601
v 9248.2193588169466 6058.9061984522996 3367.8340863792555
vn 0.37069314879035009 0.51886840252273414 -0.77030005212475572
v 9909.0024518646496 5890.094608155624 3214.7705502538429
vn 0.16340222840335775 0.95943799992812606 -0.22973557853918511
v 9248.4068032108225 6090.5891478240383 4233.0195685433691
vn 0.82029638061453602 0.26367653589403661 -0.50753180429369449
v 9905.2383145673139 5880.6538268297263 3297.9656821055592
vn 0.87927043880786304 0.27384008268018056 0.38973722500723451
v 8858.3119483413411 6018.6482634111553 2997.3778993517544
vn -0.6263159828376198 0.75711451937489593 -0.18575762216896161
v 9811.6943734368688 5848.3629552687935 3201.8890897327665
vn -0.82343424128203468 0.44951932572061259 -0.34624908099223273
v 8842.756943417402 5981.0194067741959 2964.9905202384998
vn -0.61064924508727736 0.76829751171045013 -0.1919021442659487
v 9137.4166992675 6073.8891647831842 3283.4647315650277
vn 0.47075285771620362 0.30575088291575747 -0.82759177409412576
v 9861.6046931703731 5730.440785849908 3173.5347190062294
vn -0.17574749485211813 -0.98396312286330234 0.030485913112492217
v 9284.1201442468428 5994.954443573155 4161.2206092969736
vn 0.8501266897771883 -0.51040243737930635 -0.12951433606262841
v 9237.0897676632449 6137.0586890812656 4063.2518038745379
vn 0.525331702312544 0.83947240039335136 -0.13897011017923722
v 9297.0479554644407 6286.8487324230591 3640.6401963445192
vn -0.966533903962845 0.22845082478087608 -0.11671517959237053
v 9166.5262526978513 6126.0572017747254 3951.8085586134898
vn -0.93514671243402958 0.35420657684932044 0.00619089173807963
v 9968.1731021564665 5874.9240339176631 3061.6930891933889
vn 0.32069322382004706 0.56388736130355621 -0.76104329703244733
v 8671.7693783596515 5785.535127614522 3187.0428668886375
vn -0.079858804522666541 0.3582450592149673 0.93020591746573777
v 9851.9957035345651 5870.1373573881265 3105.5816009438749
vn -0.70143983162535273 0.64565469094620331 -0.30184794627189293
v 9130.3091585101138 6115.0817561349395 3339.6770152592803
vn 0.61872594712349183 0.7397864239791111 -0.26437520544169207
v 9220.7810981696257 6034.1566867022266 3688.2531787728203
vn 0.84621810711595191 -0.50181564809811685 0.1791534831170252
v 9118.6685121716891 6068.7321918842044 3270.8951145207147
vn 0.71095321450030391 0.43160326079787992 -0.55521541050327694
v 9298.1805119826349 6167.1309677037025 3520.9279097828339
vn 0.083113494958682088 0.75049686351636757 -0.6556268792597264
v 8703.6568085928448 6127.7990025495692 3131.0765211716866
vn -0.58441399796867888 0.69085931475865847 0.42564502368694729
v 9202.2023705620886 5916.9183938091228 3340.1071530102445
vn 0.18833143295470758 -0.90433880009357703 -0.38301776199875609
v 9618.0462418105635 5897.0732212812591 3464.9418088035727
vn -0.083276633737350128 -0.95576022798193239 0.2821123692454835

# 6666 facets
# ------------------------------------------

f  863 1948 369
f  1883 1343 1643
f  2485 366 1659
f  312 2796 2045
f  885 541 2003
f  2550 3239 2538
f  87 1028 2830
f  743 690 2155
f  685 2400 2582
f  2922 1899 1583
f  1093 3253 479
f  368 2120 2142
f  1159 2572 1822
f  552 2482 2317
f  1765 542 15
f  955 2016 985
f  2419 1252 2110
f  2276 2103 2298
f  2686 3200 1295
f  2002 255 3060
f  2933 3032 1561
f  1457 3075 953
f  1924 917 2487
f  1806 459 324
f  2643 1832 1878
f  2357 1120 2397
f  1001 2310 918
f  403 1709 1745
f  652 746 3079
f  2986 616 2189
f  245 1005 2858
f  1415 2255 3138
f  2449 1440 3155
f  2983 2442 2726
f  426 1222 978
f  2487 1645 2598
f  21 217 639
f  2729 3129 2499
f  2109 2229 235
f  1435 2213 1537
f  3290 2288 1546
f  1969 2202 19
f  1520 1573 1776
f  3025 2067 1583
f  73 1267 1364
f  3189 3128 1932
f  1300 946 956
f  3113 1443 3179
f  371 1739 2458
f  2355 2089 1510
f  2872 1609 1613
f  2195 3147 1313
f  2484 57 144
f  2250 600 1686
f  421 1706 437
f  994 2905 2216
f  584 2778 999
f  246 926 2669
f  3156 967 2914
f  139 321 2816
f  186 2580 1158
f  2751 794 2483
f  1685 2739 2514
f  917 1530 770
f  2572 2493 1046
f  1746 113 638
f  2561 506 2384
f  462 154 3016
f  862 665 2439
f  3322 2524 1425
f  2455 483 3122
f  1598 2490 896
f  637 2484 144
f  201 3316 2569
f  2235 347 1257
f  3052 1009 1182
f  1520 1870 1494
f  783 1050 433
f  1470 545 944
f  1253 2415 347
f  1997 209 2294
f  2480 1379 2310
f  1889 301 1522
f  1510 2275 950
f  1713 2274 3083
f  1129 1363 2598
f  966 2215 96
f  1966 487 2937
f  3199 1293 3004
f  1293 3049 3004
f  2741 1327 81
f  333 3293 467
f  2646 2682 2391
f  1252 1974 188
f  2567 2121 1497
f  1432 582 2306
f  3119 1747 2134
f  3292 886 1728
f  104 202 716
f  1780 2486 2534
f  876 195 875
f  2001 215 205
f  2392 2145 1539
f  1878 2904 1321
f  2273 1380 2946
f  1504 271 574
f  2989 1946 215
f  413 2102 1985
f  2702 2041 2965
f  97 69 386
f  1176 909 1802
f  2794 2571 2113
f  33 112 2259
f  1357 1191 625
f  1976 625 1191
f  448 2841 2104
f  3045 553 2173
f  396 253 2515
f  2852 1342 898
f  2810 3146 2390
f  1401 2058 3204
f  3291 2651 1637
f  997 2526 2220
f  260 2003 2350
f  1837 1226 721
f  824 936 2799
f  1168 1813 2407
f  1972 1809 921
f  1458 3106 1664
f  356 2575 1841
f  448 1803 2313
f  1727 3271 59
f  188 257 1252
f  340 569 705
f  2125 2600 1334
f  874 1945 759
f  592 1757 1404
f  1632 2607 2095
f  1098 1830 2943
f  2475 2370 2531
f  1914 135 2938
f  83 2670 478
f  2338 167 710
f  1352 789 803
f  1442 522 2563
f  762 3212 976
f  519 704 416
f  1340 2122 1483
f  3271 1727 2166
f  529 64 278
f  1332 2308 162
f  3225 849 2316
f  2768 644 1219
f  1605 1022 73
f  2630 1952 2130
f  2965 1825 746
f  1505 1379 2492
f  1631 1944 2651
f  930 2313 53
f  2233 3114 2088
f  2086 2731 633
f  2617 1520 1776
f  1950 3120 322
f  3285 3175 2096
f  846 2107 3261
f  2248 280 1594
f  791 1761 1722
f  1463 2231 1511
f  110 3011 3318
f  2265 2369 641
f  1789 1472 1274
f  173 2427 1182
f  1545 358 1858
f  2007 1766 2359
f  2852 1286 2975
f  633 2172 609
f  793 256 1915
f  1062 412 180
f  1779 3262 1519
f  2046 1806 836
f  1792 2145 719
f  1489 1044 1636
f  2999 41 507
f  784 2738 2062
f  515 1784 787
f  486 2025 590
f  892 1994 3267
f  2043 969 3260
f  104 383 1783
f  1474 243 305
f  738 2561 805
f  685 2479 124
f  350 39 984
f  850 874 759
f  2138 2276 1277
f  1171 1145 2504
f  3287 1 871
f  1256 3236 55
f  2758 2972 2182
f  2518 3223 229
f  444 717 1079
f  1070 1424 2681
f  831 662 2606
f  1599 2267 1865
f  1026 2763 1149
f  3283 2422 2898
f  2820 2813 2871
f  1255 9 1073
f  932 1879 405
f  399 148 1063
f  1917 2759 843
f  484 1498 1874
f  151 758 1967
f  2357 2086 1640
f  1562 2995 2005
f  731 3253 523
f  2295 233 1250
f  218 2751 2817
f  2409 817 515
f  430 2742 30
f  308 307 759
f  2575 537 508
f  236 363 2374
f  3064 379 3145
f  2564 1541 171
f  1541 1378 171
f  2988 2976 2174
f  1133 2942 373
f  81 2869 2741
f  1432 1675 3208
f  3077 2878 1169
f  2620 352 2873
f  2637 3274 2442
f  196 314 2827
f  20 1220 3166
f  2948 1547 396
f  91 1454 1931
f  2305 841 2137
f  2592 2633 2713
f  709 3247 343
f  287 2223 2471
f  775 164 2251
f  2830 799 2346
f  1435 3330 3064
f  1952 2304 3209
f  3172 3036 2967
f  1352 1646 789
f  1615 1277 950
f  2996 745 2640
f  2448 2934 847
f  2402 1282 815
f  2663 2940 2392
f  799 1273 3240
f  2631 306 1533
f  2885 1778 2592
f  1534 1176 938
f  2032 2174 1949
f  1170 2610 2935
f  1545 1843 3242
f  154 462 2177
f  562 3251 1069
f  114 1550 2626
f  2343 165 479
f  1625 495 365
f  331 564 283
f  1749 3087 1437
f  822 2659 2707
f  186 1830 1098
f  2510 1826 79
f  123 2189 677
f  465 1208 2800
f  1587 3302 1668
f  1888 2344 1971
f  1295 2587 2686
f  530 19 2202
f  2998 2317 2864
f  1878 884 2643
f  1316 833 3067
f  3286 179 2519
f  3026 838 2281
f  1962 2756 2938
f  1770 1325 2156
f  2756 1236 2938
f  532 2743 185
f  1672 483 2584
f  2481 623 2947
f  1720 2877 2765
f  727 1661 2068
f  8 1838 3103
f  1606 1243 2459
f  2223 318 411
f  1652 1252 257
f  2755 2002 3060
f  2037 2794 1275
f  2621 2307 2361
f  1373 1916 1678
f  980 1217 1794
f  3040 1331 1130
f  2614 1139 1560
f  1507 1890 1299
f  1811 191 2631
f  1594 3320 3104
f  2231 1463 2152
f  3189 1984 3128
f  2888 2103 2969
f  1478 2581 2955
f  756 915 1986
f  3148 2594 2531
f  2785 3161 635
f  2238 323 1280
f  1570 1496 170
f  3308 3029 3257
f  1890 1507 1799
f  3031 476 1666
f  2535 779 795
f  86 1662 1342
f  2317 2482 2586
f  541 3224 1580
f  981 2149 1381
f  1120 1633 372
f  1158 3011 1747
f  2875 2197 47
f  1002 2997 2496
f  1593 2886 951
f  2628 2287 1843
f  572 2979 1483
f  2351 2689 1933
f  3034 2733 3303
f  2463 1245 1162
f  2976 1907 2624
f  3294 2734 927
f  2906 435 2100
f  547 998 2462
f  648 581 378
f  1998 2546 1820
f  3063 2626 1550
f  442 2894 2691
f  2329 2747 3029
f  1305 1125 703
f  2565 2460 37
f  1445 666 626
f  2632 2056 2772
f  1074 19 530
f  3081 2598 1363
f  2346 3240 3150
f  1363 2374 1958
f  3153 1823 3114
f  3239 2550 3166
f  1029 2629 2778
f  2727 1698 1282
f  3225 2198 88
f  722 2531 2594
f  1735 2934 2537
f  2043 3260 327
f  327 2422 2043
f  1215 1497 1982
f  54 3032 2576
f  173 91 2602
f  143 930 53
f  3281 2339 1582
f  628 701 1374
f  3236 2752 1327
f  3190 2129 60
f  2091 392 1300
f  337 138 2993
f  801 1639 1913
f  2861 297 116
f  843 2819 2787
f  2371 665 1058
f  2236 542 2944
f  936 1230 1457
f  2437 1661 2271
f  1517 219 3238
f  2852 2975 131
f  1488 298 1161
f  3321 283 564
f  1027 2439 665
f  3143 3028 2340
f  1291 2033 1292
f  2198 3225 12
f  2839 2227 675
f  189 1180 780
f  2601 26 860
f  567 1380 176
f  1572 3096 2851
f  833 2625 3067
f  2001 761 215
f  2426 446 1087
f  682 1487 1732
f  396 3196 2948
f  2272 1980 1557
f  2797 2085 1347
f  3240 2346 799
f  582 2078 2306
f  1173 1483 2183
f  996 1780 2534
f  269 2952 1997
f  2181 373 2942
f  1716 978 676
f  62 905 756
f  478 2670 289
f  1210 2293 3037
f  3325 1840 1655
f  2439 3315 3024
f  555 2831 2912
f  2783 3091 1627
f  1854 938 121
f  2743 2528 185
f  3175 1491 1483
f  2798 499 230
f  1877 1651 3141
f  2473 2565 1886
f  3090 463 3230
f  2314 3137 3100
f  1740 445 3216
f  2884 2745 2916
f  2885 2249 3299
f  499 1535 230
f  2109 425 231
f  273 420 2201
f  2312 2080 1675
f  3333 970 446
f  3149 2830 2184
f  557 3080 943
f  3193 1626 919
f  1612 2808 1132
f  1323 1925 1591
f  1733 2200 2353
f  3035 869 1936
f  1136 869 3035
f  2394 2903 1179
f  945 1008 2179
f  2620 1391 352
f  510 1028 635
f  2456 218 2817
f  3180 2944 542
f  2265 1248 2369
f  603 2944 2667
f  128 22 135
f  2733 3041 74
f  2456 319 2632
f  1438 1309 1867
f  1909 586 241
f  3017 769 1059
f  2110 1252 1652
f  2745 1725 2321
f  1617 3025 2348
f  3224 541 1828
f  3157 731 523
f  1624 1791 3249
f  1891 14 2727
f  209 2466 1073
f  597 1073 2466
f  1671 533 1829
f  2603 2430 2699
f  3095 2321 660
f  1478 2532 2221
f  907 2913 2180
f  2347 1087 1310
f  547 2462 2448
f  3112 1238 698
f  329 1923 3320
f  3309 3131 2461
f  164 1502 2216
f  3134 2404 205
f  168 2945 859
f  580 2902 2846
f  124 2224 1808
f  940 3247 589
f  1711 3033 450
f  1266 1176 1534
f  940 589 1772
f  2247 641 2369
f  2831 11 2912
f  1315 1617 1963
f  1676 602 1505
f  111 1041 3188
f  2964 3050 1332
f  1709 2078 582
f  1483 1173 3175
f  2970 2943 3027
f  2196 2930 256
f  1904 2102 3160
f  1336 661 3160
f  1941 3328 1085
f  913 655 43
f  3268 2377 1923
f  202 2550 716
f  805 2017 2425
f  2794 2113 1503
f  1034 672 1143
f  2906 2082 435
f  1833 3092 1328
f  1582 1143 1377
f  421 3255 524
f  524 2329 421
f  1738 2880 3321
f  2105 1170 1241
f  575 1867 2509
f  1015 2509 1866
f  689 3220 2401
f  3130 2717 886
f  883 588 3115
f  3028 2626 2340
f  464 2279 2573
f  3319 2795 802
f  2009 1414 3250
f  2004 3018 2604
f  314 196 761
f  2994 1034 1582
f  2806 2605 1887
f  365 456 2457
f  3219 1073 597
f  2711 2019 214
f  3056 2217 2543
f  1057 630 1524
f  2217 577 2543
f  3033 72 450
f  2360 949 346
f  1879 2013 405
f  1205 201 24
f  1706 2454 403
f  2384 1130 3133
f  1852 54 2668
f  3259 1935 1738
f  771 2826 1844
f  1543 1316 330
f  664 1275 3139
f  198 1166 1782
f  2003 2114 2350
f  2579 164 775
f  2371 1058 2245
f  2658 1224 2869
f  951 2886 3252
f  1575 2433 2193
f  2292 2291 1825
f  3005 1847 3044
f  2614 1779 2396
f  1429 3182 1484
f  2044 3235 2438
f  2077 3207 1893
f  2698 2603 1953
f  82 1554 2137
f  2683 315 334
f  27 53 1293
f  2450 967 484
f  3112 1841 1108
f  836 1806 656
f  3103 1838 2303
f  1656 240 2085
f  246 2714 926
f  1675 1432 2862
f  2081 2389 1930
f  2393 2035 1080
f  2531 722 3118
f  52 1020 442
f  1997 2952 2243
f  3309 3153 3114
f  1433 638 2955
f  1445 153 93
f  2995 522 2014
f  1123 423 1165
f  2611 1112 1375
f  2966 511 3132
f  2388 2364 237
f  2334 2011 782
f  2876 1773 972
f  1559 1737 299
f  3333 1507 1319
f  1349 2644 713
f  766 2889 1682
f  1644 3091 2783
f  2309 1251 2884
f  264 765 3087
f  857 681 549
f  3222 2333 825
f  973 470 3088
f  417 795 779
f  3275 2303 1533
f  53 266 143
f  2489 832 2507
f  465 2800 3159
f  68 2696 2621
f  2105 1324 1856
f  813 2203 1078
f  402 1874 3038
f  812 2045 1200
f  453 1203 2640
f  2494 525 2347
f  2395 1259 663
f  2031 1264 96
f  509 482 923
f  590 2776 2913
f  1196 418 3084
f  1945 308 759
f  1329 1158 1001
f  610 1687 322
f  191 1811 2311
f  3066 2264 599
f  3254 398 879
f  2041 2702 1591
f  201 1068 1413
f  473 636 485
f  273 2045 812
f  1582 304 2030
f  426 978 1716
f  1362 2755 3060
f  2227 2839 1576
f  3086 1121 1984
f  2577 850 1663
f  294 1663 850
f  3258 1119 933
f  1898 1089 8
f  8 3103 1898
f  2286 909 317
f  3010 1880 1879
f  694 877 155
f  1393 1053 2843
f  2307 311 449
f  458 1955 2286
f  1915 1450 842
f  3023 548 2710
f  1202 2710 548
f  1440 2539 2498
f  1704 1612 330
f  2544 1648 2807
f  1648 2198 2807
f  172 3057 498
f  786 2597 1776
f  347 1691 3312
f  295 3041 1249
f  1183 2567 1215
f  413 1832 2102
f  298 278 1569
f  1175 2363 2761
f  3243 699 612
f  3232 210 947
f  2591 100 2312
f  1175 774 2599
f  370 2049 1584
f  1614 1444 535
f  490 1092 2646
f  423 1123 302
f  1026 539 1018
f  918 1329 1001
f  2194 1431 736
f  420 283 2201
f  2236 2944 583
f  1331 1629 2675
f  1271 2864 864
f  2505 3296 68
f  644 1899 1219
f  1742 494 621
f  1790 2487 2598
f  3163 2758 2182
f  2190 982 883
f  2671 1375 2378
f  4 3180 538
f  179 3286 2323
f  3098 2500 2705
f  368 2142 563
f  1508 1769 473
f  156 2941 1300
f  392 156 1300
f  634 1741 1975
f  2765 870 2609
f  911 651 2197
f  150 3164 1650
f  616 1767 2189
f  1268 1386 2977
f  2916 2024 1504
f  3081 1958 363
f  1270 2284 1865
f  1187 367 260
f  2116 1109 3050
f  1109 2066 500
f  500 3050 1109
f  3295 342 2561
f  641 642 2265
f  693 670 1054
f  3138 2370 2475
f  1413 2006 201
f  2939 1112 2611
f  3074 565 20
f  1793 968 2901
f  2902 1526 2846
f  612 1756 1429
f  1953 943 3080
f  1501 3284 1393
f  2001 734 2139
f  1959 758 1239
f  1892 1491 3175
f  2237 25 1041
f  1800 581 2011
f  738 326 3258
f  2868 1480 1427
f  675 1929 2270
f  2381 1438 2983
f  1195 2812 464
f  641 2247 240
f  1451 1030 61
f  3083 2451 1713
f  1290 3168 2616
f  230 3252 2886
f  1889 1297 661
f  2953 1896 2957
f  454 2334 782
f  760 2156 2119
f  2101 961 1118
f  2491 1771 2919
f  41 3149 2184
f  3183 2682 2036
f  2930 713 256
f  2792 1358 1096
f  730 534 3065
f  237 849 839
f  839 2388 237
f  1062 2120 937
f  369 293 2376
f  576 588 883
f  1496 2220 170
f  1365 926 1775
f  2289 104 1951
f  2695 3 2135
f  1739 2675 2674
f  3223 466 229
f  1364 2645 73
f  1667 3331 2311
f  2789 1358 2900
f  1866 1309 2870
f  671 2119 1398
f  1680 948 2539
f  375 1575 3153
f  1479 1786 2892
f  388 2357 18
f  2786 2051 2850
f  1820 744 1998
f  954 1778 2100
f  1314 2222 1211
f  880 2654 576
f  377 1529 121
f  1590 1003 19
f  3198 1412 2583
f  3171 3155 2498
f  1448 14 1253
f  401 2153 58
f  1393 2843 464
f  889 2337 2354
f  89 2904 1878
f  165 25 1093
f  2493 2572 1159
f  149 1367 175
f  2915 1686 705
f  2214 2119 778
f  1921 2393 2262
f  2948 2170 734
f  866 1391 2620
f  2557 1348 2917
f  1697 1234 239
f  2831 555 2814
f  75 2768 2167
f  2270 1929 2141
f  2687 2070 2141
f  2089 2923 3170
f  2314 2204 1690
f  490 2646 2391
f  2129 208 60
f  2170 2139 734
f  2268 2083 2523
f  2166 1021 3293
f  2613 2639 1106
f  146 2142 180
f  2281 1124 1138
f  2787 2819 3290
f  402 206 1874
f  844 206 402
f  1338 357 554
f  1916 1731 1678
f  1962 1903 2639
f  786 1776 1573
f  1087 3163 2182
f  2212 178 469
f  184 1581 424
f  3255 354 7
f  2983 2637 2442
f  1394 2995 1562
f  1399 673 1511
f  1067 975 3022
f  763 512 2831
f  132 2821 518
f  1453 2060 831
f  980 3057 1217
f  2370 32 1730
f  2461 1600 1601
f  730 873 2650
f  248 2475 2531
f  663 1322 463
f  1478 2221 1853
f  3208 582 1432
f  2172 1596 1061
f  112 1358 2792
f  1378 2799 2301
f  287 188 1974
f  213 691 773
f  1639 2809 1913
f  2638 2381 2574
f  1968 3297 1862
f  293 369 1223
f  90 1988 1839
f  242 975 373
f  558 1113 1088
f  3211 3071 1126
f  2244 1798 2508
f  142 376 1946
f  1429 2952 269
f  2222 2068 649
f  1626 2423 3009
f  413 1985 1355
f  503 1921 1060
f  876 1056 2228
f  3295 100 2591
f  1884 3130 3292
f  1750 76 2099
f  1185 1292 2033
f  1460 1014 2578
f  2305 399 117
f  676 2571 1553
f  943 2871 557
f  389 290 291
f  3124 2903 724
f  1417 1836 1896
f  2778 1061 1596
f  1374 64 1726
f  468 1868 197
f  1405 1943 2705
f  1766 2007 1939
f  2329 3029 2588
f  3181 204 1528
f  1468 1140 1766
f  1972 2899 2417
f  1440 2449 1773
f  2595 2460 605
f  1182 126 1188
f  20 1657 2278
f  2967 136 391
f  1564 276 420
f  462 2131 2690
f  1379 918 2310
f  401 3132 511
f  3123 2603 2699
f  3007 1666 2484
f  2441 1793 2901
f  527 2431 2047
f  466 2328 229
f  2254 2820 2871
f  204 3181 2378
f  853 2570 1728
f  429 1051 414
f  883 766 576
f  2458 2061 371
f  2093 977 156
f  959 895 1723
f  1789 1015 1472
f  2153 2714 246
f  881 3083 478
f  1442 342 301
f  2160 433 2680
f  2215 385 96
f  1396 1294 1750
f  1406 1812 3184
f  2978 341 1983
f  622 2271 2143
f  3213 1140 3001
f  828 3221 2285
f  66 945 903
f  209 1073 9
f  1314 1467 2222
f  1592 9 125
f  1536 1477 703
f  1645 3085 2598
f  1226 1837 604
f  1013 2773 795
f  2319 681 627
f  640 2843 1053
f  2362 615 3328
f  2217 3056 631
f  1150 2556 1378
f  1581 184 1980
f  2627 1361 2327
f  3113 528 1443
f  827 322 3120
f  2860 2857 3265
f  2190 1178 225
f  3065 2760 1
f  552 1887 1834
f  2633 2057 1192
f  699 1772 1756
f  2535 2188 263
f  263 2683 2535
f  2143 2271 137
f  338 2867 1042
f  205 215 1946
f  1920 2067 2838
f  381 1353 2748
f  609 631 3056
f  2582 2410 685
f  673 1399 1616
f  1218 3071 1113
f  321 1923 2027
f  2387 1737 1559
f  2204 1846 1690
f  2684 1620 304
f  543 2225 1261
f  162 3326 678
f  3213 3001 1357
f  2326 1317 2164
f  1006 1846 360
f  2246 3152 1656
f  779 334 417
f  531 2726 628
f  2925 2901 2037
f  1456 742 1940
f  2606 2783 634
f  3 1991 2135
f  1426 2767 1383
f  1815 2749 66
f  3180 3179 538
f  1091 2947 2094
f  1583 644 3025
f  3263 2397 879
f  1606 6 854
f  81 2752 1994
f  3316 2621 24
f  2354 1416 521
f  3218 1108 1925
f  3031 176 2521
f  1553 2794 2037
f  2279 3285 2656
f  1312 193 2209
f  125 1255 1484
f  1924 436 2887
f  602 1329 918
f  2244 1956 2746
f  2741 601 2854
f  2161 395 410
f  1403 29 3273
f  283 1531 331
f  654 2566 2400
f  803 1780 996
f  2710 1783 3023
f  1092 490 1394
f  1727 59 6
f  1414 2344 1888
f  3280 2474 100
f  1708 3140 1084
f  723 507 1884
f  127 1206 3299
f  313 41 2184
f  914 1040 2833
f  3048 3049 1293
f  383 1678 1783
f  1334 2600 1469
f  2393 831 2262
f  3059 226 381
f  346 1184 2360
f  474 1570 2860
f  1833 2342 2960
f  1741 1453 1975
f  1855 772 902
f  395 3327 1711
f  2441 3270 607
f  894 1198 393
f  854 59 1734
f  826 625 1119
f  1397 1556 1723
f  161 486 1683
f  1524 1537 23
f  548 1863 1202
f  2482 1202 1863
f  2777 1389 981
f  375 2447 2692
f  142 1946 2545
f  2712 934 2470
f  2791 439 1735
f  1782 1166 1910
f  3228 1288 1384
f  1721 2115 115
f  606 3108 222
f  1692 2214 1055
f  607 1239 2441
f  1207 1911 2090
f  952 2302 1341
f  735 2689 2351
f  2074 2810 2072
f  642 641 1023
f  2927 2902 580
f  2167 1219 303
f  1543 330 1742
f  534 1352 2760
f  1257 2044 2696
f  2750 3189 916
f  2037 1075 3287
f  101 341 3298
f  2666 1494 1653
f  1402 2973 285
f  696 3308 3257
f  1228 1416 376
f  3237 1705 1759
f  357 965 2407
f  220 2891 2728
f  438 2511 129
f  1470 944 384
f  1203 2996 2640
f  2093 392 2091
f  248 3118 1386
f  843 1755 2819
f  2264 1097 977
f  2065 2730 366
f  1414 873 730
f  217 1702 637
f  279 2524 3322
f  2708 197 3008
f  174 1462 2551
f  1507 3333 446
f  3175 3285 1682
f  2273 2147 1184
f  188 287 2482
f  650 211 894
f  3063 1550 223
f  3035 1262 2849
f  1400 891 769
f  1287 2178 2589
f  320 2944 4
f  312 242 2796
f  1068 1831 49
f  1479 2892 2028
f  1296 1984 3189
f  2333 3222 1198
f  2942 2 129
f  1799 1990 1890
f  1752 130 3222
f  1134 512 1464
f  1117 3066 2921
f  2994 1431 672
f  25 2237 1093
f  1135 2552 3009
f  2045 2796 1200
f  3280 100 2256
f  310 1176 1266
f  2700 550 3184
f  19 1003 1969
f  900 3139 1275
f  1154 2756 2818
f  376 142 686
f  1766 1140 3213
f  1972 2417 1809
f  1652 257 548
f  3089 970 441
f  2740 2165 853
f  904 253 818
f  2722 1090 1403
f  105 254 169
f  2142 146 563
f  146 1052 563
f  1598 2690 2131
f  3084 2685 3136
f  759 307 2473
f  1443 2848 2336
f  3126 1986 2651
f  25 2472 3188
f  2548 2981 2774
f  3110 868 2197
f  2735 2272 2436
f  1232 601 363
f  292 462 2690
f  1307 1796 2666
f  1105 1772 629
f  2467 2089 1258
f  950 1277 1510
f  2119 1231 1398
f  782 540 454
f  1632 1047 2607
f  1103 2661 987
f  1777 147 974
f  927 1906 147
f  1373 1861 3004
f  2393 1578 831
f  1134 2066 1109
f  269 1997 2294
f  397 2729 2499
f  1493 1740 3216
f  2557 1177 2097
f  1598 1343 2690
f  493 651 2260
f  2840 707 2051
f  1856 2610 2105
f  162 449 311
f  1133 385 2215
f  2145 1792 680
f  1016 2076 1560
f  1543 3043 833
f  824 2799 1378
f  2264 2093 2091
f  2364 688 237
f  836 656 128
f  223 1550 114
f  39 3149 711
f  1274 1472 840
f  557 559 3080
f  2355 2923 2089
f  2594 1412 2560
f  2896 1869 651
f  596 419 1864
f  2753 1043 1031
f  499 1826 1535
f  2600 2125 1451
f  2202 761 530
f  2848 291 290
f  2203 1734 800
f  1836 1093 2237
f  2561 342 1423
f  2419 2110 1054
f  1036 1230 824
f  1524 1037 1057
f  2024 271 1504
f  420 276 1045
f  276 2129 1045
f  1549 1703 710
f  1628 1606 2608
f  2694 215 1000
f  2281 591 3268
f  2452 1007 2314
f  1065 2612 1368
f  2174 2428 1439
f  2154 1529 1235
f  2839 715 3137
f  2446 829 1366
f  2468 1290 1900
f  2429 719 695
f  279 968 1153
f  116 1111 3290
f  116 3290 2819
f  1979 2377 2780
f  1613 1967 2872
f  3131 3114 8
f  3202 1739 80
f  3024 1116 2439
f  98 1381 2034
f  3298 2773 1824
f  2589 2178 367
f  762 409 2504
f  916 2803 2750
f  555 1810 815
f  738 506 2561
f  2983 2726 531
f  2014 522 1442
f  3204 3142 1401
f  2157 2340 200
f  1231 973 3088
f  2174 2976 912
f  1184 3046 2411
f  508 2326 2164
f  900 2222 408
f  2380 2868 2372
f  2970 1141 2943
f  870 2877 1855
f  1109 3069 1163
f  2901 2925 3270
f  743 1503 2113
f  962 1931 1454
f  3184 1812 2700
f  2685 2615 573
f  2706 2780 1908
f  2651 1986 1330
f  3289 224 692
f  2323 1004 179
f  1264 696 1987
f  1479 2028 2027
f  138 2292 2993
f  2334 1004 2323
f  1839 533 1671
f  2102 1832 2643
f  923 2793 509
f  310 2681 1424
f  2427 2549 2304
f  604 3073 1226
f  1877 3141 2631
f  2236 3019 2583
f  2917 1348 1669
f  3049 987 198
f  1767 3201 881
f  3300 1623 2232
f  2657 776 840
f  1119 1320 933
f  1405 2375 149
f  850 2473 294
f  387 1886 37
f  2423 1798 2691
f  2679 145 2622
f  1024 3097 2826
f  1321 2904 89
f  1117 2071 922
f  3109 2092 1077
f  119 2254 3123
f  2398 2094 3314
f  995 1287 2082
f  1894 3327 1895
f  3156 2914 1147
f  540 782 2011
f  2960 1928 1192
f  2057 1102 1192
f  977 67 156
f  979 2056 2632
f  3000 58 2153
f  636 473 1821
f  2431 2067 3304
f  3316 2006 1999
f  2935 3185 451
f  844 908 277
f  3002 1456 32
f  2602 931 261
f  3107 2623 2928
f  717 2982 278
f  3201 2451 881
f  1508 2495 1105
f  816 1620 2684
f  606 222 163
f  3031 222 3108
f  2071 128 1621
f  448 2104 101
f  872 1636 561
f  852 2332 181
f  2973 1402 65
f  1542 2956 1862
f  1846 3058 3042
f  2882 2074 275
f  3226 1770 2156
f  1115 1117 922
f  1355 2180 2322
f  310 1011 2681
f  2557 2917 1177
f  84 208 2775
f  316 2038 1240
f  1219 2167 2768
f  1734 2203 854
f  332 75 128
f  2574 1338 554
f  2622 457 668
f  2139 761 2001
f  3075 1726 452
f  617 3205 77
f  2698 1953 250
f  1019 3236 751
f  1146 2779 1025
f  63 2636 1567
f  1459 1804 2165
f  652 118 746
f  774 1175 697
f  1493 517 364
f  1114 3018 2151
f  991 1585 2742
f  1761 1654 570
f  2528 718 2030
f  3227 3325 3226
f  2358 1729 3241
f  1510 1277 2355
f  1155 1304 2159
f  359 501 2199
f  2875 47 578
f  568 2842 2655
f  967 2450 34
f  785 139 2816
f  789 3228 1384
f  1558 2765 2609
f  2146 2155 1930
f  3108 1369 476
f  2160 487 783
f  2606 2581 2783
f  3213 2359 1766
f  2683 1576 315
f  1283 860 752
f  1361 300 454
f  1741 1627 2130
f  1796 1307 2855
f  818 253 846
f  743 2146 1503
f  704 2705 2980
f  1120 2357 2543
f  2784 2122 1340
f  1945 2652 3090
f  1224 2382 2836
f  3003 1922 2194
f  1056 876 875
f  2727 14 1448
f  2777 2023 1291
f  279 3322 1075
f  2329 524 2747
f  3173 3003 2194
f  1863 548 257
f  2458 309 2061
f  1689 1224 2658
f  2282 1578 292
f  267 757 2927
f  420 1045 1531
f  284 1808 2224
f  1181 3043 1475
f  2070 2452 1006
f  3277 2234 1276
f  2101 1118 944
f  1544 2420 2383
f  1951 281 2289
f  2125 2140 1451
f  128 656 324
f  1571 2239 3233
f  3291 825 2333
f  742 2440 1388
f  326 907 2063
f  1769 1724 3015
f  1096 3329 1007
f  240 1023 641
f  1725 959 195
f  3027 2943 3332
f  1444 1344 2309
f  941 1643 2296
f  3097 26 2881
f  2984 2168 1642
f  2146 3192 1503
f  319 2920 2373
f  3135 2858 741
f  100 2474 2080
f  3208 1675 2474
f  2824 1848 2593
f  2135 2615 423
f  3291 2333 1631
f  680 1539 2145
f  2363 3098 2761
f  2207 683 3094
f  1324 3276 1856
f  2007 38 2306
f  477 3084 1518
f  2112 1150 440
f  3132 189 780
f  1421 3292 2385
f  997 765 2085
f  951 843 2759
f  1539 325 2392
f  971 1481 1035
f  1100 1071 2641
f  3258 2414 506
f  1604 3288 739
f  1179 1519 549
f  3190 1045 2129
f  963 282 28
f  285 2387 1402
f  1610 3224 1818
f  885 1008 541
f  2677 115 2300
f  1658 1236 1154
f  1285 1283 2117
f  2503 2454 1458
f  702 2529 2820
f  727 2068 2222
f  1445 626 187
f  1461 2304 1952
f  3077 2033 2023
f  2390 2018 725
f  1703 1700 710
f  3281 1618 390
f  3008 456 365
f  1127 389 291
f  3331 1077 3233
f  2020 2872 2260
f  2654 2369 1248
f  1254 2959 1169
f  1504 2253 2916
f  1099 2544 2052
f  2791 2879 2732
f  954 2057 2633
f  2822 3130 912
f  1300 349 2091
f  2786 1498 2840
f  2857 170 2220
f  1850 3214 2019
f  2873 352 2929
f  2726 2442 3274
f  1694 1064 1901
f  2956 496 2386
f  2760 3065 534
f  1020 846 2894
f  2880 1879 932
f  3148 528 3113
f  2574 554 2638
f  674 2991 5
f  1260 1831 445
f  572 2717 2822
f  1626 1859 919
f  234 1563 3226
f  2256 100 3295
f  3279 1406 3184
f  171 2328 466
f  325 1539 2349
f  2335 2842 749
f  175 1367 498
f  2714 401 511
f  711 1087 441
f  262 3282 2850
f  1672 712 77
f  1965 2282 292
f  565 3074 1558
f  2331 733 923
f  3144 1962 2639
f  433 3096 3094
f  3041 2961 2320
f  849 237 1265
f  1452 646 1490
f  728 1138 1124
f  1367 172 498
f  2827 3206 1603
f  2420 2463 2837
f  2199 1372 359
f  2136 130 1752
f  570 1722 1761
f  2777 1696 1389
f  1610 1933 1580
f  2088 1823 1428
f  1197 1216 2844
f  17 2409 1076
f  745 1092 1562
f  2821 3091 518
f  2826 3097 2328
f  658 1829 1094
f  1263 1658 1154
f  3151 1950 924
f  2756 1154 1236
f  2103 2888 2298
f  1206 2218 3299
f  2294 209 9
f  2559 937 2958
f  2112 771 2556
f  487 1966 1801
f  2809 2928 2623
f  463 1322 3230
f  358 2056 1858
f  2054 929 223
f  200 2934 10
f  1421 723 1884
f  1556 2039 1900
f  368 563 286
f  2289 2477 1800
f  107 865 1341
f  2248 1499 2817
f  2120 1764 1438
f  1949 3161 2150
f  2052 674 520
f  388 2086 2357
f  818 3206 1513
f  349 956 194
f  326 2063 514
f  441 984 39
f  2581 808 2263
f  1601 1284 669
f  1005 1868 2547
f  2636 2619 520
f  268 1799 1507
f  3330 559 557
f  1913 2972 801
f  1983 341 1193
f  1065 2963 2433
f  468 2973 2496
f  3119 1158 1747
f  320 538 1977
f  320 1977 1571
f  3066 1649 2264
f  1355 1985 3039
f  91 3228 1454
f  2038 2272 1240
f  3252 1755 951
f  3012 45 3020
f  1142 1279 1526
f  1923 2377 1979
f  1123 1753 2593
f  1968 303 1219
f  2626 2148 2340
f  3282 3038 2850
f  3115 50 2190
f  736 2994 882
f  2771 2412 2523
f  627 2868 1427
f  2327 1967 2627
f  1868 2997 2547
f  3174 1698 3215
f  1387 733 2048
f  3173 3028 3003
f  2321 1725 195
f  1318 2187 2713
f  1668 1552 544
f  1664 1223 2703
f  1683 486 590
f  494 1742 330
f  792 2769 1570
f  167 1549 710
f  872 259 3281
f  2073 887 3237
f  975 242 312
f  1471 673 1616
f  281 1465 2289
f  2011 1057 1037
f  1872 2611 2050
f  2980 3098 560
f  3276 1726 3075
f  943 1660 2254
f  1438 1867 937
f  1373 3301 1916
f  2484 842 1450
f  639 3005 21
f  1803 448 178
f  415 2211 1943
f  2589 367 2082
f  2502 1988 1692
f  428 324 2723
f  1657 20 202
f  2227 1244 1072
f  1578 2895 292
f  223 2716 390
f  1879 2880 3010
f  613 2789 2900
f  1818 3224 1828
f  1775 750 103
f  2233 1838 3114
f  2716 882 2994
f  1475 1543 1742
f  723 598 507
f  1797 2601 1419
f  2572 1046 152
f  2453 1332 678
f  212 2198 1648
f  1630 2701 1936
f  1543 1475 3043
f  2817 2751 2568
f  3084 2572 152
f  1447 3098 2098
f  2652 1945 1194
f  1050 2835 433
f  2276 2138 338
f  1114 255 2002
f  2833 1040 3297
f  2797 1347 2654
f  2888 2969 1876
f  2129 2299 2936
f  2129 2936 208
f  2769 2967 391
f  568 2128 2682
f  2960 1192 1031
f  958 888 1144
f  888 1821 1144
f  2193 2433 1428
f  2950 546 159
f  321 3104 3320
f  1272 71 186
f  2427 1461 3052
f  14 1891 2415
f  1565 340 1544
f  1667 1077 3331
f  412 1062 1849
f  1702 567 3007
f  1841 2575 3154
f  2646 2996 2682
f  315 3070 334
f  1128 353 411
f  1094 533 804
f  872 561 259
f  3000 361 58
f  2246 284 2679
f  2472 2343 867
f  2661 1292 1185
f  1086 1684 2997
f  1612 2106 2808
f  2415 1253 14
f  2197 651 493
f  1536 2985 2207
f  2270 2141 1875
f  3231 2602 261
f  1753 459 1806
f  460 2316 849
f  1088 1113 587
f  544 931 2697
f  3030 569 340
f  198 987 2661
f  624 1602 3289
f  1495 828 210
f  6 353 1727
f  3144 1441 2756
f  910 3203 1486
f  1828 541 2230
f  3014 56 551
f  3005 3044 2719
f  1110 1475 3288
f  1549 2098 1204
f  281 2710 1202
f  2195 336 3147
f  1614 535 2009
f  2029 1639 2385
f  2729 1339 3129
f  1042 2969 2103
f  1034 1143 1582
f  2560 243 837
f  580 2846 166
f  2341 254 2856
f  1838 1070 2303
f  3049 1782 3301
f  1510 669 2275
f  1804 2042 2542
f  1999 2505 68
f  1942 2245 1058
f  73 1019 1605
f  842 2484 1666
f  845 1851 2899
f  3297 2838 2833
f  2745 2024 2916
f  1935 1787 3190
f  720 2788 819
f  3217 2410 1446
f  1820 3044 1847
f  2832 2762 2630
f  313 2184 2346
f  3259 1738 564
f  1156 472 1633
f  2961 3041 2733
f  562 1069 1247
f  1015 2196 1472
f  631 609 1514
f  271 2024 2321
f  1451 1840 804
f  2217 2285 577
f  1733 687 2676
f  1130 1331 3133
f  72 3033 1894
f  2046 836 1025
f  1232 2118 601
f  2287 3242 1843
f  715 3068 3058
f  247 2578 1014
f  1107 1029 2778
f  108 529 1488
f  3254 2397 670
f  546 2547 1684
f  2269 654 623
f  2358 2519 2064
f  1469 2502 1334
f  1258 2123 2467
f  2056 1434 1858
f  2074 2848 2049
f  638 2084 2955
f  359 1372 659
f  3078 1043 2753
f  589 3165 40
f  1290 2468 102
f  3170 1208 465
f  2616 875 1723
f  1556 1222 2039
f  1236 1914 2938
f  2440 2800 1208
f  686 2553 1242
f  491 786 2963
f  356 1066 1317
f  1012 3272 2970
f  281 1834 648
f  1871 1466 362
f  1998 2562 2493
f  2462 2837 2879
f  797 1544 705
f  2963 2283 2433
f  2659 1029 1107
f  2987 543 1111
f  2778 584 1107
f  575 516 2559
f  2701 1262 3035
f  3038 1874 122
f  897 1345 1183
f  565 2609 2069
f  735 66 903
f  920 46 157
f  3287 48 1973
f  1322 2671 3230
f  2671 3181 3230
f  817 622 2143
f  2807 502 2544
f  2634 1280 323
f  344 1302 639
f  3012 1948 863
f  1619 2022 1659
f  967 594 2914
f  2008 90 1671
f  1099 212 2544
f  262 521 1416
f  814 2241 2211
f  1608 3325 3227
f  1567 1755 63
f  1164 2851 1641
f  1188 1288 3228
f  2418 1104 700
f  2493 1233 1046
f  599 2921 3066
f  2430 2151 3018
f  1516 174 2551
f  1926 2932 1760
f  2211 3098 2497
f  3214 696 1264
f  2523 1418 346
f  2742 1585 390
f  1849 1062 1371
f  960 2416 667
f  1328 2449 1833
f  119 2820 2254
f  112 33 2900
f  1390 3303 31
f  516 2444 1995
f  1542 496 2956
f  1903 75 303
f  2782 1214 1078
f  742 1388 1940
f  1432 2306 2862
f  1052 2601 286
f  1675 2080 2474
f  851 664 3139
f  1312 3027 3332
f  3121 562 1247
f  1305 2835 1050
f  3051 467 2793
f  445 802 3204
f  10 2934 1411
f  1351 168 859
f  1174 1971 2766
f  3188 1216 111
f  3239 2069 1301
f  1541 650 1036
f  1455 1429 1756
f  2991 460 1265
f  1368 1792 719
f  869 1133 373
f  1687 610 183
f  895 959 1225
f  158 1361 454
f  1216 3188 3187
f  2859 1977 725
f  1529 1774 1235
f  2499 1479 84
f  2664 341 2978
f  3123 2699 1387
f  884 1869 2896
f  911 884 2896
f  2128 2391 2682
f  227 1642 791
f  3038 122 2850
f  1005 197 1868
f  172 1217 3057
f  1777 974 3076
f  330 1316 1704
f  1318 2949 65
f  781 1029 822
f  2702 118 1591
f  141 1028 87
f  1070 1838 1395
f  1214 2512 1078
f  175 1560 149
f  914 2067 2846
f  2604 1960 2059
f  532 366 2730
f  2149 2209 2034
f  560 416 2980
f  1805 2231 3305
f  412 1849 2518
f  3047 2520 31
f  727 1213 1476
f  2342 2449 3155
f  932 348 3321
f  3211 1126 2242
f  1476 1661 727
f  894 393 2330
f  3128 1121 877
f  1579 2480 2310
f  649 1842 3178
f  871 1716 676
f  2459 1961 2998
f  363 1958 2374
f  121 1529 2154
f  2826 771 2911
f  939 2651 1944
f  2076 415 1560
f  846 3261 95
f  1807 2508 1209
f  643 1016 260
f  1606 1628 6
f  1556 1397 1222
f  1162 3093 2463
f  533 1839 61
f  11 2962 2912
f  3154 1108 1841
f  943 1953 1660
f  942 481 1720
f  3057 980 856
f  2672 1625 1179
f  450 335 1711
f  1556 1290 2616
f  1567 5 595
f  650 1938 2015
f  1341 465 3159
f  785 2817 1743
f  2518 1849 3223
f  1957 532 2730
f  2004 2699 2430
f  1283 2911 1996
f  2581 2606 808
f  1680 35 2730
f  2494 2062 525
f  570 94 1547
f  2855 1520 1796
f  3155 2022 159
f  458 380 1955
f  851 3139 1467
f  2015 689 2401
f  1429 1303 1768
f  2020 651 1869
f  3124 2396 1779
f  1225 1397 895
f  1995 915 905
f  2709 2019 2031
f  1190 418 2338
f  2794 1213 900
f  319 106 2712
f  1668 544 1587
f  2437 2271 622
f  989 944 545
f  1091 2596 2152
f  1240 2272 1557
f  1736 146 180
f  951 2759 1593
f  1917 876 2759
f  543 2288 1111
f  3276 3075 2192
f  3008 1385 471
f  2660 667 2655
f  1958 3081 1363
f  1993 3079 2291
f  1564 1744 921
f  491 1065 1368
f  3229 351 1067
f  3279 1461 2630
f  1088 1374 558
f  2788 92 819
f  2898 2422 2802
f  2286 3315 1027
f  1613 1609 1486
f  2477 378 581
f  1912 1172 523
f  1735 2540 2551
f  414 791 1350
f  2175 740 1308
f  2114 903 945
f  1151 903 2114
f  158 2975 1286
f  1444 873 535
f  2842 2665 2660
f  794 729 1473
f  2390 2072 2810
f  620 1165 1046
f  1233 1315 2240
f  2181 2511 242
f  3299 995 2082
f  2962 11 1163
f  1877 2239 1571
f  1797 368 286
f  1575 375 2612
f  1769 1508 1105
f  1474 1238 3112
f  1271 2459 2864
f  1013 417 3272
f  89 2435 536
f  1803 2212 1408
f  1793 244 968
f  2130 3209 2060
f  1216 586 659
f  2079 3173 2194
f  139 785 3104
f  3250 1888 1873
f  1330 70 776
f  3214 1264 2031
f  1213 727 2222
f  1877 2859 835
f  895 1397 1723
f  1723 875 959
f  440 1996 806
f  2220 2526 2857
f  272 252 638
f  1489 1680 2539
f  1457 2192 3075
f  475 1327 2854
f  375 680 2612
f  2259 112 1947
f  1318 2713 2949
f  2723 1315 1963
f  1234 2841 239
f  2119 2214 1231
f  1916 1782 2974
f  2940 695 2392
f  2463 3093 2837
f  2319 182 495
f  3185 1856 2192
f  2211 415 2076
f  1177 1445 2097
f  1741 634 1627
f  1968 2558 1160
f  2773 2535 795
f  576 2812 1195
f  38 2007 2856
f  2659 1604 739
f  1640 2543 2357
f  407 1512 2432
f  771 1844 2556
f  3101 3273 1871
f  1702 3007 637
f  1215 3019 2236
f  1074 2948 3196
f  2029 1132 1639
f  2959 807 1169
f  468 182 2258
f  3288 2971 231
f  2990 3062 17
f  537 2575 356
f  1325 1563 1334
f  1182 2427 3052
f  757 740 1142
f  2803 984 970
f  2643 2951 578
f  24 274 1205
f  3006 3277 2512
f  2206 924 50
f  1226 3073 427
f  1040 914 1526
f  2891 2267 2728
f  1004 2334 36
f  540 2642 131
f  2573 2656 1501
f  2404 734 205
f  3328 615 747
f  451 393 2136
f  1973 48 1075
f  1656 264 2246
f  74 2767 3047
f  1339 2729 3116
f  989 1460 2578
f  1259 2652 2529
f  2338 1700 1190
f  808 272 2263
f  426 2039 1222
f  2407 1813 357
f  1114 2002 1960
f  672 69 2507
f  861 258 3197
f  520 2619 653
f  3071 440 1126
f  2836 601 2869
f  1443 2336 3179
f  2086 609 1640
f  517 1493 1071
f  1881 2686 80
f  1017 1180 189
f  300 36 454
f  2424 1379 2480
f  1396 99 1294
f  2527 1858 3116
f  1665 665 2371
f  54 1902 1693
f  1609 2872 2020
f  1781 3036 1805
f  75 22 128
f  170 2860 1570
f  1816 2501 480
f  1387 2048 3123
f  3066 1117 1081
f  787 1425 1076
f  409 3183 3059
f  83 2704 2670
f  1461 2427 2304
f  1750 404 76
f  1678 383 1861
f  1386 1323 2977
f  787 1784 1888
f  2295 942 3311
f  1441 2818 2756
f  793 2196 256
f  1902 2576 2933
f  182 627 1427
f  3281 259 174
f  1873 2026 3250
f  428 644 2768
f  1203 3110 3183
f  2278 249 1524
f  418 167 2338
f  3032 2255 1415
f  1435 3064 2213
f  2956 1010 303
f  44 1418 2083
f  2243 2883 1997
f  928 3021 998
f  70 915 2443
f  3247 748 343
f  2926 2802 2422
f  927 147 497
f  566 85 3176
f  2793 923 733
f  2331 2048 733
f  2543 577 1981
f  1939 1468 1766
f  646 1452 2123
f  3125 1063 2517
f  816 185 2528
f  686 142 1989
f  340 2087 3030
f  1955 380 1307
f  382 2399 2176
f  2692 1490 1539
f  1393 2573 1501
f  2644 2638 554
f  2134 1895 233
f  2435 2010 2322
f  620 1046 1233
f  1925 1108 3154
f  1313 3012 2257
f  2032 2226 504
f  2162 3306 1701
f  2285 2217 828
f  2450 206 34
f  2577 1788 3145
f  1153 244 151
f  1165 423 2615
f  249 1289 1800
f  2091 1586 855
f  1376 3234 247
f  2448 2462 2934
f  2693 1400 1062
f  2599 1708 519
f  1959 2627 1967
f  1959 2368 2108
f  2821 79 1826
f  2894 95 1515
f  1052 2881 26
f  1669 1348 713
f  453 1677 578
f  2467 2461 1601
f  337 431 2268
f  806 2911 2112
f  2262 2060 123
f  1045 331 1531
f  2224 145 284
f  2021 358 1545
f  995 1221 643
f  857 549 856
f  2332 3325 181
f  1103 1577 1291
f  501 18 398
f  3291 1669 3256
f  1695 361 3000
f  2330 650 894
f  1968 1862 2956
f  615 2234 1362
f  702 2820 119
f  2245 1599 1865
f  621 3288 1742
f  1671 406 2008
f  1802 820 2158
f  321 139 3104
f  1099 653 2607
f  226 1286 1353
f  854 16 2132
f  308 1945 3090
f  94 2107 846
f  1582 2339 2994
f  1933 1819 1817
f  1675 2862 254
f  3245 3037 2770
f  982 2190 1525
f  1664 2503 1458
f  627 681 857
f  1395 909 2356
f  1752 1673 1170
f  171 1844 2328
f  2037 1275 2925
f  2420 928 2383
f  941 292 2690
f  1995 905 1059
f  2416 2776 2025
f  2698 250 492
f  134 1229 1622
f  2855 1573 1520
f  1254 693 2959
f  1788 3064 3145
f  1700 1821 750
f  750 1190 1700
f  1135 2691 1515
f  1715 1138 2924
f  412 1736 180
f  189 1998 1017
f  1310 1087 2182
f  2733 3047 3303
f  181 3325 1608
f  885 367 2178
f  3021 2462 998
f  330 1612 1132
f  41 313 1884
f  1988 1469 1839
f  906 2670 2704
f  3289 949 2360
f  2595 605 942
f  1251 2309 1344
f  2999 507 598
f  114 882 223
f  342 3295 2591
f  1427 190 455
f  1937 2728 1588
f  2190 183 1178
f  2737 2295 3311
f  1565 547 2448
f  389 2517 290
f  834 750 2966
f  1071 2525 274
f  3327 395 1250
f  3213 826 2359
f  1970 1039 2373
f  2571 690 2113
f  1892 2918 1459
f  1804 1459 2918
f  335 239 902
f  2626 1607 2148
f  3135 304 3245
f  218 794 2751
f  821 379 2813
f  3094 3096 2207
f  1848 2824 899
f  2662 618 1811
f  1781 3305 997
f  360 1554 2298
f  510 1949 1439
f  2853 1039 447
f  1400 480 1371
f  1943 1405 149
f  1367 149 2375
f  591 838 1908
f  2634 2765 1280
f  2191 1181 3107
f  1948 3147 1191
f  2959 693 1910
f  340 847 2087
f  1527 110 1712
f  123 3209 216
f  2574 2381 2983
f  3059 3246 226
f  2181 129 2511
f  1906 927 2734
f  848 2738 784
f  1229 1917 1622
f  1436 2868 1719
f  3317 298 1569
f  868 3110 1203
f  1891 2300 115
f  2929 2470 2873
f  1056 2366 213
f  2585 3082 2044
f  2869 601 2741
f  377 121 938
f  44 2083 2268
f  961 624 2360
f  2405 3017 1059
f  2715 43 2793
f  260 367 2003
f  766 2279 2812
f  401 361 1407
f  1520 1526 1279
f  1276 2512 3277
f  2725 29 2345
f  270 2064 179
f  1724 629 40
f  1510 2089 669
f  98 2034 2844
f  1063 1281 2517
f  1377 1210 304
f  1918 2041 1925
f  304 1620 2528
f  2090 802 2795
f  1533 2303 2533
f  2636 63 3252
f  1976 3147 336
f  566 1091 2152
f  741 185 2684
f  3319 802 1740
f  1733 2353 476
f  2037 3287 1553
f  2753 1192 1102
f  2747 1694 405
f  2106 2928 2808
f  1976 1191 3147
f  542 1412 15
f  473 1769 1144
f  2948 1074 2170
f  1141 2970 3272
f  1632 2198 1047
f  2860 823 1413
f  1810 555 2075
f  1623 1167 3314
f  1549 1447 2098
f  3034 3303 1390
f  2576 1902 54
f  540 2975 454
f  1712 1894 1895
f  711 3149 1087
f  1239 758 244
f  469 987 3048
f  775 2635 2579
f  1566 1737 986
f  3004 3301 1373
f  2689 1580 1933
f  2399 160 282
f  1363 2781 2374
f  1652 1731 1054
f  3222 130 1198
f  2318 2665 16
f  709 2764 2241
f  1232 2536 55
f  1389 2970 1312
f  1854 121 2828
f  1496 391 2220
f  1665 2476 1634
f  2513 1820 1847
f  1181 1827 3043
f  3131 1089 2461
f  449 162 2308
f  1244 1576 2683
f  1955 2666 3024
f  634 2783 1627
f  2156 1325 778
f  1822 1992 489
f  127 1737 1566
f  2739 1685 1972
f  1289 2289 1800
f  2175 2982 1142
f  2298 82 2276
f  776 70 1274
f  969 2043 267
f  626 852 2845
f  2785 827 3161
f  1468 2703 1140
f  1522 301 342
f  136 2967 3036
f  127 2187 1737
f  2224 124 2945
f  2525 1071 1493
f  2797 2526 2085
f  223 390 42
f  2231 1555 3305
f  2157 259 561
f  2349 3127 107
f  1268 2977 652
f  1855 410 772
f  488 939 1944
f  2548 2774 1722
f  713 1348 256
f  1695 2946 361
f  1830 3332 2943
f  963 28 1294
f  282 404 1750
f  418 834 1518
f  1600 1089 1898
f  751 1256 55
f  2365 3093 1162
f  2752 3236 2645
f  3294 1267 1022
f  3032 1415 1561
f  3017 2405 3220
f  2062 2494 2954
f  728 374 1594
f  96 385 1785
f  1314 1211 2151
f  2995 1394 161
f  1066 2267 3177
f  109 2825 2706
f  2826 2911 1283
f  2018 2275 835
f  2588 3029 3308
f  1427 1480 988
f  625 826 1357
f  2865 2389 2745
f  3262 549 1519
f  2513 3304 3025
f  2828 1672 77
f  264 1656 765
f  2747 405 2013
f  1165 152 1046
f  2488 2650 873
f  1843 1545 2992
f  2134 1527 2126
f  2019 2709 214
f  929 3063 223
f  1664 1468 2261
f  3101 3200 1403
f  1655 234 3325
f  2510 2095 1826
f  1096 1007 2452
f  30 3099 430
f  1191 1357 1101
f  2968 159 546
f  3126 756 1986
f  3022 3229 1067
f  1024 2826 1283
f  3170 1258 2089
f  750 511 2966
f  1286 3246 2890
f  2711 2376 1850
f  1639 1132 2809
f  839 1632 2510
f  847 2934 2744
f  1212 355 3054
f  2624 572 2822
f  1043 1269 78
f  1083 203 2074
f  1482 268 657
f  489 780 1180
f  2160 2680 487
f  906 2262 677
f  3331 3233 191
f  1727 3013 2166
f  163 470 973
f  564 331 3259
f  2042 1804 790
f  480 769 3017
f  1110 829 2446
f  504 168 1351
f  614 902 772
f  1150 2112 2556
f  181 720 2845
f  1215 603 2667
f  2940 2663 1795
f  171 2053 2564
f  2929 2920 2712
f  1453 831 2606
f  1323 1386 140
f  2895 2735 462
f  1447 2352 1674
f  49 1422 474
f  3053 1481 1672
f  871 426 1716
f  99 1396 2635
f  480 2501 1371
f  1620 816 2528
f  1879 1880 1860
f  2255 2277 3138
f  2568 2483 280
f  1308 1569 2175
f  1267 497 1364
f  3134 1946 376
f  1352 803 871
f  3035 1936 2701
f  1133 869 385
f  2060 1741 2130
f  29 2725 3323
f  3174 1463 1511
f  668 457 2150
f  1105 2495 1772
f  1509 2660 1751
f  1935 1893 2825
f  80 1739 2674
f  1198 2315 2333
f  1875 2141 1042
f  439 1966 2540
f  1505 157 46
f  2639 2386 3266
f  3054 843 2787
f  1625 2672 495
f  2882 538 3179
f  2887 2464 3102
f  1051 429 3055
f  2373 2920 2804
f  2470 934 3313
f  3157 307 1638
f  307 3157 1172
f  3028 3143 3003
f  874 821 1194
f  1927 1701 3306
f  1299 2109 1296
f  569 2915 705
f  1406 579 1812
f  315 1576 2839
f  3104 785 1743
f  635 3161 510
f  492 851 2698
f  2913 2322 2180
f  3065 2478 730
f  791 2774 2981
f  3061 322 1687
f  3209 2304 216
f  279 1075 968
f  2605 1834 1887
f  477 1822 2572
f  2172 2939 609
f  2168 3261 1642
f  1822 477 1518
f  1485 46 920
f  2529 702 1259
f  797 2420 1544
f  2555 825 1589
f  2877 3264 1855
f  2608 1606 2459
f  761 1969 314
f  2899 1851 2417
f  1106 719 2429
f  441 970 984
f  713 2930 1349
f  1349 2930 2638
f  2781 1605 2374
f  3029 2747 2013
f  2895 462 292
f  1414 1888 3250
f  2936 2775 208
f  431 337 470
f  1248 576 2654
f  924 3061 1687
f  2296 808 2606
f  176 3007 567
f  527 1354 3260
f  748 3219 597
f  2027 1979 1479
f  1428 1823 2193
f  3045 576 1195
f  2865 3192 2146
f  2114 2003 541
f  1617 1315 2493
f  2206 642 2219
f  1074 1590 19
f  2628 2299 2324
f  674 2636 520
f  2772 794 218
f  3148 1532 2594
f  2898 1066 3177
f  1415 3138 67
f  2090 2795 1207
f  3109 2144 3205
f  2463 2420 797
f  1517 632 406
f  1815 1828 2749
f  406 632 2008
f  2830 3149 39
f  1984 1121 3128
f  1822 1518 834
f  2211 2497 1943
f  3156 1547 422
f  2754 3202 2587
f  1166 807 2959
f  1508 1455 2495
f  326 738 2425
f  1638 3090 3230
f  684 682 2893
f  2320 1646 1249
f  499 2821 1826
f  125 3195 1592
f  1782 1916 3301
f  797 1686 1540
f  1664 3106 1223
f  2905 2891 220
f  626 666 2811
f  1753 2046 2593
f  2596 1555 2231
f  969 580 1420
f  429 1763 1282
f  889 2051 707
f  2399 282 963
f  3062 2990 1486
f  413 2010 89
f  664 492 3270
f  2560 3198 305
f  2698 851 1467
f  980 2380 2372
f  813 1276 1751
f  2301 2799 3211
f  2541 407 604
f  1749 284 2246
f  2852 131 1342
f  131 86 1342
f  2823 1074 3196
f  2816 2028 2892
f  1748 823 2173
f  840 2171 2657
f  1584 2049 1281
f  2009 2026 1614
f  156 392 2093
f  490 161 1394
f  1909 388 18
f  351 3229 1901
f  55 3236 1327
f  1340 1892 1459
f  555 2912 2552
f  300 1361 2627
f  957 2637 2120
f  3031 1666 176
f  1871 1295 3101
f  1736 2881 146
f  1732 893 682
f  760 777 2788
f  2788 1608 760
f  623 2481 2269
f  66 2749 945
f  488 296 62
f  972 1647 2876
f  2558 1219 1899
f  739 2707 2659
f  1724 988 2434
f  373 2181 242
f  162 678 1332
f  1115 1914 1236
f  957 368 1797
f  1914 1115 922
f  1578 1080 2895
f  2065 2847 3171
f  1446 2656 3285
f  376 1416 443
f  1604 1069 1110
f  1528 3251 3181
f  3 2695 394
f  689 2015 1938
f  822 2252 781
f  1492 3035 2367
f  619 902 2841
f  1677 2640 745
f  2628 2775 2936
f  538 275 1977
f  3071 108 1113
f  2479 685 2410
f  2244 2691 1798
f  870 1855 619
f  2104 2841 1193
f  1497 1215 2567
f  2723 459 2240
f  2623 2954 2297
f  2235 1257 2696
f  1482 1799 268
f  279 17 2524
f  2002 2755 2910
f  2593 2779 2824
f  635 1028 141
f  790 2918 225
f  2553 3278 1242
f  2899 1972 1685
f  2983 1438 1764
f  1706 421 2329
f  619 930 870
f  1340 1459 2165
f  2033 1291 2023
f  829 2062 1366
f  2062 2954 1366
f  996 871 803
f  1659 2022 2847
f  2004 43 2699
f  2215 966 1880
f  2580 71 1337
f  659 1372 98
f  3179 2618 1765
f  2102 3039 1985
f  304 3135 2684
f  2525 1205 274
f  832 2489 1574
f  1377 1143 2507
f  2343 993 867
f  1047 2198 212
f  2435 2322 1085
f  2913 1085 2322
f  735 3162 1819
f  1851 2287 2417
f  2369 2654 1347
f  3155 159 2968
f  2022 3155 2847
f  872 3281 2030
f  1699 1430 1918
f  243 1474 3218
f  468 2496 1868
f  801 2758 598
f  1369 1733 476
f  2964 714 3278
f  2786 122 1498
f  1802 377 1176
f  3152 2219 1023
f  1387 2699 2715
f  1102 3078 2753
f  1139 1187 1016
f  1020 52 3206
f  667 2660 960
f  953 452 108
f  999 731 3121
f  2579 2635 1502
f  1931 1390 1587
f  1506 3020 2711
f  2810 2074 203
f  1534 1854 1266
f  2230 541 1008
f  970 3333 2803
f  133 2457 2465
f  444 1870 1520
f  1023 240 3152
f  3009 2423 1135
f  1687 50 924
f  817 2143 515
f  883 3115 2190
f  1882 1253 3312
f  1129 3085 974
f  259 2157 200
f  1807 1956 2508
f  2203 800 1078
f  907 2425 2913
f  1466 1871 1278
f  2255 3032 177
f  30 2742 174
f  3177 1599 1611
f  1767 289 2189
f  902 614 335
f  2331 1548 1872
f  1209 1626 3193
f  409 381 2504
f  3299 2218 995
f  2365 1245 345
f  2695 545 394
f  2897 1795 1754
f  407 2541 1513
f  437 1466 1278
f  2144 77 3205
f  333 3271 2166
f  1651 835 2275
f  772 410 614
f  410 395 614
f  83 3083 1060
f  819 93 153
f  990 1021 3013
f  2513 3025 744
f  2349 1539 3127
f  2089 2467 669
f  1769 3015 1144
f  228 2106 1704
f  1554 399 2137
f  843 1622 1917
f  1669 3291 1637
f  2784 2740 886
f  1379 2424 2492
f  1932 141 916
f  2762 579 2630
f  1678 3023 1783
f  1445 199 658
f  1446 1333 1501
f  185 741 1038
f  3042 1281 1063
f  1194 2813 2529
f  361 401 58
f  1995 2443 915
f  1573 1521 786
f  647 1242 3282
f  1031 1043 78
f  580 969 267
f  934 106 120
f  2596 2094 2210
f  407 2432 604
f  3326 162 2893
f  904 1513 1814
f  1054 2110 1652
f  1006 1876 2969
f  2996 2036 2682
f  1819 1818 1082
f  2137 841 82
f  2716 2339 390
f  1809 2417 2287
f  345 1245 1801
f  172 1367 2375
f  359 659 586
f  2326 508 537
f  2506 1901 611
f  944 1118 2205
f  2053 2501 1816
f  473 1144 1821
f  2316 12 3225
f  2176 2399 963
f  2541 1814 1513
f  935 1902 1649
f  1132 2029 2570
f  3023 1678 1652
f  2467 2720 2461
f  720 819 153
f  1227 1383 74
f  3165 986 2721
f  372 1633 472
f  499 773 691
f  2206 3151 924
f  2668 1346 1852
f  1705 458 1759
f  776 1637 1330
f  191 3233 2631
f  46 1485 2209
f  235 2229 2165
f  967 3324 2840
f  2521 176 2411
f  272 2225 543
f  2939 3232 1514
f  3201 1767 1131
f  3018 2004 2430
f  176 1380 2411
f  1820 2719 3044
f  814 3247 709
f  3115 2206 50
f  2724 1204 2098
f  1658 1263 1081
f  3205 3233 2092
f  3117 3170 465
f  2827 407 3206
f  802 445 1740
f  578 47 868
f  578 868 453
f  2370 1730 2848
f  2241 814 709
f  179 2108 270
f  1881 3248 2722
f  2011 1037 1800
f  1579 2737 2424
f  2203 1751 2318
f  2867 1875 1042
f  329 374 728
f  186 1098 1272
f  539 1026 1149
f  3319 364 1464
f  2538 266 53
f  3142 792 1401
f  1703 636 1700
f  53 1408 1293
f  1935 3259 1787
f  2828 121 2154
f  2401 296 488
f  192 1380 567
f  1570 474 792
f  2226 2224 504
f  1254 1169 2878
f  2272 2038 2436
f  2811 513 1714
f  2020 1869 1609
f  654 2232 623
f  1501 1333 2582
f  1354 2047 2513
f  434 1183 2667
f  419 596 2725
f  1971 1174 787
f  2545 1946 2989
f  827 1095 322
f  1035 3233 971
f  187 720 153
f  1509 960 2660
f  1505 2957 157
f  835 725 2018
f  2382 1224 1689
f  3106 1458 2329
f  1 2863 3065
f  2782 3051 913
f  3115 588 1248
f  2664 2188 2535
f  187 153 1445
f  530 2170 1074
f  11 2831 512
f  2926 3005 1302
f  1145 749 3212
f  43 2604 913
f  1368 3266 491
f  1402 1559 65
f  1699 3014 2993
f  233 1579 796
f  2502 1692 1055
f  1960 2604 3018
f  291 2848 1388
f  2016 2984 51
f  1757 964 2757
f  1694 7 354
f  829 1110 1069
f  2666 1955 1307
f  1653 1116 3024
f  3273 3101 1403
f  2163 568 3183
f  2919 2731 993
f  2343 2919 993
f  39 350 87
f  1631 2315 1944
f  2073 2855 887
f  2937 1516 1966
f  1848 1123 2593
f  2107 94 570
f  2483 794 2909
f  1821 888 103
f  2881 1052 146
f  466 3223 2053
f  3201 1131 1713
f  1473 729 2021
f  1178 183 3086
f  757 267 740
f  1745 1709 2754
f  1335 2484 1450
f  1069 1528 829
f  1965 2296 662
f  2338 710 1700
f  1615 950 203
f  1750 28 282
f  3015 1436 1719
f  1312 2149 981
f  457 2032 2150
f  2679 3152 2246
f  2032 1949 2150
f  3316 201 2006
f  235 2165 2542
f  84 60 208
f  1961 1145 1171
f  403 2454 2261
f  607 3241 1729
f  230 1535 1152
f  1011 1854 2533
f  1935 2077 1893
f  1439 1273 510
f  1455 1756 2495
f  701 558 1374
f  135 1914 1621
f  1426 2309 2884
f  2532 2955 2084
f  737 469 178
f  1479 60 84
f  923 3221 1495
f  1838 2233 1395
f  2648 2090 1911
f  2705 2500 2980
f  2490 355 1212
f  1296 2109 1984
f  2919 2343 2491
f  3307 2816 2892
f  498 1779 2614
f  1063 117 399
f  1839 1469 2600
f  985 2402 1810
f  3264 2161 410
f  1121 3086 183
f  2625 1688 1689
f  363 601 1790
f  2939 2172 1112
f  2611 1872 3232
f  1533 306 3275
f  3221 482 1710
f  2929 2712 2470
f  452 64 529
f  1988 606 1692
f  570 1147 1722
f  774 3140 2599
f  1262 2345 29
f  1244 263 810
f  1213 2794 1503
f  1227 2309 1383
f  1538 2677 2300
f  414 1538 429
f  152 1165 2685
f  182 1427 455
f  1494 1870 1079
f  3045 1195 2843
f  318 2223 1974
f  650 2330 1036
f  648 1465 281
f  1241 1338 2983
f  621 2971 3288
f  628 1374 1726
f  858 1607 3063
f  1376 247 1905
f  2275 1284 1651
f  1186 386 2194
f  270 2358 2064
f  1754 1263 1382
f  1546 2288 788
f  828 947 210
f  2446 1181 1475
f  3107 2928 2191
f  538 320 4
f  178 101 737
f  1135 2423 2691
f  52 2694 1603
f  1435 1524 630
f  3271 800 1734
f  272 1433 2263
f  493 2260 2890
f  2837 3093 2732
f  643 2350 995
f  140 1386 837
f  1819 3162 1817
f  2681 2533 2303
f  141 350 916
f  267 2043 1058
f  65 1002 2973
f  1670 1619 1659
f  1511 1805 3172
f  2913 1941 1085
f  2423 1209 1798
f  1419 628 3274
f  3274 957 1419
f  1584 1281 3042
f  2233 251 1395
f  836 764 1025
f  2199 398 2878
f  578 2951 2875
f  2866 2988 859
f  543 2987 252
f  2815 1911 1207
f  3127 1539 1490
f  474 1401 792
f  526 2158 2635
f  1149 832 1574
f  28 1750 1294
f  853 2165 621
f  194 949 3289
f  1649 2933 1097
f  1836 1417 605
f  2966 1992 1822
f  504 2174 2032
f  1325 1770 1563
f  206 844 277
f  321 2028 2816
f  1910 1166 2959
f  2135 1991 2615
f  1991 573 2615
f  3038 13 3326
f  1226 427 2469
f  2419 1974 1252
f  1132 2570 494
f  1749 1437 1808
f  919 1109 2116
f  192 401 1407
f  2313 930 2841
f  104 716 1861
f  1229 2834 316
f  1241 2983 2105
f  2764 343 2466
f  2281 329 1124
f  1200 2796 438
f  1498 484 967
f  10 259 200
f  1380 192 1407
f  2100 2396 954
f  1106 2639 3266
f  1785 2709 2031
f  2031 96 1785
f  2404 2948 734
f  3053 1672 2584
f  901 369 1948
f  1584 1033 370
f  2364 1853 2221
f  688 2364 2221
f  2676 687 1517
f  134 1622 843
f  2634 1720 2765
f  2590 1827 2464
f  101 178 448
f  2913 2776 1941
f  786 1521 2963
f  248 3138 2475
f  1354 327 3260
f  1586 349 194
f  468 2258 190
f  2865 768 3192
f  1352 534 2650
f  1677 2805 578
f  835 1651 1877
f  1575 1065 2433
f  2115 1257 347
f  1173 2096 3175
f  227 3055 51
f  2333 2315 1631
f  1760 2932 2486
f  3316 1999 68
f  2275 669 1284
f  1856 3185 2935
f  158 2890 1361
f  689 3017 3220
f  26 752 860
f  177 2277 2255
f  2645 1019 73
f  1778 2906 2100
f  2689 1151 541
f  812 1200 1744
f  2776 992 2362
f  2577 3145 821
f  2861 2084 113
f  1180 1159 489
f  3077 981 1381
f  278 298 529
f  2616 3168 2366
f  2722 2686 1881
f  3120 1950 2679
f  372 2397 1120
f  2622 145 457
f  246 2669 2205
f  8 1089 3131
f  2051 2354 755
f  850 2577 874
f  649 622 1842
f  528 2848 1443
f  1362 645 2755
f  1099 1047 212
f  2197 2875 911
f  94 846 396
f  459 2723 324
f  1721 3235 2115
f  57 337 2993
f  1808 1437 124
f  831 1578 2282
f  43 2004 2604
f  941 1883 1643
f  2018 3146 950
f  272 543 252
f  1219 2558 1968
f  1453 1741 2060
f  3028 882 114
f  3169 1681 1391
f  1492 1136 3035
f  1451 2140 1655
f  2341 2856 2359
f  791 414 1051
f  571 1061 2629
f  385 869 1136
f  1922 1489 2539
f  184 2253 1557
f  1113 1161 587
f  3250 2026 2009
f  2039 2445 1900
f  705 1686 797
f  2172 1061 571
f  3305 1781 1805
f  2073 732 2963
f  1879 1860 2013
f  2781 2734 3294
f  2691 2244 442
f  143 266 3239
f  2021 729 358
f  126 3184 102
f  1997 2883 209
f  2883 2466 209
f  2494 1310 1326
f  1289 202 104
f  1280 1558 2238
f  1455 1508 1303
f  1625 365 133
f  2626 3063 1607
f  640 2290 1748
f  2850 755 262
f  1605 2325 2374
f  2101 989 2578
f  154 3054 355
f  1122 2941 2771
f  2356 909 1176
f  2770 1385 3135
f  1928 2968 2949
f  2401 894 211
f  2813 2820 2529
f  2274 503 3083
f  2635 2158 820
f  2248 2817 2568
f  2614 175 498
f  1246 278 64
f  2120 1062 2142
f  1160 3297 1968
f  120 3129 934
f  2823 1590 1074
f  1217 172 1885
f  1996 2911 806
f  1665 1027 665
f  866 3169 1391
f  1765 3113 3179
f  1067 1630 1936
f  852 181 2845
f  294 1886 323
f  3304 2513 2047
f  217 21 1237
f  43 2715 2699
f  1261 1598 896
f  42 150 1650
f  3084 477 2572
f  1936 869 373
f  492 250 3158
f  2358 3241 3158
f  1231 1335 1398
f  1532 3148 3113
f  561 2340 2157
f  2937 487 2680
f  3005 2926 1847
f  1957 2730 1707
f  2533 2662 1533
f  3178 3203 255
f  2079 3028 3173
f  3324 3134 707
f  2771 3138 2412
f  652 2412 3138
f  365 2457 133
f  1054 3105 693
f  2953 2957 2424
f  1479 1979 593
f  881 478 289
f  663 463 2395
f  2134 796 3119
f  2468 2445 2486
f  286 2601 1797
f  1514 3232 947
f  2383 928 998
f  313 3150 1884
f  857 856 2372
f  1628 1370 353
f  3259 1045 1787
f  908 679 277
f  594 277 679
f  1399 2815 1616
f  3172 1399 1511
f  1507 706 1319
f  426 996 2039
f  2628 2324 2287
f  2984 227 51
f  2434 1551 3015
f  614 1711 335
f  33 72 2900
f  1670 1038 1005
f  2228 2798 2886
f  1437 3087 2398
f  224 1602 1199
f  2038 316 505
f  2276 82 2355
f  2734 1129 1906
f  2837 2462 3021
f  872 718 1707
f  1601 1600 1284
f  2140 234 1655
f  574 3095 1500
f  3326 13 2453
f  3326 682 3038
f  871 2760 1352
f  2291 3079 1825
f  488 1944 585
f  2645 3236 1019
f  2518 608 1736
f  2956 2386 1010
f  1990 1799 2252
f  607 1729 270
f  2358 270 1729
f  1662 86 2605
f  2299 276 1717
f  2945 168 2224
f  1464 2795 3319
f  451 1230 1036
f  316 1359 1229
f  859 1919 1351
f  3310 1250 233
f  2382 1689 1688
f  686 1242 647
f  1414 730 2478
f  1451 804 1030
f  661 1904 3160
f  1923 321 3320
f  992 1509 2362
f  2960 1031 78
f  625 3040 1320
f  1249 1444 295
f  3034 2961 2733
f  2140 2125 1563
f  1248 2124 3115
f  2049 2517 1281
f  2635 1235 1774
f  437 3323 1864
f  1445 658 1094
f  2887 3102 228
f  3014 1699 508
f  2506 932 405
f  1819 1082 735
f  2631 3233 2239
f  283 420 1531
f  18 2357 2397
f  1051 227 791
f  2587 362 2754
f  2712 2920 319
f  2459 2998 2864
f  1836 605 2460
f  1580 3224 1610
f  112 2792 2403
f  2721 2387 285
f  3057 3262 498
f  3163 1087 2999
f  3292 1421 1884
f  3066 1081 1649
f  2871 2813 379
f  488 585 2401
f  2649 1661 1873
f  2059 3006 1214
f  3090 1638 307
f  1924 1530 917
f  1552 931 544
f  838 591 2281
f  221 231 425
f  2284 1270 2476
f  401 2714 2153
f  1696 1012 2970
f  1891 2727 1763
f  1420 3260 969
f  827 3120 2622
f  2523 2083 1418
f  1794 2380 980
f  1278 3323 437
f  820 909 1634
f  3077 1372 2878
f  2109 235 2542
f  435 367 1187
f  68 3296 861
f  1805 3036 3172
f  115 2677 3249
f  135 22 2938
f  620 2421 1123
f  1748 2290 2505
f  591 1523 3268
f  75 2167 303
f  1400 1371 1062
f  2307 2641 2361
f  1176 310 2356
f  1661 2437 2068
f  27 2550 2538
f  1508 473 1768
f  2335 2459 1243
f  1905 302 1123
f  646 3117 865
f  1948 1313 3147
f  2014 1442 301
f  905 62 296
f  1433 272 638
f  2581 2263 2955
f  3218 3112 1108
f  2278 3074 20
f  1417 2737 3311
f  894 2401 585
f  281 1202 552
f  814 2211 2076
f  1216 1197 111
f  1567 674 5
f  2847 3155 3171
f  3137 715 3100
f  3198 2560 1412
f  467 3051 333
f  1757 2274 1131
f  137 1784 2143
f  906 2704 1921
f  3234 2101 2578
f  1566 1206 127
f  1416 1228 262
f  2918 790 1804
f  2021 3242 1473
f  740 2175 1142
f  2521 470 163
f  2640 1677 453
f  2617 1526 1520
f  1979 2027 1923
f  450 33 335
f  2660 2665 2318
f  1467 2603 2698
f  2890 158 1286
f  887 2855 1307
f  2484 1335 57
f  2811 1714 852
f  955 985 2075
f  2671 1322 1375
f  2273 2946 1695
f  2051 755 2850
f  2580 3011 1158
f  2688 2270 238
f  2514 3026 2281
f  1124 329 728
f  1261 2225 1343
f  20 3166 2550
f  2171 1669 2657
f  2560 305 243
f  3012 1313 1948
f  1672 2567 483
f  987 737 1103
f  1767 616 1131
f  2465 2055 2413
f  596 3323 2725
f  2119 2156 778
f  3100 1846 2204
f  2945 3217 2379
f  1707 1636 872
f  2323 630 2011
f  259 1462 174
f  2999 598 3163
f  2931 1897 2127
f  281 552 1834
f  2779 2522 2824
f  2467 1601 669
f  2060 3209 123
f  815 1360 1857
f  3245 304 1210
f  634 1975 2606
f  198 2661 807
f  1185 2033 3077
f  298 2554 1161
f  516 575 2907
f  544 1931 1587
f  427 3073 604
f  347 3312 1253
f  2616 2366 1056
f  663 2611 1375
f  1830 602 1676
f  832 1149 2293
f  1540 1686 600
f  905 2405 1059
f  3114 1823 2088
f  3228 91 1188
f  1925 1323 140
f  67 2771 156
f  2760 871 1
f  3123 2254 1660
f  797 1245 2463
f  2297 1326 2972
f  823 2860 3265
f  1450 1915 1356
f  1440 2498 3155
f  2566 2582 2400
f  1606 854 1243
f  1149 1574 1328
f  878 3240 1273
f  2930 2196 2381
f  2239 1877 2631
f  2730 35 1707
f  2206 3115 2124
f  473 485 1768
f  3211 108 3071
f  3154 2575 508
f  2235 1691 347
f  3182 1429 3195
f  929 1762 2915
f  3112 698 1066
f  398 3263 879
f  3171 948 2065
f  719 2392 695
f  2060 2262 831
f  1005 1038 2858
f  1009 3052 3184
f  1325 2502 1055
f  624 3234 1199
f  1574 2489 1647
f  1431 2194 69
f  528 2370 2848
f  2663 1693 1795
f  2703 3001 1140
f  856 549 3262
f  613 3318 3329
f  309 2458 582
f  792 3172 2769
f  579 499 691
f  1917 660 195
f  160 76 404
f  1569 1934 3317
f  2361 2641 274
f  526 1774 1529
f  817 1842 622
f  750 834 1190
f  2209 2844 2034
f  3146 2018 2390
f  1336 3160 2643
f  320 1954 2944
f  1170 2105 2610
f  688 2221 2532
f  1561 1415 67
f  1731 2974 1054
f  843 3054 134
f  2607 1047 1099
f  946 1300 1122
f  155 877 1121
f  3217 2945 2479
f  180 2142 1062
f  1298 1449 2399
f  2947 1623 3314
f  42 1650 223
f  1144 3015 958
f  1341 2349 107
f  2439 1116 3317
f  1836 2460 2565
f  975 1067 373
f  1020 818 846
f  1184 346 3046
f  2763 2770 3037
f  3156 422 3324
f  2344 2478 2766
f  43 655 2793
f  2648 3142 3204
f  2446 1475 1110
f  815 1282 1360
f  1861 383 104
f  281 1951 1783
f  990 767 1710
f  663 1259 2611
f  750 1775 511
f  516 2907 2444
f  1134 11 512
f  2782 333 3051
f  985 51 3055
f  873 1414 535
f  1201 1168 2555
f  1715 2924 2909
f  1715 2899 2280
f  2205 2153 246
f  2159 129 3026
f  155 1121 183
f  2850 122 2786
f  2561 1423 805
f  2314 3329 3011
f  1739 371 2675
f  371 2169 2675
f  3322 1174 1973
f  309 3208 2474
f  2634 387 942
f  1138 1715 2280
f  651 911 2896
f  1746 638 252
f  3010 109 2215
f  2358 559 2519
f  2554 1116 1653
f  1428 1759 251
f  2804 2920 2929
f  893 908 844
f  1957 1707 718
f  1156 1633 1981
f  1156 1981 2408
f  2547 546 2950
f  747 2647 2435
f  3063 2915 858
f  3001 901 1101
f  1210 1377 2293
f  2133 2251 76
f  2627 2108 300
f  3047 424 1581
f  2410 3217 2479
f  3072 225 1178
f  1831 3216 445
f  3163 598 2758
f  1667 2311 1811
f  2001 205 734
f  1013 795 417
f  1925 3154 1918
f  254 105 1675
f  3060 255 3203
f  2793 467 3293
f  2132 1243 854
f  1509 2208 2362
f  1119 3258 811
f  2546 2719 1820
f  2391 667 1718
f  1654 1642 3261
f  2581 1478 432
f  2262 906 1921
f  665 862 1308
f  162 311 2893
f  2377 1523 2780
f  809 2620 2873
f  1344 1444 1614
f  3290 1546 2787
f  38 2862 2306
f  537 356 1317
f  1413 49 2860
f  948 3171 2539
f  3289 1602 224
f  2779 2046 1025
f  2379 3217 1758
f  1818 1819 1610
f  3202 2458 1739
f  1646 1352 2650
f  2059 913 2604
f  347 2415 2115
f  1270 994 1502
f  1327 475 55
f  1777 3267 147
f  1244 2978 2259
f  747 615 2647
f  2143 1784 515
f  370 1083 2049
f  2040 940 699
f  572 2624 2979
f  586 1909 501
f  2938 22 1962
f  2219 642 1023
f  3287 676 1553
f  1922 1157 1186
f  1366 2954 2623
f  867 993 241
f  1720 2634 942
f  381 2748 2504
f  1838 8 3114
f  1903 303 1010
f  1320 3040 1130
f  527 461 2431
f  934 2712 106
f  1206 1566 3247
f  3263 398 18
f  1086 2997 1002
f  1096 2789 3329
f  2222 900 1213
f  884 911 2951
f  1470 384 2380
f  1288 1760 1780
f  787 1076 2409
f  441 1087 3089
f  1234 1697 1983
f  1243 2132 2335
f  946 949 194
f  1080 2035 2735
f  2135 423 302
f  837 3118 722
f  2608 1370 1628
f  1530 228 770
f  763 2795 1464
f  419 1410 354
f  3001 2703 901
f  717 1246 1161
f  2841 448 2313
f  1887 1961 1171
f  2209 2149 1312
f  1824 3272 1012
f  2099 1672 1235
f  718 2528 1957
f  1616 1207 1471
f  2130 2832 2630
f  249 1800 1037
f  128 135 1621
f  1476 3192 768
f  811 514 169
f  1998 2493 1017
f  65 299 1318
f  2351 3162 735
f  323 2238 294
f  1128 767 990
f  1296 2750 706
f  1569 1308 1934
f  2591 1522 342
f  3020 3248 2257
f  387 2595 942
f  1526 2902 1142
f  1115 1236 1658
f  1198 894 585
f  1824 1409 3298
f  845 2899 1715
f  15 1412 1532
f  825 3291 1589
f  2953 1417 1896
f  1713 1131 2274
f  959 875 195
f  1865 2891 2905
f  2770 2763 1927
f  1345 897 1104
f  451 2136 2935
f  1090 3020 2849
f  1152 653 2619
f  241 586 3187
f  1861 3199 3004
f  1022 1267 73
f  1552 2757 931
f  2272 2735 1980
f  163 3031 2521
f  1382 1154 2818
f  3022 975 312
f  988 1480 1551
f  416 1175 2599
f  2895 1080 2735
f  861 3296 2653
f  1890 425 1299
f  2341 2359 1119
f  2214 778 1055
f  762 2504 3212
f  2795 1857 1207
f  1060 2704 83
f  1483 2979 2183
f  1718 3191 2391
f  1016 643 2076
f  694 1095 827
f  2298 1554 82
f  103 1365 1775
f  2376 3012 863
f  821 2813 1194
f  109 2942 1133
f  3078 2413 1043
f  413 89 1878
f  127 3299 2249
f  2650 534 730
f  1705 887 380
f  2132 2665 2842
f  1805 1511 2231
f  424 2253 184
f  688 1265 237
f  2701 2345 1262
f  957 3274 2637
f  3252 230 2636
f  99 963 1294
f  2768 75 332
f  2082 2906 2885
f  2269 1393 3284
f  2474 3280 309
f  128 324 332
f  1106 2429 2613
f  483 2455 2584
f  1521 2073 2963
f  907 2180 2063
f  2917 199 1177
f  291 2440 1127
f  1090 2722 3248
f  207 697 2761
f  3296 2505 2653
f  3089 1087 446
f  2195 1881 1311
f  198 1782 3049
f  2440 291 1388
f  1081 935 1649
f  3207 593 2780
f  583 2944 603
f  2795 2831 2814
f  109 3010 2825
f  1936 373 1067
f  2528 2030 304
f  2687 2403 2792
f  1680 1489 35
f  2251 1672 76
f  1072 1244 1947
f  1647 97 2876
f  525 1087 2347
f  3055 227 1051
f  451 1036 2330
f  2563 2017 1423
f  2479 2945 124
f  2501 3223 1849
f  1512 427 2432
f  3210 3002 1346
f  479 165 1093
f  2664 2978 2188
f  2842 568 2163
f  1365 888 958
f  3199 27 1293
f  212 1648 2544
f  2988 2174 1919
f  2307 449 2000
f  2586 2864 2317
f  1755 843 951
f  738 3258 506
f  2539 1440 1922
f  602 1379 1505
f  1504 574 1500
f  443 3134 376
f  3126 2651 939
f  1754 1382 2897
f  842 793 1915
f  726 1630 351
f  574 271 2321
f  819 92 671
f  2692 1539 680
f  2744 2340 2148
f  1286 226 3246
f  995 2114 1287
f  1358 2789 1096
f  579 2762 2821
f  1141 1189 1272
f  434 2944 1954
f  2214 973 1231
f  942 2295 481
f  2602 2697 931
f  2152 1882 566
f  1006 360 1876
f  2570 2012 1728
f  2455 2418 1035
f  98 1216 659
f  1714 513 804
f  332 324 2768
f  955 2075 555
f  118 652 2977
f  2296 2606 662
f  865 107 646
f  953 108 3211
f  510 799 1028
f  126 1182 1009
f  77 712 617
f  2828 77 2144
f  2983 1764 2637
f  2824 339 899
f  2017 1306 1392
f  1388 2848 1940
f  1558 2736 2238
f  3151 2219 3152
f  3142 2648 1911
f  644 1583 1899
f  307 308 3090
f  549 681 1179
f  2638 2644 1349
f  390 2339 3281
f  2972 1913 2297
f  1794 1217 798
f  1665 1634 2286
f  1712 72 1894
f  3212 2504 1145
f  770 1316 3067
f  324 656 1806
f  2332 852 1714
f  2187 2885 2713
f  1980 830 2406
f  2913 1392 590
f  2968 1086 2949
f  1895 3327 3310
f  57 470 337
f  1377 304 1582
f  2466 343 597
f  2821 132 79
f  3322 1425 1174
f  3265 2797 880
f  2173 823 3265
f  1897 447 1970
f  826 3213 1357
f  2210 1555 2596
f  3230 562 1638
f  2582 2566 1501
f  2994 2339 2716
f  3258 326 514
f  251 2088 1428
f  898 1171 2504
f  3220 296 2401
f  2791 2537 2879
f  2119 777 760
f  765 997 3305
f  117 841 2305
f  2649 1784 137
f  2376 863 369
f  978 1397 690
f  482 509 1021
f  2864 2586 864
f  3167 2817 3307
f  1149 3092 539
f  1839 2600 61
f  328 1937 1588
f  1094 513 2811
f  351 1410 726
f  390 1585 42
f  980 2372 856
f  964 931 2757
f  666 1445 1094
f  2527 3116 397
f  1912 1836 2565
f  3072 3086 1984
f  1831 1260 1422
f  2602 3231 173
f  552 1202 2482
f  2206 2265 642
f  2553 686 1989
f  926 384 2669
f  2804 1391 1681
f  3316 24 2569
f  296 3220 905
f  981 3077 2023
f  2244 2508 1956
f  1608 2788 181
f  36 300 1004
f  2561 2256 3295
f  604 1837 2541
f  1401 1260 2058
f  1558 3074 2736
f  1446 2410 1333
f  2100 435 2396
f  3096 433 2835
f  1635 2693 2559
f  2035 503 2274
f  2045 273 312
f  357 1338 965
f  967 34 594
f  440 806 2112
f  2707 1890 1990
f  2793 733 2715
f  2106 1612 1704
f  693 1254 3254
f  2758 801 2972
f  2608 864 1370
f  1022 1605 2781
f  1588 2267 1066
f  3227 760 1608
f  2348 428 1963
f  1376 1905 899
f  2070 2792 1096
f  456 3008 471
f  456 471 3306
f  3237 2283 732
f  2197 493 3110
f  2180 1355 2063
f  1996 1218 2117
f  339 1199 899
f  2738 657 1087
f  3309 2447 375
f  2200 1472 2196
f  3151 2206 2219
f  295 1227 74
f  1134 1163 11
f  788 2490 1212
f  595 5 2084
f  1164 1641 1477
f  676 690 2571
f  3095 574 2321
f  390 1618 2742
f  2685 1165 2615
f  652 3079 2412
f  1327 2741 2854
f  3222 825 2555
f  438 2530 2511
f  2949 1086 65
f  2919 2778 2731
f  1038 741 2858
f  631 1514 947
f  489 1159 1822
f  2318 16 2203
f  912 2976 2624
f  2172 633 1596
f  3038 3282 13
f  2633 2592 1778
f  3331 191 2311
f  2111 1777 3076
f  2665 2132 16
f  1727 353 3013
f  1856 3276 2192
f  1246 64 1374
f  3054 2177 2834
f  1565 2448 847
f  3097 2881 608
f  1228 376 686
f  1568 3144 2613
f  403 437 1706
f  2711 45 2376
f  1104 2418 2455
f  3109 3205 2092
f  449 2308 2000
f  3132 401 192
f  353 6 1628
f  1244 2227 1576
f  3152 1950 3151
f  661 1336 1889
f  348 2506 273
f  3211 1457 953
f  241 3187 867
f  307 1172 2473
f  1282 2402 429
f  1669 3238 2917
f  2237 1041 111
f  126 1926 1760
f  579 1406 2630
f  1803 1408 53
f  1734 59 3271
f  704 2980 416
f  2515 2823 396
f  2639 1903 1010
f  2629 2378 571
f  3057 856 3262
f  232 2316 460
f  3176 3197 258
f  2547 2997 1684
f  2363 1175 416
f  2113 690 743
f  1586 692 855
f  54 1852 3032
f  2120 1438 937
f  71 1272 1189
f  774 1084 3140
f  1814 2515 904
f  173 1182 1188
f  2283 3237 1428
f  2016 1515 2168
f  1032 1824 1012
f  187 626 2845
f  2991 688 5
f  662 2282 1965
f  3235 2044 2115
f  1544 2383 1565
f  2880 1738 1935
f  1920 3297 1160
f  1858 2992 1545
f  837 722 2560
f  2346 2184 2830
f  1044 3143 561
f  888 1365 103
f  2790 2897 1382
f  2356 1424 1395
f  394 2874 3
f  698 1588 1066
f  1788 2577 2213
f  69 2194 386
f  3179 2336 2882
f  2076 643 814
f  2649 2271 1661
f  1614 768 1344
f  1069 3251 1528
f  468 2708 182
f  798 2874 394
f  849 1265 460
f  2096 1173 1758
f  1623 3300 1167
f  1419 957 1797
f  3099 683 430
f  1385 245 2858
f  116 2819 1755
f  3297 1920 2838
f  2000 2641 2307
f  1372 2199 2878
f  2489 2507 69
f  1039 1434 2056
f  2631 1533 1811
f  526 1529 377
f  2392 325 2663
f  2428 912 878
f  1604 2659 1247
f  2490 1598 2131
f  3221 828 1495
f  364 517 1134
f  2923 82 841
f  3018 1114 1960
f  990 1710 482
f  2159 1304 438
f  322 1095 610
f  74 1383 2767
f  1930 1225 2081
f  1297 2312 105
f  787 1174 1425
f  1595 2375 1708
f  1279 444 1520
f  155 1095 694
f  3096 1572 1536
f  729 2772 358
f  3316 68 2621
f  1833 1018 539
f  1336 400 1978
f  1663 294 2238
f  902 619 1855
f  1305 703 1641
f  3130 886 3292
f  1567 2636 674
f  2590 833 3043
f  132 839 2510
f  862 3317 1934
f  2111 2625 1689
f  497 3267 1994
f  1485 920 1197
f  1718 486 161
f  765 1656 2085
f  1792 1368 2612
f  979 2373 1039
f  1890 2707 221
f  270 2368 607
f  161 490 3191
f  3056 1640 609
f  3318 3011 3329
f  2506 348 932
f  2547 1670 1005
f  406 219 1517
f  1901 1064 351
f  916 3189 1932
f  2130 1952 3209
f  3009 2552 2912
f  3304 2047 2431
f  3050 2308 1332
f  1135 955 2552
f  3184 126 1009
f  339 224 1199
f  949 2523 346
f  2554 1653 265
f  1967 2327 2872
f  2709 1785 1492
f  907 326 2425
f  2609 565 1558
f  3190 1787 1045
f  244 1793 1239
f  1898 3103 2303
f  728 280 2924
f  636 1703 485
f  892 3267 1137
f  2177 3054 154
f  973 606 163
f  1588 2728 2267
f  244 1153 968
f  1791 115 3249
f  1634 909 2286
f  1385 3008 245
f  1502 164 2579
f  647 1228 686
f  109 2 2942
f  259 10 1462
f  2919 1771 2778
f  2407 965 1168
f  965 1170 1168
f  1142 2982 444
f  2175 278 2982
f  579 691 1812
f  216 2304 2549
f  1763 429 2300
f  3269 1927 3306
f  545 925 394
f  166 2067 461
f  2098 3098 2724
f  2763 1026 1927
f  802 2090 2648
f  1882 1448 1253
f  1152 2636 230
f  1852 1346 1964
f  1558 1280 2765
f  2563 342 1442
f  2196 793 2200
f  2771 67 3138
f  3083 503 1060
f  2548 1722 753
f  2849 2367 3035
f  3284 1501 2566
f  2415 115 2115
f  165 2472 25
f  1865 994 1270
f  723 1421 801
f  950 2275 2018
f  967 2840 1498
f  1063 148 3042
f  629 1724 1769
f  956 946 194
f  1697 2259 2978
f  828 631 947
f  1758 1173 2379
f  3030 1607 858
f  2268 431 44
f  2921 599 1049
f  1393 2269 1053
f  509 2793 3293
f  3062 1842 2409
f  950 3146 203
f  1753 2240 459
f  262 1228 647
f  254 38 2856
f  595 116 1567
f  3082 2696 2044
f  653 1152 2095
f  2419 318 1974
f  3154 508 1699
f  2548 594 679
f  2645 1364 497
f  3255 421 1864
f  2861 1746 297
f  3008 365 495
f  3181 2671 2378
f  1232 55 2118
f  1288 1188 1760
f  2962 1859 2912
f  2017 805 1423
f  1269 1043 2413
f  1450 93 1398
f  527 2047 1354
f  1645 2487 3067
f  2195 1311 336
f  502 232 2052
f  952 2663 2302
f  97 2489 69
f  2329 1458 1706
f  2245 2476 2371
f  1374 587 1246
f  2673 808 2296
f  1543 833 1316
f  97 386 2876
f  1209 556 1807
f  2447 1452 2692
f  3255 7 524
f  1317 2326 537
f  1331 3040 1629
f  264 1749 2246
f  2957 1505 2492
f  1595 1708 1084
f  3047 2767 1426
f  402 682 844
f  3202 2686 2587
f  720 187 2845
f  3105 1054 2974
f  1249 1646 2650
f  974 147 1906
f  2359 2856 2007
f  3043 1827 2590
f  532 1957 2743
f  2841 902 239
f  129 2 3026
f  1947 1244 2259
f  974 3085 1645
f  1427 285 190
f  712 971 617
f  1302 3005 639
f  2314 1007 3329
f  2587 1295 1871
f  1201 3256 1813
f  2590 2464 1048
f  2415 1891 115
f  2750 1296 3189
f  268 2426 657
f  2798 2228 773
f  930 143 1301
f  2420 2837 928
f  1336 2805 400
f  2317 2998 1887
f  1476 1873 1661
f  1709 890 2754
f  1895 3310 233
f  2419 1054 472
f  1116 2554 3317
f  3236 1256 751
f  1107 1247 2659
f  3059 493 3246
f  687 632 1517
f  1778 2885 2906
f  3067 2625 3076
f  775 1449 1298
f  227 2984 1642
f  3064 3330 708
f  1896 1679 2957
f  1833 2449 2342
f  1630 1067 351
f  3183 2036 1203
f  1581 2801 2520
f  3241 607 3270
f  400 2805 1677
f  2010 2435 89
f  1240 1504 1500
f  1351 2174 504
f  1689 1777 2111
f  555 2552 955
f  2853 3116 1434
f  2061 2169 371
f  615 2362 2208
f  2560 722 2594
f  837 243 140
f  1218 440 3071
f  1590 721 1003
f  232 674 2052
f  3232 2939 2611
f  1259 702 2611
f  2041 1918 1430
f  239 335 33
f  786 491 3266
f  786 3266 2597
f  1378 1844 171
f  3098 2980 2500
f  399 2305 2137
f  3256 1201 1589
f  2643 3160 2102
f  299 2187 1318
f  2817 1499 1743
f  3304 2067 3025
f  3186 173 1188
f  1959 1967 758
f  2802 2926 1302
f  215 2694 2989
f  2969 1042 2141
f  777 2119 671
f  280 2248 2568
f  2706 2825 1893
f  2987 297 1746
f  3239 3166 1220
f  39 87 2830
f  762 2163 409
f  612 1484 1255
f  1024 1283 752
f  3060 910 1362
f  1565 2383 998
f  1056 213 2228
f  2897 2940 1795
f  1274 840 776
f  2508 1798 1209
f  2392 719 2145
f  3116 1858 1434
f  1296 706 1299
f  919 3069 1109
f  112 2403 1947
f  166 2846 2067
f  1779 1519 2903
f  1992 3132 780
f  1759 458 317
f  68 861 1691
f  1988 2502 1469
f  1988 1369 3108
f  3283 3177 1611
f  2243 485 1703
f  901 1948 1101
f  2459 2335 1145
f  1951 104 1783
f  1746 252 2987
f  721 1590 2541
f  3105 2974 1910
f  913 2059 1214
f  1214 2782 913
f  2078 2007 2306
f  796 1579 2310
f  1548 2331 923
f  700 1104 897
f  2915 3030 858
f  2529 2652 1194
f  765 2398 3087
f  89 2186 1321
f  1216 3187 586
f  3130 878 912
f  749 976 3212
f  2546 189 21
f  1907 288 2183
f  366 532 1670
f  3165 3247 1566
f  2353 2200 793
f  880 2173 3265
f  2123 1258 3117
f  2312 1297 1522
f  2359 826 1119
f  1801 783 487
f  1991 3 1084
f  2874 1595 1084
f  2277 2370 3138
f  2882 2336 2848
f  2297 2809 2623
f  1001 1158 3119
f  1237 192 567
f  2629 781 784
f  1846 1006 1690
f  1208 1127 2440
f  375 2692 680
f  168 504 2224
f  287 1974 2223
f  464 2843 1195
f  2460 2595 37
f  1149 1328 3092
f  206 277 34
f  1665 2286 1027
f  793 842 2353
f  547 1565 998
f  2924 2483 2909
f  1993 337 2268
f  551 2993 3014
f  440 1150 2242
f  2189 289 677
f  2406 1404 2757
f  2651 1330 1637
f  1134 1109 1163
f  381 226 1353
f  3171 2498 2539
f  2548 679 2981
f  160 404 282
f  2672 2319 495
f  2303 1070 2681
f  3206 407 1513
f  2410 2582 1333
f  2739 2159 3026
f  3279 2630 1406
f  2668 1693 2663
f  1673 1168 1170
f  41 1884 507
f  1048 2887 436
f  834 418 1190
f  2122 2784 572
f  1998 744 2562
f  2473 850 759
f  1663 2213 2577
f  2401 211 2015
f  2426 1087 657
f  1682 2889 2918
f  2169 3133 1331
f  1393 464 2573
f  195 660 2321
f  2097 93 1356
f  1238 328 698
f  204 2629 2062
f  2058 445 3204
f  1662 898 1342
f  3084 3136 1674
f  2249 2187 127
f  3176 85 3197
f  1915 256 1348
f  2402 3055 429
f  2762 2832 1627
f  572 886 2717
f  3046 346 1418
f  2771 946 1122
f  2327 2260 2872
f  524 7 2747
f  1624 893 3235
f  3052 1461 3279
f  427 604 2432
f  195 876 1917
f  839 849 88
f  432 2388 518
f  2285 1710 2829
f  1012 1696 1032
f  1100 500 2066
f  2530 438 2796
f  948 1680 2730
f  3270 2925 664
f  3158 559 2358
f  3214 1850 2588
f  2908 1933 1817
f  1467 408 2222
f  796 2310 1001
f  818 1020 3206
f  2664 2773 3298
f  2435 1085 747
f  1693 1754 1795
f  428 2348 644
f  289 1767 881
f  1075 3322 1973
f  454 2975 158
f  1908 2 109
f  258 2653 2269
f  21 2719 2546
f  809 2931 2127
f  2177 505 2834
f  91 173 3186
f  3046 1418 44
f  56 344 637
f  771 2112 2911
f  408 3139 900
f  1843 2992 2775
f  1113 558 1285
f  3122 2567 1183
f  90 2008 1369
f  1410 419 726
f  3079 2523 2412
f  752 26 3097
f  1445 1177 199
f  95 2168 1515
f  2957 2492 2424
f  1665 2371 2476
f  1667 618 2144
f  774 573 1084
f  497 1267 927
f  509 3293 1021
f  735 1151 2689
f  1224 2836 2869
f  2161 1250 395
f  573 774 3136
f  1925 2041 1591
f  3164 1125 1762
f  2707 1990 822
f  216 2986 123
f  388 241 2731
f  2003 367 885
f  2876 386 1186
f  1276 2234 2208
f  1157 2876 1186
f  1846 148 360
f  2801 31 2520
f  1988 3108 606
f  1282 1471 1360
f  2316 502 12
f  760 3227 2156
f  2696 68 1691
f  928 2837 3021
f  1269 1701 1018
f  595 2084 2861
f  1146 2921 1049
f  2672 1179 681
f  560 3098 2363
f  1954 320 1571
f  643 1221 814
f  1553 2571 2794
f  1732 2438 3235
f  3210 952 1341
f  57 3088 470
f  3305 2398 765
f  1148 694 2785
f  1748 1999 2006
f  1058 3283 1942
f  2070 2969 2141
f  131 2642 86
f  3138 248 1268
f  2128 2655 667
f  456 2055 2457
f  2134 1747 1527
f  3112 356 1841
f  624 1199 1602
f  754 3000 2205
f  2776 2416 992
f  2661 1103 1292
f  1854 1534 938
f  3135 1385 2858
f  1538 414 1350
f  1679 2237 920
f  2507 1143 672
f  1339 447 3129
f  2232 2400 3300
f  1607 2087 2148
f  285 1427 2721
f  529 108 452
f  1467 3139 408
f  2701 1630 726
f  17 279 1153
f  3113 1765 15
f  2026 1476 768
f  3292 1728 2012
f  979 1039 2056
f  189 3132 1237
f  1072 675 2227
f  1033 2688 238
f  2587 1871 362
f  2983 531 1324
f  2833 2067 914
f  886 2740 1728
f  3094 683 3099
f  1736 412 2518
f  2543 1640 3056
f  2992 1858 2527
f  3199 2550 27
f  211 650 2015
f  72 613 2900
f  2427 173 3231
f  1917 1359 660
f  1416 2337 443
f  1411 1735 2551
f  2536 2325 751
f  961 754 1118
f  2139 2170 530
f  840 3111 2171
f  1306 2017 2563
f  132 518 2388
f  550 2700 1290
f  231 2971 2229
f  2400 2232 654
f  1789 2907 1015
f  1430 1699 2993
f  1453 2606 1975
f  350 984 2803
f  2815 1207 1616
f  3132 192 1237
f  2995 161 1683
f  329 2281 3268
f  1446 3285 2096
f  405 1694 2506
f  696 3257 1987
f  1081 1115 1658
f  1463 3174 3215
f  1350 2677 1538
f  1970 2127 1897
f  461 2067 2431
f  1411 2934 1735
f  20 565 1220
f  2035 830 2735
f  1931 544 1845
f  485 2243 2952
f  1709 2261 1939
f  305 328 1238
f  2493 1315 1233
f  1927 1018 1701
f  340 1565 847
f  287 2471 1370
f  2653 1053 2269
f  185 1038 532
f  197 1005 245
f  1198 585 2315
f  2382 1048 436
f  2976 2988 1907
f  1466 1745 362
f  819 1398 93
f  105 1904 1297
f  2265 2206 2124
f  2397 372 1054
f  5 688 2084
f  3084 418 1518
f  105 2312 1675
f  1385 2770 1927
f  3082 2585 684
f  1299 706 1507
f  1726 3276 531
f  784 781 848
f  583 1215 2236
f  906 677 289
f  523 3253 1912
f  396 846 253
f  1592 3195 1429
f  2918 2889 1525
f  1695 2147 2273
f  1136 1492 1785
f  75 1903 1962
f  447 1039 1970
f  702 119 2050
f  2949 2713 1928
f  2124 1248 2265
f  1730 1940 2848
f  2797 2857 2526
f  353 2471 411
f  2550 3199 716
f  912 2624 2822
f  1456 1730 32
f  3266 1368 1106
f  1057 2011 630
f  2054 3164 1762
f  1892 1682 2918
f  2678 2877 1720
f  1735 2537 2791
f  267 1058 1308
f  2421 620 1233
f  2687 2141 1947
f  3306 2162 456
f  293 1850 2376
f  618 2828 2144
f  1865 2267 2891
f  827 2785 694
f  1271 864 2608
f  2769 391 1570
f  2914 753 1147
f  1961 1887 2998
f  2656 2573 2279
f  1659 366 1670
f  3119 796 1001
f  2133 1449 775
f  2091 599 2264
f  798 1217 2874
f  2772 2456 2632
f  2391 2128 667
f  1227 295 1444
f  989 2101 944
f  855 1146 1049
f  2483 2924 280
f  362 1745 2754
f  1995 2444 2443
f  228 3102 2106
f  2688 1033 1584
f  370 1033 238
f  988 1724 40
f  2527 2775 2992
f  3054 2787 1212
f  2464 2191 3102
f  1215 583 603
f  627 182 2319
f  1232 236 2536
f  2258 182 455
f  692 1586 194
f  1187 1139 435
f  329 3268 1923
f  1052 286 563
f  202 1289 1657
f  1595 2874 1885
f  3133 2169 2061
f  571 1375 1112
f  223 882 2716
f  420 812 1564
f  496 3266 2386
f  2522 692 224
f  2834 1229 134
f  3054 2834 134
f  88 1632 839
f  210 1872 1548
f  248 2531 3118
f  3256 1669 2185
f  526 377 1802
f  2011 581 540
f  1831 1205 2525
f  963 99 775
f  1250 3310 3327
f  117 1063 3125
f  2225 272 808
f  3089 446 970
f  2013 1860 1880
f  2344 2766 1971
f  2121 220 1497
f  1350 2981 679
f  1288 1780 1384
f  824 1541 1036
f  1141 1272 2943
f  543 1261 2288
f  2315 585 1944
f  2025 2776 590
f  1223 3106 293
f  2934 2462 2537
f  2042 1984 2542
f  1501 2656 1446
f  1077 2092 3233
f  590 1392 1683
f  1709 1939 2078
f  938 1176 377
f  1775 926 2714
f  2162 2413 2055
f  923 1495 1548
f  1702 217 1237
f  3134 443 707
f  3144 2639 2613
f  3258 514 811
f  2010 1355 2322
f  2191 2106 3102
f  638 113 2084
f  3242 2021 1545
f  1069 1604 1247
f  1924 2487 1790
f  2370 3148 2531
f  3079 1993 2523
f  672 1034 2994
f  189 2546 1998
f  1071 274 2641
f  1473 845 2909
f  971 712 1481
f  2700 691 3168
f  1583 2067 2922
f  317 458 2286
f  3203 910 3060
f  1419 1285 558
f  1506 2367 2849
f  1024 752 3097
f  1651 1600 3141
f  717 278 1246
f  2469 1969 721
f  1969 1003 721
f  2494 1326 2954
f  995 2350 2114
f  2114 541 1151
f  447 1597 3129
f  253 904 2515
f  1414 2009 535
f  1490 2692 1452
f  2352 1447 1549
f  2055 456 2162
f  2394 2465 2413
f  589 3247 3165
f  2253 424 1426
f  1594 1499 2248
f  3112 3218 1474
f  854 2203 16
f  2072 2390 1977
f  2618 3179 3180
f  1417 3311 605
f  1972 1155 2739
f  479 3253 2491
f  3233 2418 1571
f  374 329 3320
f  102 2932 1926
f  3158 250 559
f  250 3080 559
f  2393 1080 1578
f  124 3300 685
f  2104 341 101
f  2507 832 2293
f  1179 2903 1519
f  1786 120 2892
f  1308 1058 665
f  1168 1201 1813
f  1833 539 3092
f  2740 2784 2165
f  1341 2302 2349
f  102 550 1290
f  1707 1489 1636
f  1873 1784 2649
f  267 1308 740
f  1306 1683 1392
f  1075 48 3287
f  1525 225 2918
f  1071 2066 517
f  2294 9 1592
f  910 536 1362
f  2471 2223 411
f  275 538 2882
f  1932 3128 877
f  2408 1981 2829
f  1699 1918 3154
f  1208 117 1127
f  1672 1481 712
f  3121 731 3157
f  2866 1907 2988
f  1201 2555 1589
f  2662 2533 1854
f  1482 2738 848
f  2910 645 3006
f  2816 3307 785
f  348 2201 3321
f  664 2925 1275
f  2303 3275 1898
f  2686 3202 80
f  273 611 3022
f  1139 2614 2396
f  2128 568 2655
f  2679 2622 3120
f  2801 1581 2266
f  2553 3193 3244
f  151 244 758
f  935 1263 1754
f  1564 1717 276
f  1947 2403 2687
f  2007 2078 1939
f  1706 1458 2454
f  3148 2370 528
f  1851 1473 3242
f  1267 3294 927
f  2583 1412 2236
f  1192 2753 1031
f  2299 1717 2324
f  2073 1521 1573
f  1434 1039 2853
f  3194 2658 2869
f  2526 997 2085
f  2686 2722 3200
f  2966 1822 834
f  1540 1305 1050
f  2605 2806 1662
f  784 2062 2629
f  2865 1344 768
f  2996 1203 2036
f  633 2731 2778
f  3261 2168 95
f  1673 2555 1168
f  1299 425 2109
f  877 1148 1932
f  3130 2822 2717
f  1103 1291 1292
f  1166 198 807
f  699 1756 612
f  3180 542 2618
f  206 484 1874
f  2898 3177 3283
f  1908 109 2706
f  327 1354 2513
f  1147 570 3156
f  1783 2710 281
f  1523 2377 3268
f  2043 2422 3283
f  1572 1477 1536
f  2481 2947 1091
f  387 323 1886
f  1882 85 566
f  2846 1526 914
f  1638 562 3121
f  3203 3062 1486
f  1707 35 1489
f  2400 685 3300
f  2865 2146 2389
f  1989 142 2545
f  2016 1135 1515
f  1752 3222 2555
f  2667 1183 1215
f  2261 2503 1664
f  2867 238 1875
f  1324 531 3276
f  1441 2790 2818
f  3287 871 676
f  1880 966 2013
f  993 2731 241
f  883 2889 766
f  1910 2974 1782
f  1207 1360 1471
f  2453 714 2964
f  983 724 2903
f  2397 3263 18
f  1350 679 3249
f  1905 1014 302
f  857 2868 627
f  1833 2960 78
f  1008 945 2230
f  1287 945 2179
f  939 62 3126
f  2676 2200 1733
f  1887 552 2317
f  1486 2990 1613
f  91 3186 1188
f  369 901 2703
f  1907 2979 2624
f  1048 2382 1688
f  1960 2910 3006
f  2584 2455 1035
f  1526 2617 1040
f  960 1509 992
f  1090 2849 1262
f  536 910 2186
f  3325 2332 1714
f  1506 214 2367
f  1919 859 2988
f  1978 301 1889
f  1525 2889 982
f  1403 1262 29
f  2715 733 1387
f  1691 861 3197
f  64 452 1726
f  3063 929 2915
f  926 958 1719
f  3199 1861 716
f  2356 310 1424
f  2000 2308 1100
f  1709 582 890
f  2764 3098 2241
f  2478 3065 2863
f  582 3208 309
f  1155 2159 2739
f  2387 2721 986
f  1532 1412 2594
f  2217 631 828
f  1755 3252 63
f  2641 2000 1100
f  2588 3106 2329
f  1852 177 3032
f  372 472 1054
f  773 2228 213
f  3243 3219 2040
f  2187 2249 2885
f  2074 2882 2848
f  704 519 1405
f  465 1341 865
f  1824 2773 1013
f  396 2823 3196
f  1127 117 3125
f  3132 1992 2966
f  1731 1916 2974
f  254 2341 169
f  1895 2126 1712
f  2225 808 2673
f  185 816 2684
f  1896 1836 1679
f  388 1909 241
f  3126 62 756
f  150 1536 703
f  621 2165 2971
f  1154 1382 1263
f  3014 508 2164
f  1378 1541 824
f  562 3230 3251
f  3048 2212 469
f  1678 1861 1373
f  1871 3273 1278
f  3010 2880 2825
f  2887 228 1530
f  884 2951 2643
f  2014 2005 2995
f  3111 2200 2676
f  2880 1935 2825
f  3195 125 3182
f  1551 2434 988
f  2745 2884 2865
f  533 61 1030
f  1417 2424 2737
f  2404 422 1547
f  1931 962 1390
f  2161 2678 481
f  2328 3097 608
f  3164 703 1125
f  3134 422 2404
f  1482 2252 1799
f  857 2372 2868
f  1668 31 2718
f  1793 2441 1239
f  3157 523 1172
f  2314 3100 2204
f  193 1312 3332
f  2063 3039 514
f  2625 833 2590
f  1920 1160 2558
f  2436 505 2177
f  602 918 1379
f  150 42 1585
f  991 150 1585
f  3050 2964 2116
f  437 1864 421
f  1165 620 1123
f  1300 2941 1122
f  2071 1117 2921
f  1372 3077 1381
f  434 1954 897
f  114 2626 3028
f  3068 1584 3058
f  601 2118 475
f  1705 380 458
f  1244 2683 263
f  1396 2099 1235
f  2654 880 2797
f  916 350 2803
f  3307 120 3167
f  2739 3026 2514
f  978 1222 1397
f  726 2345 2701
f  1709 403 2261
f  567 1702 1237
f  1226 2469 721
f  1552 2718 2406
f  1672 2154 1235
f  149 415 1943
f  1139 1016 1560
f  2038 505 2436
f  2682 3183 568
f  2464 1181 2191
f  3125 2517 389
f  1436 3015 1551
f  1125 2250 1762
f  1696 2777 1577
f  69 672 1431
f  3219 748 2040
f  1203 453 868
f  2598 3085 1129
f  1283 1285 2601
f  1401 474 1422
f  1429 269 1592
f  3175 1682 1892
f  1400 769 480
f  2835 1305 2851
f  2081 1225 959
f  2718 31 2266
f  548 3023 1652
f  2929 352 1391
f  3182 125 1484
f  2013 966 1987
f  2955 2532 1478
f  2932 102 2468
f  2921 1146 2071
f  128 2071 764
f  2331 2050 2048
f  2380 384 2868
f  393 451 2330
f  2387 1559 1402
f  1674 697 207
f  623 2232 1623
f  2452 2070 1096
f  3243 1073 3219
f  2709 1492 214
f  2252 848 781
f  3229 3022 611
f  1748 2006 1413
f  1624 908 893
f  1833 78 1269
f  460 674 232
f  1079 1870 444
f  1429 1455 1303
f  2908 3162 2351
f  366 2485 2065
f  1560 175 2614
f  288 1907 2866
f  130 2136 393
f  1485 1197 2844
f  2012 2029 2385
f  2243 1204 2883
f  1775 2714 511
f  674 460 2991
f  50 1687 2190
f  1692 606 2214
f  1310 2494 2347
f  2866 2379 1173
f  1992 780 489
f  2663 952 2668
f  3042 148 1846
f  433 3094 2680
f  1071 1100 2066
f  1282 1698 1471
f  1326 1310 2972
f  2466 2883 2764
f  2077 60 1479
f  2724 3098 2764
f  3266 496 2597
f  214 1506 2711
f  1533 2662 1811
f  1915 1348 2557
f  55 2536 751
f  3011 2580 1337
f  815 1810 2402
f  49 1413 1068
f  2694 52 2989
f  1204 1703 1549
f  1307 380 887
f  2079 736 882
f  70 1986 915
f  248 1386 1268
f  2051 889 2354
f  2421 2240 1753
f  1995 891 1635
f  3323 1278 3273
f  1170 965 1338
f  3185 1230 451
f  996 426 871
f  571 1112 2172
f  1980 184 1557
f  3193 919 3244
f  3327 1894 3033
f  1337 71 417
f  1119 811 2341
f  2352 1196 1674
f  2867 338 1835
f  1931 1845 91
f  2194 736 2079
f  32 1964 3002
f  2408 2829 767
f  2121 2567 2251
f  682 402 3038
f  2354 2337 1416
f  3157 1638 3121
f  2659 822 1029
f  1056 875 2616
f  1514 609 2939
f  2077 1935 3190
f  961 2101 3234
f  1404 830 2035
f  1559 299 65
f  612 1429 1484
f  1000 761 196
f  3150 313 2346
f  3181 3251 3230
f  1824 1013 3272
f  2957 1679 920
f  513 1094 804
f  1184 961 2360
f  2391 3191 490
f  1212 2787 1546
f  92 2788 777
f  2860 49 474
f  3130 1884 878
f  1569 278 2175
f  1276 2208 1509
f  717 444 2982
f  2993 551 57
f  443 2337 889
f  2288 1261 896
f  2121 2905 220
f  444 1279 1142
f  1809 1564 921
f  931 964 261
f  1440 1773 1157
f  688 2991 1265
f  2670 906 289
f  2491 731 999
f  1517 2171 2676
f  349 1586 2091
f  430 683 2207
f  905 3220 2405
f  440 2242 1126
f  344 1317 1302
f  1593 2759 876
f  852 626 2811
f  3272 1189 1141
f  382 1298 2399
f  1134 517 2066
f  1888 1971 787
f  1221 2218 1206
f  1840 3325 1714
f  1867 2958 937
f  1649 1097 2264
f  2135 302 2695
f  3153 2193 1823
f  637 344 639
f  2057 954 724
f  283 3321 2201
f  461 527 1420
f  2446 1366 2623
f  2623 3107 2446
f  933 2414 3258
f  1595 1885 2375
f  1497 220 1982
f  1132 2808 2809
f  1317 2802 1302
f  2723 1963 428
f  2055 2465 2457
f  2381 2638 2930
f  1930 2389 2146
f  2212 3048 1408
f  145 2224 2226
f  140 243 3218
f  1921 2704 1060
f  757 2902 2927
f  2152 1448 1882
f  724 954 3124
f  1928 2713 1192
f  2245 1942 1599
f  2518 229 608
f  1320 1130 933
f  1939 2261 1468
f  2480 1579 2424
f  254 2862 38
f  337 1993 2291
f  961 2147 1695
f  3034 962 2320
f  141 87 350
f  75 1962 22
f  731 2491 3253
f  2186 1486 1609
f  1321 1609 1869
f  655 3051 2793
f  2634 323 387
f  1878 1832 413
f  2318 1751 2660
f  1090 3248 3020
f  1964 32 2277
f  1763 2727 1282
f  2928 2809 2808
f  1577 1032 1696
f  3017 1816 480
f  409 2163 3183
f  1260 1401 1422
f  1111 116 297
f  705 1544 340
f  963 1298 382
f  991 2985 1536
f  3049 3048 987
f  3238 658 199
f  2293 1149 3037
f  433 2160 783
f  2375 1885 172
f  2829 1981 577
f  2117 1218 1285
f  1240 1500 316
f  1535 2095 1152
f  2874 1084 3
f  573 1991 1084
f  1173 288 2866
f  3247 940 748
f  556 2545 1807
f  1378 2556 1844
f  973 2214 606
f  1362 536 2647
f  882 3028 2079
f  403 1745 1466
f  1188 126 1760
f  2411 44 2521
f  553 1748 2173
f  1804 2542 2165
f  570 1547 3156
f  1316 770 1704
f  1980 2266 1581
f  2365 1966 439
f  516 1635 2559
f  769 891 1059
f  1889 1336 1978
f  251 1759 317
f  737 1409 1577
f  2314 3070 315
f  2384 933 1130
f  1094 1829 533
f  3313 1597 1897
f  2728 1937 220
f  941 2296 1965
f  2675 2169 1331
f  179 2064 2519
f  3277 3006 645
f  3040 1976 1629
f  2395 3090 2652
f  1842 3062 3203
f  830 1980 2735
f  2683 779 2535
f  45 3012 2376
f  1346 2668 952
f  3121 584 999
f  1089 1600 2461
f  2568 2751 2483
f  2989 1807 2545
f  2179 1008 2178
f  2639 1010 2386
f  2264 977 2093
f  2843 640 3045
f  1650 3164 2054
f  1973 1174 2766
f  2398 3314 1437
f  623 1623 2947
f  2449 1328 972
f  1901 3229 611
f  110 1527 1747
f  3095 660 1359
f  2014 400 2005
f  1761 791 1642
f  717 2554 265
f  1215 1982 3019
f  2658 3194 1137
f  1725 2745 2389
f  1757 261 964
f  2510 79 132
f  1865 2905 994
f  2586 1370 864
f  2750 2803 3333
f  687 1733 2008
f  756 905 915
f  2927 580 267
f  2977 1323 118
f  2222 649 3178
f  1816 3017 689
f  2487 917 3067
f  2649 137 2271
f  2588 3308 3214
f  81 3194 2869
f  1152 2619 2636
f  3332 1830 1676
f  2094 2596 1091
f  1153 2990 17
f  2394 983 2903
f  3082 2307 2621
f  1376 1199 3234
f  400 745 1562
f  2384 2256 2561
f  2564 2053 1938
f  2612 680 1792
f  1162 1245 2365
f  1461 1952 2630
f  2482 1863 188
f  657 2738 1482
f  1239 607 1959
f  2772 2056 358
f  2490 3016 154
f  3144 1568 2790
f  418 1196 167
f  1277 1615 2138
f  629 1772 589
f  566 2481 1091
f  1956 1807 2746
f  694 1148 877
f  530 761 2139
f  2071 1621 922
f  3273 29 3323
f  429 1538 2300
f  1786 2499 3129
f  991 1536 150
f  3114 3131 3309
f  482 3221 923
f  629 589 40
f  1830 186 602
f  2779 2593 2046
f  3022 312 273
f  1242 714 3282
f  2525 1493 3216
f  3216 1831 2525
f  275 2074 2072
f  196 1603 1000
f  1000 1603 2694
f  52 1603 3206
f  3192 1476 1213
f  821 874 2577
f  1369 1988 90
f  2871 943 2254
f  391 1496 1570
f  2314 315 3137
f  688 2532 2084
f  1183 1345 3122
f  1104 3122 1345
f  2348 1963 1617
f  2824 2522 339
f  1362 2647 615
f  2524 1076 1425
f  3242 2287 1851
f  2486 1780 1760
f  766 2812 576
f  946 2523 949
f  2104 1193 341
f  1381 2149 2034
f  3174 1511 673
f  700 1571 2418
f  1111 2288 3290
f  1187 260 1016
f  1566 986 3165
f  3325 234 3226
f  207 3098 1447
f  1270 1634 2476
f  1904 105 169
f  2331 1872 2050
f  2940 2790 695
f  682 3326 2893
f  2148 847 2744
f  1584 3068 2688
f  1052 26 2601
f  3260 1420 527
f  1600 1651 1284
f  764 836 128
f  2365 2732 3093
f  2537 2462 2879
f  3039 2063 1355
f  3284 2566 654
f  1209 3193 1989
f  1103 737 1577
f  478 3083 83
f  581 2642 540
f  2389 2081 1725
f  1411 1462 10
f  3075 452 953
f  3198 3019 305
f  2307 3082 684
f  1708 2599 3140
f  2382 436 2836
f  2817 319 2456
f  2416 2025 1718
f  2185 2644 1813
f  2922 2067 1920
f  2260 651 2020
f  2871 708 557
f  1801 1245 797
f  1148 141 1932
f  3204 802 2648
f  576 1248 588
f  189 1237 21
f  622 649 2068
f  1904 661 1297
f  1320 1119 625
f  1789 2444 2907
f  1 3287 2863
f  3072 2042 790
f  1218 1113 1285
f  3203 3178 1842
f  3013 1021 2166
f  1865 2284 2476
f  2197 868 47
f  2506 1694 1901
f  169 514 3039
f  1027 3315 2439
f  2205 1118 754
f  2188 810 263
f  1687 183 2190
f  2406 2718 1980
f  959 1725 2081
f  2664 2535 2773
f  1947 1929 1072
f  2334 454 36
f  91 2697 2602
f  1426 2916 2253
f  1718 667 2416
f  52 442 2746
f  616 1757 1131
f  1404 2035 592
f  391 997 2220
f  2459 1145 1961
f  492 3158 3241
f  306 3141 3275
f  367 435 2082
f  348 273 2201
f  430 2207 2985
f  2965 1430 2292
f  2580 186 71
f  3110 3059 3183
f  1969 2469 427
f  1146 1025 764
f  1146 764 2071
f  499 2798 773
f  1522 2591 2312
f  570 1654 2107
f  1711 614 395
f  2847 2065 2485
f  3111 2676 2171
f  2585 2044 2438
f  100 2080 2312
f  2453 2964 1332
f  1757 616 2986
f  379 821 3145
f  2266 1980 2718
f  1211 3178 255
f  3167 319 2817
f  3324 707 2840
f  1982 220 1937
f  3293 333 2166
f  233 2295 2737
f  2790 1441 3144
f  1234 1193 2841
f  1537 2736 23
f  1703 1204 2243
f  445 2058 1260
f  438 1304 1744
f  1713 2451 3201
f  2802 1317 2898
f  1563 1770 3226
f  1564 1809 1717
f  2168 2984 2016
f  598 723 801
f  3091 1644 518
f  2408 767 411
f  2390 725 1977
f  2678 2161 3264
f  2379 2866 859
f  3074 23 2736
f  628 2726 3274
f  1964 1346 3002
f  398 2199 501
f  842 1666 2353
f  2847 2485 1659
f  2313 1803 53
f  1872 210 3232
f  1737 2187 299
f  2355 1277 2276
f  1494 1079 265
f  2073 3237 732
f  2509 1867 1866
f  2165 2229 2971
f  1852 1964 177
f  1185 807 2661
f  618 1854 2828
f  2323 2011 2334
f  338 2138 1835
f  2325 2536 236
f  2374 2325 236
f  2234 3277 1362
f  703 3164 150
f  719 1106 1368
f  1451 61 2600
f  85 3312 1691
f  2177 462 2436
f  2643 578 2805
f  1336 2643 2805
f  546 1086 2968
f  438 1744 1200
f  298 1488 529
f  675 1072 1929
f  1968 2956 303
f  2806 1171 898
f  1205 1831 1068
f  1824 1032 1409
f  255 1114 1211
f  1439 878 1273
f  526 1802 2158
f  1040 1542 3297
f  2174 1351 1919
f  1973 2766 2863
f  1796 1494 2666
f  97 1647 2489
f  2852 1353 1286
f  835 2859 725
f  1593 2228 2886
f  2730 2065 948
f  151 2990 1153
f  2067 2833 2838
f  1374 1088 587
f  1347 2247 2369
f  1977 275 2072
f  592 2035 2274
f  3231 2549 2427
f  2052 520 1099
f  1483 1491 1340
f  1754 1902 935
f  1293 1408 3048
f  2551 1462 1411
f  1196 2352 1549
f  2154 1672 2828
f  2164 344 56
f  389 1127 3125
f  1682 2279 766
f  3193 2553 1989
f  1343 1598 1261
f  3159 1456 3002
f  1908 2780 1523
f  1101 1357 3001
f  921 1744 1155
f  471 3269 3306
f  334 3070 1337
f  2616 1723 1556
f  3024 3315 1955
f  2195 1313 2257
f  670 2397 1054
f  999 1771 2491
f  2973 1002 2496
f  3313 934 1597
f  1594 374 3320
f  1194 1945 874
f  2043 3283 1058
f  812 420 273
f  2809 2297 1913
f  1329 186 1158
f  545 1460 989
f  3184 550 102
f  94 396 1547
f  2915 2250 1686
f  485 2952 1768
f  1718 2025 486
f  1042 2103 338
f  884 1878 1321
f  2563 1423 342
f  2718 1552 1668
f  1502 820 1270
f  2657 1669 1637
f  1905 1848 899
f  232 502 2316
f  934 3129 1597
f  1691 3197 85
f  2553 3244 3278
f  3324 967 3156
f  2695 1460 545
f  1456 1940 1730
f  1065 491 2963
f  1664 2703 1468
f  194 3289 692
f  39 711 441
f  1774 526 2635
f  910 1486 2186
f  2099 1396 1750
f  2413 1701 1269
f  3090 2395 463
f  898 2748 2852
f  370 1835 1615
f  2433 2283 1428
f  2540 1966 2551
f  1435 3286 3330
f  2394 3078 1102
f  2965 746 2702
f  129 2181 2942
f  1551 2868 1436
f  2983 1338 2574
f  99 2635 775
f  682 684 1487
f  1322 663 1375
f  2834 505 316
f  3241 3270 492
f  2107 1654 3261
f  2628 1843 2775
f  2837 2732 2879
f  2476 2245 1865
f  492 664 851
f  2978 810 2188
f  57 551 144
f  2898 1317 1066
f  2554 298 3317
f  1512 314 1969
f  3305 1555 2210
f  956 349 1300
f  2655 2842 2660
f  119 3123 2048
f  2653 2290 1053
f  1212 1546 788
f  2114 945 1287
f  3283 1611 1942
f  2203 813 1751
f  2912 1859 3009
f  2784 1340 2165
f  870 1301 2609
f  2559 2693 1062
f  1740 1493 3319
f  1234 1983 1193
f  2848 290 2049
f  290 2517 2049
f  30 174 1516
f  1712 110 3318
f  738 805 2425
f  363 236 1232
f  2052 2544 502
f  1448 2152 1463
f  361 2946 1407
f  714 1242 3278
f  2453 13 714
f  249 2278 1657
f  2029 2012 2570
f  880 3045 2173
f  1399 792 3142
f  143 3239 1301
f  1836 3253 1093
f  1399 3172 792
f  3134 205 1946
f  2490 2131 3016
f  1254 398 3254
f  2467 2123 2720
f  2062 829 1528
f  1853 2364 2388
f  2996 1092 745
f  2459 1271 2608
f  703 1477 1641
f  465 865 3117
f  2910 1960 2002
f  2663 325 2349
f  1549 167 1196
f  575 2559 1867
f  3244 2116 2964
f  2368 1959 607
f  1701 2413 2162
f  419 3255 1864
f  2794 900 1275
f  1356 93 1450
f  2940 2897 2790
f  742 3159 2800
f  1737 2387 986
f  331 1045 3259
f  2513 1847 2926
f  1343 2225 2673
f  2821 2762 3091
f  684 311 2307
f  3112 1066 356
f  2328 608 229
f  1950 3061 924
f  2251 2216 2121
f  3144 2756 1962
f  1186 2194 1922
f  2842 2335 2132
f  1231 3088 57
f  991 2742 430
f  1205 1068 201
f  24 2621 2361
f  2195 2257 3248
f  2505 1999 1748
f  1516 2551 1966
f  1015 2907 2509
f  2379 859 2945
f  2970 1389 1696
f  20 2550 202
f  1873 1888 1784
f  3326 2453 678
f  2146 743 2155
f  1151 735 903
f  2729 397 3116
f  337 2291 138
f  1978 400 2014
f  767 1128 411
f  1161 1246 587
f  2151 2430 1467
f  830 1404 2406
f  2108 179 1004
f  1099 520 653
f  2627 1959 2108
f  791 1722 2774
f  990 3013 1128
f  1020 2894 442
f  2558 2922 1920
f  2296 1643 2673
f  803 789 1384
f  988 40 3165
f  3020 1506 2849
f  2016 51 985
f  1303 1508 1768
f  1395 1424 1070
f  1022 2781 3294
f  3091 2762 1627
f  45 2711 3020
f  2424 1417 2953
f  249 1657 1289
f  251 2233 2088
f  206 2450 484
f  2804 1681 2373
f  2349 2302 2663
f  76 1672 2099
f  3284 654 2269
f  2815 1399 3142
f  2994 736 1431
f  422 3134 3324
f  1588 698 328
f  700 897 1954
f  2842 976 749
f  958 926 1365
f  3081 363 1790
f  1214 3006 2512
f  1537 2213 1663
f  102 1926 126
f  2010 413 1355
f  1615 1835 2138
f  1276 813 2512
f  1115 1081 1117
f  1149 2763 3037
f  2950 2022 1619
f  324 428 2768
f  702 2050 2611
f  3027 1312 2970
f  1757 2757 1404
f  1866 2870 2196
f  2775 2527 397
f  2251 2133 775
f  370 203 1083
f  3328 2776 2362
f  925 1470 2380
f  788 2288 896
f  1724 2434 3015
f  2754 890 2458
f  3237 1759 1428
f  2062 2738 525
f  3053 1035 1481
f  952 3210 1346
f  3067 917 770
f  1802 909 820
f  983 2394 1102
f  2365 345 1966
f  1359 316 1500
f  622 2068 2437
f  1898 3141 1600
f  3286 1435 630
f  174 1618 3281
f  2629 1061 2778
f  1315 2723 2240
f  2700 3168 1290
f  339 2522 224
f  1100 2308 500
f  2298 1876 360
f  3050 500 2308
f  1590 2823 1814
f  2823 2515 1814
f  2955 2263 1433
f  3233 3205 617
f  3329 2789 613
f  120 106 3167
f  1452 2447 3309
f  1629 1311 2675
f  754 961 1695
f  2960 2968 1928
f  2667 2944 434
f  510 3161 1949
f  3309 2720 1452
f  1163 3069 1859
f  3200 3101 1295
f  2894 1515 2691
f  862 2439 3317
f  2289 378 2477
f  1669 2171 1517
f  841 1208 3170
f  314 1512 2827
f  2658 1137 1689
f  1380 2273 2411
f  1247 1107 584
f  2740 853 1728
f  1568 2613 2429
f  258 861 2653
f  2734 2781 1363
f  1011 2533 2681
f  1854 1011 1266
f  2645 1994 2752
f  2603 1660 1953
f  398 1254 2878
f  867 3188 2472
f  3245 1210 3037
f  817 2409 1842
f  1274 2444 1789
f  3135 3245 2770
f  3113 15 1532
f  2301 3211 2242
f  1138 1685 2514
f  1979 2780 593
f  1647 972 1328
f  497 1994 2645
f  1086 546 1684
f  2901 1075 2037
f  2425 2017 1392
f  2053 1816 1938
f  2429 695 2790
f  1732 3235 893
f  1216 98 2844
f  1494 1796 1520
f  1983 1697 2978
f  1670 2547 1619
f  2050 119 2048
f  166 1420 580
f  2830 1028 799
f  2727 1448 3215
f  144 551 56
f  1594 3104 1499
f  1779 2903 3124
f  1101 1948 1191
f  3155 2960 2342
f  3064 1788 2213
f  1742 3288 1475
f  519 416 2599
f  2964 3278 3244
f  201 2569 24
f  898 1662 2806
f  2559 2958 1867
f  3011 110 1747
f  120 1786 3129
f  1385 3269 471
f  2069 1220 565
f  2750 3333 1319
f  2411 3046 44
f  161 3191 1718
f  2960 3155 2968
f  3314 1167 1437
f  1273 799 510
f  2481 3176 2269
f  1801 1050 783
f  1815 1082 1818
f  327 2926 2422
f  748 597 343
f  2885 3299 2082
f  2361 274 24
f  2200 3111 1472
f  2449 972 1773
f  2628 2936 2299
f  52 2746 1807
f  2378 2629 204
f  260 2350 643
f  2565 2473 1172
f  2237 111 920
f  2198 1632 88
f  1105 629 1769
f  250 1953 3080
f  2835 2851 3096
f  601 436 1790
f  1240 1557 1504
f  3214 2031 2019
f  2632 319 2373
f  1383 2309 1426
f  2688 675 2270
f  2513 2926 327
f  436 601 2836
f  2779 1146 855
f  462 2735 2436
f  522 2995 1683
f  3228 789 1454
f  1681 3169 1970
f  1006 2969 2070
f  820 1634 1270
f  123 677 2262
f  1836 2237 1679
f  117 1208 841
f  240 2247 2085
f  301 1978 2014
f  2917 3238 199
f  3302 1587 1390
f  2622 668 827
f  2073 1573 2855
f  1509 1751 1276
f  344 2164 1317
f  3227 3226 2156
f  671 92 777
f  1169 1185 3077
f  3105 1910 693
f  1733 1369 2008
f  2653 2505 2290
f  2804 2929 1391
f  2373 1681 1970
f  1464 512 763
f  3280 3133 2061
f  2901 968 1075
f  2696 1691 2235
f  2234 615 2208
f  84 2775 397
f  648 2642 581
f  31 3302 1390
f  2597 2617 1776
f  525 2738 1087
f  107 1490 646
f  2375 1405 1708
f  2603 1467 2430
f  1800 2477 581
f  1410 1064 354
f  2915 569 3030
f  3074 2278 23
f  436 1924 1790
f  2607 653 2095
f  2736 1537 1663
f  2289 1289 104
f  96 1264 1987
f  1092 2996 2646
f  207 1447 1674
f  270 2108 2368
f  1812 691 2700
f  3170 3117 1258
f  251 317 1395
f  2688 3068 2839
f  2708 468 197
f  1851 845 1473
f  1876 2298 2888
f  1771 999 2778
f  3198 2583 3019
f  293 2588 1850
f  1829 658 3238
f  1311 1629 336
f  1437 1167 124
f  1161 1113 1488
f  2707 739 221
f  2394 1625 2465
f  3298 1409 101
f  1324 2105 2983
f  1206 3247 814
f  2769 3172 2967
f  1705 3237 887
f  1676 46 3332
f  2585 1487 684
f  2161 481 2295
f  855 692 2779
f  1471 3174 673
f  753 2914 594
f  1977 2859 1571
f  2293 1377 2507
f  403 1466 437
f  1921 503 2035
f  1257 2115 2044
f  1339 2853 447
f  849 3225 88
f  2530 242 2511
f  322 3061 1950
f  2570 853 621
f  1269 1018 1833
f  2931 809 2873
f  1599 3177 2267
f  1439 2428 878
f  400 1677 745
f  7 1694 2747
f  2915 1762 2250
f  1579 233 2737
f  3104 1743 1499
f  1017 2493 1159
f  1180 1017 1159
f  1358 112 2900
f  2706 3207 2780
f  1881 2195 3248
f  3087 1749 264
f  3000 754 1695
f  2972 1310 2182
f  178 2212 1803
f  1881 2674 1311
f  52 1807 2989
f  85 1882 3312
f  3254 670 693
f  284 145 2679
f  1949 2174 1439
f  3055 2402 985
f  682 893 844
f  2749 2230 945
f  3297 1542 1862
f  2513 744 1820
f  1624 3235 1721
f  3116 2853 1339
f  140 3218 1925
f  866 2620 809
f  1213 1503 3192
f  2490 788 896
f  3202 2754 2458
f  3210 3159 3002
f  1460 2695 1014
f  3291 3256 1589
f  417 1189 3272
f  1221 1206 814
f  132 2388 839
f  2722 1403 3200
f  1575 2193 3153
f  182 3008 495
f  1440 1157 1922
f  985 1810 2075
f  76 160 2133
f  3008 197 245
f  2260 2327 2890
f  920 111 1197
f  1614 2026 768
f  2542 1984 2109
f  648 2605 86
f  1644 2783 2581
f  3117 646 2123
f  115 1791 1721
f  1541 2564 650
f  3185 2192 1230
f  6 59 854
f  239 33 2259
f  2381 2196 2870
f  2141 1929 1947
f  1337 3070 3011
f  2464 1827 1181
f  2814 1857 2795
f  983 2057 724
f  318 2408 411
f  1494 265 1653
f  2251 2567 1672
f  994 2216 1502
f  3188 867 3187
f  384 926 2868
f  2244 2746 442
f  2844 2209 1485
f  116 595 2861
f  2022 2950 159
f  2074 2049 1083
f  556 1989 2545
f  2779 692 2522
f  1819 1933 1610
f  1817 3162 2908
f  2705 2497 3098
f  2696 3082 2621
f  761 1000 215
f  1507 2516 268
f  519 1708 1405
f  151 1967 1613
f  831 2282 662
f  123 2986 2189
f  2598 3081 1790
f  747 1085 3328
f  2268 2523 1993
f  174 2742 1618
f  2644 554 1813
f  1828 1815 1818
f  287 1370 2586
f  1596 633 2778
f  3137 315 2839
f  1495 210 1548
f  118 2702 746
f  2777 1291 1577
f  46 1676 1505
f  1754 1693 1902
f  1218 1996 440
f  3176 2481 566
f  3170 2923 841
f  3275 3141 1898
f  1941 2776 3328
f  1853 432 1478
f  410 1855 3264
f  1859 1626 3009
f  2095 1535 1826
f  2999 1087 3149
f  699 3243 2040
f  1147 753 1722
f  2236 1412 542
f  781 2629 1029
f  2892 120 3307
f  822 1990 2252
f  1450 1398 1335
f  2499 1786 1479
f  1880 3010 2215
f  2240 2421 1233
f  318 472 2408
f  472 1156 2408
f  739 3288 221
f  2625 2590 1688
f  2625 2111 3076
f  218 2456 2772
f  1123 1848 1905
f  74 3041 295
f  1719 2868 926
f  2725 726 419
f  2785 635 1148
f  1287 2179 2178
f  1457 1230 2192
f  409 3059 381
f  1897 1597 447
f  293 3106 2588
f  1900 1290 1556
f  1178 3086 3072
f  1410 351 1064
f  1473 2909 794
f  1562 1092 1394
f  2319 2672 681
f  1301 870 930
f  96 1987 966
f  946 2771 2523
f  908 1624 3249
f  3321 564 1738
f  2053 171 466
f  3330 3286 559
f  1854 618 2662
f  840 1472 3111
f  2290 640 1053
f  3058 1584 3042
f  1516 3099 30
f  1463 3215 1448
f  855 1049 599
f  2876 1157 1773
f  2019 2711 1850
f  1821 1700 636
f  1164 1477 1572
f  262 755 521
f  86 2642 648
f  2685 3084 152
f  3011 3070 2314
f  1592 269 2294
f  2618 542 1765
f  122 1874 1498
f  1950 3152 2679
f  988 3165 2721
f  2961 3034 2320
f  3122 1104 2455
f  1912 3253 1836
f  1749 1808 284
f  1035 3053 2584
f  2595 387 37
f  44 470 2521
f  446 2516 1507
f  1801 1966 345
f  1138 2514 2281
f  866 2127 1970
f  2677 1350 3249
f  3214 3308 696
f  2772 729 794
f  602 186 1329
f  815 2814 555
f  2928 2106 2191
f  1561 67 977
f  3072 790 225
f  1561 1097 2933
f  2673 1643 1343
f  2471 353 1370
f  3136 697 1674
f  699 940 1772
f  41 2999 3149
f  1921 2035 2393
f  889 707 443
f  328 1982 1937
f  624 3289 2360
f  439 2732 2365
f  536 2435 2647
f  1605 1019 2325
f  2674 1881 80
f  1624 1721 1791
f  375 3153 3309
f  3159 3210 1341
f  1326 2297 2954
f  1646 2320 789
f  954 2396 3124
f  1859 2962 1163
f  3051 655 913
f  2378 1375 571
f  1889 1522 1297
f  847 2148 2087
f  319 3167 106
f  976 2163 762
f  3047 2733 74
f  599 2091 855
f  3292 2012 2385
f  370 2867 1835
f  700 1954 1571
f  521 755 2354
f  2027 2028 321
f  2327 1361 2890
f  3033 1711 3327
f  1285 1419 2601
f  748 940 2040
f  300 2108 1004
f  1867 1309 1866
f  612 1255 3243
f  181 2788 720
f  2782 1078 800
f  3107 1181 2446
f  1179 1625 2394
f  1524 23 2278
f  644 2348 3025
f  944 2205 2669
f  3015 1719 958
f  2242 1150 2301
f  925 1794 798
f  2196 1015 1866
f  862 1934 1308
f  1917 1229 1359
f  561 1636 1044
f  2693 1635 891
f  1512 407 2827
f  920 157 2957
f  2451 3083 881
f  1504 1557 2253
f  1644 432 518
f  2123 1452 2720
f  391 136 997
f  3262 1779 498
f  1757 592 2274
f  2133 160 1449
f  1155 1972 921
f  767 2829 1710
f  3006 2059 1960
f  3239 266 2538
f  1328 1574 1647
f  3307 2817 785
f  2381 2870 1438
f  416 560 2363
f  2674 2675 1311
f  737 987 469
f  2744 200 2340
f  1540 600 1305
f  1736 608 2881
f  439 2791 2732
f  749 1145 2335
f  2210 2398 3305
f  1139 2396 435
f  2581 432 1644
f  334 779 2683
f  1712 3318 613
f  2247 1347 2085
f  305 1238 1474
f  2046 1753 1806
f  1249 3041 2320
f  2016 955 1135
f  2504 2748 898
f  1255 125 9
f  2617 2597 496
f  2885 2592 2713
f  912 2428 2174
f  2502 1325 1334
f  1048 2464 2887
f  1137 3267 1777
f  1689 1137 1777
f  1825 2965 2292
f  2279 1682 3285
f  306 2631 3141
f  1981 1633 1120
f  1663 2238 2736
f  2120 368 957
f  3078 2394 2413
f  1283 1996 2117
f  2993 2292 1430
f  364 3319 1493
f  3211 2799 936
f  2286 1955 3315
f  2131 462 3016
f  496 1542 2617
f  1040 2617 1542
f  929 2054 1762
f  230 2886 2798
f  2207 3096 1536
f  1155 1744 1304
f  1196 3084 1674
f  2452 1690 1006
f  3270 2441 2901
f  2151 1211 1114
f  1446 1758 3217
f  2814 815 1857
f  533 1030 804
f  285 2973 468
f  190 285 468
f  2644 2185 713
f  2826 2328 1844
f  3282 262 647
f  1814 2541 1590
f  1856 2935 2610
f  1409 737 101
f  1465 648 378
f  82 2923 2355
f  3255 419 354
f  1244 810 2978
f  231 221 3288
f  1255 1073 3243
f  183 610 155
f  2547 2950 1619
f  2186 89 536
f  1698 2727 3215
f  2852 2748 1353
f  1225 1930 2155
f  848 2252 1482
f  225 1525 2190
f  2666 1653 3024
f  1907 2183 2979
f  2425 1392 2913
f  3064 708 379
f  2554 717 1161
f  223 1650 2054
f  2398 2210 2094
f  935 1081 1263
f  1905 247 1014
f  995 2218 1221
f  2209 193 46
f  3098 207 2761
f  697 1175 2761
f  2258 455 190
f  497 147 3267
f  2116 3244 919
f  333 2782 800
f  1400 2693 891
f  501 359 586
f  1287 2589 2082
f  400 1562 2005
f  1512 1969 427
f  2851 1164 1572
f  1626 1209 2423
f  2637 1764 2120
f  3161 668 2150
f  1062 937 2559
f  609 2086 633
f  2812 2279 464
f  3300 124 1167
f  2445 2534 2486
f  66 735 1082
f  684 2893 311
f  1720 481 2678
f  1829 406 1671
f  1567 116 1755
f  1839 1671 90
f  156 2771 2941
f  1220 2069 3239
f  983 1102 2057
f  2605 648 1834
f  1138 2280 1685
f  618 1667 1811
f  775 1298 963
f  637 3007 2484
f  2 838 3026
f  1976 3040 625
f  2291 2292 138
f  1840 1451 1655
f  1059 891 1995
f  1217 1885 2874
f  1204 2724 2883
f  1540 1050 1801
f  2388 432 1853
f  1772 2495 1756
f  2935 2136 1752
f  1426 424 3047
f  2343 2472 165
f  800 3271 333
f  977 1097 1561
f  911 2875 2951
f  797 1540 1801
f  2250 1125 1305
f  997 136 1781
f  3143 1044 3003
f  3031 163 222
f  2300 1891 1763
f  2842 2163 976
f  1904 3039 2102
f  1356 1915 2097
f  3178 1211 2222
f  384 944 2669
f  2586 2482 287
f  2241 3098 2211
f  3323 596 1864
f  1301 2069 2609
f  613 72 1712
f  3019 328 305
f  1813 3256 2185
f  91 1845 2697
f  3100 715 3058
f  1380 1407 2946
f  1395 317 909
f  2924 1138 728
f  2841 930 619
f  502 2807 12
f  978 690 676
f  866 809 2127
f  1419 558 701
f  982 2889 883
f  2706 1893 3207
f  1421 2385 1639
f  1037 1524 249
f  1639 801 1421
f  593 3207 2077
f  2353 1666 476
f  2603 3123 1660
f  2795 763 2831
f  1251 2865 2884
f  1086 1002 65
f  757 1142 2902
f  2426 268 2516
f  2651 3291 1631
f  2534 2445 2039
f  1698 3174 1471
f  1668 3302 31
f  1021 990 482
f  1712 2126 1527
f  1094 2811 666
f  1405 2705 704
f  2421 1753 1123
f  2277 177 1964
f  3049 3301 3004
f  2013 1987 3257
f  2935 1752 1170
f  2325 1019 751
f  1611 1599 1942
f  1476 2026 1873
f  3231 261 1757
f  1095 155 610
f  1409 1032 1577
f  3234 2578 247
f  1274 2443 2444
f  988 2721 1427
f  3122 483 2567
f  2121 2216 2905
f  1693 2668 54
f  2491 2343 479
f  1669 1517 3238
f  3069 919 1859
f  1171 2806 1887
f  3143 2340 561
f  572 2784 886
f  1378 2301 1150
f  1225 2155 690
f  1849 1371 2501
f  276 2299 2129
f  2543 1981 1120
f  750 1821 103
f  1886 294 2473
f  415 149 1560
f  141 1148 635
f  1386 3118 837
f  2541 1837 721
f  1376 899 1199
f  3045 880 576
f  2285 2829 577
f  2764 2883 2724
f  3159 742 1456
f  2285 3221 1710
f  1748 553 640
f  18 501 1909
f  813 1078 2512
f  1489 1922 1044
f  1625 133 2465
f  493 2890 3246
f  131 2975 540
f  154 355 2490
f  823 1748 1413
f  1667 2144 3109
f  741 2684 3135
f  2510 1632 2095
f  820 1502 2635
f  1815 66 1082
f  1323 1591 118
f  2519 559 3286
f  962 3034 1390
f  1732 1487 2585
f  2757 1552 2406
f  1044 1922 3003
f  3059 3110 493
f  1283 2601 860
f  2743 1957 2528
f  2185 1669 713
f  522 1683 1306
f  13 3282 714
f  689 1938 1816
f  2411 2273 1184
f  2534 2039 996
f  2590 1048 1688
f  439 2540 1735
f  2395 2652 1259
f  2708 3008 182
f  31 3303 3047
f  1305 1641 2851
f  1927 3269 1385
f  697 3136 774
f  2269 3176 258
f  1445 93 2097
f  2051 2786 2840
f  2725 2345 726
f  925 2380 1794
f  1537 1524 1435
f  584 3121 1247
f  2563 522 1306
f  70 2443 1274
f  2564 1938 650
f  879 2397 3254
f  1467 1314 2151
f  129 2159 438
f  1129 2734 1363
f  637 144 56
f  3194 892 1137
f  544 2697 1845
f  2909 845 1715
f  872 2030 718
f  461 1420 166
f  1250 2161 2295
f  1500 3095 1359
f  1895 2134 2126
f  2414 2384 506
f  238 2867 370
f  3190 60 2077
f  579 2821 499
f  3094 1516 2937
f  1076 2524 17
f  1758 1446 2096
f  2612 1065 1575
f  1207 1857 1360
f  425 1890 221
f  611 273 2506
f  532 1038 1670
f  573 3136 2685
f  1340 1491 1892
f  709 343 2764
f  3238 219 406
f  1607 3030 2087
f  1008 885 2178
f  1778 954 2633
f  2062 1528 204
f  160 2399 1449
f  328 3019 1982
f  1582 2030 3281
f  1064 1694 354
f  2555 1673 1752
f  2041 1430 2965
f  2538 53 27
f  652 3138 1268
f  1173 2183 288
f  1746 2861 113
f  3223 2501 2053
f  936 824 1230
f  3007 176 1666
f  3264 2877 2678
f  2061 309 3280
f  1732 2585 2438
f  981 2023 2777
f  892 81 1994
f  2276 338 2103
f  1685 2280 2899
f  475 2118 55
f  109 1133 2215
f  95 2894 846
f  2416 960 992
f  32 2370 2277
f  72 33 450
f  1397 1225 690
f  941 2690 1883
f  2916 1426 2884
f  3309 2461 2720
f  2687 2792 2070
f  2488 1444 1249
f  1343 1883 2690
f  3280 2256 3133
f  57 1335 1231
f  2256 2384 3133
f  1128 3013 353
f  812 1744 1564
f  1192 2713 2633
f  1908 838 2
f  2341 811 169
f  2797 3265 2857
f  169 3039 1904
f  406 1829 3238
f  148 399 360
f  1656 3152 240
f  1970 3169 866
f  2860 170 2857
f  3036 1781 136
f  70 1330 1986
f  357 1813 554
f  2749 1828 2230
f  1079 717 265
f  804 1840 1714
f  2947 3314 2094
f  1350 791 2981
f  3287 1973 2863
f  3067 3076 1645
f  2865 1251 1344
f  379 708 2871
f  2032 457 2226
f  292 941 1965
f  2932 2468 2486
f  1266 1011 310
f  56 3014 2164
f  1389 1312 981
f  925 798 394
f  1325 1055 778
f  770 228 1704
f  1609 1321 2186
f  892 3194 81
f  2933 1649 1902
f  553 3045 640
f  2454 2503 2261
f  1617 2493 3025
f  31 2801 2266
f  1098 2943 1272
f  3298 341 2664
f  216 2549 3231
f  2478 2344 1414
f  1678 1731 1652
f  2562 744 3025
f  2873 2470 3313
f  2863 2766 2478
f  2818 2790 1382
f  890 582 2458
f  364 1134 1464
f  3188 1041 25
f  1761 1642 1654
f  84 397 2499
f  318 2419 472
f  1603 196 2827
f  963 382 2176
f  1635 516 1995
f  2384 2414 933
f  1488 1113 108
f  632 687 2008
f  796 2134 233
f  1831 1422 49
f  2323 3286 630
f  728 1594 280
f  2944 3180 4
f  601 475 2854
f  1726 531 628
f  878 3150 3240
f  1492 2367 214
f  2990 151 1613
f  2147 961 1184
f  21 3005 2719
f  399 1554 360
f  3020 2257 3012
f  1018 1927 1026
f  936 1457 3211
f  3313 2931 2873
f  1419 701 628
f  556 1209 1989
f  932 3321 2880
f  1667 3109 1077
f  1169 807 1185
f  962 1454 789
f  621 494 2570
f  2320 962 789
f  593 2077 1479
f  2922 2558 1899
f  2790 1568 2429
f  1563 2125 1334
f  2289 1465 378
f  1444 2488 873
f  1697 239 2259
f  1372 1381 98
f  3234 624 961
f  3150 878 1884
f  2509 2907 575
f  145 2226 457
f  1933 2908 2351
f  238 2270 1875
f  2309 1227 1444
f  2497 2705 1943
f  2409 515 787
f  2807 2198 12
f  761 2202 1969
f  2744 2934 200
f  2839 675 2688
f  2703 1223 369
f  1580 2689 541
f  2800 2440 742
f  2516 446 2426
f  2418 3233 1035
f  974 1645 3076
f  1809 2287 2324
f  971 3233 617
f  2251 164 2216
f  3142 1911 2815
f  1690 2452 2314
f  1362 3277 645
f  1327 2752 81
f  3249 679 908
f  2548 753 594
f  557 708 3330
f  2153 2205 3000
f  2731 2086 388
f  1110 3288 1604
f  991 430 2985
f  216 3231 2986
f  1757 2986 3231
f  2565 37 1886
f  393 1198 130
f  2832 2130 1627
f  3072 1984 2042
f  417 334 1337
f  1768 2952 1429
f  1717 1809 2324
f  2283 2963 732
f  572 1483 2122
f  1136 1785 385
f  1438 2870 1309
f  1470 925 545
f  2765 2877 870
f  242 2530 2796
f  3079 746 1825
f  302 1014 2695
f  1877 1571 2859
f  3146 2810 203
f  2013 3257 3029
f  3032 2933 2576
f  2868 1551 1480
f  3094 2937 2680
f  2228 1593 876
f  257 188 1863
f  2321 2024 2745
f  2750 1319 706
f  2493 2562 3025
f  1908 1523 591
f  1547 2948 2404
f  1563 234 2140
f  1581 2520 3047
f  1906 1129 974
f  1111 297 2987
f  434 897 1183
f  1976 336 1629
f  2557 2097 1915
f  107 3127 1490
f  942 605 3311
f  2839 3068 715
f  1914 922 1621
f  2650 2488 1249
f  330 1132 494
f  1338 1241 1170
f  488 62 939
f  231 2229 2109
f  2231 2152 2596
f  2366 691 213
f  1403 1090 1262
f  2635 1396 1235
f  1846 3100 3058
f  370 1615 203
f  3184 3052 3279
f  2565 1172 1912
f  1780 803 1384
f  1516 3094 3099
f  637 639 217
f  827 668 3161
f  1924 2887 1530
f  2632 2373 979
f  476 3031 3108
f  776 2657 1637
f  1869 884 1321
f  691 2366 3168
f  1513 904 818
f  671 1398 819
f  44 431 470
f  2445 2468 1900
f  46 193 3332
f  600 2250 1305
f  1189 417 71
f  594 34 277
f  2910 2755 645
f  2409 17 3062
f  1868 2496 2997
f  3313 1897 2931

# End of Wavefront obj format #
