# file written from a CGAL tool in Wavefront obj format
# 3335 vertices
# 19998 halfedges
# 6666 facets


# 3335 vertices
# ------------------------------------------

v 3982.5767782305047 5171.285271374014 8739.8685436672204
vn 0.70925343829785703 0.68630670314969611 -0.16106728244576127
v 4040.9818600264043 5483.3500377474047 8781.6374547794694
vn 0.67119511313572289 0.64186704547813955 -0.37081506985543078
v 3658.6859969728666 5432.1111276001957 8364.0108982030688
vn -0.93440242821733588 -0.34766782199018048 0.077583424094008008
v 3196.484753324854 5483.364180980434 8559.0559413335832
vn -0.19159202662212224 0.88252335043570795 0.42947064075505881
v 3718.0283372626745 5493.9981184034796 8107.0942534062369
vn -0.87463350747648005 0.44797909515450762 0.18528615140894603
v 3715.5547560241289 5475.7717771038624 8628.0929325923153
vn -0.20899559304491916 0.91912692379050087 0.33395589536825537
v 3419.8483816123785 5452.8223106972573 8642.5363167727246
vn -0.73763333767089678 0.36494180361732226 0.56807969434669003
v 3601.0919614603772 5475.0235004964925 8071.8665363580076
vn 0.85379674922107263 0.28435956638626203 -0.4360857117862792
v 3909.432061858337 5351.5507313764083 8628.8781424836961
vn 0.55085756255484841 -0.8049071942222169 -0.22063624920998307
v 3638.6409198665565 5375.1639169013015 8267.4132627911822
vn 0.14452009335514451 -0.95012416534575772 0.27636572334978066
v 3632.9667687674373 5362.7910405027505 8308.4485360988074
vn -0.673298353151773 -0.6702647688510136 0.31211290790386709
v 4042.3172107923201 5391.0501973818973 8809.4506699249432
vn 0.82540879948854184 -0.56419453668222541 0.019617301160279741
v 3569.5227180314396 5518.1893194168024 8127.7398508697479
vn 0.12933046281409405 0.96049714413707599 0.24641198731557917
v 3661.3709788862379 5335.4750481034189 8308.5752042099939
vn 0.12637145068057487 -0.99114307781324429 -0.040812446089105892
v 3697.0089154559696 5519.103347978772 8238.8782763098061
vn -0.016821507912053075 0.96946682160609587 -0.24464488279246524
v 3813.0156871972731 5478.154822385136 8697.1001555686653
vn -0.74237121219466817 0.58092847716327201 0.33377700299059088
v 3754.9285472593547 5354.698877462617 8489.3459615051088
vn -0.082051777717239052 -0.9853860796383237 -0.14927082711788003
v 3729.9070170747536 5485.6662192625927 8092.5026860249172
vn 0.16866810738739382 -0.11970202476651164 -0.97837748073897934
v 3386.9730457721075 5354.2510291876715 8684.318476786284
vn 0.65979294120387866 0.12655350021993367 0.74071417315967325
v 4056.5058514775183 5413.3122793173716 8823.8196014630248
vn 0.79359283678271064 -0.55362393956919254 -0.25241026711102094
v 3770.6115946441159 5397.7895087676297 8407.2172755315587
vn 0.13484434429383468 -0.87336458542356621 -0.46802916975321968
v 3566.3585844795125 5394.8586923094463 8067.2186320825858
vn 0.20669371012608298 -0.7395755321433487 -0.64055112399339165
v 3890.8643225041869 5269.8764024461261 8711.3050442745989
vn -0.78361091798371174 -0.49564180740702002 -0.37455724257718886
v 3911.9300153516756 5067.0928036500218 8810.2625017636874
vn -0.93396719114067106 0.01837679792853554 0.35688594700646181
v 3292.4727455287866 5463.6152778757141 8531.0040091733645
vn 0.18354966530678371 0.97220287513626691 -0.14536536706706954
v 4035.5243124760646 5382.4806396157237 8878.9323722288937
vn -0.18751744222761435 -0.98220267173561093 0.010729421971423571
v 3491.457497578609 5480.0233331635845 8593.4919435527518
vn -0.095152948923527172 0.72045937084359524 -0.68693828782126254
v 3806.8770723559937 5383.6350529617121 8433.6613263114341
vn 0.46280625400614039 -0.88181271541723183 -0.090646048900610718
v 3741.0258561983082 5492.4234834605249 8155.5245173094609
vn 0.72790489526983815 0.54239234385259749 0.41948183366183045
v 4067.2644548693206 5034.0838640684378 8865.1108374608102
vn 0.79962486271046829 -0.59938990578022644 0.036494106154780166
v 3643.5368773515447 5485.013502521143 8266.4168927099163
vn -0.33995913863957378 -0.14176978444804103 0.92969302044975854
v 3685.1233174701929 5423.3935125816442 8143.7175093796905
vn 0.79793379563413336 -0.55199549639337409 0.24207980036826213
v 3901.6902697261685 5576.6419197797504 8739.9385857931829
vn -0.10753596536994092 0.9616563600248671 0.25229558334556307
v 3572.5680868805684 5462.7654415299303 8603.5187046860974
vn 0.25660604475087895 0.49396740909315739 -0.83075239184193939
v 4154.2579911534303 5135.0535420680426 8836.5233667590364
vn 0.86768115358747377 -0.06623685879541083 -0.49268863823517145
v 3558.6863913352799 5475.6448994224993 8630.2471060007465
vn 0.45511903428722922 0.83032923131639635 0.32158985097633636
v 3673.5766365130257 5459.6437834111075 8140.9787333499553
vn 0.33688361640808528 0.94143856107191648 -0.014243058753278776
v 4145.5072082778352 5135.2018632121726 8865.1607354430271
vn 0.082403016387067804 0.51692475843404184 0.85205547765871448
v 3812.0720289111596 5394.3385592588165 8447.8887858910948
vn 0.66557230062299666 -0.70392179795631082 0.24800728821017742
v 3586.5792023268677 5489.1878527329109 8183.2212027172754
vn 0.0027449458445240149 0.83618930458625518 0.54843405452968153
v 3741.5069279716972 5341.4729418949719 8572.9452038657728
vn -0.19903136182208703 -0.97059486657696181 0.13539616680576741
v 4031.2786197833861 5387.5942969357138 8796.6428005725447
vn 0.73264307743540358 -0.61717209789998606 -0.2869367920983838
v 3841.6947967129418 5488.1742486218845 8447.9297314679006
vn 0.28941890683666444 0.90833051088662353 -0.30194764340513686
v 3520.9127954814594 5515.2250612333091 8086.096726207039
vn -0.67157415595779379 0.55892335186359798 -0.48640810004679946
v 3943.5341131128735 5021.4788572456928 8906.9457172956518
vn -0.67444986900239368 0.63272797830571614 0.38049005200112057
v 3881.3872137210528 5525.3319178790734 8823.2291652229978
vn -0.35066283267671461 0.90051431000029147 0.25711778480657727
v 3940.0060285958389 5004.804818696357 8837.2911133057423
vn -0.15749406589557735 -0.89523172877357615 -0.41684022239312946
v 4012.7174101125202 5357.740799453517 8809.5062722034891
vn 0.51138955342522596 -0.85617887482330723 0.073745908048131484
v 3476.8636541767628 5426.5188562020094 8572.9869864595712
vn 0.15036536723669569 -0.86590791755023644 -0.47706785121153017
v 4030.15481015972 5024.0870483180197 8823.3892085525749
vn 0.55315042714397356 -0.83275586159121784 -0.023286904815967308
v 3877.4010307041608 5521.8865645307433 8628.7091663784304
vn -0.37222332157958038 0.8149855110181965 0.44412657621749363
v 3684.6299570211654 5375.4411963025595 8531.1291089387796
vn -0.77081359263403182 -0.63132692662655754 -0.085280227056933194
v 3532.8384732462055 5370.9209429494458 8141.4783595664721
vn -0.1522587636487481 -0.97762436560050625 0.14514774774815653
v 3914.2604981373734 5442.5857024068782 8865.4295540931707
vn -0.48182963685641211 -0.32487069190156065 0.81381769124922521
v 3360.5959109678079 5366.3283450723002 8684.2464730715983
vn -0.44169255723459616 0.6944385786692715 0.56803410578887348
v 3741.0647353433737 5430.8556488274735 8335.378223063828
vn 0.52162887572248817 -0.54773132007414949 -0.65413585517254946
v 3522.6426660294355 5477.253336714698 8586.3715561949812
vn 0.10637430377350705 0.72545853671774796 -0.67999589631118029
v 3651.454081842774 5464.2621874808237 8338.3147901014163
vn -0.88609410297288038 0.46257486288721933 -0.029355355585593233
v 3616.130699950525 5457.0774720755744 8601.4814777203628
vn -0.23789186346928048 0.90943958023923765 -0.34106760501313005
v 3794.8273351575208 5368.0615253222013 8739.8247266923154
vn -0.94992354494252507 -0.27701552101203519 0.14459481277783551
v 3912.9811505631478 5357.1362705731699 8614.5806764416157
vn 0.69442501679230773 -0.51637237808427772 -0.50113218136993642
v 3550.8291141108984 5370.8891007635893 8141.416146672238
vn -0.10719818775973509 -0.96090758326182313 0.25527468533121556
v 3641.8659099314655 5460.3096971155419 8529.852516687095
vn -0.50890230229512168 0.20019838250104083 -0.83722103076946863
v 3684.6740189547654 5420.1025940072941 8405.9489509253908
vn -0.72713297052049553 -0.31940578563559546 0.60766568710479951
v 3413.3854139283467 5450.1809867114207 8544.9568620282662
vn 0.3826767087391611 0.13187132736015741 -0.91442248966702122
v 4153.7407406881684 5366.4758143251529 9032.2323347550155
vn 0.62095903233350547 -0.65595054163069622 -0.42911393253754043
v 3796.5882644290114 5412.3283289546835 8405.7918489294698
vn 0.60725431629731186 -0.78135049573951143 -0.14399165998732114
v 3954.9516436502604 5523.1787087446337 8781.9059329973352
vn 0.29379220118110122 0.9431274129140913 -0.15555328840990995
v 3761.6879922050184 5516.9183408897661 8446.7362006194653
vn -0.16032863307293443 0.92850364395154983 -0.33492642861628269
v 3359.2738774539066 5374.8868706324065 8656.5147539775026
vn 0.27400338390084539 0.4854841758164436 0.83019712155771441
v 3871.0061903195547 5506.5936372615561 8851.5467547395801
vn -0.68340133655788693 0.45889576517317315 0.56778278407945915
v 3574.8996071207112 5386.7931559016934 8085.7963737884538
vn 0.18687178616864375 -0.77674226974488891 -0.6014568828483875
v 3794.14180126274 5398.2958873732423 8391.9610874354566
vn 0.52913513819383273 -0.82246628186810744 -0.20872283228876615
v 3343.2315856199421 5404.8305963840558 8614.6017234166029
vn -0.59544896164224936 0.45874213432911543 0.65954240824251387
v 3360.6779439498205 5422.6176344930718 8614.6352286840993
vn -0.61380464096855725 0.51978227985387926 0.59419714260114365
v 3786.4820452718477 5505.048928548752 8390.055496714127
vn -0.12314473686204098 0.071006416223129018 -0.98984517104359637
v 3242.9384628395683 5473.8487007247768 8532.0149974125725
vn 0.071410759436652052 0.85044223848031675 -0.5211991005798734
v 3935.4380247782428 5529.6667991328977 8806.846467452302
vn 0.21069157646166672 0.81860613019306705 0.53431550905661429
v 4021.0615851412767 5016.9148893976471 8809.4155391496424
vn 0.32092156893696333 -0.93071401434659873 -0.1754444929026763
v 3717.0768469731561 5511.0773251291866 8266.7288047922684
vn 0.49000094221246593 0.7276700153708916 0.47999523472741068
v 3354.9212998481034 5452.8803536113264 8586.9792205881786
vn -0.64870344150636661 0.55157817546859822 0.52435232556414613
v 4018.2232050773273 5497.1111642760725 8823.7988550659065
vn 0.37919608816894768 0.92368515846996635 0.054918619244120434
v 4132.248471832926 5387.8809533869862 8976.3147474490288
vn 0.78422047271492612 -0.34217099554165309 -0.51760724491144028
v 4039.5466193716538 5456.4246795619965 8767.5484699175249
vn 0.76551539610159858 0.030686969023369259 -0.64268537268524439
v 4052.4904240420001 5021.3190063785005 8865.0799554245259
vn 0.66099460031843493 -0.75029584778257763 -0.011928082414843489
v 3885.7375434468104 5532.7240127344694 8654.5114161633974
vn -0.32217854227595016 0.81627965928810964 -0.47946689638538303
v 3628.5075860600127 5452.8263821376258 8280.6387844549463
vn -0.72303017634880629 0.40250419916879182 0.5614425471412936
v 3906.1076336298938 5130.6649869954999 8753.7591604262288
vn -0.93761778034482623 0.00019378572492671661 -0.34766774430242181
v 3603.2240154056344 5477.0203000100264 8225.1982424312082
vn -0.29752519932167459 0.69812269222998802 0.65123226452791094
v 3487.3772393305153 5469.8494692197382 8181.2785121584575
vn -0.83626645452143378 0.45690781538318648 0.30313967949431248
v 3673.6141488669837 5416.5648242208554 8378.3271142932135
vn -0.83771371446332499 -0.54334882416919716 0.054843302909377389
v 3728.7075205880406 5460.6464016951231 8113.4798554202916
vn 0.46989655111406559 -0.6061402865863782 -0.64170957934885908
v 3208.9236155259091 5459.4152305029365 8545.3310612009409
vn -0.53105749496422272 -0.68122108650619195 -0.50390055401998513
v 3947.416308933683 5255.9320198742571 8739.9425916567689
vn 0.75725703594634775 -0.16454379370280556 0.63204993589402447
v 4023.4050018707203 5057.2536725152422 8879.0833413197452
vn -0.13021494321320656 0.63976354122427381 0.75746067877095646
v 3689.8631499140465 5421.1125266443705 8127.6458727340068
vn 0.41792214017809431 -0.82545077218240215 -0.37943656578199914
v 4077.9417582401529 5412.0436354118392 8881.2486980889735
vn 0.84664822008380181 -0.38696279496080016 -0.36530341737390853
v 4154.3513304886255 5366.1273883390295 9018.4412192727941
vn 0.65408014991473651 -0.69430556131287935 -0.3001981762395024
v 3668.8679487695222 5472.2000648862368 8600.3929069609458
vn -0.33447963101795847 0.84878742841335686 0.40949148684866554
v 4084.5643617023306 5117.9341458455783 8842.046099741041
vn -0.35822273575758656 0.80284061461718037 0.47657467317038404
v 3539.129030877094 5510.4790786120357 8073.0944253547732
vn 0.035436676341198105 0.95627046086779122 -0.2903292056297323
v 3537.6764885411903 5389.1065531868917 8209.8798369217311
vn -0.18869072606924489 -0.93267455587452397 0.30743126503288587
v 3910.12983049574 5066.8452193772027 8775.0536999509059
vn -0.80952760202764151 -0.4638903576253029 -0.35982050755570483
v 4045.5789156510514 5050.1809385938923 8879.1355269110281
vn 0.54586014254764859 -0.20330166930598395 0.81283770584001647
v 3684.6323353496646 5416.24161508619 8239.008189293394
vn 0.5771255429248856 -0.80355034502299427 -0.14571530707884769
v 3806.1701420913391 5462.6279262903245 8713.1935083015942
vn -0.81843638687242592 0.54913265367721076 0.1691603065397822
v 3900.8808141726349 5343.8512285574025 8795.7528619361055
vn -0.1588206289174138 -0.8245024007197419 0.54311306284940264
v 3975.6094476516409 5518.7162658930793 8684.1638375355869
vn 0.71794262325561931 0.59753503526942819 -0.3570858038880893
v 3785.6925401023364 5505.6732804322128 8559.1524924639725
vn -0.21531314704091339 0.96748588585182982 -0.13270760863205314
v 3808.2801602443797 5380.4513457656431 8517.170322830716
vn 0.44960547040939086 -0.65598765694799099 -0.60624674424679204
v 3927.3951875920839 5473.5536254391554 8572.8064791105044
vn 0.93011899100735773 -0.19933200219118924 -0.30845650498880145
v 3910.1647803962896 5523.5544652196813 8600.6073415545543
vn -0.13141219282122418 0.94787268262706015 -0.29028987772104275
v 3470.8199652387775 5434.8143804542124 8099.6751521209644
vn -0.90857673010245599 0.39176123162929322 -0.14495331285841018
v 3543.0838547803287 5519.1561087640384 8099.6885378683837
vn 0.26866582767958258 0.81327679881015535 -0.51613905253754144
v 3473.6138258498031 5432.4443957963322 8075.7577625941185
vn -0.91791615409334315 0.38295374503608154 0.10380926363926216
v 3868.969952336246 5508.0790125676058 8781.482033216791
vn -0.91259401266227236 0.40868610212925116 -0.012158864230338556
v 3713.0499802414033 5438.3641131292052 8127.7046587958748
vn 0.057465523019886451 -0.93367408607084312 0.35348325938271324
v 3658.2991454338626 5399.5796473254159 8558.8675405705217
vn -0.65406120391559752 -0.37028089102481032 -0.65961807379297288
v 4022.757095708298 5406.364783066012 8992.529294133763
vn -0.74108017351934452 -0.01076396666686073 0.67133025660857337
v 3831.909460629317 5449.6843249342346 8419.7305578940868
vn 0.65790718288440231 -0.097797999629701191 -0.74672196296716664
v 3837.9492794923785 5503.4213754938401 8727.4969050349519
vn -0.8834565824939431 0.45202213322824131 -0.12320900096954231
v 3931.9729230803641 5100.8918194048019 8725.8568189109337
vn -0.39855088716231124 -0.37280636622957075 -0.83795739965754701
v 3935.4654851961795 4997.1813979315812 8920.8042338060532
vn 0.097442139876610157 0.46490066134730795 0.87998432057344234
v 3343.1060928712104 5434.2738647127517 8586.7629895370555
vn -0.82689407097042489 0.45550997739011306 0.32978304366964745
v 3795.7761221016058 5359.718999986233 8700.2931160633088
vn -0.89413524279049506 -0.42571294765863732 -0.13889079809611815
v 3993.2067171683916 5403.570045928398 8698.7614562719682
vn 0.58237016220275628 -0.7924004111367704 -0.18151193516188499
v 4028.7454470442972 5495.2685647422913 8781.4297147900161
vn 0.6493666313870603 0.67350297810765003 -0.35315254001797569
v 3707.3827719923665 5459.2997000294799 8209.7446043592063
vn 0.86729619619779919 -0.34553664346684376 -0.35833187980208503
v 4076.0768059577495 5136.4615628301935 8808.7305383484018
vn 0.064530501086348613 0.99791037325628273 -0.0032712959284195435
v 4082.7454910369966 5391.9853736898121 8906.8437210732154
vn 0.83003273826843327 -0.55750529221545353 -0.015280790371193247
v 3385.6525700299871 5353.8336918849182 8656.3925856471305
vn 0.9431864487409154 0.063058065579273181 -0.32622538723542183
v 3353.725233837084 5339.0564875549171 8670.3439782358346
vn -0.93114680641282321 -0.36453271153991684 0.0090292372078814524
v 3840.6360835086089 5521.6652442160639 8544.3699884961752
vn -0.20406102340431312 0.92682014986428352 -0.31521977814333191
v 4032.3516686107396 5031.9708059737313 8851.1964808997745
vn 0.61393898922848522 -0.7444297574685167 -0.26249429270075836
v 3725.0643578643649 5382.9147802744155 8447.5007405499582
vn -0.27883042302731675 -0.83562574536468215 -0.47326864345541314
v 3284.5523879366556 5408.8901661244845 8545.1017597953069
vn -0.62783233615462197 -0.77430061046170218 -0.079278763343438571
v 3748.6833794965942 5501.1764443297634 8545.4550594481789
vn -0.26118335208920246 0.96500865196385899 0.023271403617819025
v 3564.9343267769873 5444.1372375032997 8590.1496901652572
vn 0.30152721301885727 0.52846529682107279 -0.7936030304030447
v 3679.6697940503245 5488.825316990341 8553.2135065645889
vn -0.035412189604621065 0.60354980011649517 -0.79653852110663492
v 3532.944596123365 5445.713812381533 8236.472015317373
vn 0.23512010181594237 0.81671829949882901 0.52696276622338523
v 3985.8826734353788 5511.812290929156 8711.5203639428219
vn 0.63124685339777054 0.63994604159268442 -0.43817402242176334
v 3399.637550363952 5418.3404415108189 8626.4259364031568
vn 0.54338967042852759 -0.81842643676933424 -0.18683102972640037
v 3626.9763628067803 5374.7532365976549 8266.6284993418849
vn -0.44781730180694213 -0.88764040798703714 0.10749032659247244
v 3929.9567072556783 5043.061987412475 8865.6219607591447
vn -0.30773868061987486 0.76051320072471584 0.57176618995336426
v 3925.3878601886317 5422.5855963356407 8865.1999415787323
vn -0.50283758995391037 -0.52395383578045496 0.68747853501057843
v 3687.7397191216987 5507.2074970329759 8321.9998626785909
vn -0.18628447604591905 0.98249355791586024 0.0021219420659987875
v 3391.1759143321615 5409.2697382882343 8572.8650221709013
vn 0.62274786668963522 -0.7796450382195238 -0.065868876665582082
v 3863.3031164479303 5457.2579542030453 8489.3846278196161
vn 0.89275249331272599 -0.093585906108833938 -0.44072061882977459
v 3950.0274376199231 4989.8292037619649 8864.9187370868294
vn -0.22427131352880905 -0.95042373993446727 -0.21539984330784145
v 3794.9218680498016 5340.7113886356274 8671.5961235348459
vn -0.46919657308393486 -0.66765482067414617 -0.57800658840264563
v 4087.7939512199737 5081.9480226820961 8823.5582866661571
vn 0.75259866190816394 -0.65839448536648526 0.010580913620382749
v 3548.9646552171284 5525.162741637886 8155.455385268423
vn 0.28884059500855802 0.93135444144380808 0.22169802677965855
v 3649.1213907316742 5346.6240622005826 8308.4217506091991
vn -0.5123258695562295 -0.85861019783187531 0.017627579600201983
v 3621.0717947679996 5503.1083437939451 8127.5455196100384
vn 0.4753760441524334 0.86981654555300769 0.13204845219924474
v 3377.6557319900767 5368.7685470632032 8668.6372324129297
vn 0.34516775396529814 0.93657748289716858 0.060678168665141939
v 4096.2789972766623 5466.5963578015871 8889.1180488899481
vn 0.87301323293745281 0.40999578875670578 -0.26410480555617222
v 4073.7821963316892 5492.4639273314024 8920.8500572810444
vn 0.19898684031398967 0.9736058884977844 -0.11178466470985501
v 3521.4142651392303 5499.8680978384727 8071.7138433719883
vn -0.79160621952095589 0.57698932993416574 0.20110421765309303
v 3977.071156572054 5346.0220486094277 8711.9514110071141
vn 0.89152304011802652 -0.3967303511833995 -0.21861312263587526
v 3798.4878410790557 5509.4195598737106 8558.1094201435444
vn -0.8208400668787178 0.56439079140888238 -0.087661959705436554
v 4155.9314223478532 5119.9685763430953 8851.2132830398314
vn 0.87582516815063793 -0.47775781717685095 -0.068394027226924489
v 3985.8535852493042 4987.0927541713672 8893.2458984949862
vn 0.57778953121555809 -0.7861794631692316 0.21927405069602776
v 3958.8766919929767 5034.6729529465465 8781.5475394146761
vn -0.11040758510028528 -0.81336279818812118 -0.5711839665781181
v 3549.2274209536918 5374.9407425218278 8182.9735323425784
vn -0.18263821189116866 -0.97065471884904575 0.15643752853224352
v 3951.686480759593 5272.2684419241687 8712.3637581082749
vn 0.91528078716222949 -0.33745320474152846 -0.21996912342727007
v 3626.9193752547708 5380.872410469543 8308.4633887612217
vn -0.75325421141475002 -0.36070440856892749 0.55000038420430508
v 3710.538568373714 5389.8256755867951 8419.7458151226019
vn -0.42523323854246886 -0.88091974511533877 -0.20774285909414675
v 4061.4934671428264 5481.4518057742362 8850.5710539019656
vn 0.3758372183478314 0.92556147494375418 -0.045632679129180537
v 4083.2313677966486 5419.7275751791349 8876.2103453196123
vn 0.78794999943326938 -0.35914364068477733 0.50015062106208985
v 3566.7504820150425 5382.748844237849 8197.1550186729874
vn -0.0014390095168253896 -0.98104136143826448 0.19379312784246755
v 3899.479508614404 5003.9859999496948 8920.7316160925075
vn -0.15720791290473765 0.87756830110153128 0.4529454150578287
v 4050.7572083412042 5480.3096477470153 8865.7670907497522
vn 0.14276158414942944 0.98956055189180692 0.019724204184902477
v 3588.6226438153972 5453.3426160972886 8238.6592851751011
vn -0.2788101429621142 0.83432657519627662 0.47556710368011901
v 3474.9017200354137 5487.1651598185235 8614.7699720971505
vn -0.21615301844737217 0.96639720829985432 -0.1391197628172865
v 4041.2639743490654 5032.3093948821479 8809.1392872701381
vn 0.55790709567994667 -0.80148507665388025 -0.21531684674240081
v 3987.0785290842687 5460.4582376732869 8669.3141635238026
vn 0.50833642006530622 -0.11861386960610955 -0.85295066326971891
v 3827.7200085504965 5446.6873542243839 8780.5483288917421
vn -0.90886927305460607 0.40293567991313411 0.10770089298669801
v 4169.3408020429606 5412.3149442420345 9045.6174108077539
vn 0.4910806126319085 0.84193699996719418 -0.22356636594825746
v 3643.8989486261198 5378.9182742797202 8266.5424200665766
vn 0.33732263062161694 -0.93366006066932883 -0.12038411017014415
v 3718.6808878123065 5397.5704391598483 8402.8059518983882
vn -0.029485871305048816 -0.9811599246433278 0.1909339824842122
v 3333.2075821343242 5359.9392329814991 8639.3218006535408
vn -0.95417261820241228 0.22008130591171204 0.20277779331314633
v 4074.2619442911455 5402.963072789491 8876.0877089473197
vn 0.74410183222790938 -0.55373411019121632 0.37375258993859828
v 3464.9686930296043 5439.6122045976499 8141.9446740069507
vn -0.95241777058545973 -0.045310661654875919 -0.30140891528523145
v 3921.361672461464 4953.9601706582671 8920.8066056044026
vn -0.14676383760447387 -0.9299380683967815 0.33715807111512336
v 3990.819102603491 5367.9132812899443 8823.5353573684133
vn 0.18966289499273745 -0.94725258284947034 0.25834188694050619
v 3809.1997780170718 5325.412859071509 8656.7566187530101
vn -0.36082573304436688 -0.89335813094255756 0.26779850681401385
v 4038.4999679306056 5468.9288116837815 8961.8828832920408
vn -0.41988021453202445 0.5731995761206391 0.70366387670510755
v 4081.0778123513446 5483.6081828607566 8934.7764422884829
vn 0.15700385340353865 0.91316591801283542 0.37613534292354878
v 4003.5600582552624 5467.257594236411 8698.1743646497453
vn 0.99357411361146519 0.04330540211965609 -0.10457113802788194
v 3703.6034248221658 5413.4635123998105 8280.2869550475771
vn 0.76589498351905505 -0.54785945960418347 -0.33653363389497698
v 3958.4103535206127 5340.9570994124133 8684.9543732333805
vn 0.75732824602674398 -0.42160801882226351 -0.49869891340850275
v 3490.181162410106 5408.1184736937557 8601.2872607457757
vn -0.11423343630812602 -0.69464189383839692 -0.71022768275662318
v 3720.4644963127225 5483.5476181417707 8098.683050756239
vn -0.96907525303824738 -0.028634964208514798 -0.24509833286588079
v 4021.2074288591393 5479.1806457649509 8767.6681626204736
vn 0.75735902084595164 0.51445549427413317 -0.40217267181450622
v 3417.747737179352 5472.3292201375161 8600.4965013046276
vn -0.41729626677501996 0.74584666454139525 0.51920764509789985
v 3809.6832825260208 5332.0336703791691 8669.9021774605208
vn -0.55689913928145152 -0.81917862850776535 -0.13714854451912697
v 3834.4160365314565 5333.6004579070768 8600.5306082317911
vn 0.12087096395582467 -0.97427745132474841 -0.19019373783734861
v 3962.7332046284209 5162.3328858028181 8781.6766343844683
vn -0.17086381979559287 0.792356179302668 0.58564258742490483
v 3635.0786942336695 5444.975161461487 8099.6406331100898
vn 0.7261374927949189 0.10211386981750353 -0.67992433339924152
v 4106.2881341032298 5469.5807462707544 8948.2514940259007
vn 0.63456007124577596 0.76874779647143598 -0.079751748575610237
v 4138.9418158129665 5115.2000070723707 8865.6517867425064
vn 0.47524970424531882 -0.75759247438737243 0.44742749285929584
v 3907.7648764771957 5017.1000965062904 8851.0767949104957
vn -0.36310397219988888 -0.76081348230375334 -0.53788321271210782
v 3679.5952823896696 5398.5116723663959 8517.2949414814429
vn -0.82215964590660551 -0.54970232214431969 -0.14792184987981932
v 4025.1545337253283 5382.6396074731383 8767.0799495721949
vn 0.85675686599026379 -0.41837202564761117 -0.30155019604380245
v 3641.8031065408059 5478.1503688489802 8127.6052628476045
vn 0.81269917197934305 0.52226131695919009 -0.25838570523955545
v 3759.0090855884555 5415.6296096370643 8684.3747227866479
vn -0.38748231888786394 -0.099346508426870539 0.91650844175745239
v 4052.0205477449726 5404.5935130441503 8809.7377877599465
vn 0.78187458010217681 -0.58111705546217696 -0.2257766791345239
v 4107.4721872774244 5316.8357993536847 9073.973441082273
vn -0.20895225981137538 -0.85618941237207535 0.47252369597902699
v 3889.2847690744434 5473.5112541565468 8530.9768013304492
vn 0.94384998268155262 -0.23030044658728921 -0.23687320341002699
v 3725.5272483116714 5350.6892283377392 8531.1025951659631
vn -0.23943245062832136 -0.96651953062355522 -0.092261034621008486
v 3945.7993198477507 5517.9052971301453 8836.5983318634917
vn 0.2480910831514487 0.92119243110843341 0.29975876856111372
v 3814.0139913013882 5517.6183278942817 8502.7421554639714
vn 0.22646008661818431 0.97187956661747688 -0.0645440714574919
v 3773.1332725972934 5506.4051156406931 8530.1344544382864
vn -0.3470956445150864 0.925345136199903 0.15251554828882052
v 4001.8348196491083 5475.6373308493366 8934.8945501446233
vn -0.63230907832038385 0.66499826291628328 0.39744501480324579
v 4120.2722161263027 5108.528005703889 8836.73875206515
vn 0.17248433769543695 -0.93172520813170789 -0.31958925166796837
v 3522.4432167749737 5515.464467932281 8099.8589610157123
vn -0.6338855966374618 0.69438918647941994 -0.34060638290557416
v 3489.269010663611 5480.0882702658655 8172.0397245833983
vn -0.87324297476414392 0.43478843265169809 0.22001301292729986
v 3562.7860225380828 5384.8136712658234 8207.7287652520754
vn -0.1800423959082923 -0.98290928041427461 -0.038393777504886539
v 4075.764495925514 5116.6881768633948 8795.7340473113636
vn 0.7398653049434184 0.56259132788245381 -0.36890422650389892
v 3646.8268167137112 5491.2192119364772 8252.9574979740337
vn -0.47029863604098893 0.87773617601096221 -0.091642775272459301
v 4029.9874306930942 5155.037088704983 8752.8321676441119
vn 0.43024455703760672 0.56344117765703994 -0.70528268124204041
v 3678.8892041446015 5514.8966781850777 8266.8679219331752
vn -0.37056830009127489 0.9083679130750677 0.19377014595419226
v 3761.6386211330973 5372.7124751767205 8447.5468965997206
vn -0.12031400310081947 -0.98378542626897014 -0.13300667546644659
v 4108.4931324642112 5095.6187312649736 8865.6592451733231
vn 0.5178569838546847 -0.77786345068436669 0.35602330873460897
v 3492.4511509792942 5444.9074559914188 8225.0473484469276
vn -0.81449667616443266 0.56847313767343843 0.11590278797685266
v 4033.1701754197038 5480.9109322187451 8865.0267242602622
vn 0.35942621824254328 0.91968542178456691 0.15808706018142948
v 3975.4720015484199 5096.0051156064437 8725.9061589286521
vn 0.39286591487887096 -0.20117542506901206 -0.89732091320479646
v 3669.0930258676331 5462.2681752168228 8628.6888112368488
vn -0.39921504655664408 0.89785309408275782 0.18570721054604977
v 3683.9973215089431 5443.6844884062484 8668.8689276001751
vn -0.098313253610313636 0.4754182913251277 0.87424936513448503
v 3369.7784875513116 5454.1287886883229 8600.1240251287527
vn -0.47308908258513466 0.61748804492637055 0.62840690186515635
v 3949.579694779668 5068.5777947460156 8739.5102890560975
vn -0.34091961967211126 -0.79533710979952355 -0.50121122762600168
v 3918.5848814065412 5355.5547062169853 8628.264408368439
vn 0.58131203013094612 -0.68583594744419329 -0.43784172576213393
v 3329.1713792280248 5347.1808172445362 8601.0175017515121
vn -0.99657831995968782 -0.044613358530080673 -0.069579454057878048
v 4195.5593039460437 5360.6516669869452 9073.9681404460207
vn 0.7126240978929036 -0.59911169482264537 0.36500968785644961
v 3996.823083431259 5148.1113319001524 8794.6810928171308
vn 0.018932409691760712 0.61236103022591359 0.79035152465464453
v 3815.2790933374781 5338.590974327396 8572.9320853334248
vn 0.12445333542658686 -0.99022946341898666 0.062904507613868829
v 3955.2178375324202 5158.3984493949702 8780.1422820195567
vn -0.24817763057449721 0.72798103045196583 0.63910209120650086
v 3986.5546242218916 5455.0845823346608 8920.7294170079349
vn -0.90012518750765713 0.17341947102495525 0.39962524180002673
v 4002.4003732830824 5099.5915989239875 8837.1939155767814
vn -0.19122762704884677 0.78667815205163683 0.58700040863519765
v 3720.8632388548399 5516.3827555857688 8253.9385336636169
vn 0.42698876137222413 0.88368125475776105 0.19180207937236471
v 4057.9917283492268 5477.5904807575253 8864.7337945716645
vn 0.2715333381864819 0.95733186433299045 -0.098920916827668876
v 3375.3144289810944 5452.6710364329574 8517.0662163011166
vn 0.61019463190094636 0.21537346554273337 -0.76241509792197948
v 4014.6335644481028 5408.337945428364 8726.2719111781716
vn 0.7994469475308319 -0.25490432471886793 -0.543974598049627
v 3533.2490052143148 5455.1723770670851 8225.0078225278758
vn 0.05499417280951955 0.84952321070583869 0.52467700104830206
v 3851.3819750608313 5449.493602709601 8447.5150200451062
vn 0.89952963787605944 -0.42203704423163513 0.11283245933148103
v 3816.506924762858 5489.7455408439309 8643.2802797953409
vn -0.24665566292678351 0.94074617750564926 0.23271788383074155
v 4029.5126224077612 5017.6559056230581 8878.6877864947091
vn 0.80906169852517362 -0.55107953601960702 0.20428047620851023
v 4024.0398840210401 5373.9983903650427 8837.4455388445422
vn 0.26205120933152676 -0.96495864789121477 0.013563611165280076
v 3690.8904620138783 5474.549349072935 8656.4940541530086
vn -0.26545153571871632 0.88412550601211337 0.38452252444219648
v 3877.806870646381 5457.2225876898628 8503.4100677893985
vn 0.73612750872992949 -0.31911411942401974 -0.59689401879672088
v 3372.5921253496695 5409.7796169687545 8600.6378355886864
vn 0.9484623067087159 -0.31608397208615546 -0.022587061407371305
v 3460.4625276265424 5411.1999981749104 8614.6740625482307
vn -0.55923698037089542 -0.82624375826031526 -0.067640607045712134
v 3510.2477547003928 5466.6205306832471 8669.7317493530736
vn 0.18076791330626277 0.70343434064618804 0.68738860182473349
v 3503.3546942872508 5481.7299384286162 8072.0610027957437
vn -0.77913628889817688 0.61653406011617873 0.11328016613086749
v 4010.5832451344745 5471.2623756973317 8713.2781428881444
vn 0.85329248183572626 -0.062692501057598743 -0.51765006592655793
v 3885.1851324286108 5537.5196144300462 8670.2672933964059
vn -0.28148549119926314 0.93659210660498948 -0.2087130664082566
v 3383.2285003293782 5347.163148398854 8628.4528221902474
vn 0.95726506206872786 -0.018837243449535076 -0.28859791960750086
v 3702.882278629284 5519.1088448327182 8238.8196791878509
vn 0.17431941342171586 0.94678850324943187 -0.27056288034209225
v 4051.1408362174157 5140.0813007611441 8770.980193296542
vn 0.65520292142182057 0.58126517338991168 -0.48253490025521228
v 3340.3936683015609 5345.9179782502742 8656.5547513879355
vn -0.93201208245870859 0.29581772370357429 0.20939281863000253
v 3918.8784301102537 5209.9117198998101 8711.9075038235169
vn -0.47452274509187503 0.18810032486995668 -0.85991071174528821
v 3466.930943284432 5413.218342507238 8210.2853756939403
vn -0.75094929296621959 -0.48328956312925053 0.45000706390441608
v 3520.364894776365 5462.3630557427132 8670.5221879608871
vn -0.039113181216351808 0.86381342624935298 0.50229127375108795
v 3724.1453395403641 5494.7639484077699 8113.2360736958126
vn -0.52546482662663285 0.85081340462760557 -0.0018073417564912718
v 3955.5928092688205 5227.1017018527054 8739.9474017969533
vn 0.87101848549326311 0.19671285507393663 0.45014536605154837
v 3986.6266475832072 5425.6418025818439 8930.7741965855075
vn -0.55854750432724398 -0.56778837675198846 0.60468259825725879
v 3695.7289116132069 5477.1808983836345 8433.6525651077573
vn -0.81091091314636443 0.56771395940575053 -0.14186032297994874
v 3939.6939876693714 5513.3335249187558 8643.0783388138861
vn 0.55185695284037628 0.71608872175386618 -0.42740010081731244
v 3931.8014224220069 5084.8321593533637 8740.9682585615847
vn -0.59167440952473793 -0.55721414595411545 -0.58260946496103061
v 3983.5328300039764 5386.2113844066334 8850.7946469939125
vn -0.3847699614666571 -0.88881259360571219 0.24892619428423884
v 4032.0410704085566 5407.1714267190446 9004.5267372743401
vn -0.96047445201999293 -0.1529698067354453 0.23257055971084298
v 3820.7404291322091 5527.6956191474683 8572.8759977470745
vn -0.098811100324616957 0.99358525228478733 0.054997389890919596
v 3857.5334970093063 5514.2118687411057 8795.4890603262902
vn -0.90704496483010577 0.42004379129260577 -0.028855591709165539
v 3962.544780271448 4986.8538426227315 8865.0142477563932
vn -0.22427131352880905 -0.95042373993446727 -0.21539984330784145
v 4011.4669834856486 5389.0737093892058 8741.1239118703597
vn 0.89151074771970584 -0.39329278918424876 -0.22478738549110155
v 3705.7138047713343 5442.3538261968861 8226.0959843664095
vn 0.73327255844930717 -0.43725686800041597 -0.52068972182257867
v 3913.971772097002 5102.5780531791388 8779.9931768948136
vn -0.9477721284126982 0.29590302787693301 0.11903524980999045
v 3643.0936896092317 5382.3803380344007 8642.5779449333277
vn -0.18077712167711055 -0.80231879935753858 0.56886217704784769
v 3694.257089759265 5510.184649280267 8304.522061944961
vn -0.3145289297486496 0.90294054029458093 0.29286504237224931
v 3433.4538984150349 5432.9163902076953 8600.4230142296437
vn -0.21432718292502534 -0.97243972653215727 0.091786910403857502
v 3635.1368220178447 5467.2230640476346 8113.6435587558117
vn 0.82309826471185599 0.25819931471238211 -0.50580862043898345
v 3361.1319206876324 5459.3207980129591 8517.1601684216785
vn 0.14937450185422055 0.78544464689624272 -0.60063629998347601
v 3823.9761664770849 5319.4985992071825 8643.1513981843673
vn -0.081862674749752617 -0.99644471309950289 -0.019910706136791814
v 3838.1399937831084 5322.6121537663512 8628.4570140440283
vn 0.17538191474994372 -0.9223345227314248 -0.34429669204980473
v 3580.1649713082525 5390.8903100979351 8658.7085199470639
vn 0.45372667641562536 -0.55695603437680097 0.69565226865158569
v 4186.420843989783 5377.3968510134764 9045.6770599564006
vn 0.74580758708283112 -0.29491516446056498 -0.59732410701467864
v 3956.9339596803184 5340.9725671937922 8656.354213320019
vn 0.77904685118683537 -0.50696281870162474 -0.36888304936657135
v 4153.5537724376463 5390.4702488715193 9004.0544625766706
vn 0.83485122792814381 -0.13538355495299953 -0.53356791533520698
v 3681.7059462715652 5461.4049901627959 8459.4314206927957
vn -0.88190856826557962 0.36512269580283219 -0.29819908489032615
v 3777.9451650987689 5513.5186591316915 8418.0101680907974
vn -0.87138023293732103 0.49060824757419758 0.00019250525954560741
v 3909.4681815853301 5500.0360781486424 8559.2985258106928
vn 0.72872384225021458 0.16707726980773138 -0.6641135050950846
v 3909.9021722350262 5073.3867037048458 8767.1324286547388
vn -0.77760647606069166 -0.5878776437428952 -0.22299785733449232
v 4044.5560305606159 5489.852542350427 8851.59059791037
vn 0.34049698742924089 0.89413552636793669 0.29083236071376956
v 3870.8639867109796 5459.0623782954026 8851.209057631324
vn -0.59961591431693162 -0.27483409076085769 0.75161624373979752
v 3929.6357090949095 5073.3823851781235 8753.6250304613914
vn -0.55345285456971538 -0.50916556849247541 -0.65912090061715378
v 3933.4263987334416 5535.3528616489784 8767.1132343876052
vn 0.28445527903100648 0.74537851740791339 0.60290634431740175
v 3552.7657023928768 5532.4108246449159 8113.6733211788924
vn 0.17217715236076783 0.98138082391054737 -0.085127590507379988
v 4060.7249660462689 5352.1504756454033 9027.2939861760387
vn -0.88469872761770374 -0.4357387799436801 0.16564986267669873
v 3526.5764502264246 5381.8749104941935 8155.6187182782633
vn -0.12872110491592451 -0.95963099945546437 0.25007843176357702
v 3464.9047400750655 5427.1836416660535 8670.6471903212387
vn -0.21547688985064287 -0.42663580745863361 0.87838009866709399
v 3595.6874026020901 5451.5508180337747 8252.5356161601139
vn -0.42426763302365245 0.87326431572113283 0.23959634900517382
v 3923.3688589541307 5561.3245208300905 8698.1863151908983
vn 0.32534323565084633 0.91635695902565306 -0.23332745801018687
v 3460.6918777978844 5410.8237821155653 8641.1360808081354
vn -0.64474070708444975 -0.76415102698125947 -0.019560894451182361
v 3603.0883026538504 5512.3485967426932 8113.9304920689483
vn 0.52449429840455153 0.83814980403487627 -0.14970182676713034
v 3865.4829551184648 5531.3738759720509 8795.4294057685147
vn -0.73986128904627912 0.67275931142561762 0.00042645152943898484
v 3585.1458947952196 5415.4786796076223 8668.5343317747611
vn 0.20348935957674308 -0.2396818160267761 0.94928642021528664
v 3873.8132040204873 5285.5164875337159 8699.6250204106109
vn -0.48820964965155189 -0.84819349726840254 0.20547294025906523
v 3368.9924925830665 5470.8305858652075 8586.5080073664176
vn -0.35039599166018826 0.8455637544612864 0.40279596096511028
v 3913.3775332012083 5304.843011714609 8656.2968898842482
vn 0.18165835151223444 -0.86979069952641541 -0.45876397236836974
v 3568.949744446727 5426.7216497897971 8249.8424335853197
vn 0.1718913996667569 0.75562106592981215 0.63205233283621187
v 4030.5694148082621 5021.6079507001305 8809.4541853231785
vn 0.55458407592798609 -0.80675427402317501 -0.20392166160670991
v 4038.2996027820482 5370.7866126908957 8907.3942522431826
vn -0.087503036337208143 -0.95759326077831641 -0.27451478201313784
v 3655.4651410780698 5430.0576243819778 8669.8220047140003
vn -0.25755083453456162 0.063336341041219102 0.96418674308147434
v 3828.0544946266473 5428.4701804423948 8795.6225111622953
vn -0.8169696730529088 0.038854282237639523 0.57537022695271689
v 3971.8202187896532 5525.2946675724961 8684.1606196536995
vn 0.69877124227630505 0.65845251882246558 -0.27956936782126185
v 3981.4188655389298 5517.1359598909949 8783.2869212087753
vn 0.346871984043431 0.90570214487625011 -0.24368720001742747
v 3682.8024578095537 5450.7812907635489 8447.6241780614091
vn -0.95175651885475598 0.18697298946535154 -0.24331179590777338
v 3495.1769535843387 5404.4282159417326 8669.6347646853592
vn -0.61518246156524359 -0.62676318377328455 0.4782451781763235
v 3499.3126271153596 5461.2510867400833 8224.4677279294629
vn 0.12956031176703414 0.98166726561058471 0.13979808740990143
v 3872.943192285984 5525.4866307457378 8597.9910178205773
vn -0.22445927678930408 0.89368006251000709 0.3885279641613103
v 3388.914024987298 5408.7822595088728 8627.6305726759492
vn 0.78436463115661426 -0.6061728654868066 -0.13163047723860247
v 3741.1257402386518 5481.0445033189108 8155.4178953993141
vn 0.93558123699590878 -0.18276235317155676 0.30213518703454673
v 3891.1955110732652 5527.4694020870602 8782.8249129647447
vn -0.0066956264040057547 0.78536271772282906 -0.61899965282548419
v 3811.7904642647627 5398.0651608113949 8419.7224864244145
vn 0.51965189344341012 -0.52711969215659582 -0.67238883079763789
v 3907.8874109786993 5574.411498742571 8572.9588287741353
vn -0.68694849555834603 0.66001462864444138 0.30410928040009783
v 3350.1438011309074 5363.2984009395732 8684.2726563880024
vn -0.55896404588119186 0.75513755909928237 0.34252950566295265
v 3360.4849779503702 5365.3214657178132 8670.8492929810491
vn -0.55308000066036644 0.81427101493812137 0.17625330380214368
v 3977.7475659756274 5418.0697012682413 8918.1503671632709
vn -0.66172035985017896 -0.32944365348989929 0.67349316591556951
v 3664.6689768386132 5405.9727784227434 8127.3296947598719
vn 0.3491365699051065 -0.76093315368703385 -0.54688608610459422
v 3858.0567617715992 5472.9940637605232 8823.3727794222068
vn -0.99181249615533873 -0.12711307756809456 -0.012257160408671782
v 4007.7184990050541 5428.2418132429029 8976.5088551525168
vn -0.8327278252610899 0.24710219107423365 0.49548448633862258
v 3698.9110603395902 5356.809815652332 8600.9752235292253
vn -0.29474606976284706 -0.95239580781327926 0.077890818579895355
v 3721.1536973312104 5358.2913890212767 8642.340648745203
vn -0.31365167198927368 -0.7674343578546744 0.55916646451885554
v 4025.2607267235835 5387.0239868586832 8879.3035067446981
vn -0.31178938580381726 -0.94881826419374593 0.050311831932908911
v 3710.9062275237211 5495.684378039994 8377.9635879295001
vn -0.3117423338793523 0.94452151634235704 0.1034206093280693
v 4034.7120066978714 5109.4930435368733 8754.0389476668715
vn 0.48648187021425104 -0.21194762350874921 -0.84759282373191325
v 3807.8533805361276 5501.1031150524632 8628.0037067562953
vn -0.013710074555331372 0.95224943858235023 0.30501318098614366
v 3945.7383713019271 5495.4236444807357 8878.9978576865979
vn -0.24892983073667083 0.92287254335091373 0.29383704344147638
v 3958.0514613338601 5492.8813904737981 8864.98786451669
vn 0.044458909955070451 0.9752665846969456 0.21651442007211069
v 3692.0580927800311 5383.0954663125722 8517.4873585549522
vn -0.7334498143411291 -0.66333056866828843 -0.14847197214682711
v 3930.0668366379396 5591.1184222012889 8572.9970451892113
vn -0.2432561985298386 0.899792623501809 0.36221493145443862
v 3675.5879496211273 5411.8637378718413 8127.4082576157762
vn -0.13837358112127612 -0.82764094859374071 -0.54393309538814305
v 3657.0745114634906 5402.8809076371181 8141.4292338722771
vn 0.65404661176110968 -0.75259455795290997 -0.076318156316019237
v 3905.409321662913 4970.4635433535013 8908.3411571621546
vn -0.34726348232221071 -0.80264010348536341 -0.48495044914141139
v 3705.6074533792726 5403.5171729739359 8405.9029110912415
vn -0.24109679402289153 -0.97049531923590426 -0.0033423424545522729
v 4072.4363881970567 5337.7305196688785 9032.3709542424313
vn -0.42369500500923174 -0.80235554246286755 0.42036665687152747
v 4042.2192391950757 5149.7180650970222 8753.8412111040307
vn 0.746958946559792 0.38060133000640028 -0.54515590407849845
v 3602.3035201177663 5378.5728232386027 8155.2937997736681
vn 0.17298652524147981 -0.97631954196458903 0.12990694385957199
v 3929.2415105050891 5480.1036021277796 8572.8065983934066
vn 0.9315561104149972 -0.16049671293458934 -0.32625759498542489
v 3333.0988092604721 5389.0734186733498 8642.3975588943413
vn -0.86812445512523584 0.48944797547984514 0.082465809352685313
v 3997.8112858082604 5396.7612290492743 8878.973721878041
vn -0.30933487813712762 -0.92292226182605597 0.2291864563925301
v 3516.0123806179236 5484.6057589804032 8641.677331626699
vn 0.67166775473730234 0.62164693300782581 0.40301056801046159
v 4009.5835963436052 5446.3753238918325 8698.0715134211314
vn 0.98921638412190871 0.026729453059984712 -0.14400167264268374
v 3877.9721881984624 5292.5981901406158 8725.8415936701385
vn -0.80664383366042447 -0.55424806496656398 -0.20526764990721943
v 3615.14940913073 5378.7945494555443 8169.6723617366852
vn 0.6176378369990505 -0.73820392255574707 -0.27125351800565256
v 3751.129790388341 5375.0371399089536 8446.3693108302541
vn -0.26429279568930242 -0.94251277003738576 -0.20449693509484818
v 3703.2132532442997 5384.492697308342 8656.9505351413391
vn -0.16514304961616322 -0.52664439902040261 0.83389055045845939
v 3721.152000922345 5444.8909703008703 8252.8693144114386
vn 0.72740295329028437 -0.68527347275233474 -0.035849840815932114
v 3763.9389848895544 5361.9632797733393 8503.1241169458135
vn 0.096750100560418481 -0.98364677247640087 0.15191591436814209
v 4048.1247368189106 5401.4778241956901 9060.0324677000608
vn -0.57640541652255073 0.77288835924006283 0.26533069923148433
v 4018.1200398142246 5378.4439078735704 8795.4334425738343
vn 0.55207262159372861 -0.80182644289700111 -0.22867045274317857
v 3871.6918902672801 5423.9763326858674 8517.1384909967055
vn 0.73443947824421063 -0.55253282107438595 -0.39408899303577666
v 3448.0018474604421 5466.1223666819669 8653.2345681499573
vn -0.43498575068345136 0.77385656640810674 0.46036226097434352
v 3765.0048702373897 5398.798929200002 8404.2904877116598
vn 0.056918362200765252 -0.98912898625241574 0.13558815803620522
v 3767.4191419842459 5460.0513294171033 8671.6498641764047
vn -0.35010544515434683 0.61118047406004716 0.70984829745588096
v 3529.1199932220698 5394.5786303661453 8614.9619066884698
vn 0.2644206194083828 -0.88417157801752322 -0.38512641646307499
v 3740.9759702125211 5345.9688772520185 8618.1529357971249
vn -0.43503699777182747 -0.85389611904923512 0.28566453830031058
v 3413.52224370452 5431.8122381654966 8600.7571820037792
vn 0.17499807082125765 -0.98454436396193323 0.0069332964476304416
v 3923.2077091106221 5454.007130283343 8879.0545649326214
vn -0.75319378214726196 -0.27254378672246321 0.59868105937442473
v 3419.1030444191333 5459.2949376552406 8554.6472165710657
vn 0.71745506015066196 0.56601950409245738 -0.40605437770222191
v 3850.0730953320308 5316.5618100806314 8727.7845276593507
vn -0.50446613270734275 -0.83243963206255145 -0.22925570859383543
v 3632.2336076315378 5461.9789401490871 8279.8671903026698
vn -0.53549090142223821 0.68716787968038617 0.49096822670062967
v 3943.8853001977714 5187.6418090871866 8725.4033725294903
vn 0.68750554260905539 0.2242846878962273 -0.69067539963221525
v 4033.8330234431846 5371.3558875905073 8892.4191544202549
vn -0.26380287474598524 -0.8820096943566762 -0.3904701555005155
v 3942.8037702766233 5119.6860154053829 8795.9581912761969
vn -0.21206210913966014 0.5181150522460366 0.82860512580077939
v 3358.2676375388619 5412.8757276472907 8517.5907004623241
vn 0.72542027388905794 -0.4541073062071897 -0.51725427081849595
v 3962.6531150980218 5165.8485655108707 8753.5373947873341
vn 0.29323776039514426 0.80613755016929711 0.51395901206758099
v 3316.7433198770323 5457.2187283113781 8503.2393711547084
vn 0.32540639083554784 0.58207719146453307 -0.74518240987032447
v 3466.3629697448441 5420.3474633695914 8099.2886851348558
vn -0.96394734523406167 -0.18459237399286621 -0.19165377919540927
v 3314.3825327218437 5471.9023691661532 8545.2390262884201
vn -0.069163254485993295 0.99205382658968977 0.10509828437067592
v 3961.4754806394558 5309.640759485681 8753.9051491559985
vn 0.63613915681408106 -0.57849039124299106 0.51056423729771849
v 3934.4248472336112 5522.4626683193428 8837.3654537036473
vn 0.18007909573944675 0.94573752481449769 0.27046636285388737
v 3829.1389497686478 5513.8093399339541 8503.5300420598924
vn 0.24724903728104963 0.96590245026696098 -0.076813866794187002
v 4024.0067142270382 5159.5829315393457 8781.1884388866365
vn 0.3537957964555285 0.86845779994573569 0.34728890584614247
v 3966.9450920108065 5017.9354546711911 8893.2065853451386
vn -0.21658194541283221 0.87519636062221262 0.4325778441793186
v 4080.543571568795 5097.5422816228493 8866.3953436176562
vn -0.36494357365616192 0.83579809625977675 0.41019230896690712
v 3251.6438017664186 5432.6387668464758 8530.5551679932814
vn -0.48921621096122531 -0.42027986068151768 -0.76422008455566381
v 4126.5116787940951 5435.1256365148529 8962.4869931176472
vn 0.96656643130924835 0.24110874958100556 -0.087269151145109289
v 3613.1860981320183 5392.7792425846455 8099.7088255078397
vn 0.52203891230783106 -0.47460443567123956 -0.70867905548114007
v 3711.9052665127165 5506.3682000463696 8348.7655367414554
vn -0.36121700836505294 0.92286113077269483 0.13360241830425157
v 3939.4745785320774 5285.0829065742437 8697.7600898947858
vn 0.5659052923015393 -0.33114726528164751 -0.75504482571672238
v 4023.9120618836687 5422.6543077155038 8738.901766288438
vn 0.9460145328495323 -0.32200599167163557 0.036995201919270859
v 3411.2528159356116 5421.8521975361009 8573.2277369063358
vn 0.30813411770556864 -0.94825673239133557 -0.076567192584798743
v 3953.9582637071908 5525.5902626421703 8656.3286911990272
vn 0.64264667435863609 0.64088135336287111 -0.41985276329632482
v 4096.411866856517 5453.2640429144067 8865.0545480914388
vn 0.92190503803632595 0.35289309911320177 -0.1598673244960345
v 3949.9298408598006 5014.3253249705022 8895.7829795298421
vn -0.74331954273712753 0.58331728272303707 -0.32744007858183821
v 3458.9009999010013 5402.9126725078722 8169.4193831036901
vn -0.65262978646378955 -0.69512916544595216 0.30144618950426671
v 4007.1895621027084 5463.8769407318705 8711.9695889949871
vn 0.92439928351671241 -0.036372328056281072 -0.37968805404641703
v 3705.0834383830015 5408.9125809516981 8335.9007239625553
vn 0.27879175395499128 -0.94079486228345743 0.19282164045498093
v 3928.8765285668997 5519.6033119639424 8614.0404316106669
vn 0.79349747967954154 0.20518318145996722 -0.57294119400526744
v 3666.6732453812961 5466.5013780826839 8377.9898195149253
vn -0.91418029669677459 0.1953113186485709 0.35514486331517381
v 3828.2246358211078 5412.7142346610017 8795.5588823374783
vn -0.8206714295306593 -0.34975133028701721 0.45185441429133583
v 3812.3471475819988 5386.5030438690028 8433.689503763846
vn 0.47317356831082125 -0.8762995543471791 -0.090586231309950027
v 3754.097285075306 5413.7515660401659 8350.2332607520075
vn 0.64898649052942414 -0.62226928855954511 -0.43771847987707724
v 3887.2195536475533 5484.7159330705381 8517.2076626417547
vn 0.95731347868838956 0.13787356520232427 -0.25405074992988058
v 3778.6235122908474 5367.3492525436322 8503.6702652497024
vn 0.43590224105341197 -0.8927446898537903 0.11400067974566232
v 3808.0868140079619 5423.4834726621921 8405.95712342361
vn 0.82769811603240839 -0.52467444637755256 -0.19907926570793483
v 3953.8220637768673 5390.1732469964682 8643.0311489881315
vn 0.81724307216463798 -0.22354764489527526 -0.53116872221609612
v 3667.1568414900976 5462.8430074278131 8656.3829326162941
vn -0.40151127111671442 0.80997248861678539 0.42747311827783013
v 3836.0789430317673 5376.3606310062096 8531.0227534150181
vn 0.48238465407269632 -0.6344708043695817 -0.6039468883252741
v 3460.7569770721652 5398.8459099357733 8155.3489196192559
vn -0.86230174721072583 -0.47146964746889686 0.18480278210266052
v 3629.7449764222574 5381.142094649068 8614.4559966122415
vn -0.40581712805718512 -0.85628760847672669 -0.31950585306786838
v 3837.7371030598879 5517.3248415011494 8516.9574492698121
vn 0.20945144272692329 0.97385954442591827 -0.087907228770751536
v 3897.8961109902561 5507.3474097996614 8543.1222226271875
vn 0.8137621081515517 0.19048545009442538 -0.54909609781810165
v 3664.1428039647635 5460.2250974128756 8614.5038804995202
vn -0.33488634449659654 0.88130597757895113 0.33339302655172026
v 3987.1543392396679 5474.8841512363306 8906.0295741520149
vn -0.54543459993872778 0.56075694006891696 0.62293880225446319
v 3725.2610938711741 5459.0991485127588 8141.5314540016352
vn 0.52557236585729772 -0.62532618056708 0.5768369406899585
v 3559.8762542625336 5466.724969310093 8642.3987501495722
vn 0.53092612206146672 0.74710355000084638 0.39994216893059092
v 3982.6657910918002 5145.0153059323347 8725.9868061706075
vn 0.50622097704192559 0.3126449937688115 -0.8037371649202355
v 3808.242462596012 5328.7465936606995 8600.6556834807925
vn 0.089471811846295962 -0.99090827314183139 -0.10047680878697658
v 3609.1558404911639 5453.2675048846186 8085.7452928827433
vn 0.84248457290014345 0.18103909513524785 -0.507389978673085
v 3467.9674941181543 5445.7398782776563 8168.1169060717284
vn -0.82668600737615139 0.49794455206395988 0.26199516842548853
v 3755.5508300240708 5497.7664490871284 8614.6614180046199
vn -0.20445173789237359 0.92731070400616811 0.31351928985051764
v 3686.3972214207097 5482.8855872983704 8586.6583578978098
vn -0.098968952455870493 0.84460166491666711 0.52616838946270972
v 3734.1183229624658 5504.6432497168953 8364.5336874759741
vn -0.15420398383765579 0.97785465459172782 0.14149701714837856
v 3820.8006874635166 5408.6323538385759 8461.2375017290215
vn 0.83917450427013862 -0.53525846403494415 0.09635625595631811
v 4134.5918519246807 5117.3186548496487 8837.0499482280757
vn 0.4513429300910608 -0.73789043080756023 -0.50180401710174571
v 4086.1329056592003 5375.5332076572586 8929.5401780322682
vn 0.52329758373563584 -0.71688432014834647 -0.46069133959939845
v 3821.3889116550654 5361.33759420977 8767.8340952741419
vn -0.32206507640073151 -0.28796635462128872 0.90185889426734445
v 3288.9326518326388 5431.5954293519471 8503.353083858894
vn -0.52100885057800572 -0.32036165621249324 -0.791149914269207
v 4031.3827760796021 5368.3863348490431 8948.4300896892291
vn -0.36100454592199549 -0.89719090732926277 -0.25440949988030748
v 3970.4932350079848 5529.9206731509785 8753.8841421264679
vn 0.67755959872555971 0.67649272998671983 0.28856641601193533
v 4069.911345744863 5378.7980735835208 8906.9275558534137
vn 0.63919254623628508 -0.76644612296195291 0.063192004498715468
v 3515.6823476185446 5479.5176760186841 8649.7458266898448
vn -0.034119319694424721 0.75729787418077243 0.65217773787892552
v 3563.2998306869031 5386.0799446557166 8670.504772535407
vn 0.28276282955177046 -0.72475636359826812 0.62830995189292638
v 3589.9334431875104 5436.3686485804637 8265.4624516038857
vn -0.076306686613021188 0.13886821910757444 0.98736665292080472
v 4123.0847548421007 5092.9226429908558 8851.3812830856696
vn 0.5241366223940076 -0.85020596460533782 -0.049301306421926754
v 3445.983636621655 5416.4485539806883 8656.4562845265027
vn -0.53157882841055615 -0.80706753677803345 0.25703295560044037
v 3492.6846503868055 5481.324692072023 8181.5966796760576
vn -0.55198319256769079 0.80635536932781138 0.21238072765434385
v 3676.6149546659281 5506.0115869630472 8244.294598116765
vn -0.49075056008696155 0.8711398493866892 -0.016710792466835132
v 4198.7803809460856 5379.2300920889602 9060.2038231318165
vn 0.89997337943380906 -0.37732683984873339 -0.21834003810629332
v 3815.3637697365775 5330.8261793291604 8753.8294626913666
vn -0.5937933959674041 -0.7384696228159513 0.31948711880694713
v 4129.0853553469733 5120.5962865117999 8823.0614170669778
vn 0.73822686022650197 -0.39760289084262979 -0.54491563019765232
v 3964.450312535897 5544.7969456478331 8739.9019945204036
vn 0.63286596955445795 0.77315830513189066 0.041314643717186426
v 3761.0897487887123 5373.3261313034309 8670.5475131307358
vn -0.59789559833846506 -0.73453472780880724 0.32090432706700944
v 3547.8089422074336 5390.7608009436681 8628.2752799399532
vn 0.19959751091559727 -0.93089640085469527 -0.30592928024638688
v 3297.8975706533129 5471.7812601522264 8559.3458754233561
vn 0.58167934856898307 0.81267989277222452 -0.034648626698457495
v 3306.0250713032528 5464.464118274188 8558.6225718477908
vn 0.36052205341731158 0.92277378683632982 0.13606023418877683
v 3998.3820039582265 5404.3937122699372 8691.2348283999272
vn 0.54485876314053727 -0.81585209070011189 -0.19368607159323695
v 3702.7399197325899 5509.5052082887287 8225.2402276929661
vn 0.25914957240729442 0.80603048475828454 -0.53212438091243419
v 3911.4859985913131 4994.7789051012915 8875.2133509564974
vn -0.43987949749963873 -0.55600952240455515 -0.70523715066275672
v 3959.9101581022624 5318.0383739406097 8726.2824716645191
vn 0.94584075931650569 -0.25494913117377843 -0.20096317704821287
v 3230.4787103556346 5454.3021236054592 8531.0111763763325
vn -0.41640600690602808 -0.45633809559568334 -0.7863597013585335
v 3462.4691190910817 5424.8944203172223 8572.5528365655628
vn 0.33528229699841683 -0.81276007057722666 -0.47645235752881621
v 3488.4173347744045 5401.2411732679147 8113.5987594520493
vn -0.67235105833600128 -0.73735366178373385 0.065219872804062301
v 3964.7943917936973 5494.5859159916145 8656.3948657233959
vn 0.87692620209557648 0.15083464283423773 -0.45634345245581853
v 3924.4040743259802 5271.5030577817924 8697.8702701871061
vn 0.1321485124569681 -0.29754249012235756 -0.94551850178999519
v 3367.5077087438003 5425.4542372635024 8628.6776504070422
vn -0.44438760697341356 0.48849553122244616 0.75092727393812442
v 4045.0376523920277 5072.893003160696 8865.4512856920373
vn -0.30088612575741952 0.57965750414791328 0.75727453226138697
v 3548.696633232059 5481.0789920356701 8197.1331930501219
vn -0.12475131037299948 0.8420266498654182 0.52481256794844389
v 3603.0990303968351 5380.686984177607 8238.9600208672855
vn -0.15406961411233591 -0.9872854360442902 0.039115492865512858
v 3376.0704172897022 5415.8694443785753 8545.140610394883
vn 0.49238506807345683 -0.71112946485330175 -0.50184841232762101
v 3806.5082967564294 5504.4045508746649 8405.1063574961699
vn 0.21913384018621035 0.97482149832592713 -0.041272345303350638
v 3470.8510439543224 5435.0299020894045 8127.49172532996
vn -0.9001017624523262 0.23864525635905023 -0.364506870782348
v 3385.5093666122461 5402.7730478947424 8573.4520561227964
vn 0.83572453177535821 -0.5488927250015293 -0.016771506469422482
v 3682.4538035351925 5435.2737567276872 8189.5097513116225
vn 0.84469865164031466 -0.52913259809866109 -0.080640446094966511
v 3512.0899625257443 5474.4573142939744 8656.5875753770197
vn 0.25289366573966116 0.80262562385773506 0.54021930894381953
v 3525.2975388788036 5411.2583405126134 8238.9458427207828
vn -0.25833236480761196 -0.44158697443807027 0.85922368059751353
v 3696.9492029053126 5386.0266259386226 8484.7617367915573
vn -0.57699797767782213 -0.76858498887565141 -0.27631584940194509
v 4016.5213285992359 5367.7721911375156 8767.4945589626095
vn 0.83637044200334665 -0.52341805498462035 -0.16284355516643462
v 3705.0024732645525 5515.0946304296567 8266.7397301113706
vn 0.13114802001023729 0.91976222588219603 0.36991572646701909
v 3328.8799277009366 5365.0729181814841 8615.0075665888035
vn -0.57020084013244288 -0.56330086585955563 0.59796583216278443
v 4038.1147726945828 5094.7638524064496 8851.2673313332562
vn -0.26087213718663471 0.61605618625826553 0.74324996025065404
v 3660.7366829528546 5459.9701346858492 8656.9557122063616
vn -0.14295099392235222 0.88143479592787444 0.45015298939826875
v 3842.8179829631226 5318.3028089132767 8709.9915453099056
vn -0.57781044371494783 -0.7828585490817459 0.23079771069826258
v 3678.3238129268161 5389.9739341457507 8544.578112536914
vn -0.75818439741003363 -0.63552071356573114 -0.14584183951420779
v 3977.5900219807836 5100.413154551793 8824.1053509025896
vn -0.26453577578552151 0.85054535072667203 0.45452549949017679
v 3964.4764441322013 5490.4220960605935 8642.8065593847732
vn 0.87873713141542531 0.32099759879306117 -0.35324438486815113
v 3756.5413261411254 5375.1805739899019 8670.3287908879684
vn -0.60477880851135879 -0.58658708597074738 0.53866333024248825
v 3894.1076620457316 5522.5356770519529 8837.3001085088235
vn -0.15706453669523054 0.89072138766628295 0.42655145160527086
v 3489.3220654913057 5468.8571864483165 8098.8849053448339
vn -0.76549508835890512 0.48689977203350376 -0.42064935717544383
v 3992.5656836286407 5162.5801065763699 8781.6249575335569
vn 0.11240402203681774 0.87822743424658267 0.46484611385555408
v 3927.0945512927647 5202.5387336540298 8713.3621372517628
vn 0.50622097704192559 0.3126449937688115 -0.8037371649202355
v 3577.0238212382719 5402.7871737349196 8670.2821953837265
vn 0.41825702232715717 -0.43748838875993801 0.79603076132411699
v 4023.7156829583419 5497.1181241480535 8851.012596190043
vn 0.32970381504192858 0.81628983389462406 0.47430612628036406
v 3339.9909898820842 5364.0608878533967 8621.7913736477258
vn -0.71855937993564867 0.38405970247944082 0.57980217526144162
v 3953.8917995104453 5534.30835275142 8712.1115777131927
vn 0.55662037709670165 0.82217881867546838 -0.11914590182686582
v 3658.8477254793543 5392.9858343756105 8210.6276317235552
vn 0.42289497278529703 -0.78994068271649831 -0.44401977408930293
v 3845.27451477063 5525.7641834433962 8753.8119144234242
vn -0.72833331794314626 0.56220244744655501 0.3917384153475777
v 4002.6973697861131 5112.9053078527468 8739.7632084657089
vn 0.44879502080809258 -0.16535017928208687 -0.87820404662541018
v 3466.6879594445895 5393.8886289965521 8155.9025999225742
vn -0.37623293250272294 -0.85696075880359968 0.35223151246184714
v 4007.7864060199354 4992.4594812713331 8865.1807808089361
vn 0.42440045044292102 -0.886352115289748 -0.18510587614993504
v 3859.4695805889528 5519.7424952396432 8536.4126637081481
vn 0.0071189499608792679 0.89534507320843137 -0.44531620275130701
v 3899.1647452423063 5489.0690564942961 8545.4596782806711
vn 0.84505806009833673 -0.095586438941856075 -0.52606093539936105
v 3906.7840226290577 5036.9402931228151 8851.848278832922
vn -0.71538668914041648 0.6692936181154755 0.20066872638906419
v 3688.1731914223601 5381.3500456956062 8545.2483961731596
vn -0.67688336921888448 -0.73026915057702468 -0.092389784015344339
v 4057.8400937043989 5384.3741523029857 8876.8816286195797
vn 0.41013279474006298 -0.87186852560479056 0.26764970528366733
v 3923.2396393875279 5404.7547984185212 8600.7690693921322
vn 0.72218901322591189 -0.16422270123315169 -0.67191810034815291
v 3469.0031564232704 5411.2353686857477 8224.9025082119188
vn -0.81216728105148062 -0.53782825740266349 0.22610854280336207
v 3457.2904379618485 5400.5412503122416 8141.3409786080892
vn -0.60927852945764505 -0.69308909671767105 -0.38523652157215366
v 3934.8239190972745 5492.4800950792933 8878.9964561706602
vn -0.24892983073667083 0.92287254335091373 0.29383704344147638
v 4092.1622208681511 5417.3021769073439 9060.0268603800723
vn -0.11122404532900293 0.93345619782670508 0.34101134655545273
v 3596.3669464304194 5449.5296925170951 8586.6274830930161
vn -0.44938732867778147 0.59050498793822537 -0.6703393827337939
v 3359.6676045943605 5334.532191989344 8670.292931561713
vn -0.27000353895007717 -0.96056930675482322 0.066367882857541943
v 3960.1824871647405 5053.0110448960368 8753.9546563115873
vn -0.16416022324873222 -0.70206042989173223 -0.69293764068865715
v 4011.3107132177029 5381.5157277767285 8753.7277465533516
vn 0.85699478254310668 -0.27818018966128716 -0.43379225992853271
v 3365.6639297792467 5371.4926311485915 8660.1878506225494
vn 0.037545788867571539 0.71778081349184097 0.69525608053529664
v 4057.5885393510689 5361.9610514699871 8948.6694352683535
vn -0.32393768671316392 -0.92198318323257189 -0.21215886727463901
v 3951.1954218755936 5127.3442591901621 8792.8975512360848
vn -0.26287493430340664 0.40399790592854595 0.87617490315594482
v 3741.3963550282861 5370.5770947555657 8475.4492458788518
vn -0.10649642983968512 -0.92344108596983743 -0.36866661250274402
v 3498.234595677146 5489.5842108317429 8642.5500814339139
vn 0.13698278520056981 0.88868380708427408 0.43758062980997603
v 3710.2414091208921 5363.8244819123793 8545.0113202829416
vn -0.55611185067500968 -0.82562395042330383 -0.095313703244778752
v 3718.0662706196526 5499.883873021623 8377.9286425456012
vn -0.44062098908882685 0.89199891407409992 0.10095088540973952
v 3741.7575983790439 5507.2587763891197 8364.2830647056307
vn 0.036268999160750083 0.99662794549547074 0.07360229587013159
v 3890.2876740577794 5527.384102717424 8627.456115177316
vn -0.25401816953870071 0.86717315873335099 0.42835205417580313
v 3723.1835407193321 5479.1760659931824 8155.9763026600176
vn -0.62997214324178397 0.28057952872048558 0.72416174077504503
v 3636.487034794638 5358.985617057253 8308.2938187193577
vn -0.82970145243496751 -0.54513371450391379 0.12010301053042209
v 3573.9883574269588 5432.3409277005048 8251.6772822946368
vn -0.61895805616041089 -0.2691915014428527 0.73785287169263525
v 4054.2161014353478 5383.4865218043269 9073.6839173003609
vn -0.12630579109518664 0.37444561044648422 0.91860618980778641
v 3698.474520759919 5364.7191288091453 8642.4033711605844
vn -0.20419277602689839 -0.79893639127112459 0.56569068661336597
v 3772.6795443050933 5504.2558575121193 8558.8191398575746
vn -0.10456345005363449 0.98756992214007044 -0.11735473487310354
v 3718.3338643632665 5496.7224591978365 8491.8029897755732
vn -0.38225473967976931 0.9234080212663528 -0.034625716646890077
v 4119.9842386394866 5121.0168665185993 8809.4321280789845
vn 0.73402698261123112 -0.20585628373261589 -0.64716889545654765
v 3634.6939449173401 5391.7762024183785 8586.4234867401337
vn -0.55575159945601282 -0.80870272417945899 -0.19271757472219625
v 4005.9764249123909 5072.1782369936991 8753.7166312370919
vn 0.40072532911934511 -0.36500877718799685 -0.84034981000647335
v 3734.9633129775775 5489.2221881018986 8294.3739494262627
vn 0.63125965635778791 0.5142870985463821 -0.58053425956078719
v 3502.3627469523935 5504.7129501768704 8127.4402600077283
vn -0.75035218791087188 0.516225207356793 0.41289602733231007
v 4039.6893335920358 5457.2021791459356 8978.4965040269908
vn -0.30540745103010503 0.6574980317290785 0.68878343993426672
v 3376.3551756525267 5472.7179976291918 8575.8632069238502
vn -0.026365523331094241 0.9992891596447423 0.026945029151631293
v 3690.8230744918028 5454.7297706069567 8419.8200287424934
vn -0.97454704640648715 0.22268764856914491 0.025850832000864733
v 4131.9406829965283 5361.2446046209079 9003.0248120968026
vn 0.49468791605565282 -0.7990954139014641 -0.34165828716740232
v 3616.5013325763157 5457.9611776949832 8628.2214193004802
vn 0.26550231304143174 0.91231202237680553 0.31176160058030339
v 3761.5336757046475 5442.0211899691531 8349.7729086657964
vn 0.79769669429508094 -0.16765226146762374 -0.57928637402884919
v 3327.4130147685978 5357.921745134101 8599.2041683254847
vn -0.87646953320298449 -0.46472043970312094 0.12584144901057154
v 3913.9783569792453 5523.3519587404808 8644.1360229878464
vn 0.34835041416097856 0.87945177781238393 -0.32437102129584877
v 4144.1937258395819 5359.7039188422586 9018.4982118163862
vn 0.49912380644737803 -0.81214945786624049 -0.30214017264351289
v 4076.4024537728983 5073.4600705029152 8823.4707639128519
vn 0.65617143287758162 -0.75189707487314339 -0.063951852769034062
v 4138.1434334678706 5334.8863525494671 9045.9873775950746
vn 0.43455025739074038 -0.88013248712148395 -0.19113576042957589
v 3626.9166698972103 5397.4547258525054 8308.5360174447342
vn -0.60646742557332867 -0.23063475932928357 0.76092369493109002
v 4044.8268663583112 5355.8434710905467 8962.5400455087256
vn -0.31916288044872382 -0.9457839409161376 -0.060231161775393387
v 3918.3486698758802 5187.6575740625412 8740.0585595454177
vn -0.93364232126134628 -0.0063982446572635673 0.35814951963534852
v 3500.898064569803 5455.3476636663263 8224.7462685865194
vn 0.72961020631948259 0.59232725982184919 0.34178555280523737
v 3612.8622575713907 5436.9865740495388 8280.717646350362
vn -0.55192690098473063 0.43720973247795497 0.71008756206255752
v 3689.4040518893216 5414.8482809938478 8350.2566826288476
vn -0.35611297997806857 -0.92869013418952429 0.10352864410482308
v 3346.401474400237 5376.4815791632991 8628.8942567155646
vn -0.87010085011112714 -0.48935893582712658 0.058756638450783522
v 3682.7218379156147 5450.1439132002197 8433.6158423535562
vn -0.9497873435654044 0.18618134287607657 -0.251476658097394
v 4111.917953248907 5351.1657968873187 8990.0767617640322
vn 0.54272239785577692 -0.71253066819931488 -0.44469365381250214
v 4016.9526335360206 5486.4075857072894 8767.8210886378201
vn 0.68001088331843773 0.64258629316588234 -0.353083636556282
v 4152.3769489116366 5406.4320953742199 9003.2528190925204
vn 0.87462991713252725 0.32453378660914056 -0.3601393194388543
v 3449.0619669247308 5404.193599331772 8141.4777135135355
vn -0.90394534079387157 -0.40667659567657838 -0.13227610285293392
v 3869.4599755257896 5496.5543639234093 8851.2639588304792
vn -0.74226967266473554 0.20260101776437095 0.63873982234007254
v 3478.5390824732794 5399.9130647573847 8614.438095345211
vn -0.34983802213766174 -0.80234265321630127 -0.48359034843205362
v 3884.6482648444016 5522.6317817506006 8642.6386094428108
vn -0.32614700716542522 0.92975464845228495 -0.17083449124343766
v 3739.3625422161713 5342.8105517888434 8558.9721501876193
vn -0.22550953460508913 -0.92933778769221986 -0.29236403022520807
v 4027.1714184156954 5069.8412096428074 8767.9775431042872
vn 0.54671329900525956 -0.32912277483240593 -0.76992387141678043
v 3702.8602760342578 5473.0310056184999 8127.6497249410277
vn -0.55691488249758503 0.46246284259937448 0.6899086409573425
v 3550.6720153851807 5385.317220085165 8197.3459745593864
vn -0.2000378409955115 -0.91061691289901914 0.36160987280785695
v 3962.2014387313166 5535.3868711270361 8683.8884509244017
vn 0.67322717616280248 0.63916218560895033 -0.37180219171415424
v 3815.1287615232372 5493.1969022457506 8684.0978225363269
vn -0.61916212701876938 0.75321638641806565 0.22204354459633538
v 3207.8054506550634 5485.4798140823823 8543.4387192672584
vn -0.048181724080364308 0.95957298669735991 -0.27730525538718487
v 3910.626210983527 5232.1433792920461 8740.0503734868744
vn -0.51956621907161626 -0.058387276804109794 0.85243291226173656
v 3722.8544840049099 5432.7304736632486 8293.4738347978855
vn 0.81990327192328205 -0.48126899163140818 -0.31006254592192234
v 3791.6941753536375 5350.6110745212554 8545.12710010097
vn 0.13763421219563901 -0.93930969295456446 -0.31425168950204169
v 4148.6223764716196 5340.0245458630816 9046.1513266068614
vn 0.43961283699657416 -0.84040919166872374 -0.31694312440333205
v 3884.8735514127502 5278.7948171857597 8705.0906728937462
vn -0.66455533367690345 -0.74148893844573815 -0.092522227838460147
v 4021.3795544496879 5427.6227541518238 8725.9407393223937
vn 0.77836379718485815 -0.22297479733273837 -0.58688332655340725
v 3979.6402597553242 4974.059186731196 8906.9489523157536
vn 0.7689694261723673 -0.59194254054827222 0.24143332475322726
v 3918.5311523287146 5125.2176050908256 8725.7113763369034
vn -0.83852941435694806 -0.33173096979003264 -0.43223024528641946
v 3297.889033148298 5394.3655996674788 8559.0390876456731
vn -0.59775453598425066 -0.62462859743324606 0.50252226814224765
v 3821.688002112217 5490.295444019921 8711.974117192638
vn -0.68244247330529784 0.71797340420309963 0.13706371323570726
v 3942.0564277383874 5311.2993911991944 8684.0957015079694
vn 0.6426886730996898 -0.42834169935641919 -0.63519655073198789
v 3931.7435278440662 5516.6301882477746 8641.0557680748025
vn 0.42203295604977253 0.77785430254651144 0.46565101526547875
v 4110.6698083071606 5323.2023952153577 9059.4452077949936
vn 0.1108586757438398 -0.80921319475782305 -0.57696131537752138
v 3678.8578382770356 5399.4109430790095 8489.0863605282284
vn -0.60164580538136403 -0.68352872918932883 -0.41329263390463528
v 3915.6691835014535 5496.1929624595323 8864.5292900924105
vn -0.047070935885510583 0.81897058704834791 0.57190165635758261
v 4065.8132838674019 5345.3760033048266 9073.8937746057691
vn -0.50196383569539726 -0.58248801054801835 0.63932779168574849
v 3480.9088999621608 5386.7726119108984 8141.4065827588665
vn -0.47870663823180237 -0.87556047102886281 -0.065067780694612123
v 3568.4780812634053 5445.2455793494501 8670.2070458971593
vn 0.52048900066385007 0.24918939282192254 0.81669813682473169
v 3895.9615526290881 4998.0071687216787 8906.6536693070229
vn -0.31774831913078394 0.9405010528385882 0.12039009634961116
v 3391.4242455975091 5349.0439785535746 8672.1101420555206
vn 0.97082161289240998 -0.23842461732708711 -0.025672899980557728
v 3832.2171824609068 5452.6249005708542 8768.0704523831992
vn -0.8039006971561814 0.53694937978642954 0.25579099409239192
v 4089.9288512528569 5402.8371301183288 8906.9900380836043
vn 0.90911105837574047 -0.41064592937492317 -0.069907111417556886
v 3645.5162399919864 5456.1267650449145 8628.508522641856
vn -0.093660712850335628 0.97726291598341009 0.1902231949893847
v 3874.4893521246067 5525.9254359447114 8656.2031318877889
vn -0.41754320219143559 0.80347145492799843 -0.42437164775654745
v 3635.0560469693446 5362.9401876950551 8252.8571785634176
vn 0.044463238391082648 -0.9953717606001703 -0.085194357979239591
v 3734.7906511817855 5513.4689892451061 8416.8190973590099
vn -0.36515081286957041 0.90241158739708993 0.22873174417241726
v 3876.0993427100229 5430.8210490613001 8823.8294014128187
vn -0.78328372361368381 -0.30469173525858229 0.54187595885681827
v 3756.9022054115162 5509.4382241808507 8377.827529763761
vn 0.023364869712880043 0.99346348672649809 -0.11173353751013845
v 3636.4338557961228 5380.0208180959826 8628.5729568046609
vn -0.27711879363005082 -0.94276433427657624 0.18547394489002864
v 3486.0045087207559 5461.0543435705185 8096.4110309089174
vn -0.82343630029541548 0.28440738500026747 -0.49098380697647059
v 3998.2014414745645 5007.8829883884664 8851.2564920301393
vn 0.35101258102849187 -0.90310018724954588 -0.2473867816791174
v 3844.881812774056 5515.45239514266 8518.0178041133095
vn 0.2270987645936233 0.97291828922483192 -0.043083101233268757
v 3631.9597060182768 5370.4108317267874 8281.3084268110833
vn -0.24986745009394926 -0.96501671854160953 0.079429152826477945
v 3375.1258509794916 5365.6705087228838 8684.3597067101091
vn 0.23084126098195965 0.6805009796319812 0.69543563968793898
v 4123.5888098642999 5413.6984147830726 8948.54587630483
vn 0.84925986069904214 -0.11642656316279007 -0.51497819798079281
v 4175.9400893552047 5407.6388453997997 9060.1909618256923
vn 0.34711172986877054 0.884848580689513 0.3107353154040654
v 3446.3980560544733 5477.1087585919613 8601.2717673941843
vn -0.17386810278924109 0.97705682745803102 0.12300340950606729
v 4000.4827660528276 5424.0517743031851 8934.6781681280427
vn -0.88666465006083006 -0.40053997635000377 0.23107039117559902
v 3504.9922574314696 5385.8425731781963 8642.1127752272041
vn 0.006878910033492832 -0.88271419063557022 -0.46985991342882349
v 3346.0284890912517 5396.5979183666968 8642.5853831351378
vn -0.59007220407252814 0.75847997946537782 0.27662775480994078
v 3887.3572421497743 5461.1850052779137 8517.0534404468926
vn 0.94195848176222119 -0.24937041326721365 -0.22478571045142129
v 4082.6332279104372 5345.5826987466417 9005.1549869391165
vn 0.11303696203931528 -0.64934316299519979 -0.75204793855465868
v 3982.8816063051408 5162.7227777839298 8752.2102250419757
vn 0.52311523547748051 0.8489141204059375 0.075466990046997209
v 3740.6492535957459 5452.7855555415517 8322.3511161232345
vn 0.86569087671417222 -0.39395162946729856 -0.30883882465439544
v 3814.6766655954207 5462.0370946499115 8740.2405571020881
vn -0.88028407233259909 0.039284985885029614 0.47281776815338533
v 4074.9459297223475 5413.9309330989763 9060.395491513209
vn 0.097743092375651916 0.91212795417775916 0.39808150308742107
v 3591.5533286829159 5497.2830674479737 8096.7793896088024
vn 0.42059790147719034 0.68909895542165223 -0.59011866171963367
v 3794.8245209073243 5407.6634109991501 8739.8643471185005
vn -0.94483149684991774 0.072464449226530864 0.31944067705700768
v 4086.3100330728244 5479.5153955625501 8878.1833808225347
vn 0.484952304068275 0.81064111801245886 -0.32814972278882382
v 4068.5308525579117 5077.5134230251388 8795.9486621240067
vn 0.62909255411924248 -0.29483287101808081 -0.71924692319047412
v 3769.9438551909789 5509.8467237413679 8393.9473239229264
vn 0.18410189786215078 0.97687497919901112 -0.10872794589472246
v 3460.6775062109973 5433.0940723527856 8141.43399636093
vn -0.71151840122779242 0.64886611364875701 -0.26965594981866181
v 4028.5850997058369 5373.2296456219556 8976.9209720400777
vn -0.55098356195163944 -0.8321452957037323 -0.062859536247349551
v 3499.046739905586 5481.1870890225546 8183.8246644307783
vn -0.35537397525361841 0.8880135352450016 0.29178981979177182
v 3977.3810056816628 5399.2612501569438 8907.1979793443243
vn -0.72157365080552971 -0.63761539175672766 0.26977412525684197
v 3622.9545545475221 5454.9700432003237 8544.813306104681
vn -0.89815632175704219 0.034211504638640214 -0.43834323838542433
v 3849.3712039521633 5316.8256584976698 8670.4587333027539
vn -0.27065632810712137 -0.91302574069033904 -0.30517068812785386
v 3577.3017717500934 5398.7047988674994 8072.0875820507254
vn 0.39977437258186049 -0.6088515792920236 -0.68518625600663385
v 3380.7035166083401 5363.6454684443925 8656.3926128097009
vn 0.56240250422107707 0.76366167722265144 -0.31705561970630386
v 3619.0499476649175 5410.7915939228951 8308.4742618511737
vn -0.84162044963738958 -0.046634186390368079 0.53805229430963919
v 3547.6982708119176 5508.9639412405304 8072.1244119497924
vn 0.11303442231423071 0.82576928378877401 -0.55256520820900712
v 3821.044752549738 5433.5805500087872 8770.1306648899972
vn -0.89348313836909088 0.36457090854269308 0.26225166175731912
v 3580.0592803357176 5450.6279603852363 8656.5800058319219
vn 0.47921909791736056 0.67268161324638653 0.56378054541772737
v 4058.038792469994 5054.8160241197065 8823.4097339353702
vn 0.76850828784213576 -0.63820113449269378 -0.045763778801447497
v 4032.1155323293633 5421.9179866078875 9003.994490099105
vn -0.8296024133280866 0.4941481134399589 0.25995668443789638
v 4011.8046534001915 5470.5457829291772 8948.3964144150577
vn -0.46719052432963137 0.57383948086414216 0.67263754294432287
v 4001.9845697617966 5449.2539488394441 8948.8128716946067
vn -0.80733740120287623 0.13118041975322231 0.57532427212169168
v 3697.2158352688325 5510.6799219271334 8350.7508647221657
vn 0.34956500684690323 0.8533791695063323 0.38671475151693785
v 4011.9509500065105 5511.6878735466817 8739.9732454298828
vn 0.64939284212999115 0.69011518315183762 0.31942130576033617
v 3677.7979998013179 5443.213375159914 8155.5791980553204
vn 0.68467895926535116 0.72686485921167987 -0.053686117223172965
v 3388.146749800916 5471.221664150481 8559.2936002784518
vn 0.21358842683699128 0.9740524770198461 0.074844879135458439
v 3548.9145533762712 5378.7984318751187 8155.3112190176926
vn -0.19464706444796506 -0.94885144287042378 0.24858290300120117
v 4105.945705541777 5446.0544094230554 8934.5365241523778
vn 0.74469307414790853 0.14286199843645944 -0.6519376310038244
v 4055.8723001057442 5471.5877790939085 8823.4746765633208
vn 0.76338817859265706 0.63015210457557058 -0.14193947260704035
v 3919.0200486116387 5368.4454031044334 8614.5142562327146
vn 0.60733316087364475 -0.48871451957168582 -0.62634219885222797
v 3524.0193965178373 5390.3764788384451 8670.0537532334565
vn -0.25644933997062969 -0.73267329675136106 0.63041539976123706
v 3681.0955966845831 5404.7919800429408 8252.8045442721959
vn 0.60666939050485957 -0.55281035284662372 -0.57127310842543033
v 3426.7614242047639 5474.3961773613773 8600.6888655425319
vn -0.18444745352969663 0.91907686358702456 0.34824826734019537
v 4023.4645557795816 5062.8633247630123 8767.614764148957
vn 0.49760794188085838 -0.43829002115323096 -0.74852400999206214
v 3687.1074569859429 5440.8574443372081 8183.3114071419313
vn 0.81065917614832061 -0.53463412392514409 -0.23874265153365412
v 4143.9683064254641 5382.9795862027058 8989.5515165457673
vn 0.76790259121094095 -0.26507990726501135 -0.58314513903135268
v 3663.0422367774427 5362.9006927453484 8294.3824546667238
vn 0.31415015752485698 -0.68959069316591326 -0.65251387297594121
v 3598.9659233987959 5391.1454047034867 8656.2175870790179
vn 0.31474407886419342 -0.57874864989119823 0.75232052017012385
v 3904.8365590886788 5036.3276514833697 8864.0151398180769
vn -0.50361373214762439 0.86148397656019837 0.064950495936277969
v 4071.020435407896 5346.6656819309474 9004.188976319314
vn -0.17495377474021148 -0.9549334398824284 -0.23977760966875944
v 3730.8106215664375 5353.3029939567459 8642.0000256171224
vn -0.27835246954683462 -0.83057622114026952 0.48235157672959739
v 3808.9882270209528 5323.7203767064102 8641.6504398030702
vn -0.23895890779355128 -0.97032249212151023 -0.037052687746164305
v 3426.1978927175114 5424.5620641834275 8572.8903066642633
vn 0.20970621543505591 -0.90803794111757963 -0.36261605135301561
v 3575.6888924524019 5506.2349054583046 8086.176978443702
vn 0.47562899236146122 0.84217097637046456 -0.25401792886416413
v 4097.7250476481204 5132.225144849248 8824.0336277019051
vn -0.34710731816960405 0.89239742024884883 0.28834589299364832
v 3911.9118448483064 5417.6262022655947 8851.1768411237335
vn -0.58426199893701836 -0.71835531185017099 0.37762886877827978
v 3541.2013407770719 5416.8497059302681 8599.714154297184
vn 0.15768118113448232 -0.88325365454738614 -0.44158762080103808
v 3732.2774737803679 5391.7931975877982 8669.6620514327369
vn -0.19962482612199359 -0.48151619933691042 0.85340030382693233
v 3906.1396163891895 5101.4272644650573 8767.8806027443916
vn -0.97428136827959588 0.18164877702411966 0.13333993111172671
v 3462.9075350896665 5439.0449789443901 8169.3128101996144
vn -0.8965636664620158 0.43644220998233074 0.075443948239249714
v 3663.0935016572839 5499.2177787686924 8294.6200061998134
vn -0.33128703206376692 0.93902613838183013 0.092080474706034823
v 3372.9785343085045 5399.1994483612607 8559.7802397363776
vn 0.59631980052230471 -0.59710649244720548 -0.53653194889254641
v 3598.9758153023431 5487.0778734822161 8211.0641595709276
vn -0.29293354602748922 0.74087562765530746 0.60439493872642169
v 3918.0368065000803 5103.3074034941747 8739.9596207063805
vn -0.86391518419187741 -0.24233462542315637 -0.44150252982710408
v 3735.1115615458612 5489.5502998455522 8266.4004742243596
vn 0.87609237594545375 0.42721860588721017 0.22348693830745125
v 3482.1198101281298 5457.4996067142292 8107.2485731603438
vn -0.93701112733505376 0.14756744666878008 -0.31659752989236728
v 3610.9482913215966 5430.8575931023615 8280.8176757256424
vn -0.696157837105148 -0.067325716407370756 0.71472478181976895
v 3513.1433333525638 5384.8258832766696 8169.3563432056162
vn -0.18055147109228409 -0.98347271221678123 0.013512609347583544
v 3608.9937155204989 5397.3544768065167 8265.8450249415673
vn -0.75373248813333094 -0.36816582088539307 0.54437235846810117
v 3708.4286301745851 5496.785525737474 8558.8163507996505
vn -0.15052246827226881 0.94901023194156586 -0.27698838642701068
v 4035.9573394856716 5398.7452700661634 9031.7431286859501
vn -0.80282461287154183 0.38243093720319249 0.45740487452315903
v 3796.4439680850919 5372.7245049288431 8517.1125934061693
vn 0.37450873351150299 -0.74882256676358705 -0.5468162141242735
v 3864.2556674629941 5455.8016812312308 8823.66840274891
vn -0.90823313845396247 -0.26626358990732563 0.32282544339585278
v 3736.8044382397675 5396.6709350653382 8377.8910098457127
vn 0.26817223285475988 -0.74326275328756664 -0.61289814251723618
v 3363.8749320834522 5385.5540254419648 8587.0146466039914
vn 0.90679209939645289 -0.41759437099650665 0.057818939666906537
v 3799.4568650974452 5513.7335461149578 8551.4753473984274
vn -0.69548242982681807 0.62388569024225371 -0.35646996411076737
v 4057.5226246569259 5351.0467751474371 9004.2541215031943
vn -0.73728324339673956 -0.66882559659281493 0.095319149957652685
v 3685.1040777029903 5386.6960898532416 8308.5076633648314
vn 0.87304677419365728 -0.35467699514210255 0.33465438767035166
v 4168.4909253836086 5402.1814923293568 9073.9889660851004
vn 0.14787541861088052 0.5545866339167268 0.81888126492890978
v 4146.8083546624803 5362.8373949261513 9032.0990834876284
vn 0.46622798492897244 -0.77683280819835565 -0.42327562435808469
v 3785.9404995385048 5484.0069585361734 8657.1358994618622
vn -0.24244961850563396 0.93504824011007237 0.25865608663537937
v 3675.9409243598393 5420.9253461877852 8668.6436041212055
vn -0.1921430088638503 -0.63352414105819055 0.74948530795555168
v 3329.3283691549696 5460.0786080937141 8559.4403355728464
vn -0.3242802597299656 0.93298057811036161 0.15617155316613004
v 3191.8415783580713 5479.1712904093729 8559.1859194053704
vn -0.87026581592178598 0.18737787866390063 0.45555124873652242
v 3628.9896808247513 5364.8451105444401 8252.8154736693505
vn -0.29771128520505019 -0.95011866809922163 -0.092965085870546887
v 3781.4504514798464 5513.8715921249313 8573.3741913052108
vn -0.39431166950043001 0.91862371378622243 0.02547115555667117
v 3874.0993369211465 5296.9823983696633 8711.6686162144579
vn -0.70768178524416392 -0.62682379580727721 0.32600371139511569
v 3871.4155601943603 5516.2514396888 8809.5458505723363
vn -0.65851681912689397 0.6861030353578581 0.30922196526076784
v 3908.746197490862 5001.1434711026577 8920.9027958730621
vn 0.044021556329468969 0.75529715834822875 0.6539023666950764
v 3809.5772390251477 5486.6891356884544 8680.200882619145
vn -0.62768554384738706 0.71441245411816201 0.30923405932379922
v 3990.8964683813956 5389.2429089268735 8908.0682462891455
vn -0.65705416913173875 -0.7495770544375906 0.080087816097492145
v 3492.166622702629 5457.3429470117753 8072.4098193858281
vn -0.89502238528060807 0.41089501883424145 0.17349413057455065
v 3470.7032982577111 5487.2073475529396 8600.6820203021543
vn -0.29836291697756528 0.81948990138741251 -0.48930141150081258
v 3648.4179687852229 5427.9984146327697 8544.95417533215
vn -0.58465409456003559 -0.72742480510666052 -0.35921127853913742
v 3306.2873485466953 5387.4735213293316 8558.551145172627
vn -0.70940172358419495 -0.61836761090564396 0.33818736280147965
v 3503.0553251638676 5407.2892367835811 8224.4900791357613
vn -0.40054504445603178 -0.69048996629678339 0.60231824960329938
v 3644.0124909079368 5396.6742893871287 8140.580211233937
vn 0.53731063702674908 -0.84034760284689158 -0.071506543248797183
v 3729.745559250121 5429.3859556960233 8324.053476292047
vn 0.75036464694569105 -0.56878191011118751 -0.33680860342980778
v 3910.477304045487 5059.2812680604102 8837.2382437586821
vn -0.80839061107632093 0.58035258591346628 0.09846570949932297
v 3761.3592357247508 5431.5143539617347 8683.2572667656605
vn -0.38112331855849546 0.27241030792878723 0.88348041301723435
v 3609.0149531203942 5378.8481066842915 8113.5498510439957
vn 0.37415447306655231 -0.89433528339332258 -0.24530151072114489
v 3692.8589414105581 5398.4929299269425 8308.3843721790963
vn 0.79335097760606765 -0.60838870509590592 0.021387142006904353
v 3856.5430084257241 5510.2353371375775 8767.753697807213
vn -0.57255630014427572 0.46807492875200674 0.67311599612466633
v 3853.0849095407211 5457.044030832978 8433.6904007403518
vn 0.85561307889135219 -0.18072600808704767 -0.48504058513796672
v 3434.8150564054058 5443.3966800733924 8670.5486676286728
vn -0.5247989733600622 0.13835030765329623 0.83990786990744581
v 3849.8168598912098 5337.1731766448102 8600.9658908757629
vn 0.22385413169023755 -0.91291380690655155 -0.34128830757088247
v 3793.0145120333018 5510.8811523331187 8545.4960318212943
vn -0.42253535530021352 0.88837731848350598 0.17958177392312799
v 3656.7141285052476 5505.0849505128481 8210.9856528146884
vn -0.31548142403741092 0.94128500306356999 -0.12022484807618826
v 4033.6542626361834 5424.2249910797836 9018.3644051349875
vn -0.66595043167633372 0.61181326575422956 0.42684253583405829
v 3799.6662615554933 5501.3857354378697 8392.8279757943947
vn 0.49183650842429305 0.73151378159908687 -0.47221227886577005
v 3814.7227949398603 5480.1369835391179 8712.1894094751715
vn -0.84131618017916376 0.54053157875328262 -0.0035633326009210735
v 3313.5196717989761 5466.4266735494348 8517.1568816040326
vn 0.23140804329290635 0.96082511949440097 -0.15253002080875236
v 3357.4981637625697 5410.0355836502076 8628.9059007831383
vn -0.59123540352277337 0.58293960814052992 0.55733482834130221
v 4028.4870716930454 5002.3790443816688 8865.143753840357
vn 0.57782623887487716 -0.80553971443310024 -0.13123492728215486
v 3585.1043488879723 5370.8984429495513 8113.6553188241542
vn 0.14713191083950614 -0.972768017777908 -0.17909378660678113
v 3892.1599580886614 5247.2749467579415 8725.7577652403525
vn -0.92606465632363621 -0.35505977569718095 0.12781552327496512
v 4003.5892048037658 5476.7875698850148 8684.1139871858068
vn 0.93133999798521094 0.20353721024542287 -0.30195763311831991
v 3827.3338580060868 5498.5921570443661 8447.3981254053269
vn 0.64374738390507502 0.75389206390676977 -0.13128618241750747
v 3944.0592934158412 5082.8182861963433 8836.8688444528852
vn -0.44373668090988683 0.70143128034776736 0.55775614471269541
v 3485.9043296559321 5456.9985787117184 8057.747956049393
vn -0.84668795848670719 0.22603526340523858 -0.4816923921455854
v 3779.4441393342754 5333.9834176380982 8642.6057366344739
vn -0.33266572630402208 -0.90349063595350954 0.27025577752740138
v 3899.3689873944531 5375.51207567651 8600.6199430935139
vn 0.51068907622022031 -0.50957668241653387 -0.69247979910369739
v 3665.3674939378925 5448.9564566048812 8127.5566496269694
vn 0.054185482343374544 0.46682371176367388 -0.88268882152115313
v 4068.4238332812602 5450.5753752605797 8990.3859556475454
vn -0.36741065511788201 0.80366723999977041 0.46811150152180664
v 3689.8584226819876 5467.7743146632729 8628.5840126986968
vn -0.27691142184636786 0.9088824621041881 0.3118537069371663
v 3884.0285915149389 5491.640261866095 8517.1215916199326
vn 0.75499306461090965 0.41500014555069697 -0.50770104548082928
v 4003.7121284397085 5423.1570882909273 8684.1129703043607
vn 0.73377966882209755 -0.12605279729974833 -0.66759125961642252
v 3837.9596377622538 5429.3188564433203 8475.3890693521735
vn 0.71670465804229067 -0.58347426485052623 -0.3819583948516137
v 3900.6740761764067 5220.6027913710204 8726.1131710137088
vn -0.95109255267994974 -0.30168021884890156 0.066422901111106186
v 3954.3208264293244 5040.5677966584299 8879.3641004727888
vn -0.085442893793925875 0.65604665317602029 0.74986818892166807
v 4103.8183678443111 5091.8090087636738 8809.4980744267705
vn 0.86686865640693533 -0.417552897312781 -0.27237531181246344
v 3918.8302940859539 5537.5568027871759 8670.1447921944127
vn 0.069830606154418606 0.96419809241386711 -0.25582362093748545
v 4034.8102389709529 5379.934092407726 8809.5321198342863
vn 0.70792594371803341 -0.70477510850905323 0.04618338052789174
v 3361.1499462226893 5362.0418598776805 8601.1648804209817
vn 0.72656420537852817 -0.40226833909184245 -0.55703199084698762
v 3923.8904861857882 5039.6385755716865 8795.4086617586072
vn -0.58009228268269752 -0.66536594941809613 -0.46987349034280801
v 3516.6350769331111 5447.6107746854159 8573.2001149346761
vn 0.080569560569907175 -0.11218677419767105 -0.9904154045675444
v 3927.5216415199934 5289.8721471650479 8753.9227840889071
vn 0.0081542373194033423 -0.47082825539802142 0.88218720367765147
v 3569.5545439669258 5472.5785997450803 8614.8927497147706
vn 0.23586491752212213 0.92717327791923021 -0.29106262795967563
v 3439.8059702956198 5470.3344355319623 8572.2083161605715
vn 0.075452089652490936 0.68784419538345098 -0.72192613544902595
v 3974.2481215327757 5534.1050437328176 8725.9460576086676
vn 0.30592621833925093 0.85488622199107189 -0.41902111686939675
v 3670.4368983839286 5496.0628028614519 8364.1533029795064
vn -0.57520220722752136 0.69365381765514111 0.43357444810901363
v 4075.3114268419395 5128.6028081777295 8781.2920117562517
vn 0.79558505409267366 0.47779703854917771 -0.37249753241866335
v 3929.1303113915637 5441.724883879393 8600.9223371544504
vn 0.8597986723363451 -0.12812994191726562 -0.49429643032590909
v 3793.1791590465036 5378.7410601371539 8433.6827074150151
vn 0.21303663412053403 -0.97494124161772178 -0.06407002353276231
v 3350.2306580632394 5326.5901348472526 8628.4358687820422
vn -0.18481734260017293 -0.98105526117524566 -0.058078605308502243
v 3517.3914044662815 5403.7788545425283 8684.2596466946343
vn -0.049145140469073118 -0.7242198754051844 0.68781562008751618
v 4082.6209948109754 5380.2621778844914 8893.086716627542
vn 0.8107990991621512 -0.53802876770600017 -0.23049916685013661
v 4010.8855543027994 5503.1765820159289 8723.1368800874661
vn 0.75771432309388653 0.40524245157221084 -0.51151496558958842
v 3312.3567651840276 5377.2656663969356 8558.3768341612595
vn -0.74401023478920492 -0.65106787032042013 -0.15019786538211716
v 3924.1045835711866 5007.7403570983079 8851.4168740427976
vn -0.54496504997432449 -0.67162102895083831 -0.50193454531193549
v 3888.3953990554182 4986.5956580338971 8920.8329102539901
vn -0.74771053107495533 -0.14324222310019916 0.64839079823893309
v 4000.3435262993044 5507.1980644189562 8837.4003186786358
vn 0.24432635224348367 0.96736775760302907 0.067113747842600976
v 3710.6241336322228 5488.3523920952975 8447.5608917011014
vn -0.46047426875424957 0.88706702599681242 0.032795414380818066
v 3801.8571349744284 5386.0704648044639 8447.7369553654335
vn 0.53526975938863841 -0.83374436543918318 0.13548659632023738
v 4004.6709381972541 5040.4771751663484 8768.2689602237078
vn 0.29443911788050214 -0.71050177861203279 -0.63913443691518446
v 3883.5246006382113 5324.1502476407659 8641.8977997254242
vn 0.20795805656257871 -0.53727678733200623 -0.81736595262153744
v 3375.7592438526881 5475.3409186872477 8544.9814803092995
vn 0.0013466108945716284 0.99017455806320909 -0.13983036581310629
v 3737.0339285318519 5508.7763805420636 8475.0794206370883
vn -0.23444765605200418 0.97165157452242001 0.030455119435378434
v 3543.0774986303586 5523.1579927218918 8127.5158920984268
vn 0.023767773538925691 0.91365983664738282 0.40578417396256372
v 3371.7205887495511 5436.6584749623671 8614.7870936145118
vn -0.57051433373310778 0.58093850646103828 0.58053754978974992
v 3686.3414670776497 5454.6641083806762 8141.405496980813
vn 0.24846224085437491 0.84375517733382244 0.47575594120514414
v 3475.18470818078 5439.2043858141242 8208.4561015190302
vn -0.81936497754311677 0.40523303905924929 0.40549626093291241
v 3664.4705917026499 5418.9124097835847 8503.3385383116838
vn -0.94451527353561271 -0.26317516459113688 -0.19654447537484931
v 3448.5741793839534 5424.3090842274605 8628.3977466938468
vn -0.51499112627303578 -0.85195556874477774 0.09463534617040574
v 3929.5490617260921 5553.1484055069441 8711.8886600373207
vn 0.57283614717322628 0.80450274663650601 -0.15695247416352368
v 3470.04054116732 5491.164783584526 8629.014386299521
vn -0.41044409224589817 0.90895701599039092 0.073025955812194593
v 3928.4661700501383 5534.0858686819702 8670.5602248267551
vn 0.28495667651896051 0.89878687181800809 -0.33313938757653394
v 3904.5435554927972 5454.1168147382914 8864.8543457087089
vn -0.54569069462728637 -0.31357245788062166 0.7771061571342075
v 4056.2609990433989 5133.2150496916993 8808.2589833341244
vn -0.063197442474931323 0.77891134118928129 0.62394166861281397
v 3656.883437710032 5426.2400918071016 8670.0084500714656
vn -0.18784392170690661 -0.49114827742609468 0.85058099594286107
v 3969.6331563810963 5495.4523600219127 8879.037910763167
vn 0.02744451968604722 0.99480442814546743 0.098035442985542703
v 3960.9119879443952 5522.8786386308921 8669.7785764881519
vn 0.65892787420215371 0.67437237474224843 -0.33322058277353062
v 3640.3866337199688 5473.0280564228415 8559.9570149503452
vn -0.66075176559564752 0.74923362520628545 0.045344008672393042
v 3995.6666341227519 5401.8366466820462 8709.6205618098211
vn 0.668612535203023 -0.7048764521229629 -0.23686803290425407
v 3638.1147540623788 5380.7808850961264 8238.7514977440842
vn 0.11844774646229958 -0.95081707003757765 -0.28621151388991822
v 4007.5912498107614 5145.1034172835552 8740.4131081596788
vn 0.32393406574293443 0.3793458763306875 -0.866696848478264
v 3764.30279965915 5502.2138839141935 8531.1478492114802
vn -0.3665387965888055 0.91556487746280191 0.16550004758837594
v 4135.3915997973018 5135.3145994472361 8865.2698811771006
vn -0.20952534734957809 0.56615595001740227 0.79722429032106856
v 3426.3922380866279 5431.3336292456879 8642.4807641376919
vn -0.014566145008631527 -0.87993273321651666 0.4748749439944141
v 3614.7560849122219 5387.2582384780035 8266.9953315972125
vn -0.72864495493780934 -0.41009127972390547 0.54854505005340026
v 3673.8484286793246 5421.9321923701609 8349.9964608837654
vn -0.4592837985483661 -0.8633385916169336 0.20905709415342386
v 3467.5750242620197 5430.569613214906 8057.8074444834683
vn -0.84531657054632214 -0.079789626359838911 -0.52827408708468948
v 3974.7473243713812 5165.5885481214154 8753.9457257505637
vn 0.37826963055602131 0.84981374845964897 0.3670540553215173
v 3692.9892580509186 5467.2651082299999 8114.0841601177672
vn -0.6009241054218285 0.65258913167545485 -0.461538345906438
v 3566.4941962524863 5376.8663600349146 8169.3460776061511
vn -0.12634932176913852 -0.97771196627842782 -0.16767575818957617
v 3543.4450651717307 5398.989855946631 8615.5642887453141
vn 0.18297869551797274 -0.71926896015932762 -0.67020217840429352
v 3820.1621576061448 5455.3915707116503 8405.7947286585695
vn 0.98260938585934632 -0.0619779162239198 -0.17503580411349856
v 3654.6347512376533 5382.5237903074603 8266.6647221342682
vn 0.42208044683118062 -0.89875975322822288 -0.11865497199837266
v 3945.4639710778174 5443.9057457931904 8894.4390141473996
vn -0.56421796207880259 -0.58604133428421135 0.58156138607891106
v 3679.000361030643 5503.2430632729174 8280.7197600865838
vn -0.39386316753277933 0.87715872193992184 0.2747078116577113
v 3506.0890839763633 5498.2930075022959 8099.6124095424912
vn -0.75572564224323713 0.44674631572198875 -0.47884912346675135
v 3677.6097495081767 5397.7725436207857 8251.2024301057791
vn 0.66475319729115256 -0.59426356351780873 -0.45271845971453972
v 3598.9805892257591 5374.9019542280948 8210.9765565902671
vn -0.14939675399124008 -0.92356806029243987 -0.35313262084455055
v 3463.5474289227664 5473.2829112363361 8572.8325225490571
vn 0.14185681145119788 0.72325471057416424 -0.67585447300227364
v 3675.2401860123236 5463.6516050215223 8643.6157972807196
vn -0.27442591433754765 0.942126203972945 -0.19258409417064959
v 3739.8561711291477 5492.8195351782088 8614.6862423116963
vn -0.28419081996305551 0.90324192682406512 0.32154253136385591
v 3825.8605784707142 5502.8718969526944 8433.7216719321768
vn 0.59650907896196204 0.74735434393442046 -0.29264039932706437
v 3592.0249157075668 5457.4075448599078 8640.7395361970703
vn 0.17286438777887569 0.87433401873811656 0.45349523383944101
v 3648.956216832139 5386.6256672263989 8238.9861788652561
vn 0.58776716179642785 -0.76563995255588091 -0.26139094583401334
v 3846.6149421928826 5485.6348529244769 8795.5135705631765
vn -0.91524007869654744 0.35895049134196999 0.18300312323262696
v 3813.8308872878915 5357.8762343388153 8545.3573824792147
vn 0.3158534387374749 -0.78777602142346315 -0.52881522794633229
v 3421.6493641246016 5424.8690969338704 8559.0054889901803
vn 0.4378223017872766 -0.75773768852321921 -0.48388555201532901
v 3954.0183339440064 5168.7184606205992 8753.8682815699176
vn 0.07299298018679326 0.72207793420999999 0.68795020297291087
v 3543.5646729777745 5407.1118461046799 8685.3683728538344
vn 0.21249996041510683 -0.32586133009714391 0.92122644359076999
v 3471.354661826248 5449.0518190427774 8129.2807803893329
vn -0.77245754989539073 -0.089333734370070667 -0.6287517932484229
v 3542.509511784343 5457.1712752921258 8225.0121077717176
vn -0.11742797640459812 0.69550466319291071 0.70886101164786663
v 3476.4489936712362 5409.3607157743645 8099.6826980470605
vn -0.92109142758206108 -0.35165397539810406 -0.16712289975209979
v 3366.6894217510871 5340.6093381066567 8642.733186776486
vn 0.31835487884154956 -0.94547823215535587 0.068710142178323094
v 3703.9781890933427 5488.692404633679 8113.3062910961571
vn -0.78077555042156555 0.59611368707100942 -0.18718443298123963
v 3544.7241528145314 5386.9406825375518 8085.6698419241393
vn -0.18586147475221221 -0.72646081919973793 -0.66159669767206253
v 4080.8196505066589 5327.2590389761026 9073.9479477983805
vn -0.33574082206775996 -0.66992478303136072 0.66217738218520339
v 3335.0109955649482 5357.92685662859 8628.3679719086413
vn -0.99533674866395672 -0.068400327688069279 -0.06801582118322283
v 3440.0106401469202 5450.6437684425946 8670.2824520743688
vn -0.37846439886142175 0.50555297287605672 0.77535855603110726
v 3691.0293946568031 5513.0792786653465 8224.8450148217034
vn -0.024451721804909215 0.88471874982516174 -0.4654834551394692
v 3510.856890504424 5513.0722694998576 8127.6309915309221
vn -0.43976448042631822 0.766935565711377 0.46735108837183703
v 3655.0426959383458 5404.0667725746771 8197.5322502737727
vn 0.43682165719151383 -0.86601631396248635 -0.2433158107466257
v 3972.0063829566134 5508.6255174900516 8668.6880235608623
vn 0.66294802408217757 0.42466067269030888 -0.61657378344829972
v 3653.7048127355574 5460.9836048767866 8127.8015193431438
vn 0.60589380103536716 0.39840225160427373 -0.68859882935099437
v 3356.2430027248338 5463.5031979492178 8531.1380078198745
vn -0.036140969543838948 0.868457058523745 -0.49444531327611541
v 3377.0124666076363 5415.2516785059888 8602.8211121709573
vn 0.73231413209749718 -0.53674477622657812 -0.41907166108407995
v 3728.2914282000302 5497.5635833557262 8139.9563035593064
vn -0.13867556732780317 0.92836341572819003 0.34483395332217465
v 3799.7494338929478 5459.2832307837234 8697.7671482649093
vn -0.63034405610069499 0.59252978606029139 0.50157235128131739
v 3905.9521252988652 5204.7096741582718 8726.0041919225769
vn -0.90080138153812617 -0.42732592229038308 -0.077132529828060736
v 3368.858844759382 5385.9581686343299 8601.052445895135
vn 0.90239436417961594 -0.28904925781193191 -0.31958557235150342
v 4042.2011486522679 5033.3393137016974 8837.258457175094
vn 0.59996805876309678 -0.79995283236574766 -0.010667448338716683
v 4046.8076187027009 5428.706454562669 9019.3787239078647
vn -0.39465214761774053 0.61428793542505866 0.68330082304349959
v 3855.4810441016452 5543.697900369174 8572.7391131491331
vn -0.54177280436177089 0.83662306740839631 0.08089543580541704
v 4004.4403294165168 5162.199364624772 8753.9584818891599
vn 0.26802359053557173 0.88080221301678041 -0.39032142710996848
v 3640.8762013605592 5462.7896993854692 8616.2078865279746
vn 0.02451485574682916 0.91958242489989384 0.39213159227859107
v 3996.4157915776595 5521.5981940747934 8740.1978634251027
vn 0.50597991267230569 0.70884872890087991 0.49144461285859353
v 3383.6385389028464 5398.4764983868481 8628.4956402357093
vn 0.98497990139850922 -0.14702917529248802 -0.090537370481994145
v 4178.9298331975006 5365.0366363059438 9045.9764210745889
vn 0.65409765963917665 -0.64749325326405971 -0.39103546978768572
v 3843.004266881504 5312.8748821051795 8655.9497942333128
vn -0.24291802555429229 -0.93805777259883449 -0.24705960440290003
v 3965.6534518792178 4980.662847353422 8892.5325754275582
vn 0.27698455954081719 -0.77388916194078383 -0.5695393917953091
v 3665.8554074206613 5402.7462948886423 8238.5996389821012
vn 0.74250320707576112 -0.65261420844700524 -0.15094264611201938
v 3190.912574110378 5466.2563439828664 8558.9999701314591
vn -0.96181449658214069 -0.03524008647979221 0.27142404180422192
v 3986.7723271477071 5334.7337506833992 8752.8889999502553
vn 0.74912862429410965 -0.64853474093051589 -0.1349407057540582
v 3605.469957559937 5487.2778420947616 8210.9946886426806
vn -0.16051981339073834 0.8594467865237615 0.48537059103635705
v 3666.0129278329732 5469.6182086154759 8514.5251160738699
vn -0.52019060481956914 0.70705798264574327 -0.47903104683765829
v 3648.9028039234545 5436.5192741974752 8336.5704186446947
vn -0.88751667302661785 -0.10904626297095185 0.44768634961525638
v 4016.9768733733799 5492.4103702164193 8920.8119150359453
vn -0.22184886781554372 0.97219466045991176 0.07497080780009048
v 3485.686362828942 5472.5429990203102 8155.5990366085362
vn -0.89109911143635745 0.40579485665514303 0.203157347663249
v 4044.0449108400312 5372.6513115324187 9045.9591903250093
vn -0.98042342629906998 -0.18683927130167724 -0.062136880058870712
v 3475.7617598954057 5464.9781660988956 8670.2544298353041
vn -0.11583951195852116 0.67302013414276951 0.73049647946287888
v 3783.5390328289463 5381.0475265947462 8710.3637994478904
vn -0.93848933998300865 -0.085185270553720702 -0.33463596402500773
v 3862.3957568500132 5531.1048123341698 8711.904655805416
vn -0.6656771592615206 0.53445732831944182 -0.5207967778732473
v 3680.9733966788572 5505.4917088634238 8294.608700953122
vn -0.48495095319376963 0.85700857025771693 -0.17423800819935459
v 3734.2537875525259 5456.255780517773 8294.3496676561117
vn 0.9264026022806594 -0.35866861103577474 -0.11460822808721226
v 4181.1915922741664 5408.593088853866 9045.8593067355941
vn 0.51941889882429115 0.80795381642116837 -0.27823486135750458
v 3478.0501813134542 5399.606658666642 8655.6922221695331
vn -0.38828567325314084 -0.81721070297914267 0.42591184872305521
v 4161.5626729285723 5377.7846384106779 9018.2104943487593
vn 0.82789286030346931 -0.45234619496997386 -0.33162679589370758
v 3551.9089750797211 5521.1783348094923 8127.3480153426135
vn 0.1565047706821604 0.95518987447228121 0.25123407503631323
v 3725.0640485192489 5356.9554373573646 8544.6344780934942
vn -0.33975399501056114 -0.93884154239640893 -0.056069431467560507
v 3864.3298233211444 5307.6272296665293 8656.5510702890606
vn -0.35787252177434598 -0.90361265167856319 -0.23539633362757764
v 4088.4801270407334 5435.1046975480767 9018.7212228975914
vn 0.12111969676240893 0.80595021674039835 0.57946032408810089
v 3771.5581036304648 5519.4151060740523 8502.7284970829969
vn -0.24207059798686748 0.95604499268376886 0.16546841860177608
v 3671.1966482438556 5394.5924397635508 8656.4707044040897
vn -0.13214725396252985 -0.5773737019382531 0.80571503124881549
v 3648.9033523085559 5489.0461200334994 8294.5299450966177
vn -0.8884271752441778 0.45564099953060883 0.055573679331125253
v 3980.5171086521286 5409.5397343433524 8909.9172278581227
vn -0.61895946289740711 -0.0044041459702623955 0.78541058484593007
v 3584.3246075295592 5466.64104653304 8628.0153549082443
vn 0.25332224258318625 0.90540480338949958 0.34069045101359546
v 3486.951638525381 5412.3238411531638 8057.840148204964
vn -0.52316071050902424 -0.57891441234669394 -0.62542863234503021
v 3768.1828243625532 5433.9216604716567 8686.7066609486774
vn -0.3887093269281845 0.3705816022333554 0.84354865612197905
v 3515.3154931501231 5487.1283461382864 8614.6021861659465
vn 0.73198403404549528 0.67417054697710754 -0.098455307074178461
v 3733.6316869570046 5448.2506043223711 8268.5966803113897
vn 0.85560871556133467 -0.49514688478712116 -0.15087507528114902
v 3490.1209049487652 5456.5769127362018 8085.5657575059558
vn -0.88755978243839351 0.3810418060269341 -0.25893005746271325
v 4088.367017130663 5398.5742446348722 9073.9963250882629
vn -0.14448822283733276 0.3893532109916813 0.90968523707476778
v 3963.6520695444269 5283.5195855714246 8739.9618865521024
vn 0.81423583728566651 -0.56550053358766439 0.13125984836109042
v 4039.6302896877646 5123.7264966337752 8753.7292578287525
vn 0.62238378942177985 -0.21472240265847028 -0.75268367091465405
v 4011.4896269739315 5487.500060127617 8715.0141449130206
vn 0.81519484446809876 0.24243610018083406 -0.52600580118639473
v 3650.7378018648296 5452.381854121958 8517.4249566508715
vn -0.7617043938843906 -0.041697050954499291 -0.64658160527416109
v 3659.7311615314647 5371.7677472062642 8627.6260482367379
vn -0.29086977640555844 -0.93654627303818594 0.19564215198178569
v 3506.8569317688753 5496.6585833864156 8169.6613182983465
vn -0.51885248772507397 0.60122926600927473 0.60771330878585395
v 3905.8498052964383 5181.6655102259238 8726.0290374250035
vn -0.9980723635831632 -0.051688775233495438 0.034348618114550776
v 3979.5904005601196 5518.6943388576792 8766.0912888427956
vn 0.40583329304828136 0.88834071292550776 0.21482578060509483
v 3742.3384795448078 5497.8547775587131 8559.3398823930529
vn -0.14135555869414546 0.98338744953416191 -0.11387594181811289
v 3832.9989158619464 5402.3531851354273 8795.4021026216124
vn -0.78499238005936112 -0.42259954595584553 0.45298629891714459
v 3890.2626023560679 5260.7116467989872 8726.0036748527418
vn -0.8061686451081661 -0.56664162388183015 0.17032141887920588
v 4108.4227194062842 5368.9342614987254 8976.8293752378613
vn 0.51684816194470395 -0.76943161201138466 -0.3752905167093129
v 3874.9167952661264 5514.1421762239734 8642.7030187658147
vn -0.41476667078558166 0.9052606003335405 -0.092042676456101855
v 3272.4772050598986 5420.0788627992442 8559.0908413924299
vn -0.48666538114507774 -0.51477795789380443 0.70580483199082777
v 3253.8989260304297 5421.5133554717795 8544.7673368180931
vn -0.49097232783046574 -0.86937314905091123 0.056004473160951813
v 3299.9445760842573 5393.2176287708999 8544.5587880224084
vn -0.50964655535992343 -0.80470027454604021 -0.30449607018037544
v 3710.8929177389655 5474.4198781204232 8641.5777978684855
vn -0.15446450736082765 0.97590614785975527 -0.15410355782820298
v 4181.026997393441 5365.2281614295462 9059.4243793880742
vn 0.6535324851898926 -0.61816629667228873 -0.43676735278634404
v 3959.0421681235712 5273.3462782705537 8739.9039257632394
vn 0.85360219476516752 -0.48602752819829148 0.18745808845058609
v 4084.0994265852523 5476.1516665922536 8906.9173822603188
vn 0.53326645994338207 0.81901750278966612 -0.21174799367085556
v 3359.802263639353 5377.1901119044705 8586.7095518105816
vn 0.9232565757515443 -0.3408345014543524 -0.17728264988400869
v 4019.0136304482485 5362.1072848609783 8920.8262675589049
vn -0.36067028192044176 -0.9320042365940544 -0.035847603966832134
v 3931.3718778283146 5474.4938342622336 8890.0295665338053
vn -0.57744215350447725 0.19092636938635793 0.79379322296745258
v 3814.6610002435327 5331.9456624668865 8697.8004666364377
vn -0.6158041774928833 -0.56682271698494069 0.54726339407283886
v 3625.5286756091336 5465.4769268960363 8614.6219986956603
vn 0.048185108766255189 0.99746378472124031 0.052385049992943016
v 3661.7403702650781 5487.0103534379959 8364.7260837571303
vn -0.80965744773689774 0.45480942262239688 0.37094906175653658
v 3771.3303852009567 5509.0297457623492 8432.8670722320112
vn -0.046497400121960554 0.98699357371285601 -0.15388852209123247
v 4037.8705279645733 5374.7896044551344 9060.1391810798505
vn -0.93192600803439563 0.24735863945916725 -0.26519355013647189
v 3480.9186330536113 5447.0478009842755 8211.0365579814807
vn -0.73466738146227328 0.52419251238319542 0.43068091271469217
v 3761.9313407984141 5425.1393111814123 8351.1673119207571
vn 0.76558464881169952 -0.49274840043877255 -0.41361716522516057
v 3738.2141989057673 5448.0569644684119 8308.2897821825518
vn 0.79775210408850661 -0.56414711250155547 -0.21290752893807638
v 4106.33242674344 5127.5035459171195 8843.7769806022516
vn -0.468723631428969 0.83153956225940451 0.2980605873601504
v 3818.0291947544683 5395.9261740782022 8503.1240563530864
vn 0.62498018247898779 -0.76497918792835962 -0.15558474714765169
v 3644.0682860283805 5451.0794334593602 8322.5327109628488
vn -0.80195745013482367 0.50607619685336458 0.31741318679551794
v 3702.9547245383947 5513.1539840828464 8294.5273712186845
vn 0.053136914766516358 0.98596512532830771 -0.15826951672836534
v 3887.035073039543 4979.9434116494249 8909.0683653701235
vn -0.81971294412755036 -0.57000162392447618 -0.056292432468349009
v 4004.7011748580553 5485.6029306534565 8906.343506328918
vn -0.5091831981839825 0.82204601866255955 0.2548976537517868
v 4056.8875369154603 5404.4068113984376 9046.1990476816918
vn -0.61777454935143805 0.73487681627717594 0.2798404385930483
v 3384.9392317472739 5445.6804412020792 8614.6652530659703
vn -0.54830364821682231 0.74830709058704881 0.37336256846297483
v 3979.3929952279805 5346.4955929364314 8786.1525093936089
vn 0.33604346452372669 -0.69297962765229493 0.6378510998734559
v 3597.060026990177 5511.082792778634 8141.4243437531877
vn 0.45562214057602474 0.83671832685759162 0.30382709970895233
v 3863.2451635030939 5360.9713207560653 8573.4589936533139
vn 0.49793153318700173 -0.7583153989162329 -0.42073975807446129
v 3829.0401213547266 5507.381438647747 8628.9917324992912
vn -0.28755927286930349 0.90246534710056825 0.32072723905139139
v 3892.7640941105583 5526.7112613457466 8780.4256272124258
vn -0.20951344507711744 0.94261844606242617 0.25995111362480217
v 3495.6860500655221 5398.1905949918728 8113.90662287549
vn -0.4294603164847382 -0.89944265830601444 0.08103543042545569
v 3495.8175803795166 5491.2947671094098 8628.4971082217671
vn 0.088028183930725853 0.99300404912886175 -0.078701951993222302
v 3635.2771013952824 5475.4594230245839 8572.6363947470509
vn -0.61626845214435877 0.77692093281292962 0.12886837877727572
v 3738.501225853689 5449.1312142216402 8671.3131085113964
vn -0.26857445634791188 0.3142561286729742 0.91055524104191443
v 3839.9052856116396 5503.8742917258724 8463.3119236934526
vn 0.46458733660070789 0.75746271191474335 -0.45870344093872145
v 3799.6636972568922 5359.1462714248519 8739.9860821311395
vn -0.86056520100248024 -0.49110047983815119 0.13508461617185927
v 3991.4311556629391 5360.3461174952754 8795.3855868177689
vn 0.48471770465563813 -0.87296227097194745 -0.054640829540462968
v 3696.5371215326195 5377.3835165604523 8503.4162759649935
vn -0.52766566426084549 -0.84275608706709981 -0.10644775465697519
v 3482.6211795535405 5397.6707248614694 8646.9105147579976
vn -0.49421673779454484 -0.84985641600016315 0.18301335543362837
v 3834.5763483563042 5518.8715913230626 8587.8017923301122
vn -0.30175810257882002 0.7565681526343857 0.58012643272602504
v 4015.6006735741448 5377.1155086353647 8934.7340888631043
vn -0.58657592228620581 -0.76203921070238489 0.274271633141624
v 4075.8071744708723 5047.2304440826993 8865.1154760902882
vn 0.86688791858740533 -0.46711709144200275 0.17408894132011885
v 4078.7885665581539 5463.6067703603749 8851.1267765118173
vn 0.81532215282711173 0.27504475704947934 -0.50950973369402552
v 3332.955782152028 5363.7327487478533 8642.4493780504963
vn -0.99635453866688162 -0.082861385593082593 0.02028852028857427
v 3364.8525181203818 5465.7221055303316 8531.6589163652916
vn 0.012505796652472685 0.91354467520806104 -0.40654610002936359
v 3852.1022214419327 5464.1036999131393 8809.7924548869687
vn -0.77300126824218163 0.083710888129168506 0.62885731808145839
v 3953.336443139523 5068.4779522084518 8850.0835531586854
vn -0.31390627521703501 0.55372147156867202 0.77126868360072243
v 3882.1887710458323 5568.8152504555655 8739.913424492328
vn -0.56450672812514979 0.8062464054615659 0.17691491622173258
v 4042.6658554688438 5141.720159638644 8766.026477868445
vn 0.83492957626383457 0.47203886814009288 -0.28296980341533562
v 4010.0894857327089 5505.7721392746262 8781.8332449878762
vn 0.44836968065983357 0.81082633619887723 -0.37619846091033438
v 3540.8193530204785 5476.5871468127134 8600.7357549146618
vn 0.2721730255543488 0.87817417850276824 -0.39335983065328362
v 3955.4088226051176 5517.9125547820113 8655.5582922989015
vn 0.67912367641894622 0.4255963432640017 -0.59804580487411219
v 3834.5562615478284 5321.7807241759892 8726.8949925870947
vn -0.48292004210352307 -0.86427476356256305 -0.14077416667701262
v 3836.2170246647001 5320.1254401071646 8670.6054501469698
vn -0.26334202862120326 -0.91930644500889591 -0.29244937361323819
v 3828.6092453672968 5494.5703134459136 8742.4564405842248
vn -0.8453768978571804 0.49323792857876092 -0.20507132022958111
v 3816.7972407073503 5396.5010804807971 8489.2772623074434
vn 0.6994569242275448 -0.69689728214425362 -0.15841145567822792
v 3944.3710963496287 5512.5654650683155 8631.2157921766175
vn 0.82545964352997125 0.5592016898101706 0.076875529375884488
v 3805.1741740628941 5383.0888537328774 8490.1055200819847
vn 0.67450183135469477 -0.73817378460185179 -0.012113761832790323
v 3574.8087975929739 5418.2738080297222 8600.827312681371
vn -0.09648167893536469 -0.88364839446798882 -0.45810129947857464
v 3724.0499367668513 5515.3733149633708 8405.9785356983612
vn -0.44595986400111987 0.89020439183662503 0.093037306790809501
v 3494.9155380636303 5487.1523548024725 8099.6709126317919
vn -0.68320784324153083 0.48561176765692615 -0.54535149586883069
v 3946.5952401575723 5089.8786784812282 8823.4410527155487
vn -0.33247866215400912 0.83283076938028255 0.44255039123892637
v 3833.8707772617727 5408.2289644966559 8503.2009927740073
vn 0.60403113256487251 -0.70311529130881389 -0.37520031719085634
v 4096.920706000441 5432.4737109245652 9018.3922793829479
vn 0.12557393705864278 0.8577396892867627 0.49851159640858894
v 4097.8544729897403 5319.4222542406496 9073.961460920229
vn -0.24745546519396924 -0.84493081242111912 0.47419164371277545
v 3934.9229341619775 5412.8549875650997 8864.9690898005265
vn -0.43242097526747642 -0.6064226428895978 0.66728080920967592
v 4036.2566414579851 5485.0907791982463 8795.5423693973062
vn 0.61092508767060294 0.78280817402834357 -0.11824508416452992
v 3929.2958557185339 5036.4607829964953 8879.0364433458817
vn -0.21302802196146306 0.72557337317447823 0.65434115108206026
v 4079.6624870781484 5413.6107131260615 9059.971132905157
vn 0.097743092375651916 0.91212795417775916 0.39808150308742107
v 3861.061920071998 5544.6125942308663 8738.8569579118248
vn -0.78667079649460891 0.56225947798710496 -0.25497713104552278
v 3851.5865835147633 5334.8596708386995 8614.6714565867514
vn 0.11585351740889537 -0.96724495877414507 -0.22586534092239355
v 3561.7678020230742 5438.7529110054493 8583.1293758698412
vn 0.096019044439546772 0.15880833741688019 -0.98262925616521457
v 4069.9115014707568 5466.114257719335 8836.7105852672958
vn 0.71524190568561452 0.54403778033257921 -0.43869341221633457
v 3688.3080559481059 5405.9689462925116 8447.6465262623587
vn -0.73279735080129282 -0.57497215209083175 -0.36388881128532169
v 3961.6649784461633 5096.1705618929791 8821.8708466504195
vn -0.41010272095857103 0.82268727059739322 0.39370218828371745
v 3754.1334140879599 5442.1850552679116 8336.234344079352
vn 0.71384179203296427 -0.27384646922175626 -0.64454480623300625
v 3239.7123316710204 5441.7013598633057 8531.2241723413026
vn -0.45075779639184227 -0.41418850075016672 -0.7907371844287453
v 3398.1151379042622 5454.3889436993795 8613.7441793179132
vn -0.42447702735434928 0.866282846914876 0.26338808323360502
v 3707.5000934297118 5371.4142106802792 8503.3746413159752
vn -0.43049369938557008 -0.88005016709914985 -0.20046665103723565
v 3653.7839215633289 5481.7022023679147 8558.4368045980482
vn -0.38537486881919125 0.91427252089037769 -0.12486780220435081
v 3654.7205936824357 5495.9767265910896 8227.8252746831949
vn -0.50733654228552116 0.84326617426769213 0.17751561113801198
v 3394.5109825032573 5431.7647825282011 8543.2340805306339
vn 0.49714176314966319 -0.45806039723358694 -0.7369061947213178
v 4097.5896290323972 5474.5573985806295 8938.7962249026241
vn 0.6057000905603025 0.78886681360433797 -0.10400264750947524
v 3609.2894350779507 5489.2716080603359 8099.9673459255582
vn 0.36998497675565056 0.63921740453670295 -0.67417521959241555
v 3970.0343788312566 5324.607783972966 8711.6460991788827
vn 0.94195889381925768 -0.33010840837767769 -0.061170916889948537
v 3923.4485273280989 5514.7832518254581 8572.9181539917481
vn 0.92397718389062944 0.22221765205988994 -0.31126432298374895
v 3955.5536671359441 5172.976920097426 8725.9289184370537
vn 0.67220049948882343 0.5717342054562381 -0.47038971799806667
v 3876.1885153523544 5430.7486656104957 8531.1478583546723
vn 0.89760767479720971 -0.34838589175448226 -0.27005135173070449
v 3855.592442888028 5308.0357068591311 8656.271068277325
vn -0.28873288189347923 -0.93038109837313709 -0.22588566732637352
v 3639.8429031321157 5367.2838084335599 8293.6367686275044
vn -0.37706313591353185 -0.86061032393171699 -0.34230580169958919
v 3248.1651086271313 5483.3324489243259 8544.9730081398284
vn -0.042261447423614269 0.96234532945929896 -0.26852455554294175
v 4118.3676609537142 5111.7300592474967 8824.8342746524322
vn 0.19719871164320885 -0.96903574581753404 -0.14860145172276845
v 3891.6788661307819 5006.4592207753221 8892.9665482622677
vn -0.5453519865574098 0.83715963971413498 0.041892104167570852
v 3901.4718141200901 5400.9434683641448 8830.3571840267832
vn -0.2852470852904484 -0.24080878091274535 0.92770966976130043
v 3677.384606356758 5495.206423016024 8573.0059719455749
vn -0.24494482088830288 0.9199326471791045 0.30614695715300261
v 3627.1330031006582 5453.3596036996169 8656.4110597199942
vn -0.32262822790276424 0.71357665532289349 0.6218676575755604
v 3814.2888921766698 5508.8503167538747 8433.8946324518383
vn 0.52478056364080172 0.7783734851607671 -0.34458682160454662
v 3609.0135193659844 5378.8723442886239 8155.4893709995258
vn 0.67647225819279522 -0.73641016067954823 -0.0092390012156181051
v 3827.4382468579806 5485.6309171785488 8725.7826599374202
vn -0.17743502852284035 0.92915226626202807 0.32433451366334148
v 3600.3741077908489 5410.9808745621085 8600.4985158484888
vn -0.35539190864084558 -0.85447357861596995 -0.37890829328458181
v 3854.9050017029654 5500.3386993887998 8474.2861489271545
vn 0.59776539271832818 0.76826419885842445 -0.22901234905726411
v 3939.4500679136436 5039.3063306471013 8879.1991342593101
vn -0.20192351943884021 0.6802706410875643 0.70459828780074862
v 3487.2994791718011 5485.4015643325392 8155.1277201574394
vn -0.86540582935082089 0.43671941222671584 0.24566014229005409
v 3915.6551107196783 4979.3732790658878 8927.8983825008618
vn -0.019603382544306772 0.026282710329227903 0.99946231871470348
v 3740.6926903315375 5390.9458752489872 8670.3965853240461
vn -0.39479358058849096 -0.31402696401335123 0.86343795063610451
v 3332.6134746500466 5356.0355005576848 8587.3703315484272
vn -0.556797384563543 -0.68003890846285464 -0.47699450260967091
v 4094.8876973014703 5456.4140987753381 8865.0165090243609
vn 0.88913924320179705 0.42826639683211765 -0.16130498920669142
v 3823.9899130057379 5477.7605487955389 8754.0825467267859
vn -0.81736276490989457 0.19975063787323635 0.54038670709787806
v 3519.4986244417887 5384.7033770563448 8168.7550705196827
vn -0.10808489247099125 -0.99412355978070843 -0.0060003256967184728
v 4061.0286029072395 5064.19194456267 8795.2302704923459
vn 0.61942655624813892 -0.50743180744029004 -0.59901894979412096
v 3840.311862889871 5511.9524319896527 8670.2600719499496
vn -0.49759124341275007 0.86605916687306228 -0.04841976821599419
v 3792.3580675411126 5386.7682730860161 8753.9420010426456
vn -0.90826457649199399 0.10435964935263339 0.40517221360406008
v 4133.6927626525749 5143.6625565962995 8841.0591969100878
vn -0.30577129200373748 0.91912431627766822 0.24842384791616526
v 3324.1777013539468 5421.5753106612246 8572.9096696211855
vn -0.58449945818008542 0.12094869440857538 0.80232898284185616
v 3989.0847236820482 5504.5669676856742 8684.2196018249397
vn 0.77337966603518637 0.50982818422708365 -0.37677462060364209
v 3380.9705523525372 5474.1049268782172 8546.068826967019
vn 0.15806898747112941 0.97701696664980375 -0.14301063624174348
v 3864.0785773966995 5504.4281157260666 8808.6029193963404
vn -0.85631862160604311 0.48552319566514401 0.17602739775907816
v 3709.7499440689717 5498.1631931891598 8572.2610532850576
vn -0.1170766789640441 0.96047660449729855 0.25254255771273509
v 3273.8910546461148 5414.3734443104486 8545.354344894924
vn -0.46684309034927096 -0.88318630927805863 0.045160514799365371
v 3793.5440746763511 5450.1446731214992 8698.1272473172448
vn -0.68898640354729912 0.38399826654144448 0.61468940695291308
v 3368.8940089557327 5473.4825678428051 8572.9294301116934
vn -0.21796942878945375 0.95587486095101593 0.19695831618663656
v 3926.8626742187116 5467.9415160000299 8883.9290156203642
vn -0.64076549589008358 0.33639489178670912 0.69011452387016414
v 4143.0827953082044 5417.6081010547559 9060.0272025539161
vn -0.00060658695519808458 0.96787420387319378 0.25143420119207543
v 4160.2525579054454 5415.1796021989194 9048.6644623983157
vn 0.1265677982717209 0.99135779740139451 0.034500869149988095
v 3734.8329118859351 5440.611784131961 8308.5833747896941
vn 0.80517515945452611 -0.53695773260768143 -0.25173270743031423
v 3452.1129343319844 5419.8481412825604 8600.6190835627312
vn -0.61750604166558043 -0.73726058271982586 0.27410421681201713
v 3996.2241758127993 5401.940693149998 8683.9462031475978
vn 0.69496653799474517 -0.64175812106508867 -0.32429619966105921
v 3817.4449600861699 5338.0025870726331 8739.7029911104073
vn -0.7564959309593251 -0.65185979945374428 -0.052846081199160844
v 3527.3797040065492 5511.0663674989009 8072.3893071176744
vn -0.77964854159159247 0.62310693230366476 -0.062337007541418653
v 3921.2801353704408 5163.1136954666717 8754.4684584765128
vn -0.80058394063645333 0.58464980862964422 0.13133908505973443
v 3975.5063670622549 5404.8730706329334 8878.9448515413933
vn -0.50256256993415815 -0.78326095915820337 0.36596875981392962
v 3496.6995870454266 5403.0234588974508 8085.65871377852
vn -0.58579527760027106 -0.6472103684682643 -0.48781413641713484
v 3786.1405353333221 5419.7608657287556 8725.8491525335157
vn -0.91460403486132802 0.38852567151434342 0.11201456150745411
v 4125.015511988714 5432.558633302524 8976.3839977496755
vn 0.77387131815206334 0.5899729866438651 -0.23033683589931003
v 3670.1362270698382 5477.4442983583676 8532.2338782968291
vn -0.2878595714328816 0.92579879204254856 -0.24501727242591601
v 3796.4234618074988 5506.368902703116 8406.5732100965215
vn 0.21673262958915063 0.95199640525520712 -0.21617079278324239
v 4072.8044468542103 5408.3818382685831 9045.7305190004281
vn -0.21472837698946232 0.91327689339776208 0.34614598091152843
v 4038.6406657482776 5413.41816371807 8778.4521661040781
vn 0.97345412235785556 -0.17878559923647747 -0.14290829636571473
v 3989.1174532683799 4986.8011511201603 8865.2367197219392
vn 0.1750017978754751 -0.93410422343185495 -0.31116502134257074
v 3359.6829046350845 5461.6814907338439 8586.598676004036
vn -0.46582900830094315 0.68514194787762417 0.55998557685338191
v 4019.4922405725156 5414.2370904199925 8754.0454990123781
vn 0.91131740351509405 -0.2124980711063981 -0.35262609067760037
v 3900.2337387168491 5007.0840646356864 8866.5964365353211
vn -0.51028345599045966 -0.43385029064722302 -0.74255283976815589
v 3845.5402831551191 5488.5958542346489 8767.6375878337676
vn -0.86925422753718606 0.10260208491466803 0.48360097195921087
v 4016.9684975578443 5376.441387837649 8946.5147455874758
vn -0.63747432014985728 -0.73966008825942853 -0.21570684964908177
v 3804.700365417797 5342.0748824183211 8712.1475127049052
vn -0.6405753871590727 -0.71894298305091497 -0.2697853970989828
v 3998.8465510963088 5382.8991918185993 8850.9368708615402
vn -0.090593818827441164 -0.98583543971245247 0.14114264343994753
v 4059.5199806976707 5076.9514976787723 8782.3118722900635
vn 0.67139324982827342 -0.35030889093627354 -0.65308099422355559
v 3754.4280734960776 5493.810977125102 8599.6626540109046
vn -0.1728541087592653 0.97954464629959215 0.10302302165461301
v 3701.4239647499171 5481.5420990729435 8446.9712045314627
vn -0.65559087416003881 0.75508023272343816 0.0073788798875475447
v 3582.5538371389002 5455.3874636560813 8600.0742512263387
vn 0.037639798803401472 0.78377994296268283 -0.61989696446704201
v 3810.9762519397791 5431.5088425014455 8753.6755937388407
vn -0.77113532278482255 0.38498068467895963 0.50708991942028103
v 3974.8398573339855 5393.1444453487875 8669.9450957734553
vn 0.81656998143947634 -0.4420482011421844 -0.37122345464543616
v 3930.5752228484089 5558.4479299153936 8573.2279911951609
vn 0.75617446160820556 -0.59739338031452449 0.26706054139076069
v 3686.9477828712165 5429.3073667171411 8210.1175408726449
vn 0.79576578935226161 -0.48667983215011862 -0.3604158008119292
v 4008.2944165457939 5509.2565929267967 8795.545649195019
vn 0.53854246735260902 0.84247423623963591 -0.014462784317206023
v 3324.7022088479189 5362.8952570806814 8572.6697811566137
vn -0.56915391710851493 -0.79464541637156116 -0.21119299439068018
v 4116.2064468620447 5141.0984752596751 8823.7900260896022
vn -0.3132228975146068 0.94952751549072978 0.016997464474320895
v 3481.2892646076566 5428.4226554911247 8675.3433526687095
vn -0.28590336662711241 -0.21915173779714539 0.93286214457001859
v 3496.9044414882337 5380.916162624666 8141.3605625136042
vn -0.20271256688436654 -0.97552204425101308 -0.085231193863958138
v 3602.6075903842739 5491.2777000012675 8099.3322481228761
vn 0.36289283337646688 0.64195672216241872 -0.67542605691110491
v 3997.3048392628771 5349.806999746047 8809.5168850083519
vn 0.29689531454830725 -0.95206169305636845 0.073700100501309054
v 3973.9993184643272 5535.3645107206194 8740.0094535482567
vn 0.60641423931782512 0.79212125770228015 0.069323036926706397
v 3964.4869028556568 5393.9774422356531 8851.3573841806938
vn -0.330809045523973 -0.8605745035233433 0.38726851057769868
v 4073.8356423850928 5401.4167460453391 8881.2954279141904
vn 0.76361191104700021 -0.39021421002202961 -0.51442173321510387
v 4052.4541638835535 5439.1718899554526 9004.40533858251
vn -0.38776605635715922 0.83045066559571579 0.39998647170729301
v 3707.5053121382198 5488.1353427236172 8420.0455011152844
vn -0.85517565252521532 0.51039348675831342 0.090405154735577004
v 3858.4010872860322 5295.6829734409112 8697.6835873259661
vn -0.34419948475250228 -0.84944294151018951 0.3999667533866143
v 3472.8557646599697 5429.0075219980199 8113.6198440775897
vn -0.9844487691000694 0.15518035006636974 0.082338812055051808
v 3653.7873942185888 5478.8326541313199 8280.0429836122712
vn -0.89534185322927151 0.42420788253490016 0.13568580711050826
v 3756.3891603669908 5374.5921086222006 8419.7504019376975
vn -0.22357386620262232 -0.90445589745877963 -0.3632826116169689
v 3895.0979186109166 5452.9293126420125 8545.6101999185248
vn 0.83604796292403705 -0.20720189640650569 -0.50802674911476442
v 3849.1343519350921 5326.2832874499109 8628.1677581552685
vn 0.35699797361178193 -0.85007686687583139 -0.38719732338905888
v 3532.2678781358336 5387.5774983935016 8194.5931692595186
vn -0.1293898421744476 -0.92963653755530018 0.34501329943099945
v 3940.3785725982757 5575.9370447639012 8558.6962966829306
vn 0.65221959487186076 0.041126974857956446 -0.7569135829169793
v 3631.728419669249 5453.2454804298986 8629.0533385114613
vn -0.14117827964617696 0.95403236206717257 0.2643689571123608
v 3941.7259287333854 5031.1915081372899 8794.9567598291324
vn -0.41067569537371224 -0.74637451664221899 -0.52370846292227502
v 3840.6026395350018 5467.3299315450058 8767.6250728842861
vn -0.82455586980040962 0.4059854856159722 0.394060151559192
v 3464.4607867795585 5436.0162309729849 8151.8868085346658
vn -0.91200121904776521 0.41016098152053393 -0.0046632277986764746
v 3750.1650515356196 5380.554444091842 8433.7002206187281
vn -0.21605078401285591 -0.97572393896567222 -0.035844855373450328
v 3732.4734018114459 5501.532543454965 8573.0049283465269
vn -0.17658462774368061 0.9791634958223302 0.10028318749231718
v 3769.2967864130624 5520.9411165590627 8490.0440799537755
vn -0.25228030242542621 0.96543257515585468 0.065533135405460893
v 3897.5217759638954 5528.4103362727492 8557.4951481117605
vn 0.68713215447173637 0.073191973596022086 -0.7228363143147617
v 4000.4943823959143 4994.4577294709925 8879.0826999092224
vn 0.51365723014894604 -0.84728431983384256 0.13515003248026108
v 3687.3672813587782 5421.0100741285469 8217.7883984854088
vn 0.77209380215856471 -0.4548343244033769 -0.44384332597534332
v 4084.9820381256955 5068.8447240410987 8849.3177321964959
vn 0.7087673136736885 -0.65565580987771854 0.26031587358702551
v 4144.4429123707087 5395.7295929821175 8989.9164587585765
vn 0.7046666350333296 -0.13165738505826793 -0.69721680016363885
v 3715.2517303067543 5507.6123199655913 8322.5060874905066
vn -0.07475779994943435 0.99501832767581677 -0.06595300551105393
v 3615.3965027885165 5455.9726653483522 8585.2378539542369
vn -0.44727631737333218 0.89439543135700639 0.00084159649764446254
v 3983.9492188576678 5454.9815906780741 8934.7535018484978
vn -0.90673752205815916 0.17732794948823288 0.38259882961416397
v 4047.7227374514941 5437.3810269786163 9004.2131413371117
vn -0.41816048848072318 0.83551562013939529 0.35644838949930008
v 3502.781597705216 5481.1571457209866 8197.0076700724894
vn -0.33878233948597453 0.86773884967873005 0.36366992618395633
v 3967.1619244563426 5361.4620700311716 8656.1664750687087
vn 0.88402605885994623 -0.31709036350067138 -0.34344086628059128
v 3676.573187775773 5472.1477533806064 8614.5924924553256
vn -0.43082108993441176 0.85721113078966327 0.28210328909467269
v 4057.2627093089209 5412.0575019564467 8809.3710771638271
vn 0.84576635193818872 -0.40134508348755621 -0.35156991038701585
v 3878.5089925638431 4991.1188665654809 8905.839673077815
vn -0.57416236118710862 0.010054083785151163 0.81867972882885354
v 3902.0506882768291 5522.5438862644696 8641.8870745675686
vn -0.030592433730501068 0.99910582966225148 -0.029182942506697493
v 4074.7078694765914 5068.9886472410726 8865.4263717484191
vn 0.80277823322984376 -0.31007868638071179 0.50931161041623896
v 3872.5452961280153 5514.8550162401343 8781.2121932325426
vn -0.59694406080748541 0.79967933733912466 -0.064581310760369146
v 3511.744519884207 5473.1738579430139 8572.8333202217418
vn 0.085266821058624112 0.65922019035741519 -0.74709993297529464
v 3784.4559099864637 5525.3517166137517 8475.3669741958365
vn -0.0037138678096927981 0.98584606156544452 -0.16761190316261521
v 3984.7724035572164 5379.4314546991845 8699.1074217973674
vn 0.90594153867226201 -0.35580790367644716 -0.22950090237187892
v 3868.5035963525415 5528.3373616302943 8674.8493367731153
vn -0.43528296770471991 0.88712357374778539 0.15342914627647872
v 3508.0053464598977 5403.0649715298896 8224.882631207669
vn -0.29608346859133811 -0.74950518160491486 0.59209506194048389
v 3648.5860477190981 5399.5837585021527 8323.0578042276047
vn -0.025582754346950797 0.084076789600980764 0.99613082279910192
v 3640.3191511718542 5408.3783612837778 8322.1031987385359
vn -0.21295884517927355 0.10270600976007106 0.97164808743653397
v 3678.9545341037788 5513.0925230603489 8224.8761589790065
vn -0.39221367058868556 0.90334280419453661 -0.17360937392117184
v 4069.3722277581965 5477.4387563589089 8864.8760411031963
vn 0.2664160558149174 0.96151422420012311 -0.067177986460283501
v 3918.9287570828865 5015.0553383155229 8837.049992633154
vn -0.46589691063448724 -0.73081776030802148 -0.49884413385305826
v 3810.4419775052811 5509.1488660832547 8462.022678137364
vn 0.32716396804539938 0.91748834673667967 -0.22622747758657324
v 3855.8960385290629 5493.9056810806596 8781.5543367359223
vn -0.73368617363523558 0.67706691735155322 0.057314815227407133
v 3712.741177243629 5488.279169808342 8106.4576369922106
vn -0.815885443503089 0.56349528353842038 -0.12963027620784826
v 3523.1164204808229 5521.3197154476838 8155.4957876456074
vn -0.50278664616500057 0.81050777627626569 0.30047085222006664
v 3938.3762191578608 5525.0445194252425 8628.2363833854561
vn 0.96394749966298254 0.25253839926111643 0.083842559551324219
v 3587.0744821651861 5390.897027142928 8085.7825471218675
vn 0.40244977820227196 -0.65104902472240744 -0.64355989886951792
v 3950.1193362677832 5384.7428280627191 8628.5239071926171
vn 0.7931476679163133 -0.34929848101034894 -0.49890615153831935
v 3865.5953275506549 5522.3840956598788 8602.4397912812856
vn -0.27561265723182982 0.9531290624116685 -0.12483049931752904
v 4094.8704339022779 5398.8893509205418 8920.1745540721913
vn 0.7720767828136933 -0.34128074164275951 -0.53612022609096277
v 3349.0074281779198 5442.9896232033534 8600.4910677988119
vn -0.64637570145674517 0.63243259433669197 0.42688109139063757
v 3495.2049307097363 5468.7703492327773 8072.005214781303
vn -0.93858135865576897 0.33465335103764476 0.084096181977338785
v 3986.6107406665146 5407.3628840523725 8921.5007915438073
vn -0.70980477388978236 0.052853895931686802 0.70241273383112679
v 3958.8671680240295 5165.5404883436759 8767.4889730058694
vn 0.15091219010796225 0.98176863820610161 0.1155675210072236
v 3822.8174096551729 5504.3939163314499 8453.9461231472233
vn 0.60313559297025532 0.7970363158100463 -0.030993027802502723
v 3832.7005218475442 5490.1630720855337 8719.8701324430931
vn -0.71996037400350821 0.6895447501550207 0.078645390191535783
v 3960.4533633869578 5077.50377326538 8725.8008511585358
vn 0.20915449707274214 -0.50884263538468799 -0.83506500870831235
v 3519.4561393380955 5517.1173872134405 8141.9093835179092
vn -0.46361171515484695 0.88504308220136996 0.041987143492743149
v 4032.0560973281458 5398.2540202231057 9018.3611322285342
vn -0.99951021742357016 -0.017701397178567453 0.025806700754148135
v 3708.0773005407682 5493.7137578241936 8504.6761666505008
vn -0.85011714505021418 0.41811119899627269 0.32013101218965373
v 3354.2176062726903 5461.3298258407685 8517.154573349073
vn 0.36251596093039395 0.83160750494729041 -0.42072691355088704
v 3995.7352138486549 5512.679563564915 8809.283846232951
vn 0.32185142416323642 0.90591272241771703 0.27519774731239499
v 3675.2254787607835 5462.2281927027107 8392.0971643535649
vn -0.76604569920261223 0.30761155097269016 0.5644015595667301
v 3648.4889061644089 5493.9566022570762 8227.0052391033641
vn -0.63949875602543438 0.75489671003845882 0.14550703836939605
v 3665.7603560994667 5344.4683136960193 8307.3055808248137
vn 0.46202565904741466 -0.87577060951060592 -0.13985038397953756
v 3961.1444592583102 5536.0065324279603 8698.0955536388956
vn 0.6680994064577398 0.72221331572723191 0.17902823709430146
v 3918.0144207186713 5440.5202560135967 8572.8522697096723
vn 0.67002946321371704 -0.33867568730172765 -0.66057497474264093
v 4074.8766064028232 5480.855687403433 8879.1610997645112
vn 0.23497669228875112 0.96346698534228481 -0.12851973481332377
v 3785.7990757763018 5503.1187945807305 8614.865370078207
vn -0.16546938694940685 0.95940997401529626 0.22836896405281548
v 3858.0989071265417 5481.0180335735222 8837.6632056740546
vn -0.96097325640694864 0.031272295960913341 0.27486804829946648
v 3905.8825412469801 5077.6324912013697 8795.5770305232618
vn -0.95802623761493466 0.20410961137126327 0.20130820794802351
v 3906.0423300793723 5064.9838975686816 8795.5751068899281
vn -0.96475526349382534 -0.24735544849960037 0.08979177945959875
v 3633.0244950724955 5386.8187992606727 8197.0771977471832
vn 0.47188798103377427 -0.85579004644596202 -0.21200266451128982
v 3970.0217701078436 5160.0156342772025 8726.9524798691746
vn 0.51196101480328871 0.36909834862701513 -0.77566895539424385
v 3958.2611630992205 5335.1519276229574 8781.7555419510009
vn 0.14044290714319199 -0.75715405741584596 0.63796044013080511
v 3349.4498640669917 5374.636287950525 8558.5551236243282
vn 0.45611669700866958 -0.60954228363976537 -0.6483947587427904
v 3837.5887376555511 5494.7482105708932 8698.1752451639204
vn -0.48475705904906247 0.87163892224873629 0.072499537399663472
v 3472.7052543374634 5402.969363671602 8183.2024430350275
vn -0.65733677450685646 -0.72309327368680387 0.21223685455128452
v 3733.0570576916148 5479.5310461205836 8280.4924174867519
vn 0.82695294639905104 0.55782220531804594 0.070591867067248959
v 3785.3645017360641 5383.830966520487 8697.4519115293697
vn -0.90189904881219674 -0.23164664609176072 0.36457912324500047
v 3936.5960101822056 4989.8479030627823 8865.0584750195103
vn -0.13131317411209917 -0.9074368414735885 -0.39914311849390943
v 3758.0538205477956 5500.0796970086494 8559.0457645686929
vn -0.27151358358457361 0.95707466561313037 -0.10143203818605546
v 4042.2441120410731 5092.4236848210849 8766.6291604610251
vn 0.49538622131056154 -0.35023524544010776 -0.79493884330000553
v 3928.358953078603 5315.4474294898064 8670.2069831739373
vn 0.62531025457168099 -0.71282963881282302 -0.31758619547688116
v 3255.580017529187 5467.8664511394609 8530.2912943316041
vn 0.089781008849847049 0.66387745645405416 -0.74243255132166663
v 3652.0735522964187 5486.9121486547629 8572.9134521438282
vn -0.3853816532247783 0.86097650206743825 0.3319645225704928
v 3913.4860961731574 5007.5546945603392 8864.8521079039638
vn -0.42572845875375653 -0.65305370977429711 -0.62631951235545824
v 3660.8127083425261 5418.639289213148 8489.3548558802031
vn -0.92511073863228366 -0.25263670873249605 -0.28345160904119526
v 3940.3115610777386 5048.8580842279362 8768.4610474748843
vn -0.31652041765982836 -0.71558810093153014 -0.62269454390548018
v 3687.9507751097044 5398.1936344067999 8475.4094145957424
vn -0.75889413780152426 -0.64567096221864606 -0.084786179051357324
v 3890.3847039932939 5421.1207043104696 8837.0053141051067
vn -0.35651248294026605 -0.5675145256167391 0.74217660480627801
v 3951.3992427544144 5014.7668748689794 8891.833836435786
vn -0.77128275106405775 0.60554707879706315 0.19605012948580838
v 3944.0380556514447 5255.8187476560843 8711.9979168390164
vn 0.7836149702121803 -0.13854848557903887 -0.60560044220849019
v 3958.4020117865653 5102.2166356732741 8809.8855420815707
vn -0.28056368517320396 0.6865873178543076 0.67073234119405589
v 3588.9470218589813 5490.7440153600583 8072.0143289238731
vn 0.46659384070095961 0.83929006635316128 -0.2790741341307606
v 4040.4600966169764 5380.0745768927063 8837.3970543523137
vn 0.52461395092467888 -0.82866636883869638 -0.19517236395270762
v 3339.0457844475372 5352.5799672763696 8684.2539854648367
vn -0.94332925737919415 0.23179229238256208 0.23749156903868157
v 3392.3620764812695 5471.7707153344691 8576.71095303527
vn 0.035754235210726959 0.9508991904848757 -0.30742863269335219
v 3464.9538046394673 5392.9045774217884 8141.3600416078716
vn -0.52050117199038937 -0.76060984093577777 -0.38800927801829949
v 3487.0967310568062 5381.2397103507456 8141.3995382242465
vn -0.43161119667880493 -0.9008159327190236 -0.047354305623095651
v 3929.6614605634531 5051.0886093579775 8769.2276194027272
vn -0.43442078442813525 -0.68100628904887817 -0.5894989536315729
v 3903.3748398924358 5429.4623509274788 8839.0994827213108
vn -0.21249872592657812 -0.79968985415838367 0.56155180405348548
v 4080.3485293346021 5339.4619630568468 9045.4966516614313
vn -0.77654762765404994 -0.62674737956463789 -0.064509721699343922
v 4189.684252093708 5369.5475070491157 9060.1074231961393
vn 0.8053099953487961 -0.53868439799539725 -0.24757813059246292
v 3697.9009012166357 5393.7989618148549 8294.1943424399669
vn 0.81959624459670988 -0.542067664078967 -0.18553879217819161
v 4067.1445631171309 5088.0880116888075 8865.6826420592079
vn -0.3975260812213528 0.68218518584729526 0.61367449593354084
v 3850.9353928670971 5374.0032832549841 8795.5624559259304
vn -0.63595631949232412 -0.52704418578396128 0.56372332391794688
v 3902.9308862524849 5092.5306547300879 8767.5752417802451
vn -0.98756395706652567 0.1483765887448727 0.051979020917485838
v 3470.9030043311354 5410.9841904639252 8127.3228477256916
vn -0.71367048291430368 -0.14439110289787185 -0.68543829132957013
v 3917.2119560408973 5108.7492799714164 8795.9081093915029
vn -0.65195437363373898 0.62300585078846138 0.43222587218164588
v 3947.7552932129065 5334.7658858608265 8670.2377410197769
vn 0.80504663434523827 -0.58535078293050768 -0.096251636100618626
v 3349.0616865507955 5387.6209497688815 8628.2043385906272
vn -0.93607208210465265 0.3505474919105846 0.029757570792307484
v 3755.5220940800086 5341.1421022249551 8615.1298557270547
vn -0.16579730525201172 -0.93294745195202566 0.31956267846448222
v 3588.7008464983082 5413.086469667629 8071.4974325848889
vn 0.46346863798718102 -0.40092714302137927 -0.79022417552933799
v 3909.2706997797231 5099.832381605971 8795.4750426502178
vn -0.89353509979257106 0.30707119219080492 0.32757031056736158
v 3877.9530817297018 5377.115880599722 8809.7905025033979
vn -0.4692336409326654 -0.48841451010641562 0.73571125894238187
v 3874.3671725184522 5320.0279615246991 8642.3701182257773
vn 0.035046167946994999 -0.72420142339972682 -0.68869736783150304
v 3688.3313611624289 5358.6189913730796 8586.7802090233145
vn -0.32791083203020216 -0.94159377664369692 -0.076652762658107984
v 3920.2772256252956 5487.9410907049541 8878.673785914496
vn -0.02002072493208858 0.73569308495676533 0.67701909524029769
v 3674.1825150873119 5399.2301612867896 8503.2332148192818
vn -0.7472115989568322 -0.6626100496389985 0.051212776743485934
v 4006.0787667286268 5480.5195984172606 8929.5737606098864
vn -0.67975716335768799 0.65293025911283697 0.33408423428643402
v 4051.5665254155665 5382.6782658446591 8878.984127468706
vn 0.17032708416559197 -0.98147636786019299 -0.087708743758021471
v 3595.1524841432038 5488.1248956961481 8184.4042792012215
vn 0.56262645736971018 0.77256059745184713 0.29428148554140249
v 4056.7496113804464 5483.6762416129868 8898.6412168205316
vn 0.25778049557384114 0.96540682778509812 0.039228471390289975
v 3922.4806651690487 5493.1298094613139 8864.9047673387358
vn 0.11283813631966132 0.86453113856567976 0.48974836951462636
v 4147.4549971241686 5401.8736145742259 8990.094120380496
vn 0.77494542880165462 -0.09928787641066858 -0.62418066293123786
v 3703.4251359932914 5484.7263330300248 8587.1224648540447
vn -0.18978923883011894 0.86194131644868843 0.47014594736420512
v 3947.6980161265669 5405.7221740296063 8865.0955180988167
vn -0.4822319074232983 -0.68793178872018912 0.54240413118921627
v 3857.7917290361902 5483.5987943021337 8808.7231943422375
vn -0.93320115664308467 0.28294437634601532 0.22153573331219784
v 3470.9767676697629 5449.3970109235852 8155.4083514683343
vn -0.81904042014813083 0.54837458725081656 0.16869529400985039
v 3741.9530456666689 5347.6293556760447 8630.3726969681175
vn -0.33351833558265725 -0.93884282034530842 0.085671923733746894
v 4071.9598943979149 5087.5777247362312 8872.6416469888154
vn -0.49852373070634004 0.61152905320980555 0.61441541891699891
v 4060.5371582620523 5426.3978834361169 8809.4537979717206
vn 0.88485897594064045 -0.23332856093105683 -0.40321504851769024
v 3994.7534588627218 5471.5039729958262 8920.8897138834745
vn -0.75257898576075988 0.64059378751922813 0.15252694707190639
v 3455.8606316520336 5481.1854930475765 8608.4901642060013
vn -0.312430646166727 0.94311996528715947 -0.11363020026642788
v 3653.3416639061502 5475.701988591899 8309.1583741729191
vn -0.81897963878100732 0.28018182775737643 0.50076990190771897
v 3320.8814625173163 5409.1645506703107 8572.9914636424346
vn -0.74985171800854011 -0.16873702906433163 0.6397266729019383
v 3504.1521402911426 5491.0057845781939 8084.5852763279563
vn -0.81061403297023005 0.52615114742991387 -0.25704057969496552
v 3938.6761526248738 5167.7215740576812 8754.4106799443452
vn -0.099236625809494577 0.67073323234293891 0.73502994709653791
v 4007.0302604185745 5455.4340610002737 8697.262682366254
vn 0.94409997630295561 0.23503337828623133 -0.23115913530751864
v 3979.8995041042763 5022.5091373836185 8892.6649544096908
vn 0.085986304006515357 0.90971083693753763 0.4062419829137604
v 3737.0429353832442 5490.7421889515317 8600.6253467664774
vn -0.21432997227524869 0.96951532569110344 0.11875477352327704
v 3919.7162227540102 5061.9560557772784 8767.6527731773676
vn -0.64231852306571025 -0.48818841392045137 -0.59084599299692209
v 3981.4808870207962 5469.520706081923 8907.2387656647043
vn -0.50097507680369757 0.4526286775318365 0.73766608482246898
v 4125.6699005777919 5360.1403231930553 8990.2778690014202
vn 0.47200908182223072 -0.7116128372886471 -0.52039849777198266
v 3796.4515846378308 5485.2591364346863 8660.8089172213477
vn -0.41581389850470674 0.85830097723459653 0.30069624920915478
v 4096.5191372026666 5459.5059405396714 8906.9727685879025
vn 0.95809881225378102 0.24463541802288655 -0.14899724227871364
v 3987.9552025856751 5480.5093963475047 8669.8981930642949
vn 0.64999858272953914 0.16669674335788559 -0.74142702823910167
v 3553.0384159342921 5377.4143119317014 8156.7396519696922
vn -0.15951575806095888 -0.96896825172014422 0.18882597832037035
v 3792.1685100069044 5425.876674841109 8711.9871752092804
vn -0.97745551423510124 0.12836797615808956 0.16763764609558873
v 3957.5292842975978 5417.1857850409797 8879.0046430026887
vn -0.62363765094665535 -0.57610446326587605 0.52837460927534596
v 3845.5077633968358 5430.972809719271 8433.7354492641971
vn 0.88400580896364733 -0.3762768048678638 -0.27739772139828184
v 3678.7947061242967 5504.1670408622413 8324.937424777876
vn -0.58917352487390007 0.80618954546803057 0.054156941990053865
v 3839.1653325153447 5513.3558764342215 8740.5522604200196
vn -0.86081809126957221 0.46663656342771448 -0.20308257289925971
v 3304.868562085956 5463.4284991330433 8502.9044785002097
vn -0.0024463143584078761 0.6621174312868876 -0.74939610536225332
v 3721.0637141322832 5494.7665969080208 8542.0713696552739
vn -0.14333493296628419 0.92740527348961621 -0.34550623105119377
v 3401.6903208600133 5414.8960979368039 8632.1570591633281
vn 0.71425362521545765 -0.44053365588425147 0.54384911225433896
v 3812.1245540437917 5526.8371403676265 8572.9055947389952
vn -0.1201056753093686 0.9912331934408527 0.055057996508494439
v 3882.8626773266396 5448.1277493053458 8530.91142717394
vn 0.92589084888042328 -0.26413153315546156 -0.2701123269168485
v 3811.4741957957904 5512.1235555381445 8587.8866367875562
vn -0.19536649183636887 0.78267704590523923 0.59097256762103445
v 3944.6796838781447 5539.5945186762074 8795.6227027925343
vn 0.26161881990295172 0.96411584729124367 0.045124561764898409
v 3889.0272762766217 5002.2330810897911 8921.1050534435926
vn -0.27601627322309885 0.81508663835877959 0.50936115761315726
v 4040.8167833993812 5364.0143104886438 9004.4291430513586
vn -0.50504760790866943 -0.60013244295164792 0.62029667471510586
v 3762.7545255920268 5409.8240622858302 8378.4702618376396
vn 0.36612751558079709 -0.63088786034334066 -0.68405493200914402
v 3858.9441215648985 5433.3950184077639 8501.4428020227188
vn 0.56661867750994344 -0.53334794149247733 -0.62807901382120679
v 3621.3599165865025 5382.6488562574386 8197.0543502509972
vn 0.097564221704966689 -0.99509976553763135 -0.016052391412349744
v 3993.5038085014439 5492.5141340585351 8879.0488722840091
vn 0.29477240285897482 0.94118006817698763 0.16519476317095266
v 3669.2947321824904 5460.8791845811429 8503.3539750296459
vn -0.88800428184839575 0.36396685493090741 -0.28102762129480918
v 3396.3944503261082 5452.1050092095793 8628.6123696957948
vn -0.54917589669620193 0.57614339622049537 0.60536321450798125
v 3420.026949316969 5438.8854165476205 8642.4346659215335
vn -0.78626884666975894 -0.10262400113526063 0.60930256453390785
v 4118.8906630645206 5112.3635915811283 8820.6555800475835
vn 0.39162909082961223 -0.88497556135456679 -0.25188273267761091
v 3695.6418581191938 5385.1007505546677 8461.6747213190683
vn -0.57251487755556751 -0.79916050140679717 -0.1832190163950515
v 4096.9921867100038 5429.1247419043202 8893.040687932611
vn 0.91937554690541934 -0.13743676315631928 -0.36859156241763691
v 4075.4904072857453 5439.8097204945116 8837.0103967542709
vn 0.90172443718039641 -0.16286576628722649 -0.40045946307132219
v 3906.0924924534575 5156.9843037396713 8726.0099202680776
vn -0.97335238010156933 -0.15232959128506049 -0.17140840052207665
v 3503.4621094304862 5466.9233745263564 8672.1197137094641
vn -0.02895718724359523 0.69886645139106551 0.71466577113151197
v 3657.0519532539711 5459.4903494387127 8626.6214520267495
vn -0.2191341164066104 0.97563060866601159 0.011187245446563873
v 3548.2765640561229 5475.7290395475184 8210.7076173698206
vn -0.14260034615912084 0.79692420444066625 0.58700677479217411
v 4010.7068152018473 5486.2856610781437 8865.0459551233034
vn 0.39473371927846229 0.89150298784183912 0.22227845944595268
v 3931.4258170180328 5406.148954219203 8851.8122950642501
vn -0.306471218458577 -0.70009377960326635 0.64493727758389674
v 3629.8172259018811 5453.5695034351684 8642.4468828714125
vn -0.11394991020638819 0.99285350488957924 -0.035458931067279875
v 3691.7921708679123 5404.2280774131877 8365.1401964943634
vn -0.41319038141985742 -0.84814840167287198 -0.33153883247949295
v 4068.0403885643827 5417.8804694958671 8851.00653132152
vn 0.83929395785398586 -0.35642587235805312 -0.41054384640814284
v 3568.3227018220641 5446.304704097347 8238.3639643277547
vn -0.71671521540752803 0.61449347974239776 0.32972270676648913
v 4017.1563889441313 4999.4526921119832 8893.1126372618273
vn 0.55048670122582843 -0.72612470125540263 0.41195547089492301
v 3921.1692301600415 5411.1899334862719 8850.3162402461912
vn -0.39329846328303253 -0.62468314262072666 0.67460157878906424
v 4170.79114084917 5400.5586853634413 9031.2578897951025
vn 0.71020040948322516 0.47700763087526699 -0.51776355458512557
v 3852.7027031885955 5524.1793670524185 8722.6264225224259
vn -0.75457755888399214 0.61869615018788704 -0.21869563637933634
v 3838.3763417528535 5347.0229248316336 8584.5409985233309
vn 0.18809929021019509 -0.9562451277654852 0.22408461046486816
v 3476.9054450067374 5457.028052786045 8183.2381689732756
vn -0.82162166034212381 0.48029256335349912 0.30701286755440194
v 3436.5801705396598 5475.0631582760006 8619.704091559217
vn -0.36293785724169875 0.93145653933596206 0.025784241487346031
v 3861.8762818803907 5505.5733852173598 8506.0225931084224
vn 0.63921307255549409 0.7603875835502214 -0.11496682415731781
v 3723.9159876678677 5347.1866783949845 8572.1008686993409
vn -0.32433755916711809 -0.9430744476563836 0.073591669984605937
v 3850.6568815722858 5308.7219536010598 8753.6785650043748
vn -0.45972983626539105 -0.79380161309972264 0.39815509124922033
v 3775.8455024339019 5420.7256629900512 8377.7502117397507
vn 0.37568221921175871 -0.49889706617724422 -0.78100229674941823
v 3666.7435336870417 5424.9271919363655 8392.0847958527611
vn -0.91363230562777509 -0.22028032699062416 0.34169077783015978
v 3825.1389728488475 5491.1783784222134 8753.7895859437285
vn -0.8568330605420168 0.32011326325034967 0.40418387530109745
v 3808.498817951986 5326.0234047840058 8628.7714270940669
vn -0.21188267361013172 -0.85401627284311543 -0.475144123759282
v 3896.501236718967 5381.8211068365217 8822.9052305758851
vn -0.41257317965166834 -0.43347618559047524 0.80117524172807797
v 3281.9679221366368 5425.4113647009144 8518.1930145036968
vn -0.5619424837412863 -0.57425385982351296 -0.59535968073465584
v 3822.2780174243003 5481.7564627585452 8734.9757020347206
vn -0.83534720420507669 0.53833863672897686 0.11129492635133276
v 3228.7550725912661 5452.9840200194667 8559.0910817586064
vn -0.22839036431624662 -0.54052268366721457 0.80973642003350976
v 3894.3892986419814 5341.2723796798164 8781.7721040519664
vn -0.31156528500871394 -0.7324216928075532 0.60538048951246937
v 3580.8899536084791 5523.182685330954 8113.5837867701894
vn 0.1731929195546667 0.96582925045712054 -0.19281616005295732
v 3691.1796133829521 5471.0684805263518 8183.2174518078755
vn 0.76353333585996086 0.21229512006110793 -0.60987509133329909
v 3380.4426946624226 5341.0768150059303 8643.0422521264027
vn 0.47289137352074023 -0.87364712563940516 -0.11451833351770888
v 3949.0882087569025 5262.4676601764986 8711.639074341967
vn 0.86055173551980235 -0.13932717460307195 -0.48993739284829163
v 4041.4537845534669 5406.5488505622452 9032.2557753975034
vn -0.77643383242899933 0.35533397194946337 0.52046928078248256
v 3903.5646652212745 5530.9077529067763 8629.2836601655981
vn -0.22163378615355728 0.62293625435012845 0.75021922652746742
v 3644.3187690193122 5494.2014965122262 8266.205089261035
vn -0.65065504669626617 0.74713174893138512 0.1358019143731386
v 3353.5217111377688 5353.8100143225756 8670.1143963499781
vn -0.9759317767957213 0.21621727287041415 0.028412285244721266
v 4061.3654111368014 5447.3226806001539 9004.5502567214407
vn -0.31028516776501741 0.87087104345197996 0.38119121230937975
v 3894.6802374510289 5432.6735516215558 8559.1934497711754
vn 0.73504854092886807 -0.34509682329290742 -0.5836195893143804
v 3798.3568740333394 5404.3712963847502 8754.2115176786101
vn -0.75232171386522007 0.24702750108720842 0.61072862431157349
v 3959.8598132801508 5433.3184789719489 8906.9116121556854
vn -0.78235957685264368 -0.24343506125579936 0.57328253371120397
v 3923.3136577146338 5427.7484788074544 8586.6612147600281
vn 0.82664317949228505 -0.39620052924226523 -0.39960755051304353
v 3580.4221735899628 5392.5965764201064 8628.6754367980539
vn 0.04681059210617624 -0.71418906448191899 -0.69838581646616404
v 3963.5776706619799 5507.0914945183822 8851.7332474410159
vn 0.19451485223944845 0.77611442813758003 0.59984195142966001
v 3945.1909844284555 5049.1380799785375 8865.1656254882855
vn -0.23559442117110294 0.76845840279748601 0.59495121807001095
v 3822.0120738973387 5465.1628138545702 8753.8735411482558
vn -0.81829600655739154 -0.0093268393750348937 0.57472137224875997
v 3855.9152123293534 5394.3950631400949 8530.9404120524778
vn 0.66600292469007472 -0.5017688380800015 -0.55196751483770479
v 4135.8284660070785 5432.534375705769 9017.9881623158544
vn 0.31760136346048468 0.94624247334800204 0.061274428273927942
v 4042.7316345267745 5057.3011028884539 8879.0575782633532
vn -0.09106262542982145 -0.10258681926821694 0.99054709265246865
v 3645.6911248838301 5395.2251064777247 8182.9943042528985
vn 0.59432803355545727 -0.79298273642439743 0.13398719439923307
v 3952.4834452586074 5314.4808758402942 8768.1897668710099
vn 0.2446589331877381 -0.65488657343831924 0.71502837869671632
v 3923.9519050421759 5424.0335766559438 8600.9220788184393
vn 0.81105972518198644 -0.23739674318201631 -0.53462595196482221
v 4079.9417895186343 5474.4650030336443 8962.5632628094681
vn 0.15335489190313778 0.83857804109080958 0.52275151470816172
v 3949.3666990645834 5398.4864511732121 8851.034593905184
vn -0.2575524812034039 -0.80246306138539358 0.53825621644153099
v 3978.3369083844773 5327.8659786727985 8768.226227031937
vn 0.46027880621042327 -0.80634444981810305 0.37141896666843527
v 3828.6779049779616 5402.8251455730788 8433.6853485786578
vn 0.79240148111673947 -0.59054742964766971 -0.15281893227126189
v 3771.1851535192291 5449.7334174966973 8683.5496883458964
vn -0.47251447971050342 0.49064418532874104 0.73211908175310414
v 3661.0142495748587 5487.0957727524219 8169.2371993917859
vn 0.53552021626536817 0.77065492420564596 -0.34541147312833054
v 3318.1689284856075 5462.7723136213899 8530.8232146615755
vn 0.088560665242117642 0.97690301313839722 -0.19446725043820215
v 4050.0606209190132 5364.7201500726878 9018.5698129891771
vn -0.90725156260052309 -0.42058489143515559 -0.0017179218223364677
v 3674.9186153477508 5441.3185725242656 8461.5635404804962
vn -0.98150456460052027 0.0035997185547829956 -0.19140488942205594
v 3811.5181582784644 5500.3184678578027 8419.8668457182357
vn 0.52053480645546579 0.83765917329193873 -0.16544069834305161
v 3833.8775318571697 5396.6098433509942 8781.5287616304049
vn -0.78528256791734363 -0.27434797102105102 0.5550355658169801
v 3636.8571188947476 5487.2683930915391 8266.2805194266402
vn -0.73043087272910057 0.17893728273101495 0.65912987264502376
v 3554.2812189880096 5443.1225761168225 8239.0791555785145
vn -0.71884586316035015 0.26934966480990497 0.64086767985602366
v 3622.9126124642644 5499.0592599021875 8197.0675380104658
vn -0.16440248555363346 0.97344889704408288 -0.15927670133276156
v 3695.5301453954071 5475.4889804616978 8113.8524746623643
vn -0.93530291948831701 0.17591472834616664 -0.30702191639608589
v 3550.9981808245575 5386.6064414721532 8208.8235845436902
vn -0.15734464326558864 -0.97967654610461274 0.12440469544258075
v 3521.7400181831472 5392.6350373819678 8614.5281596033947
vn 0.13641399343927471 -0.90483912922291587 -0.40330803689123884
v 3659.1098997834906 5486.7387767059499 8309.0131972971958
vn -0.6630425755599495 0.56386631422140743 0.49237112291562518
v 3721.1854797246588 5434.9584517768517 8280.7120522841542
vn 0.85626939729646023 -0.50950841989322104 -0.084875728635870493
v 3594.9147600349042 5400.6026812297532 8084.25699514609
vn 0.49065811909243617 -0.4391555644186752 -0.75259351605550484
v 3579.2594722180747 5517.0402315122119 8127.9235595424079
vn 0.31224270705099455 0.93197220583461016 0.18420721876527518
v 3360.9128009261658 5325.8780957477247 8656.3918712099567
vn 0.17869307554712321 -0.97821642588045277 -0.10564756925354704
v 3474.7441206010017 5438.9480216416123 8071.8930200290806
vn -0.94280910774716908 0.33128972579401211 0.036852461685961679
v 3829.4596457631778 5338.4368484697989 8614.6312702328578
vn -0.10657700065331595 -0.97730112855512385 -0.18309518578221615
v 3790.0392070961325 5409.164441851186 8712.369050378009
vn -0.97211980943534004 0.2227011043264277 0.073398189590669016
v 3779.8534863678005 5422.2186458578999 8698.1478832339926
vn -0.68319860301496338 0.14489832172729011 0.71571233411128043
v 4186.5363761631761 5351.4952653759847 9073.9604376137177
vn 0.48701200939409367 -0.8108071143204405 0.32467079645894731
v 3796.0669413506912 5515.1124273209734 8461.2153204633687
vn 0.38522797283608268 0.90252674972569658 -0.19247045221065007
v 3829.9687601065089 5412.0530393446024 8781.768005603135
vn -0.8263731265724763 -0.42185706807864448 0.37302020024513405
v 3790.7920892940347 5355.4948128946489 8531.2358549255296
vn 0.2596284108262687 -0.79891504279560877 -0.54251990072873535
v 4071.2147695156164 5336.2177422152017 9073.9832599284746
vn -0.50541393319762895 -0.50215352329618879 0.70171119071233756
v 4006.2991738829151 5004.8176142829871 8837.24948772465
vn 0.2512566760151958 -0.9567608436388092 -0.14655637426379334
v 3867.505017674865 5535.2077142241342 8586.9531127487317
vn -0.22098883699329591 0.65909914076598997 0.71885482301079706
v 3871.9472923061712 5531.6938417016436 8682.8072888490569
vn -0.67290138387910192 0.7301758901024008 -0.11851960633901973
v 3715.1488923715515 5509.1206312753557 8294.5415470691587
vn 0.44157907079454206 0.84560687259342282 -0.29992822684602338
v 4050.9434724106491 5482.9169092496013 8808.9364170011522
vn 0.7227741270782776 0.68565111202486528 -0.086487651172287461
v 3859.4953122552752 5474.6046156567572 8461.6964954800915
vn 0.98266511603367679 -0.12317914381727474 -0.13855023731110538
v 3985.6962015883614 5083.9230022317897 8740.7272010982542
vn 0.42328125192220151 -0.40402593134614889 -0.81092294860304126
v 3905.030883524887 5379.2762422358792 8600.5817673748516
vn 0.56134579581960664 -0.52593829999185793 -0.63896776297190994
v 3627.0575937237754 5491.0643978416338 8113.5471416339851
vn 0.6877674847119839 0.51204347549491724 -0.51457493737650795
v 4017.2778134191085 5372.578528702039 8990.4021392265167
vn -0.83193747322389799 -0.51041019878297478 0.21762690464223453
v 3756.3313569133188 5456.1891340941729 8670.7196907667203
vn -0.30482271297022734 0.42810579434882123 0.85076938267807645
v 4112.8015916587174 5138.5252329701725 8809.4610729768629
vn 0.10483890355816822 0.91443792849013794 -0.39091185609979473
v 3687.0649363721282 5444.8617628468091 8169.0979553891666
vn 0.84527768907796719 -0.24125445964861766 -0.47676190498682364
v 3698.6825767182991 5410.6625048586884 8670.6121867405218
vn -0.21281692767891006 -0.27507964474717894 0.93757140759468305
v 4073.6071088308454 5093.9661533097096 8795.6764530815035
vn 0.76005451010445302 -0.31167908507089725 -0.57023967732809377
v 3745.7520520284306 5350.5502472357311 8544.9339317455815
vn -0.27641592155786937 -0.95706193511158644 -0.087330926193298228
v 4095.6114250753963 5450.1761777442098 8990.6045496443767
vn 0.18464984731018752 0.88296185314231224 0.43160491167712428
v 3461.6177924813765 5471.2916030267143 8656.1801977269242
vn -0.28114389414899854 0.82729322466383437 0.48635792499768227
v 4020.1007237610847 5448.3777336049307 8974.9101492190075
vn -0.20598045262612238 0.87441796380810854 0.43927813251471903
v 4009.6980357835346 5034.8930746030228 8781.5443864675544
vn 0.24080007229890321 -0.77972396300610414 -0.57796701177048015
v 3988.3199671534167 5098.9975262777734 8836.514135958776
vn -0.1572582143969421 0.80498127002645403 0.57207954771280067
v 4093.3048665813403 5409.0737647025089 8865.0854179508715
vn 0.94202834785665412 -0.32274116402847575 -0.091764551303906317
v 4004.9650419549371 5435.8645837996346 8958.977241662089
vn -0.91574655206908362 0.30632349139727588 0.25995032408475327
v 3712.4965055475463 5495.0487804125596 8099.5076834549564
vn -0.90513698366880002 0.39025764265922935 -0.1686001575948485
v 3662.8329249111002 5431.3501130240402 8350.4418251733496
vn -0.6814635432410705 -0.58366622109949806 0.44152143954824824
v 3779.8945070030341 5395.0241248760285 8697.9774946733614
vn -0.80090367433715814 -0.091500590197045095 0.59176088619207656
v 4008.4750221928093 5462.7292347069115 8948.7989320099114
vn -0.57733309341275652 0.45415159851094172 0.67855200598068666
v 3914.8684760717542 5532.4145609526149 8585.4718934434677
vn 0.73598839489913759 0.36448088908395843 0.57050395622323113
v 4073.0216772497906 5431.8906384279853 8837.556295351329
vn 0.9255101208187938 -0.1710878783697205 -0.33787564892565058
v 3501.0381906263356 5463.3204967444835 8238.9643522673759
vn -0.0039343486206218784 0.95860096847567411 0.28472566469925237
v 3616.5468374116726 5417.5360228019381 8572.8790275714236
vn -0.43842261054217713 -0.51731799776746668 -0.7349610219264977
v 3961.8864203856938 5092.4691990139845 8837.4563787348307
vn -0.28221502975879148 0.8077708273986075 0.51755286433562853
v 3718.2795701057421 5350.6444142787368 8611.7256522936859
vn -0.31749503773834148 -0.94020828512124943 0.12330969791905452
v 3518.4467667875942 5422.4333051461472 8586.6042412192328
vn 0.12634216463891959 -0.74957314308927325 -0.64975207625187326
v 3967.7971100376712 5374.2102007865651 8656.3722727053082
vn 0.92020503280380572 -0.099765017853661958 -0.37850976052831881
v 3890.7744349441928 5344.3839613403306 8795.6324015354985
vn -0.29780661877889214 -0.80112609859314732 0.51914178406713374
v 3871.0503008195228 5304.7848939021278 8656.3427603051441
vn -0.13174132736522923 -0.95523511795527338 -0.26489637990924375
v 3856.5476310364047 5309.3296668879957 8712.6419824552831
vn -0.50477591443009517 -0.77462418104000363 0.38099692171901473
v 3623.5312571662971 5470.6051167971 8544.7342090267048
vn -0.81829714094641615 0.52803631116549443 -0.22708466088588719
v 4024.171001554847 5161.102657968966 8767.3516556487575
vn 0.45442729229173562 0.87914169864120517 -0.14354689035523499
v 3521.0600151036342 5401.1325224780885 8057.8319727819635
vn -0.2016165471980888 -0.69987601997936866 -0.68521845024324846
v 3934.6882544346408 5223.1229133965389 8713.6234146475035
vn 0.55294379361263168 -0.13686444450422039 -0.82190101894073753
v 3790.5577563509523 5328.791178744902 8640.9446624428656
vn -0.3354468437966332 -0.940593632631747 0.052526500354500405
v 3394.9705621364715 5357.4994167958494 8670.3679601581789
vn 0.99009017103541608 0.13089153519133137 0.050880833663741173
v 4008.1726264389872 5379.4824578870721 8892.9094266625652
vn -0.36810874035173624 -0.86193748270186465 -0.34865417133634141
v 3962.3017822108372 5345.9892332885111 8794.9375235610023
vn 0.26203107470901021 -0.93827506213317891 0.22578667734350574
v 3587.0706643839803 5450.9180650719791 8057.8093694290583
vn 0.4227957250254965 -0.089170524804902798 -0.90182725197577773
v 3643.3478771307387 5370.917705977994 8252.8449239098682
vn 0.50305977106783795 -0.86058996029560297 -0.079471925681883784
v 3400.3038113576004 5429.4604550251224 8600.4348712327392
vn 0.27998691456299568 -0.95940705123985803 0.03384431569309649
v 3999.452992908431 5050.0924468636285 8879.2817881572882
vn -0.12412155985836681 0.65826785281102995 0.74248048616369855
v 3873.5978718924671 5284.9867890801288 8739.8541488963165
vn -0.69030434530485685 -0.71827850654134462 0.086924667925557808
v 3975.2736913888257 5057.340753575394 8865.358995849896
vn -0.14158012117381175 0.70453169464784127 0.6954064714431768
v 3989.1513429721585 5343.444552222416 8746.3613489781274
vn 0.81335934638196983 -0.42069932911465674 -0.40181917342950724
v 3318.8633871336424 5364.7850083444182 8558.8904123834764
vn -0.60665017483515427 -0.66839065263213948 -0.43038296997727454
v 3802.4640042989777 5359.4721574581672 8530.9645291032957
vn 0.30596010863594086 -0.76487702216252729 -0.56687878147913429
v 3945.3117944157711 5371.689866369863 8642.4931053827822
vn 0.78193678057129024 -0.33401378732084586 -0.52631707275119877
v 3770.2804679717265 5430.7252675050513 8364.0131571019374
vn 0.78670827391783049 -0.42132121886918167 -0.45119676669920306
v 3759.5071155098558 5338.5951157728105 8572.9085212528771
vn -0.00016847708416775284 -0.9857693379576461 0.16810349180792206
v 3929.2929757708607 5447.1071927313969 8586.7789665370947
vn 0.93967973015253803 -0.19834734405429949 -0.27867604103521126
v 3682.6780973291052 5508.7185006478676 8344.9123104959908
vn -0.39544561316273863 0.90368012656575603 0.16427110482505655
v 4003.9402384170503 5425.8736053897856 8712.0207580210808
vn 0.97969288797356824 -0.12835252335197361 -0.15403725199830898
v 3423.2350062446503 5433.1185575327218 8656.5255652879405
vn -0.83276186921300777 -0.43679148261096129 0.34017770341892722
v 3828.6278637166661 5510.3461345057704 8614.4328859407597
vn -0.54924352813844124 0.83111201467010931 -0.087088264818109343
v 4133.1090572280154 5335.3184964757456 9060.0499580779397
vn 0.49984159078525547 -0.81657026393640353 -0.28874103999275447
v 4006.6863315563046 5448.8702750831253 8712.1819775824297
vn 0.93340425726399501 -0.10761748575743903 -0.34230829566444532
v 3813.1242993227752 5432.1543946451857 8405.6768463013323
vn 0.93241602157327452 -0.33111932367067454 -0.14477691875897236
v 3907.9978492611808 5431.378129954177 8569.8886305026317
vn 0.57096528293805859 -0.36460809466390326 -0.73556752442248352
v 3668.3597316345299 5489.3668455862426 8558.5694103795031
vn -0.4315864822656717 0.8773644635471608 -0.20967762501074325
v 3633.0677517680579 5499.1263089114818 8169.266172706577
vn 0.16550486094189043 0.98386014773804664 -0.068024633019771213
v 3705.921402549538 5453.7305009065458 8131.6056580755612
vn -0.070553401991609074 0.12789582206871736 0.98927492445971621
v 3743.1405178913556 5377.809218837956 8419.8944107923089
vn -0.18232381203832326 -0.93008168840698546 -0.31891390758921945
v 3790.6441677384673 5336.8625621698247 8612.1011681706386
vn 0.019444250599657726 -0.94018759972476917 0.34010174719103525
v 3710.6694712873691 5408.6756194074578 8323.0337153872824
vn 0.71336375948825526 -0.69564565075679041 -0.084789593889487827
v 3913.2258456328709 5524.9400763340991 8824.4023640297237
vn 0.19913942411655408 0.9541659089725949 0.22340749297422652
v 3515.5172042701633 5466.363316650556 8662.6391760044007
vn 0.11260447864466311 0.75898000229182172 0.64130303875022299
v 3690.1253238540635 5486.194110470974 8543.7428132288896
vn -0.18002803414784879 0.76264930371191186 -0.62125352833492786
v 3596.3729043508356 5414.038442680654 8586.5267932105671
vn -0.44730129995959172 -0.72486187213367648 -0.52392443480078421
v 3968.1663432076202 5067.5581658672054 8739.5380275747157
vn 0.21381723546968798 -0.56650986816758531 -0.79583211739967197
v 3734.0169563582731 5370.5988759503871 8461.7146310890676
vn -0.15884694841686336 -0.95096828322406202 -0.2653808042804347
v 4033.2069380304201 5398.2089478302587 8768.0624305978527
vn 0.81722429462381763 -0.32336183794782131 -0.47705510586892452
v 3493.84084076204 5478.2654819712752 8196.2166886546092
vn -0.61161924304206428 0.72750158419052147 0.31090729573449061
v 3883.1839463264041 5280.0649800041883 8739.9270531140955
vn -0.59405301906520969 -0.75202195582208387 0.28559409745482717
v 4099.5230838599937 5472.0909814041979 8920.5262851749212
vn 0.87850064671298356 0.39797664355505069 -0.26429378522683028
v 3681.1606354997602 5426.9936498686166 8197.0747332935007
vn 0.8584766385456063 -0.45489880943219158 -0.23682257968490014
v 3387.4882665844398 5448.597163138279 8531.0912927551981
vn 0.61115658176644427 -0.21021665999493841 -0.76308360513388585
v 3854.7250725297499 5517.4174952878211 8530.9811263695246
vn -0.040511615470763478 0.94764637504048466 -0.31674146694832689
v 3219.8554574424365 5447.5368556501007 8545.0980183630454
vn -0.66280562544262078 -0.74741436532557048 -0.045392393488234838
v 3768.7360126710737 5510.1601833758668 8572.8806424476788
vn -0.23597779141067801 0.97174563567644345 0.0049901407518460868
v 4093.9674469844367 5420.4411420723882 8865.1776533450702
vn 0.98580130291641843 -0.076404716456125149 -0.14952628689147196
v 3865.7441966851111 5537.2840531607217 8711.9867981449479
vn -0.68667349734899163 0.47194800791648567 -0.5529417563018415
v 3730.9986736610708 5492.1146894227304 8531.4224725988806
vn -0.34784199779437786 0.9345515206175159 0.074962656582492071
v 3783.2210666212914 5360.1731592667493 8712.1634548300281
vn -0.83645549816398446 -0.46048619832735821 -0.29714417500812229
v 4051.8722623638787 5039.5780081932789 8809.5700666589546
vn 0.65408232730124538 -0.73394860005872475 -0.18301847334087554
v 3792.188498839736 5354.4895583721445 8711.7272954670734
vn -0.57836391139139953 -0.73617951363574907 -0.35147533299375833
v 3749.9115252236516 5504.7584255870634 8572.8054080993061
vn -0.22933947971576318 0.97334394768274346 -0.0022276788537756291
v 3823.6573507825997 5490.1138849962008 8391.9179005510123
vn 0.51090959070582675 0.49368867948217543 -0.70373494859638053
v 3601.4000955318043 5489.7096837235085 8180.1217022786959
vn 0.54466826103762223 0.7007713259446865 0.46071252875516466
v 3718.0481293586095 5506.3726895097834 8418.1694911168979
vn -0.43991949711055495 0.83987885759163838 0.3179219096453732
v 3846.75217927528 5403.9324644117642 8518.0947844794209
vn 0.46751712159779008 -0.57751675453650342 -0.66925491349899047
v 3477.3104001927818 5424.1152492964593 8231.3329884159593
vn -0.88845551312384141 -0.37178385633874828 0.26911626737479211
v 4012.8829911266944 5385.6016583927239 8976.8500608565355
vn -0.89967110225388858 -0.43656331884659333 0.0020919863577228853
v 3788.8069274059012 5374.4260627256917 8700.9509646399674
vn -0.83062734136216199 -0.30294314341464829 -0.46720838138851722
v 3451.8791689546879 5442.1293047883009 8561.8697868424279
vn 0.24154192087065224 -0.29636349954437136 -0.92402715144087033
v 3696.9955617853566 5465.0291550732072 8192.6715830017511
vn 0.82708245925303769 -0.3205798440979496 -0.46169597047633149
v 3578.9043558892154 5420.9417264063595 8252.8916346284241
vn 0.30229859077265797 0.13487584538914302 0.94362284221368298
v 3989.1696879921838 5398.4760513415677 8879.2756625910042
vn -0.33852852929042426 -0.91261363498601078 0.22920468602121247
v 3584.9298090676566 5505.3877636546767 8099.7759218940064
vn 0.25371065034168999 0.81464719250958229 -0.52151784019288572
v 4051.921191839243 5133.1341897003804 8767.7610990456196
vn 0.74516428325859807 0.27067714634841117 -0.60947852579100836
v 3706.9739805398663 5355.6414305208091 8572.8174569297353
vn -0.43038952335632491 -0.89756623968744498 -0.095601796836960115
v 3719.1635784723649 5428.9885849285392 8280.5703602386402
vn 0.84899416970287356 -0.52468585451987626 -0.0625592029782642
v 3858.0615591186715 5460.9616013248751 8837.446635117316
vn -0.91857340176828628 -0.35873180129957294 0.16593492790911155
v 3324.3849886766529 5453.8572432189749 8573.033489601441
vn 0.037066532852476415 0.67113143984977164 0.7404111442890825
v 3514.1407983784902 5384.0731206494183 8113.1393358958903
vn -0.3879501845401831 -0.92050307398975673 0.046569787315881024
v 3482.1082708465624 5421.7415019884529 8670.8628998385157
vn -0.55491461962716837 -0.11988716036967623 0.82322344093358435
v 4036.8660368587371 5019.4154676661419 8893.1116866507818
vn 0.83522033123362549 -0.27342603434058904 0.47712178952419665
v 3364.3226488944415 5396.7881554539272 8642.4848105930523
vn -0.41063699930143538 0.7505397196550716 0.51775224193121494
v 4161.4215981729139 5416.2593049850784 9043.9956985680692
vn 0.4003163646613967 0.86729688727011578 0.29587652410397763
v 3965.7202900964849 5484.435841407234 8656.6061291955266
vn 0.85603140062903949 0.2099178789420561 -0.47238196963638773
v 3722.4001354906941 5496.9873730104555 8503.2543576890475
vn -0.27812166895971369 0.95323249405528865 0.11830532334682853
v 4117.3858213487729 5337.9672535214504 9032.1208078630589
vn 0.30179598226869281 -0.93163511485809292 -0.20242331350371454
v 3671.1093597667641 5445.1952365960751 8122.3643118314649
vn -0.60965489564412978 0.38534213125897387 -0.69269932156306957
v 3927.4740151144811 5230.5778172616174 8743.5350243007924
vn -0.20063128039944508 -0.021776272540920499 0.97942477162848129
v 3946.4909943200464 5352.5991317500011 8809.5558802544165
vn -0.088095618841740497 -0.80138747664376353 0.59162257750987834
v 3673.7367629757728 5414.8295043144026 8142.1881663026697
vn 0.4320237346864968 -0.89831668775962359 -0.079891308414057588
v 3784.9865499163425 5374.6878400885798 8419.7601496318821
vn 0.15029866074584269 -0.89226733762926547 -0.42575733790269343
v 3931.2379167914041 5315.3029725713131 8656.3435404933753
vn 0.57133819448952294 -0.66194672324825421 -0.48517955758497427
v 3341.6261371464161 5353.4294517500875 8654.0688906010091
vn -0.87470388267130927 -0.39206547241478457 0.28491715108063981
v 3566.2208083066589 5458.7504893559926 8657.2034352309474
vn 0.51671413678188671 0.82917497474060164 0.2132495301604958
v 4156.9727001334159 5126.5384850307 8850.9870082869056
vn 0.95766750609411533 -0.27845257608143026 -0.073055531242289362
v 4160.3446447575716 5134.186246406176 8851.4597973817599
vn 0.98787779440358503 -0.016819143535808934 0.15431973216355024
v 4037.8229240396668 5390.6548048246368 9060.1559227160833
vn -0.73898966421509948 0.6730643017156982 0.029643244411061989
v 4077.3245915190428 5113.6052224999839 8843.612775263211
vn -0.30776854749678684 0.75659484964940948 0.57692525915902271
v 3629.31257749424 5374.9069884707515 8224.924484817524
vn 0.25548876697822187 -0.95960285541535661 0.11784672174753999
v 3688.5160480015534 5482.342825260469 8531.8823009247189
vn -0.29745974212244664 0.94985894325448361 -0.096362283783248445
v 3762.1508625823917 5515.281837268366 8406.0252374320407
vn 0.12381247359956861 0.99106592220258749 -0.049586381496242664
v 4125.4566737029782 5105.2587731587137 8862.0469759267762
vn 0.47905880436855869 -0.79203363241012859 0.37839845016620283
v 4096.4882816598492 5088.9821137788322 8870.6250377469642
vn 0.51101417113840064 -0.79641126994615663 0.32340934741977306
v 3665.1016272228712 5402.8730726941894 8155.7780763481069
vn 0.59567520760687453 -0.79687515007219012 -0.10080199521800894
v 4159.2243610952864 5333.2242705186945 9073.9656983801069
vn 0.53762994469389003 -0.78911742180713962 0.29706520693089844
v 3903.7322382326238 5267.0495475477728 8740.8296080746331
vn -0.46376174056192154 -0.44435906662341468 0.76646596004032996
v 3965.1475776553734 5535.7559103161439 8726.5836084060084
vn 0.41359611489077402 0.84942399144834424 -0.32774553620029823
v 4050.8174218161398 5358.9557466626047 9031.9626276217095
vn -0.71872827486818636 -0.69501885640181427 -0.019453949494003264
v 3920.7476032474169 5430.895943978423 8865.6324497275109
vn -0.45697889681224307 -0.29425345437172518 0.83939573054583283
v 3913.5680126999478 5050.0262967216913 8795.6000066713095
vn -0.88089869952552824 -0.46894490280249757 -0.064094924212368162
v 3912.8824008094525 5546.6179844557882 8795.4762454778902
vn 0.26084178263246349 0.94583544424860211 -0.19327927161537037
v 4093.2621889749717 5361.5471488115145 8976.3534653252264
vn 0.42257269274013248 -0.83383897957584263 -0.35516879858775746
v 3694.1287734304933 5503.8975919661016 8360.6848211413744
vn 0.55598612433594385 0.7629859414551462 0.32974517841463691
v 3739.0986374322065 5485.0448355393128 8266.7031118756749
vn 0.91676670763250745 0.3373477172677698 0.2138581806498816
v 3912.224118925842 5217.804615779467 8739.982317491962
vn -0.53612445568700351 -0.13991506724621841 0.83246281717071324
v 4149.1631611028897 5425.5376736860144 9032.5187385074933
vn 0.40899924434813201 0.8722087376508918 0.26827511268862581
v 3828.561544811535 5457.1832467657805 8391.8732944417698
vn 0.93534772576890546 -0.13457286660624918 -0.327131128864731
v 4038.3586099064773 5462.677036190521 8770.2292830604656
vn 0.76497145517214316 0.28180788627345649 -0.57913986912135529
v 4105.6013978891297 5455.7901387699758 8934.4810175363164
vn 0.87752397666113802 0.31420689947120556 -0.36225087261387556
v 3511.6272117105982 5390.5100081214714 8628.9587588625254
vn -0.053102334002016534 -0.98807581814656165 -0.14452100095675016
v 3446.3751199491271 5425.3477575835986 8600.2261014664364
vn -0.59012817079418323 -0.77072126439661914 0.2402862348158715
v 3700.5666379812128 5496.9397743115342 8558.4747664910647
vn 0.19461972901872829 0.93364937510366386 -0.3007025198517877
v 3722.37823939804 5417.2723191427713 8336.1148469083328
vn 0.46165224260449156 -0.80920302819581191 -0.36341115290669262
v 3911.5033411319164 5092.0082923744994 8751.0139915114196
vn -0.80471772113743001 -0.19927158573870002 -0.55921393437982692
v 3919.7279785146766 5530.2947847872056 8572.9478208015098
vn 0.95784581947066583 -0.032679754075265556 -0.28541797384914097
v 3731.6954815685021 5423.4890657621145 8336.5030486690557
vn 0.45074091310633008 -0.7007500778693736 -0.5529755488429291
v 3691.4171089654083 5479.399104209504 8614.8436810246112
vn -0.2841440078843549 0.92021710798190504 0.26918888714216016
v 4051.7720689191428 5045.6713561044544 8823.4561312045407
vn 0.69452390469674885 -0.71491175286609476 -0.080856239207059311
v 3496.867308036366 5393.6883635016438 8613.8922865946115
vn -0.17909846854098527 -0.91022969062175707 -0.37337065883233833
v 3921.3174450863717 5175.3359971842729 8747.5775915914128
vn -0.84317101494010471 0.31526088422085996 0.43551488429806301
v 3727.3824272351767 5503.1481180416249 8480.2873348295489
vn -0.34569256807722593 0.93763928248168682 0.036458528815629949
v 3521.025739278055 5373.0740735324316 8141.3985429355944
vn -0.25591206207920586 -0.96068457867780732 0.1076761662254585
v 3922.9894937685995 5555.1640843265122 8754.1209733677788
vn 0.08639775273429634 0.53604338285010056 0.83975765553228743
v 3679.1815689500177 5383.9615878968743 8531.2949505860142
vn -0.83361502275949695 -0.5300325785479908 -0.15540739849650403
v 4144.2805868422001 5429.3478950152939 9017.9695511871687
vn 0.43553647112098387 0.89965314411028319 0.030531993317869582
v 3786.5721604760729 5435.2920901850102 8699.3173980998799
vn -0.71290994206595582 0.33099297871774552 0.61822573752883314
v 3902.0922059733516 5561.9134791433198 8699.4503306729293
vn -0.46888976899605905 0.8491143493935932 -0.24320198639138885
v 3615.5627166688064 5391.7651157432556 8656.4570081769634
vn 0.22964194070948951 -0.54682050718675301 0.80514092678685867
v 3330.9066982425429 5424.2931796235935 8600.7824096072618
vn -0.79407798977261668 0.52897135332683032 0.29938178554858991
v 4019.887711111036 5066.6037110615398 8865.1537500430113
vn -0.13975542779621203 0.67392943081542855 0.72545678209131825
v 3588.7058668285754 5376.5723877400651 8211.9863834898206
vn -0.26983532572277008 -0.90207337184101122 -0.3368271497481688
v 4143.4524491056236 5143.0237417823973 8823.1329640386593
vn 0.46732221752883291 0.6350224285227547 -0.61510686898863121
v 3727.0825344895529 5455.6048921217007 8252.47361023337
vn 0.80701955804172132 -0.51106054512339816 -0.29586576712475537
v 3769.4440635870269 5328.5963676726478 8600.6670598607361
vn -0.068275760611973199 -0.99206638351283827 -0.10555904137786801
v 3488.1781522879046 5462.4493360716251 8205.343357771646
vn -0.83192843713079767 0.46043013048504944 0.30967591193799499
v 3559.5917384214299 5401.1609344352073 8057.7888739966638
vn 0.058815178309504314 -0.57675108532832442 -0.81479995113710024
v 3846.8834686919945 5511.1223301323607 8488.7947059217367
vn 0.48063835903870622 0.86029886817706391 -0.16991946690665619
v 3899.2200983154976 5486.3813715623501 8869.9796350600118
vn -0.41514832917727679 0.13015400952912437 0.9003953568209957
v 3715.2165947811864 5361.8125623462101 8516.9999674977826
vn -0.40252098308185796 -0.83131158541674699 -0.38327262637802534
v 3699.2442117363244 5373.5597926647606 8545.3055755615969
vn -0.61140485254477339 -0.79086222317729771 -0.026852378586748091
v 3762.6873380378202 5387.9826698199568 8683.9353673281294
vn -0.62533732626066574 -0.34929589439889447 0.69781487985083701
v 3605.9177924260839 5369.2359606555492 8183.5332364460974
vn 0.023547335291545554 -0.99481483016264161 0.098939257573229439
v 3894.932323015295 5284.9139593192522 8750.6965825054212
vn -0.2363556034773312 -0.54542937865555108 0.80414104583977442
v 3931.4720105259339 5498.5756372582237 8601.0217922962547
vn 0.81560389737708572 0.19278340129434982 -0.54555003690650583
v 3484.5204575605417 5424.8781646755542 8237.1363817884521
vn -0.68445226572678641 -0.36064008633214745 0.63361172974607238
v 3653.7041497580258 5396.003743141513 8159.0338725377378
vn 0.56165029952637846 -0.82229071356125794 -0.091580147591312111
v 3674.822553655526 5509.06750705987 8224.9505100983206
vn -0.50454045875536779 0.85305855425717181 -0.13315415309928225
v 3780.3324497553185 5391.8861421692309 8391.9348540765423
vn 0.30243273464775078 -0.93077676513856322 -0.20539974316360529
v 4007.4771125806569 5359.495890210349 8775.5541853063314
vn 0.65491484039574011 -0.65292808063642116 0.38048846677115128
v 3995.5389360666363 5389.5596486436889 8893.2338981416051
vn -0.45744223611822943 -0.83026137930496846 -0.31845351725136489
v 3505.566091719948 5456.4471982881023 8235.1994069136927
vn 0.67252514280658682 0.64216648962273726 -0.36787515803406873
v 3505.6775493541973 5392.3769876124588 8628.3981278169376
vn -0.28501185794719125 -0.94127636252383995 -0.18101671244219059
v 3583.4098189439355 5370.8518358602141 8127.6973362692379
vn 0.26336658344641745 -0.96317162555937397 -0.054207586563823011
v 4123.3680194157641 5317.1852150675259 9073.9404220377965
vn 0.29956809929746597 -0.89566111480334731 0.32870978280624474
v 3794.943352890346 5521.1950015431712 8447.5538752030407
vn 0.23293862216248165 0.96479240049523851 -0.12212789301253031
v 3542.9065874394582 5370.8890631187378 8127.5606546381168
vn -0.21229552776966551 -0.97641392430640372 -0.03932502141852677
v 3731.310997229084 5474.5355670448498 8642.3837496507767
vn -0.2457973489659849 0.95185953212838859 0.18315865892067199
v 3866.8308751568102 5518.1887104130537 8629.7784314199434
vn -0.24406908932696419 0.79104143114923353 0.56096678497080255
v 3741.2845259400128 5474.4078206605463 8656.4320264056914
vn -0.074026148025106181 0.85288634966999566 0.51682202348115436
v 3763.1241789204828 5473.3944398701897 8336.1878780611551
vn 0.75984740734575484 -0.010838720564241486 -0.65001110735622403
v 4007.4935173862805 4999.6007433067052 8878.9357725298287
vn 0.55328950548712885 -0.83265359809060413 0.023637019790555745
v 3447.4505914204492 5431.7728712474527 8670.6021709143533
vn -0.24058149982834989 -0.53444862468280052 0.81023774875958765
v 4107.3754003535405 5382.9447708306188 8948.999457659047
vn 0.69316868606601623 -0.46677871078236011 -0.54921289844455612
v 4104.6813937323686 5080.6427071854723 8851.1637027605848
vn 0.55398725797058257 -0.82885011321356716 -0.078138388978094761
v 4015.5583683007735 5039.8975350502187 8781.1755664579705
vn 0.31447336377720519 -0.6886874213405012 -0.65331167076826402
v 3843.3792694538461 5490.3962815352988 8433.2424675200928
vn 0.73667531979754308 0.63776873899019926 -0.22485664048019263
v 3643.044728640175 5390.9109779378587 8169.3098663910951
vn 0.57066414142478517 -0.81336983074938674 0.11301307941396276
v 3691.0503757715305 5424.9270358270041 8141.458064108796
vn 0.52972372435834458 -0.7544252070254972 0.38760209346243263
v 3870.6968218347038 5518.2820017373142 8823.3572772318203
vn -0.63694912934900838 0.76936117255566794 0.048776969824989649
v 3927.2692561924341 5447.311422431947 8879.0843775935464
vn -0.59255968809893944 -0.55003702579553415 0.58850003083609992
v 4051.1745896242574 5415.3870997288032 9033.2692219108721
vn -0.3622021163956165 0.46911131971749725 0.80544658208440134
v 3966.6951129180088 5490.0877807822772 8864.9684612332039
vn 0.27635110843426275 0.93690218341005327 0.21411296922099107
v 4028.9480802320759 5122.9776923010431 8809.7860622262488
vn -0.20418622012396781 0.68570859935003659 0.69864991540033683
v 3649.141438870829 5372.9914726815878 8252.7692276388389
vn 0.4081346279483134 -0.90465832876491548 -0.12255379906702964
v 3993.0796458798777 5411.225762154103 8948.808757054303
vn -0.99715463749786926 -0.0090984428345977086 0.074832127154574504
v 3640.7655813370748 5442.7228123820432 8322.4102393974426
vn -0.42815976507842862 -0.0025136250939413328 0.90369956139021779
v 3998.9833931038738 5479.8090213338619 8697.5717064336477
vn 0.95639776857605041 0.21203633047397488 -0.20085791700075706
v 3943.4464701630786 4964.2814989913268 8920.846453103868
vn 0.83108410689795031 -0.46537874256836115 0.30450259970503907
v 3900.6149938180206 5009.6402570103746 8892.9789644874709
vn -0.20419808740040329 0.93781521522933897 0.2807236420153561
v 3730.9046395875193 5452.5877733321122 8127.5066995120151
vn 0.61586998380233182 -0.78727016419957885 0.030163746658593851
v 3996.1403631259709 5504.1431459458317 8824.1227639787157
vn 0.30672653824267376 0.94717970560650411 0.093645266964442447
v 3707.5263286115096 5407.2381083310975 8294.8456846613917
vn 0.85219599722810779 -0.52294466000094564 0.017054761355298886
v 3422.3646400951366 5465.0977004421711 8628.2960380711738
vn -0.52054969315321964 0.78790200445617764 0.32899612206229173
v 3847.0976393412147 5510.369654648598 8504.3937273461743
vn 0.1087683750489188 0.97678519010028009 -0.18455387557560893
v 3596.4689478388591 5460.216210290987 8238.3462586314618
vn -0.43230039357601807 0.68650256821366551 0.58466280328926468
v 3729.2858933117022 5503.6620980932976 8437.7596019250013
vn -0.44388022300480134 0.87726938847903013 0.18267120096730227
v 3370.0599371863104 5394.1466206809228 8586.794471335139
vn 0.83507232027070621 -0.53364621882380903 0.13370090894511627
v 4198.3566525788337 5391.7007369677121 9060.5970055582511
vn 0.90547147420628582 0.42089848037146171 -0.054459880826989097
v 4150.6671013109008 5346.1549650364395 9059.7988773611869
vn 0.53687897223109249 -0.80647833517324319 -0.24769671792795334
v 4071.4892064843152 5095.6004156919553 8781.6197550485049
vn 0.68896985658209386 -0.45835142170118565 -0.56145748810194984
v 4035.703288939666 5119.5534907068513 8822.2659485812146
vn -0.17188859735548406 0.8213829541171227 0.54386060050806484
v 4051.2235577895626 5149.0400563683106 8781.174143258133
vn 0.73408323916095419 0.62950725900038396 -0.25464172644872018
v 3683.1154314149335 5420.908977236506 8155.4621167028763
vn 0.88793958922961058 -0.44350541876778665 0.12192714793006715
v 3908.6128315083379 5083.3515128602339 8795.5475756505111
vn -0.96873291879570267 0.16651211613139083 0.18393000631491521
v 3998.5144221784135 5380.4182594035756 8723.9280861308453
vn 0.83552521072073471 -0.34433346036774853 -0.42817296776097852
v 3825.590442490492 5457.378543502572 8754.5100589740323
vn -0.79771462794083881 0.167791511314974 0.57922135759987814
v 3723.7205589395726 5505.3838644973403 8364.2913576997289
vn -0.10739231042444063 0.97639521003467078 0.18740140203064562
v 3315.0089786777025 5434.2043126511762 8496.1964841506597
vn 0.0025907809385975131 0.039422703922585317 -0.99921926436071096
v 3608.9022806898756 5457.1460608775615 8266.7275329644453
vn -0.6301136091193601 0.66287792081129648 0.40441278627593735
v 4066.7020650401391 5480.6052076146898 8893.078894127535
vn 0.22271992131887863 0.97434575014678304 0.032344950434574513
v 3920.5917582038091 5522.052167235448 8639.5517748747388
vn 0.10955878382217019 0.94963529063387542 0.29358080262531128
v 3916.897226246947 4975.3708233643993 8892.2915644045788
vn -0.37321749811852389 -0.68088284240281172 -0.630164465849684
v 3242.7710681651952 5440.1663936007535 8559.05191433037
vn -0.28795571106444634 -0.45577308006191208 0.84223061447340364
v 3432.5927728424367 5456.8632232705359 8558.1897348549774
vn 0.1280505578933398 0.72331285996803307 -0.67854370620326954
v 3474.8446156738873 5461.0072363042273 8155.3288819399468
vn -0.84764402121909566 0.49778149408536332 0.18361153950028508
v 4059.8546637678464 5345.0089615836914 9018.1826286005671
vn -0.74274870528006642 -0.6579134301699715 0.12439565589990276
v 3945.6428223177936 5310.8638721344469 8767.7953226440877
vn 0.27835507835217388 -0.64733361213200069 0.7095615864459488
v 4064.6433495901438 5407.8773532508958 9045.2493346721003
vn -0.40707918833546169 0.87797540639361293 0.25188433891790857
v 3795.9632438501339 5508.5606341160828 8419.0551045526536
vn 0.37745928042592275 0.90862365751294949 -0.17868279331859285
v 3602.9787700228444 5455.096045934305 8266.7547354260514
vn -0.43603545619683465 0.78629207902803655 0.43774175879962163
v 3700.6970120823571 5408.6943540121974 8307.8275029793294
vn 0.83070408381264893 -0.55640429734676433 0.018573718826372904
v 3226.5631661525331 5477.6875419886146 8530.442421836533
vn -0.2609271133790918 0.73509206307049224 -0.62574491633126517
v 3987.3221843574665 5162.1684792966062 8740.0850021705901
vn 0.61058655580354682 0.73947058223478956 -0.28349129771706111
v 3965.5934252710276 5514.1239469520524 8822.7209678354866
vn 0.1983833377191373 0.96274390898064 0.18376130451238007
v 3891.6517579234987 5519.850071567691 8543.7890964730996
vn 0.57410581214478917 0.49425569985170564 -0.65277394220792284
v 3775.5369405624006 5356.7511602535524 8683.9853092772319
vn -0.92009942815308465 -0.34471498604083428 0.18598016214433721
v 3460.892823606373 5410.9700972978135 8197.1216502117913
vn -0.89902850352063868 -0.43571824023218247 0.043558753269707727
v 3633.4211869378569 5388.2199091213042 8170.2466728435274
vn 0.50736470935948863 -0.85246940558652884 0.12600382627329906
v 3700.9700757276878 5426.8173453164818 8127.4687238314491
vn 0.39383917177288397 -0.81933416120892 -0.41663201875674916
v 3948.2607296769079 5496.3637810419368 8627.8932557994885
vn 0.80153052183221207 0.37310454313469321 -0.4672706094584097
v 3931.7417695934232 5562.6866304188479 8726.015639924186
vn 0.48678262288785568 0.75537945098222947 -0.43868503859626379
v 3489.9602115064763 5413.4822499679003 8670.2767816582727
vn -0.7597040569466188 -0.42544059170293652 0.49178252184304394
v 3491.594885010777 5420.5709242575258 8684.1660509019239
vn -0.72280312112586054 -0.11027533730368488 0.68219865000839253
v 3980.7101643356109 5165.2855934002428 8767.3101556006641
vn 0.077413265444712429 0.99484807012377441 0.065456120448649416
v 3985.3201306954197 5455.161758432896 8669.9897528940292
vn 0.51417816805891203 -0.1149876787435966 -0.8499403774552311
v 3952.5997129342913 5324.6341212908583 8687.4893676022912
vn 0.69387506568884605 -0.43639494384453537 -0.57279738669290781
v 3736.5306242909464 5500.9157772148938 8253.8203718249424
vn 0.90959259710779816 0.39891447158281967 0.11622629499597119
v 3507.4727440237621 5404.3332637979383 8684.2860888807645
vn -0.202072993212254 -0.69900853182791023 0.6859690793658485
v 4006.3726406733767 5127.1639852096341 8739.700323238334
vn 0.37370720952791925 0.071318159973502687 -0.92480086591917177
v 3927.1113764539623 5557.6381202362472 8557.7484133485214
vn 0.26700771229733372 -0.3052162263602089 -0.91408420659159073
v 3483.2980401631139 5450.9008833472362 8091.7931812477982
vn -0.82413214812548408 0.52912936632166552 -0.2020601794567837
v 3497.6469920502655 5429.2732874710746 8684.2466593912341
vn -0.64051333621389628 -0.041218030643445591 0.7668401007263641
v 3897.1144158465249 5432.4363287998367 8851.1741938687792
vn -0.036915232129072502 -0.97065061286797183 0.23764396347453734
v 3695.4068342717032 5426.8929679109451 8224.1177441633554
vn 0.78200614684298209 -0.55144443080223382 -0.29047448431315398
v 3793.369814311307 5379.8903287777175 8419.7343638373823
vn 0.38029699601921507 -0.73295837405606901 -0.56404451661180477
v 3598.9302907723591 5372.8275807924947 8141.3578844601234
vn 0.17334304533878503 -0.98451643934556166 0.026068549844837672
v 3810.8056822716471 5335.6776684405613 8725.7366896319527
vn -0.5323524431981288 -0.81985060218033978 0.21082188293798451
v 3985.5590578542833 5489.418169303859 8865.1070294449819
vn 0.17528571516333319 0.95462338065064012 0.24076777021607731
v 3745.1269557902096 5454.9925727382779 8308.356169571769
vn 0.87320496944223391 -0.418553511177023 -0.24965183681033312
v 4024.3922978067339 5475.9199680823922 8753.9231523190156
vn 0.89336117124813963 0.34462686088336231 0.28833685935695369
v 3579.1064079793432 5412.1675071615682 8669.9130411282076
vn 0.42768689634996804 -0.16666493738743565 0.8884293541616991
v 3709.4749657933662 5503.8917174175604 8364.0172529398624
vn -0.20718736511454711 0.91421055494881709 0.34827066623111852
v 3796.3785864825959 5442.6281621042053 8711.847664975794
vn -0.89408298384227403 0.37178468320543079 0.24978344087936175
v 3742.3973374631219 5338.0338710456208 8598.6929122466991
vn -0.4765477447335586 -0.86778643170179903 0.14088632276987723
v 3719.1800924807053 5495.7319454710114 8223.5002637738726
vn 0.76821485144242607 0.2861485669814457 -0.5726822326890858
v 4045.2616095705862 5421.3055965398962 8794.8625504240845
vn 0.83130128178177232 -0.24965188996020782 -0.4966005565313823
v 3969.036603596513 5072.4835159956619 8852.2628716615654
vn -0.15557030346046533 0.62518304750309417 0.76481634252672892
v 3961.0793440245534 5360.7071157391556 8670.2809730121789
vn 0.92183303767575742 -0.36225729182067218 -0.13781692629077855
v 3932.4045186831245 5291.8860633488985 8753.5644082996023
vn 0.43367233060847843 -0.49854968252121445 0.75058412168297761
v 4139.9149107965786 5144.2764882250785 8851.2103556695347
vn -0.14074321909692097 0.94682707813631317 0.28932651172349899
v 3944.9810751807827 5340.9727053551123 8795.6909571214837
vn 0.028504489828249074 -0.77723631538903215 0.62856280839714984
v 4032.3896457881847 5467.3519832776783 8768.3580166392057
vn 0.75729358946852987 0.48602296837633857 -0.43622023515710751
v 3674.8667291749525 5410.265190420886 8461.2455918612686
vn -0.93384605010195476 -0.32865875175513465 -0.14112044360663781
v 3667.525094295931 5373.2051492355904 8575.3060531513256
vn -0.52346717169223678 -0.68627833636660296 -0.50497937105828195
v 3520.8067373114754 5374.3574724681666 8099.1833216664636
vn -0.37872396645899414 -0.88053698687473902 -0.28499609115761992
v 3828.5986584944767 5395.6032936669872 8517.0757887501532
vn 0.46976690322669268 -0.63378328487094071 -0.61452241981151767
v 3737.3483538448368 5471.3617071945046 8294.5362778429953
vn 0.94436370343802434 -0.028025879052458836 -0.32770679842224221
v 3733.80727635113 5358.5761187322605 8517.5378130383197
vn -0.073326597131243898 -0.88171655393510739 -0.46604627309951863
v 4072.3291522101335 5124.3407573232771 8796.0079784068839
vn 0.4685795588739185 0.84593769033084554 -0.25460286935389886
v 3553.024084953593 5465.153338230808 8656.9923642674166
vn 0.42962161785678066 0.8389318673755688 0.33409368053266636
v 3514.8522179016036 5486.0971524568358 8603.5621734919696
vn 0.74525134313470509 0.66677495181721913 0.003405757634214422
v 3720.3440915176907 5386.7714989313172 8392.0227583157193
vn -0.013627308661475634 -0.99601537432047427 0.088134389292094384
v 3749.8286178671024 5416.7528560005321 8681.5856563805755
vn -0.22284553769394411 -0.11404534209913214 0.9681598660734646
v 4004.8104207947713 5495.4646323160596 8711.9848578774763
vn 0.66875243579005328 0.51286387844317016 -0.53827578601781811
v 3906.9898078105434 5568.1779057816493 8558.796235982667
vn -0.47268882924963912 0.68205310237441763 -0.55800433353517775
v 3697.5566653902861 5360.6120668874173 8558.9702929624491
vn -0.61240637016784127 -0.73740317670636257 -0.28494735085838946
v 3739.1543262066234 5484.8439441207265 8141.297707189623
vn 0.98397910628294172 -0.16467649526005801 0.068313763675320993
v 3941.0378127901577 5366.8989514475643 8628.4760873828072
vn 0.71954283328155655 -0.50216268633355887 -0.47967775383835959
v 3994.2074720459277 5508.8446346080273 8767.260032854625
vn 0.62041115171459049 0.7777671381108201 -0.10083789814885989
v 3951.2140495012318 5553.9591085741049 8739.358880513073
vn 0.60711781942793885 0.78840995130475489 0.099084317713242262
v 3623.5150987861962 5474.7463290345586 8241.4193869760966
vn -0.65619676550964678 0.67466273447498559 0.33798816494873407
v 4055.0581993564865 5355.8305911278903 8976.6345171449229
vn -0.31706680840320645 -0.9326770379216005 -0.17199471486878204
v 3945.1975225182687 5016.7495299900584 8809.2155531864573
vn -0.38866298883680428 -0.90555664913318712 -0.17002422274227907
v 3389.1855268145082 5422.8416832685489 8603.2091923013922
vn 0.46628282434220764 -0.75666834397965477 -0.45829395036650972
v 3668.1595457048516 5371.035722697683 8601.79089722963
vn -0.49589193908949791 -0.86836957551801275 -0.0050462917795108253
v 3769.0593416269585 5521.2068064122232 8447.5878244423002
vn -0.18856705132425516 0.9437160825382972 -0.27173962300968491
v 3899.4832540469215 5339.8038307241222 8614.546101327518
vn 0.50710305682600021 -0.80996229261180397 -0.29463125140547586
v 3862.9506716288088 5462.9249953755207 8823.2844441071757
vn -0.98244257749559061 -0.082935947515979047 0.16711735557220647
v 3924.989925196423 5355.6476053502847 8808.7541201859058
vn -0.19020655134652092 -0.65541081499998899 0.73092963505792652
v 3911.1984574032713 5395.4578257129779 8837.2250006036866
vn -0.59492934958897514 -0.46702758577679876 0.65417452038514456
v 3965.0004366528738 5373.4708276651018 8836.634593886316
vn -0.10899943239678075 -0.77870340604716981 0.61785121926537967
v 4085.7602524147042 5361.9334861132575 8949.1193289143703
vn 0.3331431056992562 -0.87700301853567952 -0.34623890105584698
v 3696.3512773217649 5496.58375598981 8572.5919949215368
vn 0.000624479225539043 0.93462584000604165 0.35563204188978509
v 4108.6878086529896 5420.8532583515789 8934.6387747138597
vn 0.74029474188518885 -0.10831224563605996 -0.66349992658810097
v 3504.9523573924816 5511.223335206103 8127.4772529023339
vn -0.58878662713341889 0.66516112266264604 0.45922868878917056
v 4143.0147496070158 5423.2242489095916 9004.2580232589462
vn 0.63747091617945173 0.72060465843683741 -0.27268985544838137
v 3477.5761708096143 5412.4742812314298 8599.3787400023648
vn -0.31891936694596612 -0.60223735570992964 0.73184739172473379
v 3668.8566041473032 5428.8051717972185 8377.3228758075475
vn -0.94219728079322351 -0.28985303360656101 0.16807588457280037
v 3830.621240448294 5319.0497673348145 8753.8915958022444
vn -0.55848214371209504 -0.72140673927651233 0.40947528824237112
v 4016.8465547100814 5402.3009635702392 8738.392341582452
vn 0.90856149170609046 -0.38500317300428211 -0.16213751128421366
v 3625.4705245972323 5463.6655905892158 8557.3231862593511
vn -0.84270396736996134 0.52791138157955353 0.10563899174875807
v 3628.388646649275 5467.4083313597421 8571.0946810908627
vn -0.71369800427826358 0.69960464494141672 0.034474620601504607
v 3539.67399736894 5403.8570949022651 8684.2713999793632
vn 0.037345983076658096 -0.54182707890000992 0.83965986811251159
v 3940.0046100284526 5519.6951491684858 8823.211895227796
vn 0.24003731298256825 0.95367060422938699 0.18136831863604089
v 3937.1201410773992 5146.0756628573463 8781.7504768277959
vn -0.4325936568636381 0.42342029009434728 0.79597612148717356
v 3832.0730793970733 5481.303439221143 8391.9912362801497
vn 0.91457859733594482 0.22500793654070203 -0.33603187019791908
v 3471.3896945961092 5463.3162858662699 8141.886064856817
vn -0.89067220180418993 0.45259550582574554 0.043131624588157648
v 4139.4982486526806 5146.8994088508343 8823.0218267689634
vn 0.22378609706266045 0.86365586118291993 -0.45168388969040107
v 3763.339221742237 5477.7525115584849 8656.1971646720558
vn -0.14859407318801998 0.86843924452436216 0.47300431285914141
v 3745.1089779776012 5497.0332080226544 8586.667187965897
vn -0.24134796769717967 0.89183904340856546 0.38258891664623018
v 3803.3660166188629 5427.7499142956804 8741.4449956220706
vn 0.09945211207559726 0.83367444207002905 0.54322757849995873
v 3715.1040482319663 5490.8900306025134 8211.0846905443286
vn 0.80125174854361536 0.24472999872048365 -0.54598796981441911
v 3970.5649869813028 5463.8817848674207 8656.2516463758548
vn 0.86295417266135155 0.036813010673453932 -0.50393937942129341
v 3934.8170288200854 5334.7530201983709 8781.6598307430831
vn 0.091606786178768801 -0.72538241671493453 0.68222323783846484
v 4029.7836699052614 5464.340782638521 8962.5658636732314
vn -0.38021996575346678 0.63874017397682881 0.6689123767658085
v 4005.1587897142913 5401.4062387720624 8976.6170095351554
vn -0.81870866293103883 -0.014679259231126049 0.57402146701155365
v 3890.5532441710229 5484.5669000605722 8529.6887876152159
vn 0.92684273792642069 0.13198950528082323 -0.35148443727820972
v 3876.6743965415385 5411.9741308754465 8544.8269480278323
vn 0.72863374227488342 -0.47726174734194576 -0.49123730939598986
v 4074.5384191707417 5368.2239740775149 8892.7550664554619
vn 0.64648502814885256 -0.73481148606758484 -0.205205234637241
v 3856.543300193081 5409.9266038956875 8809.5105433943336
vn -0.3983975933620475 -0.28133389141754611 0.87300091588908946
v 3326.5469517209463 5372.2003176461458 8614.7250142758076
vn -0.83141416906085897 0.018765254412230967 0.55533624473078091
v 3971.2081922262605 5403.7615656280122 8907.2049270829157
vn -0.928907979667145 -0.12497996354955695 0.34858280798377633
v 3737.1448210489439 5483.5532253831261 8294.4208764576961
vn 0.80454186614978607 0.30824720908080766 -0.50763770910572881
v 3378.4464763594051 5402.0715857132218 8587.0385978106897
vn 0.78522395331886452 -0.4865007919932467 0.38306699482497519
v 3688.9938405138919 5484.6967473124687 8504.113847951312
vn -0.44493092114657889 0.89144652121231449 -0.085787966674349639
v 3918.7471947474623 5374.6374608181795 8822.5227205711562
vn -0.23225051154931101 -0.61983215333273545 0.74957841589788832
v 3557.2347173687303 5391.8796813101944 8629.9108433340916
vn 0.084637360499639436 -0.94997301316759253 -0.30064562438349074
v 3957.3716277116155 5465.1170818491719 8628.4188288301939
vn 0.83789273696722666 0.22416588343848151 -0.49768003580595344
v 3863.1304492680301 5492.2614744730563 8475.5727596755587
vn 0.91246124169041976 0.38560253968318969 -0.13683992035459377
v 3952.7108681451418 5250.5015779439054 8726.013776870419
vn 0.94851571595521567 0.12735502321943085 -0.28999764593310562
v 4075.6353442180289 5062.1881634796473 8858.0003318997096
vn 0.88353396195277079 -0.46579092031253022 0.049056667543217629
v 4052.3304675566383 5100.4527760457458 8850.9502723971855
vn -0.28180842410669471 0.68350313169731658 0.67335538986664534
v 3846.9865069529278 5437.8274763632271 8447.1252841518635
vn 0.86138194020945968 -0.43947160221100434 0.25472703808406266
v 3881.8591056068362 4985.3534989908703 8893.0400458056665
vn -0.69249691469189023 -0.58819085758171641 -0.41770747922379559
v 3858.3241318203332 5483.5124576916533 8449.8231593462624
vn 0.81067733712289114 0.47193645466326406 -0.34652306970129321
v 3739.095424371927 5469.0189922228456 8280.656967783967
vn 0.99569306937768431 0.05508544497741763 0.074571478092404719
v 3461.9285937643363 5414.6803947251929 8600.1618804388672
vn -0.29409624067200063 -0.90499311842336538 -0.30740015749662425
v 3724.9178282856933 5348.3503015202277 8599.6157512137088
vn -0.22322802396905861 -0.9733691703277898 0.052169987255698061
v 3288.6760225141011 5446.8901613859853 8503.2180936826444
vn -0.50863600969734657 0.1148612974618502 -0.85328558641555696
v 3805.8626977835565 5510.9043461682522 8433.6899586737964
vn 0.28332636823724455 0.88543856464693926 -0.36840835671501965
v 3635.2525723790118 5461.4998463082175 8113.6665134066534
vn 0.81506784523474973 0.16927960563852312 -0.55408376873830933
v 3463.2552335904775 5406.9348060059365 8628.4889427339785
vn -0.63700402283328728 -0.76963379008061938 0.043470726475983275
v 3986.7091898839958 5439.1543017658405 8920.8038522531715
vn -0.88461309665323606 0.15467423213992282 0.43992675656465541
v 3706.5656111351327 5357.3076238225358 8531.0640845499383
vn -0.54909834527958368 -0.83523944293530095 -0.029429240159259431
v 3316.1180707097847 5459.6103647461687 8558.377374930622
vn 0.19182174048195247 0.88106884979292732 0.4323448875643639
v 3583.7132413219779 5401.7624551371864 8614.9233895327325
vn -0.071943697808190363 -0.82455221417533453 -0.56119314896409511
v 3930.9218966845478 5215.1895817171699 8711.5664259351961
vn 0.44968515163985839 -0.16160200446420292 -0.87844638797583396
v 3611.5620264919544 5457.7973551759969 8253.6145707029827
vn -0.68119310421725043 0.70502816603933149 0.19725932134650334
v 3643.2390037742043 5394.5903403268558 8126.4766220630108
vn 0.43460742611857145 -0.77528220764835287 -0.45831635762482498
v 3645.4675307872785 5456.435468492431 8656.4878942571322
vn -0.21754844488581943 0.84286147465397809 0.49219631111161632
v 3747.1345346331464 5491.0395066940091 8099.6640506699268
vn 0.92518009651960786 0.21914205533042591 -0.30986859890851409
v 3700.883770632207 5481.5514003232265 8196.130170876615
vn 0.72049355708360752 0.16322749688382965 -0.67397760976315069
v 3344.1766911164741 5436.9663034010009 8503.9954212093035
vn 0.27115860899619226 0.13042312090892669 -0.95365760013729539
v 3826.1709030736492 5493.4516465209699 8642.2862809276285
vn -0.32570194576195644 0.91408813872906947 0.24158045691177299
v 3839.764166579007 5501.5215623420972 8642.5162916977752
vn -0.4108829815109592 0.8928486750406246 0.18438117849407992
v 4062.8530076077386 5142.8725673713134 8795.7989154452371
vn 0.50839153150618188 0.79951177376002625 0.31987337230831736
v 3633.1910416936471 5481.5387663753636 8266.4645644696557
vn -0.61210975490478603 0.46889716995390768 0.6367551271561297
v 3839.6346573644287 5315.8774085858022 8739.9022008666907
vn -0.62865117461625131 -0.75417808726787861 -0.18977121314512205
v 3856.3195566160593 5511.2953397308011 8681.9975299117577
vn -0.48772321112958184 0.82660911555889938 0.28079073952034733
v 3332.9745410142741 5358.3496829672049 8608.8538187371796
vn -0.64613112582632648 -0.2980922565155088 0.70260627298928657
v 3895.4796349739995 5269.8698935505927 8740.6534249795804
vn -0.50923338065539681 -0.54393036299417763 0.66694911667929957
v 4042.047023152285 5483.7071868002404 8879.0022172689551
vn 0.19376874111837691 0.95828551321242383 -0.21010128541396653
v 3804.2161301621236 5338.7994598253572 8753.8940598859554
vn -0.66478434253423424 -0.69284678633917818 0.27932974882886907
v 3882.2014936381293 5285.5849680739775 8725.9570606047164
vn -0.73227751162523158 -0.66155113145682887 -0.16161604634487381
v 3695.8605558195568 5408.1431652122301 8405.7341874822941
vn -0.65623718040919421 -0.72956416488793752 0.19258476668718383
v 3807.919115880999 5343.1942587915983 8698.1505203311917
vn -0.66589400954561173 -0.63079191730007433 0.39835502396752165
v 3960.478194283598 5350.0629343332721 8809.5232938279678
vn -0.13364254133280015 -0.79433298721302836 0.5926000139818911
v 3349.1389699396591 5337.858957041939 8642.2612405874916
vn -0.67226341234912157 -0.73872901152888593 0.048387518455383499
v 3929.1943878785351 5497.0059110921484 8572.8429158498438
vn 0.86965314616310285 0.16665303316715718 -0.46468287240310829
v 3792.7537042495251 5470.1907063228773 8684.2654285072294
vn -0.49853082689343009 0.64242295562865381 0.58203072145574719
v 3654.1618881012919 5387.6910103967657 8224.2934547963232
vn 0.50292590536939796 -0.85507373887050764 0.12615242685886799
v 3579.3917199471525 5442.8417438906308 8586.8043300560166
vn -0.031611714309000324 0.67881888226014331 -0.73362498908198037
v 3549.580996438136 5507.1002122691607 8169.3616761314406
vn 0.10368169950268639 0.7572262679345354 0.64487090517263213
v 3764.1705606396536 5358.5129352223094 8517.2843333225755
vn 0.096708101863040741 -0.89610653421845909 -0.43317504817917357
v 3822.4746125149159 5518.8537501001583 8558.8298063299826
vn -0.27622771718132766 0.91144031779837242 -0.3049176861915267
v 3688.7594709272416 5516.1581607290136 8257.7896860363107
vn -0.38323380063583767 0.92018483846884191 0.079948215128808175
v 3749.4434745402323 5453.6274991916434 8670.6714678983772
vn -0.3392400665363926 0.37144947530481209 0.8642577535389333
v 4007.5060639301664 5392.169541616935 8878.834886758319
vn -0.32738226240996665 -0.94018630935783465 0.094183639531639302
v 3663.0469216159095 5368.9034502396244 8614.5329931597244
vn -0.33325569151537865 -0.92357500006089621 -0.18960449186430758
v 3949.2787416032256 5478.523461993409 8614.5368404325727
vn 0.80953133503380703 0.13954702576008288 -0.57025051091594559
v 3948.8887215349778 5195.6840706689118 8726.1499285730679
vn 0.61044397429707842 0.0012150237415332759 -0.79205850665319888
v 3558.6212489813988 5482.8827676913106 8197.6209525023987
vn -0.1669414532373226 0.89191410838927576 0.42026155480506899
v 3895.9163584101648 5259.6113200664804 8711.7725364354101
vn -0.63735407893753371 -0.43259504884755406 -0.63768432768437278
v 3823.0866441813964 5496.5642635905106 8660.2366824335659
vn -0.46009831155263131 0.87915296214030147 -0.12409517664418443
v 3650.3803813685226 5492.9422330110829 8169.213283917411
vn 0.37580985670272038 0.8774896758825298 -0.2979577492273921
v 3950.3262690117708 5521.8322069946844 8813.4214350414986
vn 0.14331998316149461 0.89813746477786371 0.41570238968399087
v 3933.0907237098145 5510.6252772604803 8851.2084383546426
vn 0.15734697205221082 0.67950950855206682 0.71659525408233726
v 3693.3515842825309 5462.8572208701389 8113.4743920898036
vn -0.26731672571783965 -0.16623633677695376 -0.94916133954479665
v 3778.4304039792696 5370.5394036376001 8475.4801268750271
vn 0.19577335670533827 -0.88979776643067043 -0.4122289747935175
v 3713.793783627124 5368.3647478434268 8489.4018345651275
vn -0.43122044912557128 -0.88395566796678793 -0.18075204376529286
v 3664.4315991459735 5457.4454348476702 8489.5432396280994
vn -0.92674056810777683 0.31858353911576409 -0.19913926792009068
v 3730.8773967758025 5501.0557310125041 8490.0578896467123
vn -0.28746339537253929 0.93384860943551573 0.21281816411257015
v 3508.798681346434 5504.9918388080105 8099.6183035729264
vn -0.79121054689772308 0.39371338837729369 -0.4679483286542182
v 4109.3932915620153 5343.0258319143632 9018.2235348021277
vn 0.48684539472546945 -0.7493981416653922 -0.4487582722391405
v 3752.8480875377136 5512.2817966104012 8503.3112169503329
vn -0.39347510223404913 0.90232879069131589 0.17601163998853045
v 3915.3723898065209 5533.5366904025905 8628.4125984693965
vn 0.11162602405630108 0.92301486505096064 0.36821622675859789
v 3726.8194084010975 5373.3434763309288 8474.8108973681137
vn -0.16117943225567383 -0.94153682521613857 -0.29585401362775737
v 3687.392914398938 5399.2342161278284 8266.524518087539
vn 0.63023847226047314 -0.65053577162563136 -0.4237955614659375
v 3888.0323269364671 5284.0281794475595 8684.1263968947096
vn -0.24996903568657991 -0.73866450037747389 -0.62601137136638207
v 3956.188279883725 5091.7764417546641 8823.0452059417603
vn -0.31992953337079599 0.84158687167278634 0.43517425372505403
v 3918.793516550506 5151.3413674608746 8767.9137903542996
vn -0.60797721762657597 0.62481911677233382 0.48986199501787026
v 3701.5498813964164 5479.1160980393588 8419.5421885346368
vn -0.90949350029070763 0.401295411654708 0.10855213270053636
v 3622.9968532262747 5386.8195539686212 8127.4290786024803
vn 0.41669184300412371 -0.79700796307017319 -0.43720271588424547
v 3640.3176267454623 5423.8876520904851 8322.2749987240841
vn -0.27063840711532933 -0.00047570095900707624 0.96268095769194206
v 3924.8324639600414 5028.9316226720084 8809.4073400823563
vn -0.5292743894342854 -0.81123526061091145 -0.24852760939282165
v 3671.2834918772201 5400.9311949031326 8545.233879114845
vn -0.81118483540557063 -0.48198746352620975 -0.33116045629212421
v 4009.6262025446358 5486.6589355414899 8907.5747356115826
vn -0.19227803222231771 0.96291969975745095 -0.18924801225834326
v 3753.1272093036746 5479.0614961816 8308.3705230444812
vn 0.98446986275922699 -0.0011711230060730607 -0.1755497587287817
v 4151.3569532487527 5424.1197624418219 9018.1672191613561
vn 0.67574212627946606 0.67293502946540495 -0.30088373982271099
v 3948.0942894640539 5527.7430027072187 8670.2368737091201
vn 0.47565977439593532 0.81571628753046976 -0.32917277724489269
v 3538.9043237746373 5368.9065432859134 8099.6554081141267
vn -0.21604678476793976 -0.94637503465971096 -0.24020424759830197
v 3903.3347186578762 5030.6589412498106 8837.1103522527319
vn -0.92923223329042515 -0.099311762038186605 -0.35589974787144696
v 3270.2060505257396 5483.1792353467999 8559.0611450792512
vn 0.0021893982173689782 0.88577585756269073 0.46410810884375359
v 3832.6003456938197 5506.7523250222439 8754.0187839479786
vn -0.83620366785707023 0.41040702176222849 0.36377122254329075
v 3838.2726049669031 5467.7902202956357 8782.3153122963195
vn -0.85209120407148498 0.52328249879227762 0.010770626802417051
v 3649.9059622151826 5457.8606288757273 8322.3432758508661
vn -0.60703981092098169 0.79013441298237053 0.084795503288934052
v 3282.0688534381188 5410.8118245130827 8559.0902735661548
vn -0.59770003646433756 -0.49797642388946256 0.62831055033382321
v 4034.8265899717735 5398.6372608929305 9004.3494174375628
vn -0.92176046296837622 -0.1756627415516013 0.34568808214762065
v 3374.9656035583253 5438.4677263434542 8517.1227172586678
vn 0.64426456850795633 -0.13674743180812649 -0.75247810975412344
v 3288.5574599196843 5477.1315771712761 8545.6753775508678
vn 0.32641267356582226 0.88312244498972547 -0.33697108732201547
v 3718.2206711456529 5488.669352102057 8530.8977446374192
vn -0.87389893841355393 0.39431223452586839 -0.28428596015786695
v 3699.2263092053799 5470.7357075803411 8197.0725653647769
vn 0.78562911501773813 -0.04629463846253154 -0.61696328909106812
v 3812.6627416584925 5416.5577580382924 8767.5909013755827
vn 0.3036949540414971 0.28988979170516643 0.9075975339074408
v 3978.2203845983545 5046.1217384269748 8878.7791194883248
vn -0.12812388605539601 0.65212803838946909 0.74720364785536686
v 3650.726445235292 5441.7649735508148 8337.0823980071018
vn -0.90760683763878436 0.15736610238818399 0.38921168801884248
v 3631.5826928999268 5452.0259875501361 8292.4099249797418
vn -0.88828502499732209 0.45581003733513892 0.056452849618474799
v 3500.9785503940984 5386.6487586382627 8155.0099815008161
vn -0.12066409767835155 -0.95776573943931453 0.26100759354419606
v 3812.1580638008454 5520.5781116941507 8492.6313700087885
vn 0.2172719843943331 0.95360261687942782 0.20841049368507319
v 3914.4663470101245 5408.9825474879617 8587.0437645454585
vn 0.79389849503542476 -0.36953545385323622 -0.48287547869608188
v 3531.7833847206698 5485.3128961416269 8613.3496759557183
vn 0.11310581757445391 0.98235041146263713 -0.14897900231241273
v 3733.2330280787655 5446.7047427073494 8298.2876553253773
vn 0.90376974286495093 -0.41666273154440608 -0.09794090066858871
v 4027.5926078322536 5373.5381198521454 8865.0998268832464
vn -0.26760725791939721 -0.96251513820835233 0.044169720721526647
v 3818.0452700701699 5330.356290562444 8600.6995426465546
vn 0.16208097490143594 -0.98668967655984963 -0.013162057028417587
v 4051.4582333427934 5441.9281518268144 8990.495688374167
vn -0.3676272392937549 0.80293140266355079 0.46920291510815987
v 3714.7829316349439 5470.1395205417157 8212.0412770396833
vn 0.86554105661068703 -0.33617652715007362 -0.37124657832035479
v 3549.6106842162485 5472.0782439451614 8600.1557414686886
vn 0.46408701638284361 0.76729294400146708 -0.44258872478908901
v 3770.7243010783932 5513.4035177340538 8516.6868843745197
vn -0.26569734276021295 0.86998827265308609 0.41536168274921748
v 3639.2227782156237 5449.1873667607661 8113.5568474114752
vn 0.76020209738782651 0.20289418956894462 -0.61719261091357092
v 3520.2296753398732 5423.9093128661707 8691.3037276803589
vn -0.020135354463989185 -0.021571438536171845 0.99956452545100349
v 4084.1148952563526 5480.5814554709059 8948.6576401742095
vn 0.23199388034546162 0.92338944633132614 0.30582800703366347
v 3849.8341961566584 5486.1915428828361 8447.3558511771898
vn 0.3792071286861457 0.8692397735664944 -0.31721312962057291
v 4084.9579605380677 5425.5920574201837 8880.1274639646581
vn 0.83072278862118665 -0.4565588716025864 -0.31851788839311984
v 4099.6381051733242 5414.6250122965739 8920.4442362476657
vn 0.81897897514989737 0.050195859778615695 -0.5716238395339277
v 3731.8977770867587 5379.5290994261559 8419.6871452515188
vn -0.14263122050892629 -0.96094836586270216 -0.23713829948352161
v 4022.057401026917 5435.9100691531494 8753.7556792736414
vn 0.90901185779670901 -0.29748351054807115 -0.29189210906938085
v 3741.0513826494525 5495.1238454604281 8113.6042535971028
vn 0.48720331142612927 0.86726848394072631 -0.10236361706469828
v 3730.1033136780643 5504.9384100449843 8376.5599461838156
vn -0.29724916679607555 0.93354669630665921 -0.20033346863158205
v 4046.6389447363495 5384.7116213872905 9073.6386827234055
vn -0.11920684164749631 0.57956940113679656 0.80615695628727524
v 3791.5355405802984 5406.5625933638803 8407.2621515411374
vn 0.32803836704618122 -0.77964815084889816 -0.53342252541823598
v 3567.5170101198601 5452.8143788486959 8670.4070002477092
vn 0.5111714373334082 0.46832859390638326 0.72067474618177618
v 4117.9311665885525 5372.6777578707133 8976.5136087715655
vn 0.56055674113634368 -0.69895250407483045 -0.44411883208678099
v 3913.2851975089493 5462.9433554330972 8877.8982922704545
vn -0.67799235038692429 0.24370320401783105 0.69349486023204054
v 3958.0877100204671 5216.3078560740687 8739.8367343158043
vn 0.83918474167068868 0.35120691642908342 0.41523808977437793
v 3637.1410492262876 5486.8331163864932 8127.5533090232229
vn 0.68149799453653359 0.70921869209919974 -0.18046974876633304
v 3635.0467388055222 5485.0584913781495 8141.5198592882307
vn 0.62887368844263847 0.75391107992352768 0.19009462789119363
v 3778.6783540509914 5370.7772455562517 8461.5114650691648
vn 0.11341434881392513 -0.99181032726500806 0.058732105475547636
v 3587.0173286792997 5376.887201417343 8224.9231030181782
vn -0.11342635148473917 -0.95639302191584952 0.26915952596839265
v 3991.1683480968818 5502.8017854429836 8694.9263343682687
vn 0.74142843575274997 0.65982663058642754 -0.12211753447475263
v 3952.7714757788635 5261.1818082505342 8739.8392965726871
vn 0.87942619986402348 -0.27464878959825723 0.38881563930085805
v 3918.9125490998449 5064.2427459577848 8824.2258968706701
vn -0.87828041764932763 0.46767915265247878 0.099497327340899513
v 3900.8800940254514 5348.8810809639726 8629.3646972052084
vn 0.38019540110697841 -0.91017682328335126 -0.16440683481817572
v 4076.5118112470136 5469.2502380630085 8851.7559455257269
vn 0.70277848863212411 0.65200469619998103 -0.28459141246551672
v 4078.2016175079707 5472.8386214221464 8864.6380128954079
vn 0.55248224974180782 0.73035424121519732 -0.40167903363158514
v 3905.8241930203112 5050.4791235374723 8837.3620610361741
vn -0.91858852719832518 0.39373474382276874 -0.034177027466274761
v 3430.4063181287274 5422.9815380345581 8614.5417595925173
vn -0.19961119058557181 -0.97553521031346835 -0.092121799980609459
v 3603.1760750605899 5507.0958105331229 8169.3460122497963
vn 0.3015488696356432 0.92973202266093835 0.21134484914533969
v 4107.6640430211992 5447.3416047761202 8990.2634949826606
vn 0.4098214984852574 0.84510817589979648 0.34327614307815929
v 3349.6879382491984 5336.1329937772689 8615.3280502700709
vn -0.096754046548301664 -0.8498440368931095 -0.51807698987095752
v 3488.8219778356988 5454.9683333099201 8211.1364272161009
vn -0.79284689858281121 0.47803512372698637 0.37798970341921007
v 3839.7033901721443 5512.3868810209315 8600.5705959109182
vn -0.34413329206219273 0.93832557915144177 0.033427306271207956
v 3527.3535275271861 5489.1700617378847 8183.2294817207967
vn -0.025863379947130696 0.78815741688025465 0.6149300543918429
v 3813.0815603217588 5377.9453335598519 8767.8166993642371
vn -0.59724412972586127 0.078179569441295518 0.79824019219153086
v 3817.3966412521286 5479.7872686437149 8727.3876117428808
vn -0.72341560709815289 0.62199080906852733 0.29966196428824549
v 3984.5387334976431 5530.3838987663839 8739.377376425
vn 0.48027290927153793 0.84811212352632193 0.22370462343797404
v 3976.1337163869175 5492.5222923548681 8879.0481009818122
vn 0.2701935116357651 0.96236664934017913 0.029084334403427635
v 3790.7296339784571 5497.2107557116087 8377.6026281757295
vn 0.64736680538237412 0.6628190994685742 -0.37628056110924402
v 3704.7649811125739 5400.3485333633525 8322.4839916890378
vn 0.66189803848258233 -0.74926198487875428 0.022303915989328713
v 3903.0847169549938 5030.5394952176985 8850.0277056064242
vn -0.89680044644614876 0.32658359423982602 -0.29848302334870708
v 3400.580655864338 5416.0096459541392 8615.2130394604992
vn 0.49394670753823694 -0.83853906779583587 -0.22993234198830334
v 3606.3258586259681 5452.0979427084139 8586.6314896411495
vn -0.27193881536402498 0.94234582657335986 -0.19502211115199714
v 3807.7851425931549 5467.4052240366482 8698.1425326030803
vn -0.77955675917932954 0.51935119196130874 0.35009369978077109
v 3473.1905550524843 5389.1162223213514 8140.9693376718133
vn -0.30797638675385303 -0.90042208041002769 -0.30723056864856146
v 3501.9296381258828 5442.6771810102828 8684.0924131369684
vn -0.08230318189607784 0.026810547010308459 0.99624664657844098
v 3800.2555591802957 5342.8263418041988 8558.9677929539903
vn 0.10383536233549442 -0.87589131993703173 -0.47120336712254191
v 3537.0589409973836 5394.8526778762407 8071.8514287459557
vn -0.19012169116888569 -0.94397982280679082 -0.26973289877347684
v 3643.3924564583067 5415.3352394652793 8558.9154386478658
vn -0.54575405979283287 -0.4217369049848676 -0.72407906280559298
v 3636.3843617190191 5489.0919891283766 8186.2248265665366
vn -0.035613306777964898 0.98131427974378682 -0.18908721995754071
v 3970.624654028667 5381.9170836371841 8656.370241245806
vn 0.87619902491476753 -0.30384828296432537 -0.37410090841648835
v 3952.4243461699216 5381.7301234371571 8642.6285544678158
vn 0.80248221301491618 -0.27631205321050711 -0.5288420813865673
v 3877.5139303745177 5558.1619157462474 8725.9912654398977
vn -0.70951849400290135 0.5252261181839778 -0.46980956934192497
v 3860.1058535417596 5507.3930880198295 8823.1661270909626
vn -0.87063837568154157 0.48770013325501083 0.06432261510271288
v 4041.1678538181977 5428.797408689501 9018.6329639248816
vn -0.39854780058547895 0.83630242185662274 0.37650751631969409
v 3483.2836811957477 5398.5311851320048 8127.4485809458838
vn -0.44325724902539487 -0.71288648028280532 -0.54342973549156515
v 3729.7272299814194 5513.2248294992769 8392.7284066393477
vn -0.32373437674825967 0.90220300837382461 -0.28500137717673618
v 4037.331948381503 5078.4512964264977 8770.4138814242779
vn 0.46578621976440077 -0.38134652682520742 -0.79850987718120348
v 3863.8157623112493 5289.67988686233 8684.1363478178591
vn -0.14433888377551826 -0.94469645968995886 -0.29447391341118045
v 4043.556075647778 5367.5548677786228 9062.9993263547767
vn -0.6824274058278117 -0.70275468915137229 -0.20106885052359896
v 4057.3895495232864 5364.3852403334276 8919.9163032704655
vn 0.33278797648953889 -0.94251276472423084 -0.030361999866361199
v 3793.6169536500197 5372.8775115679537 8489.2565699838651
vn 0.58391579990127795 -0.81174732785900339 0.010421820350514045
v 3761.3706119258641 5421.7823168764426 8684.2698864309023
vn -0.099637650775807371 0.01769233509850146 0.99486648341706674
v 3777.5938486304963 5400.7736788990696 8403.1950522605475
vn 0.42124405684453708 -0.90583513547604955 -0.044901580264433277
v 3733.0939815992374 5468.0993941137694 8141.3475313711551
vn 0.46990218845179499 -0.88257860238940633 0.015714448529171435
v 3503.5080685452558 5497.9261455263768 8057.7661263405416
vn -0.88407596675391353 0.37678895669491169 -0.27647742606023606
v 3724.7864713424274 5472.7126830327034 8155.3979906938275
vn -0.23790527671654679 -0.39060409265171941 0.88928596194595932
v 3610.8646096420462 5406.8527208047954 8294.5519920287879
vn -0.95262159058376827 0.045151541757948374 0.30078803737936699
v 3878.712319215093 5546.5922022333352 8795.5152515364371
vn -0.47400962502223237 0.87552511662816757 -0.093651724701236505
v 3882.5699304773016 5386.7396037906183 8823.3918681801824
vn -0.45513520970126925 -0.40555495142440756 0.79270241721930434
v 3917.9306679807901 5196.4705824277771 8740.0717722920617
vn -0.57153094815119077 -0.072271786254497802 0.81739168347676805
v 4140.1963300708685 5425.5853143242748 8991.0140004924306
vn 0.82798694059150468 0.51563471352483303 -0.2203598611773108
v 3929.9533007243881 5171.5616625947478 8754.0515604543907
vn -0.24108119661113003 0.33583344158959133 0.9105469543909509
v 3953.192369917384 5056.1681918899321 8753.9169287659952
vn -0.27963720652399665 -0.76100130305361546 -0.58538880197536658
v 3660.8243987334099 5467.2644407116495 8141.4687550764829
vn 0.51065019123856215 0.85803739647950961 -0.054847136941545922
v 4135.3698720223292 5434.9489510897893 8990.0995991054606
vn 0.73452245146314743 0.64618699179625982 -0.20716935084579621
v 4078.7796083198846 5355.8402028912042 8976.5748109926972
vn 0.33828078449991833 -0.87216574863156537 -0.353402062461527
v 4032.7167064918976 5370.708527120345 8865.0591746023802
vn -0.1918826211509771 -0.98135957192153034 -0.010698144615834298
v 3998.8936211283317 5509.6104895863409 8780.3878779474398
vn 0.38674013103322796 0.87185657300170427 -0.30049656763784449
v 3619.0964500344071 5379.4599510412545 8140.2494110806356
vn 0.52397634127405868 -0.8517022274484799 -0.007218694088892039
v 3727.099319441706 5387.703483694866 8433.9057425236988
vn -0.29821445457229767 -0.95291482821625662 0.054967892898755699
v 3494.9620057819593 5386.8677948600634 8099.6848644257952
vn -0.42118221261920297 -0.90209499004249494 -0.09396899868266978
v 3670.757299670749 5509.1880885703049 8266.6280561725198
vn -0.50849833392993404 0.83692430119191186 0.20245285491914164
v 3888.993128431588 5530.6226495392548 8548.8598295301326
vn 0.41267156182812043 0.29725007058907488 -0.86101369187320709
v 3997.1576579202037 5386.622162979017 8922.3459596856173
vn -0.75140438839229773 -0.64667265333281498 0.1311713556242135
v 3600.4215906208556 5382.9838999464073 8101.335261092112
vn 0.41610850700072061 -0.72441504698097381 -0.54961491074131597
v 3966.5229656989277 5483.8894961694823 8893.0388554506953
vn -0.19364258492085595 0.60729976629433613 0.77051251979705937
v 3312.7637356162231 5410.9262948133182 8503.2275813732067
vn -0.2222651233873206 -0.61787379335820547 -0.7542083202980201
v 3375.7108740747935 5387.8713285087415 8572.8918663155237
vn 0.80386785558588303 -0.59368289422160569 -0.036566266755188856
v 3609.0863655393141 5421.6108293536954 8085.6646070581464
vn 0.56172824254154718 -0.05937387353700023 -0.82518853886393562
v 4065.0132144787312 5429.5731460040643 9032.1996966968472
vn -0.17167634677053972 0.79274343351763499 0.58488039852109297
v 4061.5306768149239 5435.4740319078028 9018.2952532140043
vn -0.29820947360578864 0.8141692710865418 0.49819625437187676
v 4057.689247349364 5423.3048118360994 9032.0649144013441
vn -0.50490792030153053 0.54839031045480302 0.66658537293888176
v 3972.3478198586308 5486.553040287663 8892.8819146959522
vn -0.11634437605175774 0.84421448471781602 0.52322642321824642
v 3964.1688953172088 5452.4647077150403 8907.0501531212649
vn -0.32813025591713502 0.27068732361095432 0.90501873350118778
v 3911.8129011679507 5539.4841073580783 8614.2961336322805
vn 0.32471496117916182 0.93932642558076707 -0.11057151618782858
v 3641.0660531335307 5488.8042840637645 8226.4074117847049
vn -0.5070325668383352 0.82913071022044926 0.23549998202688352
v 4079.4900450890214 5113.8715185215024 8795.1255529615264
vn 0.70356225081804757 0.16298976595515882 -0.69168959470106628
v 4063.9927007991569 5102.8745328711193 8851.6600889393339
vn -0.32634067551703416 0.70734731398026507 0.62702594915042398
v 4133.9408202080622 5353.4790268489251 9018.3460927124052
vn 0.40271858091480728 -0.88410940919805003 -0.2369985171967087
v 3876.6100615568967 5515.6519055593271 8532.199934391072
vn 0.30481757596080938 0.69697836065937246 -0.64908197491376241
v 3608.8626626800778 5378.8115452500224 8169.2294557438672
vn 0.10402867672357832 -0.9535995197403011 -0.28253493654804596
v 4035.069158165621 5373.3902547883608 9004.2876905642224
vn -0.81964192286106996 -0.17554014522610362 0.54531896693825554
v 3850.1284306700918 5516.2957338030565 8669.892251111296
vn -0.55906588285915682 0.82680561454908108 0.061950095827430919
v 3840.9959700850704 5506.7416164226734 8683.917859104833
vn -0.36303189397369867 0.85843341104328064 0.36235331206222909
v 3881.2595949456377 5439.5472923253665 8517.1178306331913
vn 0.85214988375656409 -0.40403533938556396 -0.33255979934632285
v 3524.9805267949923 5380.9042544702825 8183.2283783118037
vn -0.084738015103228079 -0.98117274647451413 0.17354973457779796
v 3854.2330976533112 5459.6860176829168 8460.9201891170451
vn 0.89169238605070811 -0.45198519338539628 0.024373625490698221
v 3660.1363709091529 5463.4120567471155 8322.7566330819282
vn -0.87444894784345917 0.48485382600743582 0.015993905758708744
v 3338.2560718199893 5462.7325445612996 8517.5963426209964
vn 0.088373154521660294 0.92078688519179852 -0.37992327859539798
v 3988.3266828519008 5333.4436639195192 8767.7183164589769
vn 0.71304059206706438 -0.66079414116944735 0.23435916252790939
v 3284.0962608336667 5479.9647773326524 8559.4282393187987
vn 0.22088134505430423 0.89217242485194892 0.39400481690049777
v 3845.692553637854 5447.6681790378552 8461.2959969584044
vn 0.85405469216834295 -0.51579584318817773 0.067418327886664825
v 4183.0563171037356 5395.0764261826407 9073.9775079658648
vn 0.28770255855513738 0.47553364157820305 0.83132123365652155
v 3984.2674746727062 5004.9550806880043 8851.0574550308265
vn 0.048544279037803562 -0.93669101634726315 -0.34677570974194682
v 4126.6503750494558 5396.0519506244091 8962.2550805473857
vn 0.86269491962230227 0.0058278251142259716 -0.50569112322870302
v 3588.8819118380443 5405.0351348209697 8252.9626385761294
vn -0.50959896206447097 -0.53926145789469448 0.67045206979477845
v 3627.7566269048766 5382.8734704521694 8171.2359881646516
vn 0.52429607428829106 -0.85024134690937547 0.046939093425607835
v 3957.5833827510942 5483.3698253069742 8893.0736367824647
vn -0.10761600061941282 0.59498639320703228 0.79649858023047937
v 4090.9767465086579 5440.1837448228362 8879.2063318813307
vn 0.99902714224834166 -0.034964448860684651 0.026874827757216346
v 3845.106401380328 5475.164699060776 8795.451229504386
vn -0.89625116889866396 0.29245824388333841 0.33346966553564095
v 3867.1385310931182 5303.4801218500488 8725.9791197768573
vn -0.62371371858263125 -0.75462384377398328 -0.20377451180067946
v 4035.3915579427294 5486.5846241408981 8878.9460055625659
vn 0.12919764229590788 0.97372027909248982 -0.18755475816204234
v 3677.7701714213144 5505.0657680115964 8309.4307108351295
vn -0.54131740996395172 0.82877851251657741 0.14178024848591669
v 3919.4652205074358 5391.0312168508508 8838.0896921895765
vn -0.22554064224479059 -0.58258096436629547 0.7808526356834844
v 3973.5818280185513 5527.9904784843566 8795.3653246776466
vn 0.30082506622068811 0.95351902082751983 0.017485892983954254
v 3723.0620087455973 5434.9290585848212 8266.6668377469123
vn 0.83091778900266244 -0.51110573263230219 -0.21987850733831338
v 3614.826275324268 5395.4477800545592 8281.0958042327657
vn -0.82699898787305581 -0.56211823417539775 0.0097859524050577466
v 4122.2572053631447 5429.5890568177401 9032.1574146961721
vn 0.084881028793649019 0.78970534773831902 0.60758594018001488
v 3653.8889163203826 5497.579348663201 8254.2833212244223
vn -0.54356128528858016 0.82463724498423685 -0.15657120846514105
v 3925.8449421587311 5510.2448337532505 8600.9062086797767
vn 0.84433750160781018 0.45424156892810535 -0.28418089386236817
v 3696.5509978045066 5363.8901745450858 8531.098119063241
vn -0.54909834527958368 -0.83523944293530095 -0.029429240159259431
v 3477.1752790600622 5392.7283570065438 8155.234028399751
vn -0.18571863384117662 -0.89576997035058348 0.40386228997305723
v 3699.4312565920209 5480.0228516098105 8599.1389186798242
vn -0.27707228772529036 0.94603998972911063 0.16804548553298934
v 3816.8723671712833 5321.2412107045111 8655.7278265153309
vn -0.22165291882870022 -0.9695972823960346 0.10368748017452188
v 3867.1035732652676 5412.4171087076738 8531.0551329111058
vn 0.82975770456985809 -0.46088146323146229 -0.3147863220608329
v 3757.751968247816 5386.8344823200287 8392.0238415514705
vn 0.092413816842686097 -0.98958260849976476 -0.11038997876332596
v 3701.3924559027455 5506.5696766723349 8343.6729076105548
vn 0.40788177296891126 0.76006431793896023 0.50589988325331814
v 3819.9932631821262 5329.9514821327994 8727.0447198284455
vn -0.25454588715525506 -0.96705509836832626 0.0032906005790801145
v 3697.3243109843479 5492.3027209371448 8197.1104090638291
vn 0.44643159678367311 0.59219496976085062 -0.6708233353000812
v 3577.1521866314179 5485.8649289703517 8197.1320877136095
vn 0.28455481585016629 0.79022553367091952 0.54274502550552084
v 3523.4085111931763 5420.8492206317187 8586.679954205676
vn -0.0059968633602653859 -0.67375113778482143 -0.73893399026130679
v 3847.4809248118845 5476.6915110688415 8767.5428099921774
vn -0.85028854837817258 0.3009092677692457 0.43181361380521166
v 3837.884798844847 5416.232723615547 8433.6822885936926
vn 0.88604298881290411 -0.39925616445571238 -0.23563178291480366
v 3671.7376626072937 5467.1870703442073 8489.2042365240413
vn -0.7972991147992784 0.55809071303626245 -0.22988883740400134
v 3942.5323696275045 4988.960200161303 8921.3870815025311
vn 0.15742635807173158 0.031741512395862752 0.98702047505363044
v 3660.4825991318094 5410.5712274146154 8336.8377253357012
vn -0.27188646141653999 -0.50540526480878467 0.81892812285447525
v 3950.1681831686651 5256.1942747789171 8725.4687000894046
vn 0.98439233076443222 -0.16928767289282851 -0.048098055456529058
v 3878.1665510551029 5556.7747694230638 8572.9192461648254
vn -0.66689091760048436 0.67640989908888149 0.31261182389115272
v 3835.1892074754178 5369.8994757393702 8544.0607509565652
vn 0.51365264129195409 -0.66553125668446722 -0.54150633465343045
v 3863.7598327308824 5376.1748305082856 8558.8559677998437
vn 0.54615557352125599 -0.54842996773373154 -0.63319717308532419
v 4014.5506728819328 5378.2965522593186 8823.8223781393899
vn 0.44795190922627809 -0.87703213563934024 0.17364826540000328
v 4149.401144265501 5377.6161345584524 9004.087900595543
vn 0.66827464037799988 -0.49840983261425148 -0.55226501227317371
v 3471.2504116305099 5474.2517716694365 8656.5073533728882
vn -0.35717636614440035 0.75030341510233967 0.55630012471115575
v 3785.0577044338638 5335.1091675809921 8652.5800391200355
vn -0.4807679614892334 -0.77913960684174777 0.40224823213529942
v 4008.5646273015373 5150.3987324190384 8795.5645074939221
vn -0.07727884366942199 0.69081647640653121 0.71888843101442501
v 3530.9177158825005 5521.1758930760352 8141.3312858988611
vn -0.16950502257402097 0.97476323032484569 -0.14527454053911953
v 3599.041513959326 5483.3645434376513 8085.7260562734709
vn 0.61507053295805192 0.68343059547058604 -0.39320587567000825
v 4116.0284737891016 5373.9389913959803 8962.5808996767882
vn 0.67359393248856281 -0.6626514150451247 -0.32735961304548183
v 4008.509464922965 5019.8113088114778 8795.4579313596987
vn 0.13770150007076548 -0.86226052331540082 -0.4873859731363962
v 3589.5471231438542 5374.4483618422883 8155.740441130758
vn 0.026508702261980724 -0.99499102681906426 0.096385399588994058
v 3891.268118427326 5013.6799235788385 8879.0867993226457
vn -0.90818188977007097 0.41850421596721771 0.0077379785039112118
v 3627.0935376266352 5499.1594186395223 8169.3387507078924
vn 0.22953393675229164 0.96643840654988911 0.1153732127675503
v 3392.1635465357576 5369.1499328308682 8670.6601422976746
vn 0.69281468826618808 0.71460013096161412 0.096718460245541787
v 3661.5491957071763 5410.865621401992 8544.9424003362819
vn -0.76454844680038669 -0.53563435225140477 -0.35855475618562671
v 3385.2951163138155 5343.7528664183919 8654.1274313148169
vn 0.9054381322795404 -0.34728681209489609 -0.24407715738901478
v 4007.2006245498233 5365.9333874464464 8756.4592506459157
vn 0.76773790221441829 -0.3777858602292371 -0.51754841059968448
v 3969.5957910485849 5411.2036133974252 8906.9774820025887
vn -0.8971471278462394 -0.18207666475523895 0.40246132627726056
v 3853.9331761269145 5352.3507677307789 8586.6573956611683
vn 0.28418260415767865 -0.86807153607488119 -0.40705289060606925
v 3937.0432326542359 5367.7481278843052 8823.3548244782123
vn -0.12574615261267688 -0.80896042945705271 0.57425684904559071
v 3320.3638938480217 5400.5238236811165 8517.045874039366
vn -0.14275638433682217 -0.9284599080077518 -0.34290350530916819
v 3771.1401918092602 5488.8085050782356 8349.9662879126117
vn 0.82932064439566811 0.38262052876349006 -0.40722082430531603
v 3834.3369484120631 5298.9353099364671 8684.0192396763432
vn -0.52083037293621914 -0.83458064309271995 -0.17947387777072366
v 3666.9963314438355 5421.4480579920182 8363.9645964003394
vn -0.80528924680709568 -0.59263500053207285 0.017116808149028408
v 3629.8133160565199 5407.6924400934167 8100.0346366073099
vn 0.65891554108441086 -0.34366812410862707 -0.66912071421313457
v 3322.6912873495949 5367.8452662788022 8586.7480115705548
vn -0.95876431762490488 -0.27228991569638905 0.081419807536641506
v 4093.7197541918977 5126.9232235775089 8829.291003732651
vn -0.36822925626712022 0.78123386462248645 0.50406434469815253
v 3331.590006981296 5412.3809857074957 8586.922228857542
vn -0.88655760404392514 0.44697837751986386 0.11927256491584609
v 3945.7351185899533 5528.1085937147827 8783.4911889787782
vn 0.12546671352758262 0.86399336247527148 -0.48762031684012275
v 3716.7432007894586 5491.0774328409734 8127.2768689385302
vn -0.72118402017677519 0.69160589056676924 0.03968502456860553
v 4037.0281496509469 5441.6046446648706 8989.7740953262728
vn -0.26257620655172381 0.7866046151729007 0.55884426734252113
v 4147.48093853097 5414.5366635259252 8990.2116825102548
vn 0.86163108497100416 0.31437260945953038 -0.3984491634240131
v 4002.5742861564363 5063.3827439695415 8865.2104538080475
vn -0.15248276344837089 0.64980340646132606 0.74465061592830561
v 3537.3511538779931 5474.0889140962863 8586.4698938369474
vn 0.53011837152701713 0.57440582465058942 -0.62372466744311117
v 3857.9789851605956 5460.356782991671 8476.6865869574667
vn 0.84716705466907505 -0.45194298397783889 -0.279384181221005
v 3679.1561661724736 5421.8581910522153 8169.0335217508464
vn 0.87332838534710711 -0.36862502650497819 0.3184542685869024
v 3619.4812708029763 5471.6811559439375 8253.0265427799131
vn -0.76307128917702494 0.64521154085442878 0.03773957050586299
v 3719.2115030226391 5476.7124836088369 8225.0412559069719
vn 0.87398180636532852 -0.33771753957151873 -0.34943191841638765
v 3723.6313572195086 5497.4093171239738 8558.9251744474077
vn -0.047641150646387846 0.9810809423898591 -0.18764462487509256
v 3733.3140560811462 5490.9719536367465 8238.2007856568925
vn 0.85639003308676043 0.02481969270277281 -0.51573258001002553
v 3337.9806406945099 5397.7589453560495 8517.1980322732561
vn 0.154533273621829 -0.93294018604094675 -0.32518006798327076
v 3668.6484086414512 5507.0064315130003 8223.9284987006431
vn -0.35937415928152899 0.93284944561868754 0.02534019434814162
v 3899.3389309098866 5253.6147791473886 8712.2340026919046
vn -0.45769703464386891 -0.48180144114060913 -0.74724881785991548
v 3472.8232808823486 5434.9534281350207 8238.9873375245279
vn -0.82274662708454116 0.36038266564077875 0.43955923597014523
v 3276.3510685576202 5434.6433338858278 8517.4128077639161
vn -0.58490709628580995 -0.30425848283776424 -0.75187130836052252
v 3931.1372700355723 5468.268017849241 8600.6861217214646
vn 0.86662915886504455 -0.041015543423787694 -0.49726414127957869
v 3403.0167256628865 5463.7344306839423 8600.227409676123
vn -0.33344452383633888 0.71148775096761963 0.61854662697859375
v 3478.7783108840408 5469.5459652830505 8126.5475967367911
vn -0.95646405180362759 0.29105876164816263 -0.02147824190257884
v 3311.6377572260608 5388.6556012341098 8545.0194935164254
vn -0.44893419377635452 -0.70950991008865194 -0.54318852817817087
v 3853.2772008326792 5477.2632307534313 8433.8349695128654
vn 0.75432737745243639 0.37718378865355273 -0.53732913302991647
v 4025.5011770678061 5091.2618093557703 8851.188515738977
vn -0.14066965008315058 0.68817437075078924 0.71177811499598609
v 4045.7783194391754 5473.9957675315418 8781.8933628481991
vn 0.83858198267567774 0.30784307543632594 -0.44945845106932164
v 3710.9104810665276 5352.8565389064343 8600.3390125371079
vn -0.36062579402194805 -0.92775392497436193 0.096029638032774062
v 3293.9942769721201 5469.3334422739526 8516.5913160981981
vn -0.10652481241744396 0.98143433142866343 -0.15949644959246245
v 4089.728894433224 5323.1636740616705 9059.5620617645855
vn -0.22782358333843639 -0.90935282953212904 -0.34810033940912088
v 3911.5277536405774 5144.97605994076 8725.890865366162
vn -0.95359183808628156 -0.13291650127779514 -0.27017736771109591
v 3322.7924664133479 5367.1909147625338 8600.7486274394105
vn -0.9686713747001412 -0.16233985011491617 0.18794025886223872
v 3747.0395792392228 5508.2433664536038 8440.3721036560892
vn -0.55756153646385764 0.82411777111549422 0.099774908607786955
v 3892.2266123889713 5573.5923027555109 8739.927061582217
vn -0.28409673177213141 0.88018013131590822 0.38022622665079847
v 3669.601753144635 5405.9033713959343 8490.1439450644848
vn -0.7311102149801767 -0.64572961430745346 -0.22025239784843922
v 3586.7904955881518 5394.5169428401914 8628.271820191294
vn 0.043658064419633498 -0.81509963438098787 -0.57767340205613671
v 3352.8477583418717 5398.8482062786834 8629.0516318162554
vn -0.66277669227445135 0.73474571083930629 0.14448458942385414
v 3613.0263878733895 5467.6017908487602 8238.7180063734158
vn -0.57254502210062008 0.71662945916597154 0.39828936205137061
v 3354.051357895245 5468.9876436119648 8558.9776746593834
vn -0.33244965630382906 0.93053736582338065 0.15354946053291665
v 3840.5465703235295 5525.0035128796435 8559.014677606403
vn -0.31922304961383846 0.85482112932265497 -0.40911793099151927
v 4054.0582959466878 5355.4996078007207 9063.6404097054874
vn -0.79145270652717448 -0.60805934112883386 -0.062180792828482982
v 3682.3523324784373 5364.0419656714294 8615.3666391890856
vn -0.24176212613402365 -0.96894973522720984 -0.051840958423589122
v 3567.1636771499161 5521.1162604770379 8141.3782030661196
vn 0.25970395303505028 0.96390427150618463 0.058672072999851721
v 3438.0397484835958 5420.5281359159671 8656.3143304734476
vn -0.48120686952003183 -0.83914139435276769 0.2535382989025996
v 3903.3446934387794 5025.9067276759342 8879.1303573596651
vn -0.3973475067004531 0.68278414772127649 0.61312377750293079
v 3720.2275608767522 5490.188749778541 8586.9261490545578
vn -0.27396828193391848 0.85832035415476615 0.43385199104972855
v 3654.5640579468727 5491.0663510999948 8281.0037932443429
vn -0.91369885535605666 0.24403081808974886 0.32496670836176361
v 3858.5627063122838 5524.2524876211637 8670.2653831624175
vn -0.5778469466839109 0.81199582811760795 0.082192951812679618
v 3887.540533897245 5567.4173299932299 8725.9208955448867
vn -0.30112814169591795 0.91446704722096905 -0.27031807528488599
v 3687.3205672860981 5457.7739271976016 8127.545058109662
vn -0.058057690749891533 0.80420043948015174 0.59151581355422855
v 3586.77479635903 5507.2951549632216 8155.207664462805
vn 0.56194623332070703 0.82601527431870025 0.043762968922042268
v 4048.6158973853526 5446.9301086112464 8795.4578070699354
vn 0.84002662971819964 -0.10199340790029204 -0.53287203539796246
v 3709.0298976250151 5499.765462464773 8392.0523809338174
vn -0.41082506484897191 0.89355294930321472 -0.18106875181368148
v 4067.6143765227944 5057.5082361797686 8852.0748818818302
vn 0.77346983156283811 -0.56000609865259876 -0.29687975534557903
v 3516.9856255983923 5519.128279418961 8155.4242305813277
vn -0.46305044319738364 0.81964237672833073 0.33729906807733656
v 3532.4825703549895 5530.2804555887506 8155.4296276209698
vn -0.099648158937686859 0.96620082919315975 0.23775239659523933
v 3993.068051010127 5518.9901802479126 8795.5630787461087
vn 0.41917839607740454 0.90781972780724496 0.012361798653683923
v 4061.7940892338702 5054.8246006905356 8850.4067579817856
vn 0.68989367460099338 -0.62645800659833095 -0.36276312342130929
v 3286.0537044399762 5465.5053671821097 8531.2660573647372
vn 0.11668408215187505 0.9830450228046036 -0.14144719195328967
v 3322.6054278454531 5407.9463730527677 8600.7436849472633
vn -0.86564739057983808 0.42361222610682026 0.26684691693017809
v 3618.7471109618045 5431.1896381827792 8308.4878519998474
vn -0.8540283628993629 0.26807251843173341 0.44583929865491012
v 3897.7356107493579 5028.1686030875426 8863.5051433338667
vn -0.93304807285625635 0.35902166350815101 -0.022907179465534784
v 3338.928980132996 5329.4863791438329 8684.2382445585699
vn -0.83046245235355731 -0.52227234646807208 0.19381359948581969
v 3579.2184406875785 5456.479400966211 8643.4667325962182
vn 0.27092213336584087 0.8646505708393879 0.42306097432831374
v 3816.3898173081725 5502.9762809945141 8406.2538715076389
vn 0.47150676421440313 0.88164147669763626 0.019740260040698343
v 3906.1006699499812 5104.3034969074943 8753.7632470568096
vn -0.93037011558924065 -0.12418428459117041 -0.34494885342473902
v 3536.9673144779372 5378.8874540029292 8169.0126495604345
vn -0.07774020700170399 -0.9969272071198606 0.009623093033261294
v 3676.6749340235774 5414.9932827857829 8475.4194125049853
vn -0.89885377842273539 -0.32882328807801509 -0.28971905396907344
v 3602.2784529961737 5394.1300927355851 8629.9881803656481
vn -0.14415233503112909 -0.82780175538885192 -0.54218480067243535
v 3647.155539369337 5469.5676711804599 8587.2852346472973
vn -0.15145578016650316 0.86907470211606597 0.4709249502797947
v 3635.1073818272043 5465.165436732259 8600.3644975365787
vn -0.14587824134201871 0.98717603756079964 -0.064830622152795475
v 3941.8628410444758 5531.8465298019546 8767.8264931839258
vn 0.28225311191355856 0.78987173315328663 0.54445920506548084
v 3604.0190540169751 5497.5061032609192 8155.951991959354
vn 0.49289976381372569 0.86853128527759837 -0.051992589148997452
v 3343.1721338122761 5415.8267473271608 8503.2954170634239
vn 0.45755114752524489 -0.23523966472689745 -0.85750174783350064
v 3967.0133574727479 5527.046822447388 8712.5335386355655
vn 0.46618990805805621 0.87005374548512993 -0.16022936557359879
v 3746.3324634180899 5511.8187668975261 8461.6536102192622
vn -0.6177073850289001 0.78604968065148106 -0.023737860654720687
v 3952.8681616282529 5313.1015468151081 8697.1731024364271
vn 0.67681391582583672 -0.39650046573274361 -0.62025019469421738
v 3537.2949223576898 5503.2468401890364 8170.3223623509111
vn -0.12481536822987216 0.52486567674584839 0.84198405283459143
v 3965.1455268208738 5201.3436332299825 8739.9935948186376
vn 0.92626588967520562 0.24195937418160648 0.28894145232182439
v 3941.4206756251874 5102.2331058916097 8809.5585240774471
vn -0.21197254311139965 0.68154907760648131 0.70039881194976361
v 3964.3567305670249 5129.6979244155509 8798.6132912136964
vn -0.20727561769749778 0.36912708911727471 0.90597020391838945
v 3565.3079797067007 5446.1761481411204 8252.8729307972899
vn -0.67890523061926922 0.54490267243682455 0.49210645739413306
v 3984.5933875008868 5530.414907834529 8725.9704997148147
vn 0.42101804056212039 0.82261841330617658 -0.38215540766926398
v 3996.7023749451855 5083.7877292650055 8850.734838796845
vn -0.1450308965164894 0.60620627831700369 0.78197185830736304
v 4043.8299624899805 5378.1626192087651 9018.0314727484038
vn -0.93371828945611057 -0.35543467182816996 0.042852654498362827
v 3426.4503480581011 5469.4044047495245 8573.0674624578187
vn 0.071771288944907849 0.82305582003070621 -0.56340748947521835
v 4060.5695018737797 5355.7720699114725 9045.6051514489318
vn -0.67498655736980118 -0.73631279855885168 -0.047292811805769885
v 3951.2234134821729 5088.7516361319795 8837.4441636242063
vn -0.31542311652536675 0.79562659368991362 0.51719104881543554
v 3644.5283910485741 5475.9059796736547 8155.4237323927828
vn 0.67131518120282918 0.68031108264503026 -0.29413051238686394
v 3673.0852689524218 5379.0032104425809 8280.4253197820672
vn 0.26751946638778967 -0.71492916880473312 -0.64599506089115399
v 3944.6172498737833 5527.5325926154183 8778.8660686578332
vn 0.12761541966767659 0.98381848252395521 0.12575968395040144
v 4031.3674458310998 5029.9250675087005 8893.4884037678348
vn 0.60545613178563007 0.16189706586339356 0.77923822580004753
v 4003.9352180832948 5440.749152945551 8711.9398485031343
vn 0.95082494130915018 -0.10629276073966593 -0.29091885466361805
v 3683.0977508780907 5479.0759728598441 8183.1558785769594
vn 0.41246237599967811 0.50709648278608233 -0.75678791317692473
v 3577.1086484824746 5499.0362316643768 8071.8199027724477
vn 0.44194267040804763 0.754522427965021 -0.48516242823447653
v 4054.5637535126298 5397.1350779877903 8850.9676508221855
vn 0.68096022560722858 -0.61611235397954789 -0.39585191475441006
v 3976.3104617201607 5053.2607695041661 8753.2725188623299
vn 0.15106590920881005 -0.59282442807349034 -0.79103621191084206
v 3718.7709658815934 5424.2924865185378 8292.0185551700724
vn 0.90768140761752281 -0.39503924849121791 -0.1416278730228136
v 3888.82490017704 5334.803707546781 8614.5634060263619
vn 0.36499730552496396 -0.89368083495787398 -0.26098186179984501
v 3537.0429140072411 5478.3945019494176 8641.5998184401724
vn 0.20239265392329031 0.94372279571949147 0.26158076855394846
v 3537.1746446775069 5473.5796366624527 8656.4632526183868
vn 0.28465374209336902 0.78437769909545141 0.55111148806205024
v 3621.0740735328691 5403.3846324982387 8308.2253507451042
vn -0.65740402599564662 -0.24346935484718532 0.7131217426604034
v 3637.313820788464 5465.6196686767053 8588.216026001699
vn -0.52567360444568345 0.81234356821044029 0.25251769992658524
v 3473.7886258987319 5440.0837580449224 8124.9057348298556
vn -0.89807320280620107 0.36995895737031098 -0.2378968101149834
v 3389.0035096855718 5449.2209936168547 8628.6468302934154
vn -0.54538262532710702 0.64696787520129295 0.53290745955450547
v 3420.4435658091315 5422.5783596664214 8614.5396845881423
vn 0.29656222065805032 -0.94371726388186361 -0.14645332065096708
v 3967.2892291069052 5516.5383971892961 8668.5901871425358
vn 0.69333357516980088 0.46150832846910289 -0.55344251399392574
v 3880.4227250684635 4994.8986352007378 8907.1130233451222
vn -0.53530870804570929 -0.13262306044533101 0.83417966345898631
v 3755.8451277369891 5513.6167033088386 8489.6962221900503
vn -0.47846976317326079 0.87794800372637505 0.016552597433533087
v 3884.2778066485666 5373.5943261292832 8809.7980671439291
vn -0.31865180897633216 -0.56178105299308212 0.76345469618969208
v 4102.5585862459411 5343.7939333834192 8990.4661100818266
vn 0.20863415562788448 -0.90085759068629623 -0.38069330228981063
v 3935.7493447726611 5399.9890760216367 8613.7556213456664
vn 0.60889407330957901 -0.2279098135707949 -0.75980597810664441
v 3982.2101284545224 5062.6935886483661 8862.6908141134281
vn -0.19318826929802002 0.65310862658341406 0.73220722100233515
v 3664.3348870290051 5492.1422390889102 8279.6491456142921
vn -0.32987322128615892 0.92586191907143878 0.18429152094343723
v 4126.4256106964822 5351.4923325185791 9018.2063056408479
vn 0.32471888240781083 -0.83589400832064453 -0.44253683943991434
v 3455.3577766035878 5417.0334665134997 8629.7324400526686
vn -0.63186707669522635 -0.77125408347960789 0.076883913172126728
v 3389.7348052842317 5405.7425052444232 8614.5114662799788
vn 0.75275490575317416 -0.5524339369118122 -0.35801787275588004
v 4048.0360609543259 5127.7279180439918 8810.4501338749305
vn -0.060773900848278009 0.75394762382003266 0.65411735454107178
v 3498.4939151290146 5496.7456027876588 8155.5210954241084
vn -0.85308597819427723 0.51729724527505105 0.068175316934772967
v 3469.0956988405833 5427.6930257580552 8197.0586953427228
vn -0.81038534262590456 0.45990705232265522 0.3629891178547669
v 3785.6430043100972 5394.5470648774626 8712.259822144073
vn -0.99433422218721945 -0.063425735220609306 -0.085303169337735463
v 4093.2619913131739 5400.0358148523228 8893.0108461173077
vn 0.85583392176875928 -0.41308419845580163 -0.3113032979845104
v 3914.8247609782456 5539.8914397287235 8768.3860226893921
vn 0.089719784317459181 0.59038915706566664 0.80211657726375429
v 3506.7979817794876 5488.7169014363826 8179.5326504340846
vn -0.35165958800856378 0.85630895670873797 0.37824661904905382
v 3745.4157671217031 5465.258422963032 8322.392583071327
vn 0.97779000741316047 -0.05227296932906466 -0.20296363733559417
v 3944.244307706691 5579.0548364658334 8573.2073054037028
vn 0.84793214552512364 0.22336559446809895 0.48074825823197026
v 3921.6490919718035 5539.4714098309705 8572.8489482626628
vn 0.97890152918589179 0.19207834516385755 -0.069697241528175552
v 3569.2902314079947 5513.1159280447046 8155.4516624080134
vn 0.38424389270181736 0.88967018406747589 0.24666494380575826
v 3371.2054294265058 5400.5863163817357 8642.0960658307213
vn -0.19527804178829769 0.44307843025112653 0.8749559937742728
v 3909.4983575173028 5193.5203148265664 8725.8202365999605
vn -0.99626639200118761 0.029787249523580986 -0.081030833234985056
v 3823.2997662734342 5439.1318548276904 8391.9472272585681
vn 0.9039545865791786 -0.27534819772190822 -0.32718416131249894
v 3965.4447547012082 5311.4552306132709 8711.9490403154068
vn 0.91941210813937979 -0.37854494752105194 -0.10670097522040461
v 3519.497295973053 5450.4299446343375 8684.4077573660634
vn 0.038163830719832696 0.519179650719504 0.85381263301942412
v 3482.7884217881424 5452.9946272657071 8197.1143382041664
vn -0.82966350417939339 0.46155808954766658 0.31404235352238385
v 3912.9464099242541 5307.6257324593789 8670.2740884451778
vn 0.24799278674897718 -0.88238320097704737 -0.39987431069521839
v 3447.0124268185409 5417.2358887643604 8613.7988800049316
vn -0.49204831007621552 -0.86703667482686297 -0.078331762755072198
v 3578.256085327896 5376.8345241249617 8155.3564775376944
vn -0.15827354073628938 -0.97766771445566314 0.13825818751104108
v 3654.6328619430406 5442.1604814621596 8349.8075839406829
vn -0.96468467836798355 -0.22615200239342684 0.13505089090969946
v 3996.9201065589673 5494.1069922134675 8697.7217577387019
vn 0.8853835263456149 0.35274235263530518 -0.30276863102559692
v 3737.078475960504 5468.9122830449251 8155.4256768623645
vn 0.52058632892794077 -0.77510335750838311 0.35805678224628207
v 3813.7249791779282 5397.7391837971727 8466.8742608859375
vn 0.73599479220938879 -0.6765811147818328 -0.023444849353984453
v 3858.3398827985739 5387.9976093775313 8545.0502056296373
vn 0.64170612804451199 -0.5843574099949238 -0.49672896293063573
v 3881.1567163096261 5286.6031072177057 8684.245467605715
vn -0.11443028255094513 -0.83910187157246352 -0.53180236889177146
v 3737.2248526300991 5498.3146382621007 8322.1895853077058
vn 0.52848780838826104 0.83752835092122058 -0.13873318920919137
v 3641.0573714343909 5465.4328152225144 8280.6059334172296
vn -0.52015857494911244 0.72436786970782441 0.4524668454614732
v 3374.1853449305381 5331.6741581575261 8656.5022158834199
vn 0.39861498210542495 -0.91074297417461503 -0.10795059533262538
v 3235.6219062114669 5481.1292383853033 8545.7468214543205
vn -0.11047921038395442 0.98112818959974779 -0.1586878055984744
v 3763.0611146946576 5519.2813562881984 8460.6657745469311
vn -0.25784289704801655 0.96589005535906181 0.023946636514435449
v 3281.1012381311666 5463.5402709369873 8517.085698422703
vn -0.38525670789825978 0.75503019331286381 -0.53057202734910036
v 3632.7552514175059 5456.6250485895462 8656.1669472206104
vn -0.26763030520029341 0.83590502827358026 0.47920434414281204
v 3952.5636679756353 5206.3465588421996 8726.0058365423465
vn 0.79221578036533724 -0.091271509727012548 -0.60337688790033328
v 3472.8752929143975 5426.9670237686123 8071.8820795141264
vn -0.93687371957028032 -0.34947503688441051 -0.011611725676554786
v 3472.8377632239622 5426.9348938611365 8085.7611394566502
vn -0.92552425538842287 -0.26744421000372592 -0.26810156139640129
v 4083.6875787617319 5414.6082952027136 9046.1784089606426
vn -0.083255372068457872 0.88911024109821946 0.45005724324357754
v 3977.1923453022036 5364.215527492267 8697.7205718353562
vn 0.87171368846384412 -0.3665205340557447 -0.32523521251588355
v 4002.0499465987468 5391.6562484209662 8962.3775949545834
vn -0.85969947497450283 -0.36403007214719213 0.35832794937190471
v 4017.2283345972651 5393.9878827961111 8990.6415555849144
vn -0.77215893061788055 -0.034911153622422961 0.63446969763717076
v 4074.9200592293014 5329.6722762922591 9018.3947345527449
vn -0.23402891230256753 -0.95371532898440725 -0.18883204036031842
v 4099.5794371744196 5459.5435695027882 8892.9843412822265
vn 0.95272422974205628 0.24125191161580875 -0.18469991121850493
v 4084.7436370120849 5487.5971182613785 8920.7630693090559
vn 0.41268928311421443 0.90140611151407501 -0.13097548521670174
v 3480.9085230745109 5479.1826506267844 8113.6050926613607
vn -0.88177699674787879 0.45774606040169152 -0.11374476776108064
v 3973.3813450311682 5021.7436610306495 8906.983128146574
vn 0.16859960462591289 0.88734951587745903 0.42916781099241957
v 3741.1975163126053 5500.3853279667619 8126.4853079305885
vn 0.70944273395740265 0.7019624785822115 -0.062766917223677762
v 3974.6612465306516 5337.9446969182618 8712.1798453209722
vn 0.90708921255346575 -0.41793182609429952 -0.050221003640086394
v 4012.6890803280694 5015.2032857392478 8851.3021976564505
vn 0.50982560420115597 -0.81766999101566928 -0.26738294465683787
v 3923.3851466803098 5532.5688958398241 8614.5054021456763
vn 0.47088395333701405 0.8360975070595682 -0.28144139919080852
v 4040.2384396969378 5407.276060223845 8793.8381525289551
vn 0.85375250973146077 -0.37462059806794823 -0.36161590068807059
v 3699.0498357224315 5432.8864273409163 8141.4859496792451
vn 0.71209928084945928 -0.4405000884654936 0.5466939603430564
v 3849.8601559889162 5446.2274594147748 8475.4148281401212
vn 0.79144884690362227 -0.46863071277679125 -0.39242066430967065
v 3824.8705194200456 5328.6846427114606 8712.4239930690619
vn -0.37864989799833676 -0.87604481251138933 0.29861302921629823
v 4038.7543097553003 5387.6574505218914 9018.5558843007875
vn -0.89112142051699783 -0.42590939930007948 0.15653688857139511
v 3715.0877020980361 5414.9410522262287 8294.4965526996002
vn 0.85560313771436591 -0.50573750572806853 -0.1103306214669508
v 3597.8092745325744 5435.6259489104859 8070.2036245669933
vn 0.71248330055529985 -0.30464540689401215 -0.6321065752610141
v 3908.7402250941022 5478.2054063141904 8558.8343213708758
vn 0.69663432873357423 -0.11601595990548068 -0.7079836926632791
v 3774.7135722121284 5348.5532748799069 8658.526866447799
vn -0.4271919751627723 -0.72664652270689556 0.5380444660011906
v 4069.1067192296159 5057.3781051628757 8837.02621259019
vn 0.66930201276507995 -0.72625110201028242 -0.15682522927597822
v 3969.6529633368191 5504.5667299702018 8851.2882697822843
vn 0.16315368110579395 0.80064016431243945 0.57650342898492724
v 3523.983741309783 5534.9780606466957 8113.5984703305821
vn -0.22053951172476227 0.97497808839182665 -0.02792939175891701
v 3945.2051951113153 5533.4811580120204 8656.0960522107416
vn 0.33933347816793025 0.87398619394248345 -0.3478518698992239
v 3270.8420379281251 5419.3734460887463 8531.2775843407435
vn -0.49949984230617572 -0.71292464470182537 -0.4921771617140332
v 3675.7873673957256 5412.4038463423722 8364.0358518475186
vn -0.57605814736701555 -0.78799137159913102 -0.21731684043672753
v 3508.9360832008956 5400.2432032150273 8670.4182351857107
vn -0.20341349536723216 -0.79716915901557961 0.56845781005882812
v 3983.9761723895717 5357.9891680050041 8714.0352506788713
vn 0.86946323933184333 -0.36382570606315118 -0.33416243214674385
v 3834.1456671135966 5314.0241153594907 8655.4638302124222
vn -0.23599354027276337 -0.96488344458573838 -0.11535591581660547
v 3863.3683155714448 5473.368123883869 8475.3186236828005
vn 0.95210880675362175 -0.20327515762791029 -0.22840321887736764
v 3868.5499326729268 5533.0357019581807 8614.4588210815527
vn -0.23789755263246423 0.97110884896540572 0.018771199017872338
v 3987.9373841870402 5504.440929018132 8851.4014609376281
vn 0.16140459982326494 0.82449751058124854 0.54235819363333659
v 3767.9283474730764 5507.4442918567274 8364.8752379696525
vn 0.30660096117285129 0.8753137816488904 -0.37392731147029418
v 3504.3738145824464 5487.2899855352198 8600.6430682606824
vn -0.00090184626160771215 0.95461214053526589 -0.29785037823712501
v 3983.5267407019765 5492.4861984308845 8671.226771765696
vn 0.6394565899083573 0.23239628905490564 -0.73286235710144365
v 3379.4425118379786 5362.38346824773 8683.6763348518743
vn 0.35687640100061369 0.63930260780506265 0.68112510602861742
v 3816.9701940000109 5412.3534496089196 8416.9928575507856
vn 0.54584462640691223 -0.34413395673478614 -0.76395383606914291
v 3380.1773627976654 5394.2205215340091 8613.7205956031376
vn 0.76435689937898166 -0.49681691919182569 -0.41101274819218464
v 3612.1049458751168 5391.4123091472966 8614.634347653262
vn -0.4053486253518151 -0.8416284921041155 -0.35686688443164161
v 3782.2936482287405 5333.9887006902991 8628.4755050448148
vn -0.33441784283837817 -0.90407712883824831 -0.26610007798366975
v 3888.6137146129358 5545.6116326082847 8688.1925804315997
vn -0.32234753849764386 0.82968096580463968 -0.4557648071165547
v 3732.1474946170615 5359.329019275021 8489.8039765522153
vn -0.20010599618839545 -0.97481352718789049 -0.098469170307024081
v 3895.1283318543137 5553.9369556403544 8698.1780311568764
vn -0.79617228453721123 0.53420729089723817 -0.2841342353308231
v 3334.1693441547977 5468.2957349789212 8573.1008604741983
vn -0.57726535601280793 0.72766667529047036 0.3704941543656517
v 3640.2347595712058 5350.3566620805141 8308.4254818425688
vn -0.68833005038884965 -0.72294522534407335 0.059598178528298906
v 3651.1318463957682 5362.9992692580199 8294.2469334746693
vn -0.13400969450333194 -0.48216496971765532 -0.86577037588282968
v 3349.8443411202002 5376.8978254499443 8655.5490221486689
vn -0.20979134782930045 0.69265038041403992 0.69008915430417483
v 3930.4161141397453 5532.7563819577917 8628.6806377305329
vn 0.42311599119979537 0.86118904575528521 0.28164922414612836
v 3932.8620875697757 5484.3289608879622 8601.8081588750974
vn 0.63837583202181902 0.092965039474495748 -0.76409017695947101
v 3538.9544395919511 5535.1350277141646 8113.5903511534807
vn 0.087801081128741229 0.9935375682548353 -0.071931012914408093
v 3326.2554911680854 5475.4088478579451 8544.9857672457183
vn -0.25400551038001362 0.9654878409714539 -0.057571083304638955
v 3919.6247513040362 5523.0744405674486 8822.5768272065907
vn 0.32440596479907674 0.92660831615031281 0.19015204033578517
v 3648.4551487558292 5469.2422483734135 8600.6022899177442
vn -0.018439030398429059 0.95252137275780491 0.30391287665637456
v 3651.1819974349992 5397.0654643826747 8127.5168742855139
vn 0.49889366761426357 -0.76399637326793723 -0.40916335374496526
v 3748.9583267033304 5364.3063766732357 8503.2808053611207
vn -0.098546558278789192 -0.99315910814564723 0.062638340964203884
v 3915.9973771559135 5549.5664167551404 8684.1223764144088
vn 0.069141642415882595 0.78055991248788681 -0.62124524650168289
v 3567.0527926592695 5390.9901737810342 8238.867751398886
vn -0.39741207924555322 -0.70874436738802638 0.58287654007128509
v 3868.9817766339384 5537.989203058647 8795.4783005975896
vn -0.79305120828275344 0.60809251137431453 -0.035962183634259424
v 3293.5889992951124 5456.172007109948 8503.4112912144701
vn -0.3673218547287555 0.39092893926600819 -0.84394858817523988
v 3499.9577251189703 5492.3702758949621 8167.7432807126561
vn -0.4732561044030722 0.79293943858126226 0.38376517088925743
v 3745.4810746039793 5490.8922569066999 8322.4486705718173
vn 0.81057227136698495 0.56143873349534834 -0.16661074821903296
v 3342.4557369733034 5333.6675865709894 8628.4678190182331
vn -0.52332912322551361 -0.84804670830988371 0.083327122287921385
v 3873.9508809987324 5337.871190308003 8628.0422725841054
vn 0.38019540110697841 -0.91017682328335126 -0.16440683481817572
v 3619.2705281175467 5442.6151017630718 8559.4420505229427
vn -0.78047451124067813 -0.24395285340113732 -0.57562708642059901
v 3942.2610876246636 5378.683413914423 8837.2697343079708
vn -0.20110290155173791 -0.63795611134050612 0.74335026938232263
v 3827.5999036114163 5414.3206708945609 8475.1088956960921
vn 0.77315594827511835 -0.55741792479528751 -0.30251468850903368
v 3873.5841946956607 5497.9647177525148 8503.2797310728583
vn 0.59677346326058445 0.71738063975095023 -0.35948080791397635
v 3670.985453138921 5396.809524541839 8224.9256064378606
vn 0.59318135454980891 -0.80282254800494079 0.060098560958716365
v 3390.1422462431738 5410.1870745474944 8586.597342250152
vn 0.62512988913760725 -0.66999140880982566 0.40040496229171291
v 4018.2809239634225 5483.6344248526866 8934.6959108478331
vn -0.21232528555833038 0.90055389453468138 0.37936876011473514
v 3771.3559971864233 5496.6868730854567 8600.7205988237147
vn -0.13877555007434988 0.98376695452453644 0.11377137551721986
v 3979.4474983627015 5015.2176063559182 8907.0183116271801
vn 0.30701235257380954 0.40663268240908523 0.86046108393342624
v 3607.0242964389654 5511.0952005921126 8113.5442009604103
vn 0.37804206430743065 0.85397918631641645 -0.3574964992171642
v 4041.0450249361602 5486.6757692839765 8892.4562776574166
vn 0.16530692060246086 0.98241864637594301 -0.086759583066030863
v 3901.8451267913561 5019.6049743694466 8854.449580524486
vn -0.8988639155046706 -0.33041889000815039 -0.28786632058890482
v 3329.0819116307894 5386.732309729563 8613.6273365560319
vn -0.79053284241763655 0.28387417986924968 0.54265391831502796
v 4043.2907059055651 5352.0108819890438 8990.157093309339
vn -0.25973760398432261 -0.96535768477609918 -0.024918216633872812
v 3935.7109426167617 5552.0282131296826 8753.5008017265136
vn 0.33151865114850765 0.65994409492137596 0.67421745417860546
v 3711.2151684336673 5494.8109725236709 8210.6462716060523
vn 0.49778212475335731 0.60369826007782978 -0.62270487958183995
v 4045.7074683588676 5438.2882409401964 8795.3566647052849
vn 0.84126072909361815 -0.11238605114812596 -0.52881921409136123
v 3956.0394296437635 5350.3569391709052 8670.0729899137714
vn 0.83952922944114972 -0.53911283655679798 -0.067439027081005867
v 3783.7326679952093 5365.9765897232755 8517.227101695813
vn 0.35751880433646305 -0.81247836648446359 -0.46049886920660682
v 3966.4663633156297 5335.0041891540868 8726.0550468085967
vn 0.91342667695821878 -0.35563435374190522 -0.19792905865396124
v 3758.4911902645263 5512.6847085061945 8433.1156637140466
vn -0.032543841539442363 0.99909014407794894 0.027564150343495967
v 3908.9394025244137 5078.1618742826213 8780.9350493051934
vn -0.96252090690017189 -0.26635745825763613 0.051060828534230898
v 3993.3134385575586 5396.4855887452177 8948.5872143399447
vn -0.97586545763262988 -0.21802348970500632 -0.012343684065492719
v 3383.8566349190951 5441.7081022215098 8628.5800824516537
vn -0.65327784511813247 0.30370417913937081 0.69353574432114895
v 4004.5926010749245 4995.075847844244 8893.1154435066856
vn 0.31822277004234967 -0.84494953335136158 0.42987737171883111
v 3685.2278276497454 5394.9069335790846 8461.4913249996334
vn -0.73881174230019986 -0.65381626444483265 -0.16334473296298194
v 3516.8251173111239 5529.4634817042779 8113.5100141852199
vn -0.46555674302656819 0.8652800282765486 -0.18586928656512713
v 4123.4356969264809 5330.2195243993237 9059.0201428406399
vn 0.41997705368567939 -0.83446584204496221 -0.35677168166446183
v 3915.5718571075413 5342.7583581859071 8642.5950218268663
vn 0.36998100854031146 -0.5525691782131622 -0.74684761270845912
v 3929.3233390587534 5498.4495322559915 8587.9015349410492
vn 0.99181110339949408 0.093417575530244254 0.087085542746940373
v 3682.5806267006978 5415.1452489850526 8447.5828101609513
vn -0.92206581342602723 -0.2364222402222739 -0.30642969836371953
v 3199.5845253581347 5481.3797431818257 8544.7091532429986
vn -0.65730338441821079 0.51489209035011996 -0.55030754685652794
v 3777.455980445568 5483.3300928824865 8642.5753834811967
vn -0.1588234012252204 0.97076179184813993 0.17999075173753101
v 3675.0359881428067 5356.9275107283211 8307.7506890368495
vn 0.67373748767820973 -0.70189201594078154 -0.23113934250931836
v 4101.3967911280033 5119.9421375780921 8861.3664639702474
vn -0.46569485169421782 0.80406932661200514 0.36959548577764995
v 3736.0578301247297 5345.7763027558649 8588.8421180692585
vn 0.0041401087328345795 -0.8499781199527221 -0.52680172275849313
v 3456.2983579603024 5461.3014652482962 8670.5554069442151
vn -0.31693818670802099 0.5824654664094473 0.74852131983441628
v 3660.4279353613347 5503.9774961081594 8266.5491953023356
vn -0.32208407067846462 0.89701549527328417 0.30269630432962746
v 4041.4931843318618 5485.3050554511583 8823.1575271807105
vn 0.58358127368800139 0.81184845728505906 -0.018302442584516621
v 3868.7127278121043 5505.8433021335386 8515.9141238255525
vn 0.40747937134686874 0.81711227042345325 -0.40778437862452521
v 3927.1044318574886 5507.0564754006955 8586.8369839142815
vn 0.91847504985802364 0.39411135113561752 -0.032860701367421336
v 3914.6374961439542 5567.448944940109 8712.0048213004029
vn 0.39925981778574215 0.89715122233667899 -0.18897428968380511
v 3930.6169074709796 5452.6759718677331 8893.3490054348513
vn -0.62137967453633214 -0.38229457287698648 0.68391385394794002
v 4061.9207251582447 5345.7137337531767 9059.2604598647558
vn -0.81673994495649838 -0.52641227284551884 -0.23627522364833603
v 3903.001669663071 5078.0235955624476 8767.7821925746593
vn -0.9025488041972991 -0.39068576767907232 -0.18102565280931726
v 3978.9103704381851 5103.5720365355519 8725.895768748449
vn 0.4129683328776691 -0.18887399052482728 -0.8909454370181521
v 3666.7178318747501 5440.7728999322426 8123.7659119151158
vn -0.051620955018535052 0.09640437786155763 -0.99400275298014151
v 4027.7025821419288 5435.0055394390292 8739.8985807149602
vn 0.98562685899919666 -0.16836549907776951 -0.013883570854479959
v 3857.2160016987418 4989.9301667886939 8892.949364568718
vn -0.75291779791051983 -0.65444226676914896 -0.069427005233063138
v 3866.0593322746518 5468.3559860777877 8850.7743317711829
vn -0.64542818053838835 -0.19253300117523958 0.73915729532039443
v 3727.0672409743465 5511.0730377197015 8238.8534968141757
vn 0.62304773641993061 0.6580065987317556 -0.4228934075715382
v 3650.6871382907539 5435.3748761012757 8517.1782002288037
vn -0.80064684054055801 -0.23488100830131031 -0.5511765131713996
v 3875.6295354944887 5554.2804489055598 8572.9041170325181
vn -0.52050419464089004 0.80259049931125825 0.29141701010157844
v 3854.1214022496515 5470.3715539250597 8809.425460907878
vn -0.86519065390331718 -0.026235188974796566 0.50075627530546973
v 3803.9045486951527 5489.016241415181 8642.6905119769217
vn -0.11413035007893108 0.971465317846117 0.20791680887557815
v 3825.9112936552765 5491.4185566551869 8698.0635323904826
vn -0.47890212821327927 0.87604593024901767 0.056535649699329421
v 3353.1185820833671 5350.9168520879539 8600.9356862677414
vn 0.64694564783372455 -0.54255835424482168 -0.53580944466120906
v 3303.1178104362752 5414.761928037904 8503.1496040595448
vn -0.37584767049565493 -0.57266140031572199 -0.7285584734058248
v 4048.634414071485 5474.3291054328074 8795.4858217917517
vn 0.85511645734195618 0.30739930281510147 -0.41747037381319879
v 3698.929762893491 5396.0219120031434 8447.2110165598406
vn -0.52019575295365128 -0.7238489996832832 -0.45325379674801847
v 3964.3225452240822 5521.0474601955011 8781.2236432892041
vn 0.21193823189051403 0.96999927235813088 -0.11909490957979446
v 3380.0774503331777 5386.7445985907798 8642.6134645833718
vn 0.86820626433067261 -0.15870902914696169 0.47013756140539043
v 3793.1160736641323 5336.5950999350371 8617.0009559145346
vn -0.1786763568211632 -0.93468265998931344 -0.30731593617711689
v 3351.7293404113666 5360.1322020744547 8584.9236689367644
vn 0.39018343712051967 -0.89838217728169178 -0.20165899171478638
v 3348.4558257945973 5402.6176927764627 8517.1487208991166
vn 0.56806359345454349 -0.76299847085229755 -0.30844300489485388
v 4008.524653412097 5066.5286959099994 8865.0647253001553
vn -0.14252950883678428 0.65379968904139618 0.74312267205362448
v 3675.0805608698647 5408.9499723145564 8210.9734337765531
vn 0.68677649118675232 -0.51115294505487607 -0.5167791771297866
v 3806.2871875790534 5503.3722993590982 8614.6322767740694
vn -0.011315095684857626 0.98562145787259137 0.16858917637484988
v 3809.4712263683227 5514.7942954429573 8557.8763534431746
vn -0.15153027148616871 0.93377059673437057 -0.32420834273297972
v 3456.5340673144697 5411.9610044147548 8170.2235359105716
vn -0.9848519742420524 -0.0031111324595347717 0.17336928703305832
v 3729.2780765321622 5511.2954938216044 8308.2541448992906
vn 0.52746093547266271 0.84769791729876232 -0.056508429084907524
v 3723.1160143773909 5497.2202543300318 8140.5587964036677
vn -0.50763938881771187 0.68431706865200126 0.52346193794039331
v 3781.3135565696371 5489.4528838330125 8628.1698295425704
vn -0.24503878805027735 0.82830934422370439 0.50384483982923556
v 3688.9212631803402 5390.3548802228906 8308.3669164860512
vn 0.71620173967906764 -0.68080381353637132 0.1534966955833606
v 3874.0124251263042 5349.582511171684 8781.6073363812247
vn -0.40319619546716429 -0.70110898397934618 0.58811480218087786
v 4040.7187199090986 5397.5445466683304 8823.3775562149403
vn 0.57301927007365006 -0.79722088708531758 -0.18996782179927421
v 3846.9688637143554 5522.7587678072341 8614.548550242007
vn -0.42939987617146747 0.90209391077384127 0.042922284290158687
v 3870.4746571907745 5317.0668368612533 8767.7138721893571
vn -0.29190050064945861 -0.46236160196265746 0.83726689099182727
v 4154.9686432657327 5405.3957776120697 9073.9732605073459
vn 0.13401532872486516 0.56776208699445907 0.81221062800142085
v 3789.0694670953526 5483.5566280601415 8642.4797530442629
vn -0.23483393979999539 0.94957145392671038 0.20776687562151355
v 3865.3702325884897 5551.3882262306888 8739.9121826843748
vn -0.76823547537075898 0.63807398052512099 0.051728616438984173
v 4123.6918891591231 5442.943388423304 8948.5655448217076
vn 0.8908351374436333 0.24727809666683456 -0.38113816498037878
v 3800.1134831438576 5500.7904457534851 8600.3151958514081
vn -0.19565071793910616 0.97055590715718665 0.14050632602200797
v 3976.9884733254939 5179.2954458865479 8740.0034613259813
vn 0.63084385653105546 0.77576461243738115 -0.015009822347547101
v 3948.8249866121814 5505.6345629834905 8641.6860849164332
vn 0.71086560257219844 0.63624356821775696 -0.29977360954760762
v 3675.709571595009 5499.3339908238613 8334.3627611652628
vn -0.69654086186445785 0.7174309620535323 -0.011119462219966337
v 4060.5107736346135 5399.9541186999541 8837.2180839485281
vn 0.73165382740927731 -0.64016698081608348 -0.23424114393115392
v 3783.8450197694747 5364.104602899265 8489.4007600775603
vn 0.54752254373740872 -0.83408826732911912 -0.067199898833445085
v 3844.4431212444451 5512.9843610976786 8711.9560014505314
vn -0.7437043900071354 0.61988532647297867 -0.25029175437397716
v 3864.0119465816242 5544.8698201225488 8753.8153879983838
vn -0.63908047240827803 0.57758132267591189 0.50791334446178527
v 3666.0884136776394 5493.5031369809913 8350.9232930061153
vn -0.75929742700456293 0.64938178349039355 0.042079883734227178
v 3705.3193665553372 5429.2304330048864 8238.8106628338501
vn 0.61193417207705647 -0.78306120638506438 -0.11113827468129474
v 3942.8208821874559 5557.2067028860638 8725.9475473095936
vn 0.53262915012764078 0.74231132584703008 -0.40654653356477088
v 3343.3911963466621 5431.6934607366375 8503.1874539292985
vn 0.45525611787469017 -0.071058038318661781 -0.88752049121581966
v 3721.9253245596274 5420.436288824023 8322.5402920346951
vn 0.64575928894794332 -0.69728033879477969 -0.31111906059848488
v 4126.3438590333371 5342.3350270123665 9032.100215306109
vn 0.55197867688614166 -0.660700606457156 -0.50871824116122544
v 3702.2485357853475 5441.6802822947247 8670.3134372373625
vn -0.055564744470402001 0.45740896659293895 0.8875187865348646
v 3583.0130388881698 5402.9938980320767 8071.7756922740009
vn 0.5643903013480821 -0.41512810395129968 -0.71353503421627451
v 3779.2770065385994 5344.9209158617887 8684.0141440021489
vn -0.90561201419270609 -0.36583472629268959 0.2145503036310665
v 3701.577336360242 5511.2174344473433 8308.3189168653716
vn -0.12696674137461927 0.95151595885778706 0.28017285133227454
v 3839.4396666131597 5335.7741092762017 8615.6842347001311
vn -0.098847155558615771 -0.94719643318719993 -0.30503795959751806
v 4021.6018077039334 5023.1383746790088 8851.1026348483792
vn 0.61393898922848522 -0.7444297574685167 -0.26249429270075836
v 3751.0293256430487 5411.1457627326918 8364.1856490641403
vn 0.68444089650339879 -0.69418125550501497 -0.22282962931151004
v 3597.0795651534413 5487.0475685931542 8071.8513738954362
vn 0.64004954124079161 0.68153360738500823 -0.35475135907030669
v 3621.0783721921634 5476.6084047729473 8099.6461306305646
vn 0.62259392570582017 0.35462689743425285 -0.6975790760124414
v 3594.5592891910442 5430.6878761993403 8268.6693308161539
vn -0.10041891490544745 0.18795573968041571 0.97703054274183287
v 3611.200319281219 5497.0785957150001 8197.0515579105177
vn -0.08479229396565216 0.98710039145863004 -0.1358053167820083
v 4072.5648743977108 5343.1684120089685 9034.033072303986
vn -0.77038868555089779 -0.49364463039503342 0.40350495914834911
v 3500.9505589092569 5423.4135367302215 8239.361285832736
vn -0.1599294321045818 -0.66825879983381842 0.72653475704288961
v 3975.8494212192909 5095.9967164609625 8837.3086057368091
vn -0.19736901741226284 0.80470283297944811 0.55990965481992561
v 3927.5497397743093 4962.6766419824125 8906.8733124198297
vn 0.39143224723983899 -0.85208988218961557 -0.3474530594063846
v 3990.1551949810014 5462.7317111068751 8921.0869638225704
vn -0.76829227870211281 0.59099254343234109 0.24587555407987871
v 4020.9405036095422 5499.5675299948562 8795.1684111646882
vn 0.65000296632413357 0.75366698117311359 -0.097376718260748035
v 4043.6796993001244 5134.4183281101068 8754.0275387198089
vn 0.77920281773451594 0.26226701098286587 -0.56926178844596964
v 4130.8357639396127 5426.3781463564392 9032.2668867739267
vn 0.1067568311445402 0.77619253543254652 0.62139208793061662
v 3362.157719455985 5344.079528119637 8691.2855746003697
vn -0.0065418297510132506 -0.0047962798367938526 0.99996709954039775
v 4171.4193313579553 5384.8336797587926 9031.958566862264
vn 0.77007185821963053 -0.38675838967972853 -0.50735321147156298
v 4033.9301928209316 5359.5192578168908 8962.5618557719154
vn -0.41020324958089832 -0.91171134691990574 -0.022709335762248345
v 3638.9842987352386 5388.8375945754888 8155.1396077256586
vn 0.5236511553474319 -0.85059650298009293 0.047697553620039274
v 3778.5338464644783 5465.1885850233039 8674.0500883726891
vn -0.37562388491952475 0.70177825029121876 0.60532138942561675
v 4050.0576409982273 5484.7732849454405 8835.3736892097477
vn 0.55454978154187828 0.78686190194829198 -0.27078199174644441
v 3320.5075096721584 5378.7327760531107 8572.8960931194342
vn -0.88616332798874475 -0.13580835847981043 0.44302443035901734
v 3859.8992557705706 5473.9982838524065 8447.834613617817
vn 0.98763594924715414 -0.038655632339076471 -0.15192423718136225
v 3640.1888246194985 5464.1583592195257 8294.7177128308213
vn -0.81766180740101591 0.57554505366504061 0.01330638641440096
v 3737.1715251154756 5475.2326521368459 8280.4685949167724
vn 0.86680601841468552 0.49382394514286521 0.069175412131885189
v 3981.569451646385 5430.1735679617095 8920.979409050602
vn -0.85348813454816297 0.12856734698785555 0.50500340738850591
v 4054.0170107621598 5486.343344416995 8906.8371433910761
vn 0.17213726422836143 0.90777809565874779 -0.38250188405569002
v 3664.4765340338172 5445.53772658874 8503.1715511883067
vn -0.9486725042432097 0.026477773376548629 -0.31514981708694872
v 3608.6649366968495 5429.4791298865866 8572.7323759711999
vn -0.16047918924526189 0.16422365069389899 -0.97328157404317051
v 4057.8653917770735 5370.9581352308924 8907.0651544830744
vn 0.27733998942810473 -0.95966765362630624 0.04604915685871782
v 3992.8009378328325 5360.2547388764215 8738.5952387580001
vn 0.7831742257082831 -0.47785132328905461 -0.39786460638907151
v 3733.10565850289 5480.5102657027946 8162.4352823108693
vn 0.047665201027012528 0.14298689976195378 0.988576135210394
v 3889.6659430420204 5534.5427998691021 8809.5677904428467
vn -0.4842383573606765 0.7008870297169606 0.52370849223128912
v 3786.8832381855082 5502.999684568772 8377.9817612577044
vn 0.65117460388775161 0.68092639806324973 -0.33512814813476727
v 3909.0426941162514 5533.9861174448688 8809.7576684276173
vn 0.17532731581849689 0.77316641988502899 0.6094866852442703
v 4004.9036493324293 5422.3653381592885 8976.4985928432379
vn -0.83549217745974258 0.23596775997709293 0.49625803535557073
v 4119.2473745804873 5444.0824358094933 8976.4182314694408
vn 0.67802008390003976 0.73445828767507459 0.029322167272904556
v 3897.2653471368703 5537.2993203159494 8656.3549030815138
vn -0.0063620482512709731 0.90874348717461795 -0.41730660054660473
v 3998.4446591970845 5377.6924036597611 8865.33608591343
vn -0.16103860275625162 -0.94616650617249176 0.28077662121276126
v 3958.5355833504291 5532.6903295340617 8795.4841648642632
vn 0.32416934270317727 0.94599753607223136 0.0017026440195323596
v 4045.6138529668151 5453.1828210560889 8781.6268719388681
vn 0.91296635825715733 -0.049982648217559544 -0.40496192854121954
v 4030.6053439644456 5374.3330989574461 9073.9288189462441
vn -0.8977950698389634 -0.080657523759347552 0.43296463647030253
v 3800.1380117045883 5381.500737646893 8502.1826003091664
vn 0.59900167666014903 -0.79409202083313124 -0.10302841262236292
v 3676.2239115821649 5384.87729446705 8322.1955750239613
vn 0.57215677352742977 -0.62032828682443553 0.53649738403103353
v 4036.563982561539 5372.6610877509993 9032.3735958321668
vn -0.95222290294651368 -0.30523404571921947 0.010184323148453168
v 3705.8311160276517 5401.7249047518981 8294.7794645811828
vn 0.84197381299250551 -0.5382706722480487 0.036671264397278136
v 4036.3826468964871 5419.0307400701813 8767.123650249714
vn 0.8329141342364742 -0.23362416442436523 -0.50167100253664432
v 3943.3582892142986 5493.3063412185247 8614.526759875811
vn 0.795084024806617 0.23094315855371628 -0.56080892558387818
v 4059.7929420709834 5483.8225177407094 8907.0375180883075
vn 0.2893076519038158 0.85433064281222981 -0.43176409681901828
v 3669.5962811091958 5408.1962794671927 8504.2815446397362
vn -0.88197318321618356 -0.47073799118190385 -0.023001037923061639
v 4018.7155232747318 5480.6822954646595 8948.1573614211884
vn -0.29477943655941008 0.76761967960096888 0.56909147882482181
v 3896.428259105915 5496.1783153908236 8864.5809216895614
vn -0.20703947670750142 0.56710674840400133 0.79719796223982209
v 3879.9748021021478 5555.2352561938997 8754.0810372042597
vn -0.30412556396805168 0.72724652306890225 0.61532116494177846
v 3695.9701975962125 5507.6373357150678 8280.7194349551664
vn 0.050878171640901623 0.99373370319375165 0.099522554163926122
v 4002.5788831846148 5377.6968023130185 8920.6122564372163
vn -0.68791044650773414 -0.72464718701795539 0.040812644272262964
v 3954.1402317237175 5542.0507087024907 8754.2512121108884
vn 0.37753820355925866 0.68481555003157524 0.62329171925206794
v 4050.1649176121828 5361.8050996999327 8920.8235177950664
vn 0.16760701046194179 -0.9818155403193104 -0.089141095076911203
v 3862.4842825683336 5320.970175557919 8768.0267779607129
vn -0.25720938076481142 -0.47562650334974393 0.84120316437700005
v 3704.3130082809184 5496.1561969811692 8405.3702966763267
vn -0.76869435177766432 0.60440805195973213 0.20928425710348611
v 3884.8603465751348 4994.7832160091257 8921.0293831671715
vn -0.69449193014138377 0.14149654726101862 0.70544998836324713
v 3851.7205734829913 5365.9235751445231 8781.2777359466636
vn -0.61326343597332456 -0.4565212311958472 0.64459004302395173
v 3863.1357846028986 5358.3265259235341 8781.531791832047
vn -0.49613036412803718 -0.63437944065077678 0.59280467868412523
v 3692.5862809134051 5391.365634216987 8322.5649492157972
vn 0.56931324205324896 -0.75466708660317661 0.32612884082934535
v 3764.9608819694122 5340.0450102581572 8627.7121887277062
vn -0.29966907953993616 -0.93975427321412486 -0.16450030013188274
v 3721.0870885441686 5444.9369488564535 8238.8645957045137
vn 0.77742368021102481 -0.51733977736128123 -0.35773170981466851
v 3952.2265035680607 5291.7926297411577 8726.2254665275632
vn 0.89910361456817667 -0.37374079418637673 -0.22788266505238172
v 4013.970766955732 5054.9665293680664 8878.7335911072696
vn -0.17667228619200695 0.62698832177819541 0.75873087959134211
v 3653.2789795672743 5379.0540565356941 8586.8615428636422
vn -0.64124539456196528 -0.76266128788436605 -0.084570112425310054
v 3864.4523989319832 5520.9602149743923 8656.4654779422617
vn -0.42782267417326852 0.80544129464847392 -0.41016104195574626
v 3965.8852964063799 5107.9479416717677 8809.705005438158
vn -0.29664146545534675 0.6884057185172261 0.66189229311519104
v 3608.7249720460386 5448.5388271575503 8573.3884440697511
vn -0.65134955019535345 0.53023083859759268 -0.5427697681894269
v 3653.1275520964737 5487.2329521854335 8183.2404302234982
vn -0.077457539116511764 0.99336685422161575 -0.084986013954446077
v 3963.6312466378949 5057.2802332489846 8865.2827085614481
vn -0.158033976769162 0.70276926900773073 0.69364300380301069
v 3957.4553308603572 5308.1706655771777 8725.725518481464
vn 0.95198187913203935 -0.22511688563536042 -0.20749190250722396
v 3793.3346251081603 5492.54773952494 8377.94236380855
vn 0.53203735272845543 0.47700223028305128 -0.69957496210677228
v 3859.7102742297411 5302.6969887339801 8753.813436808281
vn -0.40099172440160441 -0.6991205720611634 0.59197640382222949
v 3918.8311656651986 5053.0865518613282 8851.3768766337125
vn -0.52527332831797469 0.53330943957923116 0.66307538953986489
v 3383.2416317700709 5435.8645505027253 8530.6026976987087
vn 0.7746857918539265 -0.41766422164312816 -0.47478260484025181
v 3969.0635724603926 5411.494233163583 8879.0036655639742
vn -0.55360504559164725 -0.7082061417234643 0.43813869301927066
v 3624.50015412212 5442.3412517736524 8308.4385005596505
vn -0.7965199603584221 0.47533267957039382 0.37365063426019651
v 3532.6612617022329 5380.2982049827006 8183.0626816710019
vn -0.21127205448923431 -0.94731075470482218 0.24076223335996469
v 3926.8649443322911 5459.0896159023559 8573.2887599348087
vn 0.81532459807220659 -0.096159417569960243 -0.57096336676795734
v 3378.4363462957263 5398.8475157677021 8641.8320796381449
vn 0.57767894441396983 -0.41235944512966127 0.70444781580548577
v 3656.4969909007159 5471.0681756930135 8600.6136414670582
vn -0.14811151886062038 0.9215283786647982 0.35895462846469672
v 3877.6249663320013 4989.8517415805281 8892.8128642173433
vn -0.8373530844356174 -0.54562103863026168 -0.033726757777652848
v 3738.6634005044821 5493.2813135460019 8142.222399594335
vn 0.75006059310079121 0.65771010703055921 0.069473173147192188
v 3659.481456048994 5371.0491662561208 8280.3128328301864
vn 0.16106513616546966 -0.7836498708158357 -0.59995908350680272
v 4057.496413406343 5382.8547022973289 8880.6636270897179
vn 0.46327918838533599 -0.65269861492135961 -0.59946385352977138
v 3985.8081754701079 5358.6427419262618 8728.5508541464078
vn 0.8368424989503046 -0.46643308300605435 -0.28659171486293311
v 3690.5131745883018 5416.5523987056804 8419.8075854936051
vn -0.96492292642036037 -0.25510955838814825 -0.061990800022034581
v 3889.7380072269079 5307.7771093341134 8670.3246780415684
vn -0.11658549739226021 -0.94105695287757796 -0.31752107526677215
v 3857.0562447549673 5006.3020967667026 8893.0128458954132
vn -0.75010268561653093 0.66050546065073157 -0.032840485401904748
v 4189.1005503541819 5399.0319781050584 9062.0478207995184
vn 0.6541469365632987 0.70184578573546541 0.28196503050949223
v 3697.8452017194322 5412.0685303975597 8350.4868165007374
vn -0.04397758971987082 -0.99874550142888907 -0.023945667206990543
v 3734.7566253679315 5495.1527808337751 8099.6367372311379
vn 0.10308044443689363 0.90654541770341956 -0.40932850818825817
v 4067.0099764565384 5130.2670052523681 8817.4168512261131
vn -0.44117568804789359 0.76472637725316439 0.46963558234946223
v 3863.5494163292678 5295.0168550532071 8739.8475537524973
vn -0.5695240138238733 -0.82183313259328228 -0.015254502609301944
v 3377.9712755695436 5336.2663111664187 8628.5205039553912
vn 0.62475363530993588 -0.774042822249288 -0.10266744611305421
v 4068.967601920468 5369.4193884975202 8920.3095343969853
vn 0.5750114435945175 -0.73162043185831049 -0.36618763417517031
v 3500.9608191289626 5475.4660952268514 8071.9047942262205
vn -0.85448210860434304 0.50782812491976126 0.10941170694013985
v 3968.8954496509277 5042.4943933359073 8879.0625228157314
vn -0.12235100304361958 0.57753349689722089 0.80714638821956441
v 3903.1283933014638 4977.6048370891913 8893.6990162161201
vn -0.26768917050849861 -0.83587598897464488 -0.47922211869667641
v 3844.029446521954 5474.5816254689416 8780.2671749813398
vn -0.90066842671744896 0.43027318266058562 0.060509283564141689
v 3912.6503159303065 5036.7839983775375 8862.9704897806441
vn -0.57219900544664493 0.77808011091678853 0.2591903531414475
v 4096.7566575205165 5423.1649540959006 8906.9647482296914
vn 0.98422544448874338 -0.15434354229107627 -0.086477426962058526
v 4048.6109050446976 5042.3295265209454 8851.2297724817181
vn 0.47132593281428586 -0.82756809725442582 -0.30493099131349821
v 4041.1795346435565 5365.0511811179313 8976.4265691772525
vn -0.40973448757917386 -0.90799843521538937 -0.087501379044197095
v 3759.1640542642854 5398.4187297020617 8684.4215011985871
vn -0.5716210575200934 -0.11251704886384306 0.81276643650841141
v 3435.2637410138113 5467.97148789331 8637.3924364259838
vn -0.45915124942043006 0.77492980463666727 0.43435461093608135
v 3816.0477760033627 5511.2702617284685 8446.87730323715
vn 0.56318233343313873 0.82343672104256738 -0.069120371436140346
v 3749.7143206835899 5506.6395521351515 8517.4146231089398
vn -0.3345832285080842 0.85998332153338863 0.38533459471673093
v 3678.0950348185406 5403.999732884633 8335.2061370560605
vn -0.0523649828388634 -0.62837250551292456 0.77614811916778803
v 3343.5050977256706 5368.0481369663939 8656.6107078818168
vn -0.64542850253505135 -0.043131225613303924 0.76260195744074488
v 3918.6941162176226 5543.7193284244586 8795.5316065086899
vn 0.28364322314032847 0.93911963545649624 -0.19390934032847285
v 3852.800585018284 5525.0307019191823 8544.9402554244534
vn -0.16328359802028741 0.8885344356667525 -0.42877152803318819
v 3904.3568373172884 5005.9294527069806 8906.3784026732646
vn -0.24923600726875567 0.96391901816956449 0.093496198274322762
v 3322.7047722996585 5393.4900461084444 8586.5453515695062
vn -0.90368158111169372 0.42382174839685588 0.061112400912592818
v 3599.1433344045172 5453.610694961204 8642.8254336874306
vn -0.011546979874168275 0.92943909132299929 0.36879485188443578
v 4163.809029558488 5411.5573404797742 9031.9625807257726
vn 0.69401931176159248 0.70280347112376318 -0.15621931979865783
v 4132.6833918779112 5415.7348899279559 8976.3622308261547
vn 0.71731863950452368 0.084300740085238288 -0.69162660058767278
v 4099.4737269554498 5447.4671314026464 9004.5059231925916
vn 0.20273874093485048 0.86350967007234358 0.46178788703873985
v 3346.4309185884777 5395.9442676591425 8545.0208941045421
vn 0.42912713265353131 -0.65845057111010852 -0.61829826898134732
v 3881.3835216955158 5468.0982963377464 8503.2415416392923
vn 0.78938406191004551 -0.04819073959042975 -0.61200527401332494
v 4015.3290476110924 5016.8793346937682 8823.3358413910973
vn 0.25236882400254529 -0.92764990881627574 -0.27527372439941966
v 3414.6194475373759 5422.3626717252246 8558.9990476971361
vn 0.39950011182384659 -0.80093953443316235 -0.44597704294584861
v 3742.2065993627784 5511.3001312161286 8350.2204671946984
vn 0.054069338427792629 0.99615180212616106 0.068978937095192358
v 3572.9569283144883 5374.8708848793722 8169.2370165222574
vn -0.08440521192044928 -0.9791478455712056 -0.18478435191847395
v 4078.8460502829107 5444.4166958665701 8851.5790594399368
vn 0.83881294435537002 -0.050887112951175581 -0.54203629594093516
v 4024.9045822968947 5384.4678832495229 8823.5986546670229
vn 0.76870685237568603 -0.63584413682278151 -0.069224336607562442
v 3754.8299477819128 5513.0302664642395 8391.6326493964498
vn 0.049077338545133818 0.9579693819839914 -0.28264125322135075
v 3285.9407551021031 5410.6038170900138 8530.8324492033753
vn -0.60583729869318692 -0.68691605829864089 -0.40138198310786272
v 3950.5561515963345 5549.2976418775943 8684.2447229240533
vn 0.46735948021196339 0.82169244214734682 -0.32618498857846406
v 3685.2693637368029 5488.9504556698193 8377.8355216248547
vn -0.37506394559336825 0.76892943322146445 0.51775917513999925
v 3964.2225480681936 5371.9978225767582 8670.4245717176964
vn 0.92165253981920292 -0.34459351708493108 -0.17835891855427244
v 3828.8160958389071 5516.4607760598074 8529.1023083539058
vn 0.028474948446099851 0.99950537747056833 -0.013348322681477407
v 3557.5828029549448 5402.6516665575928 8614.4294530225397
vn 0.079786514398159383 -0.7475845991804555 -0.65935679202415898
v 4046.0127168410581 5390.7142893704222 8850.9612924410685
vn 0.48665983896614579 -0.82768013702557031 -0.27947771272639632
v 3684.9410602869066 5503.3332444984007 8364.129340857924
vn -0.1739468834672076 0.90140329668147534 0.39650293626127625
v 3955.2437087306171 4974.8708677048853 8892.997875277797
vn 0.090699865409645988 -0.58570227529642394 -0.80543552139650754
v 3675.4457072907826 5364.8096781645145 8322.4136066920182
vn 0.78589228060532546 -0.29484647114986406 0.54354289778768405
v 3797.5472814374152 5321.7490702502728 8684.2736323060108
vn -0.66023821948216022 -0.74519288907612813 0.093664569637617892
v 3835.1387471830531 5533.1342595393871 8572.9398393466672
vn -0.4140580360926846 0.90845222608848131 0.05718824758595166
v 3930.7673452136805 5354.4974909496814 8642.3456226227372
vn 0.53417776084824409 -0.59656928637372941 -0.59896511281600984
v 3645.4251573068786 5478.5731108323462 8544.5090618336908
vn -0.32933582460939859 0.89655705529759377 -0.29618129789869374
v 3908.8940935678329 5334.9048609851743 8781.5688844350952
vn -0.2249151607462766 -0.69706536205311576 0.68081792829818699
v 3826.6525302813779 5341.4254470105443 8572.858736919974
vn 0.24808374689298868 -0.95575987776990168 -0.15804274919400166
v 3693.0715424762802 5446.8968164789712 8197.0557828716119
vn 0.8154762581124726 -0.519164820901724 -0.25586395055372846
v 3737.2515775400816 5485.1554551951031 8253.005054478941
vn 0.93728000694256353 0.20087980586389681 -0.28487452006424041
v 3653.8052725824969 5394.4964538926506 8323.3422323574996
vn -0.10334940752335045 -0.011631556824013534 0.99457709950029627
v 3924.809996031081 5131.8195394820614 8781.4936926676273
vn -0.49286400207437731 0.47698856863089084 0.72771352938823541
v 3918.611842766044 5114.9414066819818 8781.8722971995194
vn -0.75710766829409615 0.43400305605504758 0.48829225464383103
v 3923.8504926210353 5507.6174015017059 8572.7930617905786
vn 0.84487012218397295 0.29769496767587617 -0.44449092551063141
v 3589.0994140962794 5468.4397347415161 8057.8118459906891
vn 0.46618574853303946 0.066661218568558278 -0.8821718255553419
v 4009.6011706191248 5444.7194236539726 8962.2804648340825
vn -0.646859028373439 0.70577652876210262 0.28888213662372308
v 3858.2565122903616 5297.4091033066852 8739.8408721663563
vn -0.49963157181718271 -0.85052720597912168 -0.16423082637811992
v 3274.6852541547014 5459.5134855241322 8522.7875294728292
vn -0.36205531407579628 0.59951099973416921 -0.71379444572454731
v 4079.5062613633345 5388.4840368672449 8865.0501399940968
vn 0.79600446495105526 -0.59716768941299503 -0.098831384180983098
v 3610.7794042567775 5407.125544024083 8280.5668825005523
vn -0.97757983205656596 -0.16144861066517277 0.1351740288315102
v 3673.3603467078392 5413.0136907095693 8391.9764987597318
vn -0.75767896745634089 -0.59352136169887737 0.27139450156811118
v 4063.7167859285987 5458.456337897157 8823.2917032266269
vn 0.91353248533222486 0.28490272154527074 -0.29032539933465379
v 3476.624408664587 5436.7852733505624 8085.1214081450125
vn -0.93227268935001262 0.3613075542313921 -0.018013437967929528
v 3616.9193516078358 5424.6777399151251 8294.5737305241564
vn -0.88617029325270413 0.42124063088480579 0.19302471926721476
v 3858.7290326671391 5505.8542020700825 8490.3812704501761
vn 0.61763398551499504 0.75863072806027798 -0.20738292692407287
v 3860.3712126325045 5442.7459970773461 8495.6136397914106
vn 0.70031584260009883 -0.4334273831690636 -0.56718464729092521
v 3518.9188912213808 5417.1047805410763 8239.120807556561
vn -0.22168230599990499 -0.47698654225064319 0.85049444073335356
v 3909.4738439776265 5273.2660947989061 8697.0143292977464
vn -0.29395904932196276 -0.58302198340136735 -0.75741233432818045
v 3714.2373008517552 5406.2896173065192 8350.0152931190096
vn 0.013744107213717563 -0.96950644542555531 -0.24468010093835321
v 4029.1474458299781 5498.5356601814274 8808.5415713014518
vn 0.56946820536347997 0.82201173378551284 -0.001634808561415062
v 3596.9887491295158 5417.0506578735212 8266.8394126283583
vn -0.57581015941962965 -0.31954692473279134 0.75255061172186721
v 3774.9008165310879 5508.9203153697499 8376.3856606778827
vn 0.34773652661091625 0.89713659908073884 -0.27244307781703903
v 3631.7345099871618 5385.8673471824495 8144.2502758023002
vn 0.52054164966834904 -0.85005597887506068 -0.080257234809804817
v 3600.8013386174025 5455.494674323153 8600.7811901394798
vn -0.09569926572164375 0.8881051276093872 -0.4495674953266221
v 3858.4753946267347 5311.972824618053 8725.9585226991803
vn -0.56457661718924934 -0.79679694127113121 -0.21533201736879118
v 3918.0683370419897 5141.0501578551439 8739.7800105153583
vn -0.98810507504074185 0.12356495763267794 -0.091542678155953197
v 3489.9117411853458 5392.5899078852262 8183.2604782858252
vn -0.3452665341034854 -0.90053982555837786 0.26423293324537178
v 3797.6607444410747 5472.2680546385254 8684.4746351535759
vn -0.53655859592215083 0.62212090031793588 0.57014950541910592
v 4000.9167241961318 5375.0561724001955 8739.8498208915644
vn 0.80472689702493128 -0.44094952795464848 -0.3974646336483264
v 4063.4659814711299 5427.810566594535 8823.2447675412077
vn 0.87459653832045392 -0.23288610430619369 -0.42525869488931489
v 3746.4184488925766 5500.2519949463949 8307.8270137582222
vn 0.62363893915635127 0.7598457724637584 -0.18359977025283847
v 3959.3204669242041 5421.2193382710839 8894.2402777031002
vn -0.68605674554644669 -0.67931247822419982 0.26050086145560847
v 3476.2658049880411 5489.374333523836 8642.5366738301291
vn -0.31068760729792616 0.84561627384895166 0.43405797777866578
v 3475.0997684626782 5459.0001696620875 8168.8228977407944
vn -0.84796720600076692 0.51012334892902478 0.14396453182881339
v 3980.2318452125537 5376.1340241048028 8684.1886822890519
vn 0.74426013422717685 -0.50846006032285074 -0.43306491390624996
v 3500.1186851389084 5394.930341443709 8196.7029098586063
vn -0.37082793843499617 -0.8722016515918295 0.31898419872547867
v 3704.1028810358139 5382.0296115274177 8475.5974200879209
vn -0.58890410165663909 -0.79840012772457847 -0.12549579714621412
v 3763.8200359786206 5346.7172337407883 8583.9960856099133
vn -0.051126651664911815 -0.99856512140849452 -0.015929965347526488
v 4036.4365998478424 5494.4836195452681 8837.9552499822494
vn 0.38187888213380877 0.91538051798599618 -0.12746382495407008
v 3473.9064858928632 5421.2293107631358 8224.4022225087865
vn -0.83259504548461649 -0.22906659456821452 0.50429553387610981
v 3570.9881267296732 5383.9376425670962 8655.1970307715819
vn 0.15747529781579625 -0.97716106037480532 0.14268073683932397
v 3629.3760292790103 5406.8578664168308 8572.0369338458804
vn -0.50026853461595333 -0.56140360809670098 -0.65920966474196396
v 3670.426524904115 5482.6328607794749 8544.3593264038591
vn -0.048885363777368122 0.71270475316368098 -0.69975864126586607
v 3931.0360116173961 5527.0630675079155 8614.5316353195085
vn 0.79586054283475449 0.3322201588797945 -0.50619735518140929
v 3783.0471045408231 5373.2933088965146 8446.1921325304284
vn 0.29838977704189679 -0.93962818203709109 -0.16751841832633896
v 3540.2595042944049 5385.9572076532759 8670.6143563765872
vn 0.044447287253881536 -0.76712579241787227 0.63995504315773799
v 3920.469491320152 5180.5427809583998 8739.5569515830266
vn -0.91663168457290778 -0.16066144274313562 0.36602493856666019
v 3689.2694004562181 5442.9305341459512 8197.1346407475285
vn 0.82283549523623489 -0.50616897400283767 -0.25833063607759482
v 4103.4403897057946 5376.0780358275952 8948.7159929869231
vn 0.5776580551105458 -0.61384712454239598 -0.53805471753059997
v 3653.524575314751 5429.2455765200248 8517.1070366543645
vn -0.80560388667988692 -0.34609086697665781 -0.4808570365104427
v 3721.1435269340072 5372.8195793868508 8461.4624894354893
vn -0.28801673670208067 -0.91831632001136954 -0.27155385429093137
v 3731.8600522043243 5499.3773556408005 8447.5216316934566
vn -0.47657253338886796 0.87279817453660813 0.10536587182233591
v 4075.9499101957044 5105.4741843307092 8781.7153187467975
vn 0.85754874971400052 0.19123265901508613 -0.47753556096899646
v 3863.4692764021688 5496.5454434141157 8489.4520236317112
vn 0.83021890210528937 0.37975124816260297 -0.40807543923401335
v 4066.3859665534796 5137.7764412485812 8802.2502139687058
vn 0.11091908941213227 0.98687554371955999 0.11736105321701115
v 4108.237348863986 5405.3407928754241 9073.9936384485554
vn -0.030342815923082585 0.48543168728160174 0.87374789871266356
v 3809.0729601275925 5316.136487606419 8684.3398040880675
vn -0.57383695805049273 -0.81844378721430966 0.029341314654508555
v 3936.9600987070421 5064.3951948939575 8848.8158004133802
vn -0.28265158869496548 0.60312164083330233 0.74589031751776824
v 3866.7352772702725 5336.0655813782578 8628.2720405876134
vn 0.29037508812306762 -0.80623774526556258 -0.51542507341671162
v 3528.8094817036026 5449.3256416882314 8684.2662529112495
vn 0.2115783327384031 0.4171273580649259 0.88387746677320189
v 3822.2716839916247 5322.8218584683282 8628.3840519405094
vn -0.25447106413333587 -0.84254878580679848 -0.47471677983228838
v 4009.7172777878427 5445.5553245724823 8977.5497715322999
vn -0.59243116908511917 0.62840653618083764 0.50411361336670979
v 3204.7137279918243 5459.1480773609728 8559.0676038628371
vn -0.38571498822237121 -0.74369499326461563 0.5460235387359772
v 3384.4335790604455 5332.6842407242148 8684.2726576251698
vn 0.71832209488982368 -0.49541253451020067 0.48844630067518602
v 3842.1964296324377 5469.1779186589984 8795.6534290503896
vn -0.76956357980760459 0.37793387513152898 0.51472116982087557
v 3779.9682060663872 5511.3215786371475 8405.7205263774831
vn -0.85736601867244933 0.46341752749325593 -0.22398148414052138
v 3869.8448151193134 5366.1211076431982 8572.8122997740757
vn 0.58643514036073163 -0.62553264678566856 -0.51458986965874598
v 4025.9978131426642 5444.3366013790837 8977.8266749357754
vn -0.43615502652905863 0.53519318446139041 0.72342038134096853
v 3724.2630260739097 5346.9720437309952 8558.9409646319291
vn -0.33372814387001326 -0.89641040156579921 -0.29167433543889049
v 3637.1116400359924 5406.9319852166464 8113.5230936480921
vn 0.57346652072589432 -0.51623349761810555 -0.63611251012970549
v 4099.9233858472444 5334.8554976425548 9018.3501602951892
vn 0.42218378066712281 -0.90420141778793262 -0.064657957065679075
v 4122.5772368059406 5438.8365308449929 9004.5817049580892
vn 0.36896173952658368 0.84124691111238614 0.39518460155905205
v 4165.4835530821783 5409.1235136090481 9018.011083489615
vn 0.8534969345376977 0.39005828809237558 -0.3455394545130821
v 3960.3268636656121 5420.5430131585163 8907.0653313618477
vn -0.74721457675447223 -0.42545743609887893 0.51054514624448588
v 4135.5183883429709 5370.3632722223847 8989.8604508387398
vn 0.61087052778276252 -0.59383749024629584 -0.52363559224368017
v 4045.1444821744681 5367.7562364862506 8892.9081337613989
vn -0.035706787870132886 -0.94327490125875801 -0.3300870884407292
v 4025.0646893875264 5019.1385099612517 8837.309525269251
vn 0.56087728599246023 -0.82788747919566485 0.0043579638341266491
v 4030.2698940004825 5021.2305921840489 8837.3128597404975
vn 0.53018909053899765 -0.83889895742174314 0.12307748579713136
v 4121.4703153694718 5132.4799185505472 8809.7668483980142
vn 0.3639148999762406 0.12610543436841554 -0.92285609116375023
v 4039.6839001462276 5423.7456832678608 8767.897996179312
vn 0.81971114708396586 -0.24287861577659187 -0.51873269932088883
v 3736.9808592866975 5493.1072781130151 8155.448056882562
vn -0.070605061489553381 0.88229992443466776 0.46536197592265288
v 3901.3376022732327 5467.1846530759049 8866.0961488971861
vn -0.49659394240802257 0.061953626505005861 0.86576914043325415
v 3804.2648025458329 5518.8865966941667 8447.0969294971637
vn 0.28779683453576804 0.95230865005367993 -0.10139633654195603
v 3791.6462959450091 5440.4168369742911 8378.1827718425066
vn 0.52452606058038442 -0.19708922431653123 -0.82826822311998116
v 3376.2533743974345 5325.3300743949521 8684.0654492311078
vn 0.33456384937011302 -0.90437997586245411 0.26488467293084245
v 3905.8991232476119 5139.879508913793 8767.7163729787135
vn -0.87346879921724574 0.31655993929502135 0.36992169661634494
v 3358.3678575739323 5403.7682777306773 8544.9194681025547
vn 0.49275949759260312 -0.64829851825054741 -0.58042838383941053
v 3992.3173065845785 5487.2411653159525 8864.5382488371506
vn 0.2865342535761663 0.92458161472792599 0.25109153556950181
v 3989.5815563796759 5371.8721620293109 8715.2746049896268
vn 0.84669015697045358 -0.43393981111765367 -0.30791560274939556
v 4033.4004623121436 5156.5616349458451 8782.1701768726816
vn 0.24275908185070733 0.88434838979269448 0.39874296689731115
v 3918.0781266118647 5033.2673714350403 8879.071025308207
vn -0.12953682730008173 0.77614276198493037 0.61710827525761858
v 4068.5734467627808 5483.558987250497 8878.7699283731399
vn 0.32870243681350647 0.93188141571096583 -0.15346574564178447
v 3666.5482124223518 5440.1311798938113 8378.1356395038765
vn -0.96086921584822738 0.067899963570700994 0.26855156857168039
v 4021.6740517709572 5473.2948848572887 8725.9365989869984
vn 0.79905138112699925 0.0038296981690789933 -0.60125054987997195
v 3789.455714263393 5345.0071044732649 8670.1413070401322
vn -0.74993304599609889 -0.6607649250595099 -0.031466495421533756
v 3723.968528259406 5400.44131395769 8671.1332585642358
vn -0.21688904243030352 -0.35933874076590289 0.90765346507267919
v 3518.7509535938443 5466.4060517782855 8572.7407936575346
vn 0.32405989749117758 0.39969670878511832 -0.85745421091994856
v 3786.7739571637212 5334.0248511451937 8684.4228489313464
vn -0.6912013088478719 -0.7004333347225673 0.1778591978403504
v 4043.3921776330681 5013.0793904781167 8865.0904720375784
vn 0.65713720202692261 -0.74999365621157876 -0.07536719017328089
v 3704.2940300848368 5398.4546586357046 8433.7807952627645
vn -0.42878627512652695 -0.90337501166789258 -0.0074778711645126913
v 3657.3915473065717 5436.2963298286122 8670.4314006454533
vn -0.18805763493823366 0.29614977062948677 0.93644521425310323
v 4009.3910945616649 5407.5944431632406 8698.0190759470788
vn 0.84863709950766375 -0.52867494199861087 -0.017829162683225083
v 4020.58987343225 5378.0642643952333 8976.6022094214077
vn -0.62436656366345566 -0.77764220487592906 0.073749544912436849
v 3869.3722045761388 5311.002190146919 8670.1427760802108
vn -0.23374632561186209 -0.92304694074218019 -0.30552741358093505
v 3600.3267402006441 5378.0772452577339 8127.5942548823041
vn 0.28302505616187362 -0.95248405176363049 -0.1125653086901371
v 3870.7697386808068 5354.2335778612905 8795.5122693391131
vn -0.48907611664354289 -0.6848961306610809 0.54011280519383287
v 3723.5492727757592 5511.1151846303756 8350.4726475719726
vn -0.15829628689727809 0.98718237195875047 -0.020328552541430806
v 4034.8774396822455 5390.163604162577 9032.5737013188846
vn -0.94646963010713925 -0.24712549167923839 0.20766374418070607
v 4036.4024526620969 5382.7375827400247 9031.7376083898125
vn -0.98616531070534152 -0.15803227663260086 0.05003778076368344
v 3824.9773620159749 5419.0669156028898 8782.1943787045202
vn -0.93615769024571671 -0.17312738481869597 0.30599948957415568
v 3597.1114508033461 5374.8695182523115 8169.3010754595543
vn 0.14374653145596827 -0.95901014673709883 -0.24420580081084539
v 4122.2386878254019 5383.9464705858481 8962.4673435705718
vn 0.76451547189009272 -0.47931639323397035 -0.43101263139013307
v 3680.5706547541549 5473.2839063242682 8478.2969673936914
vn -0.70828090223934392 0.65453839286153437 -0.26441946939145883
v 3740.7049184048265 5406.8309168694286 8350.1152464093248
vn 0.36960723577029897 -0.78804556078180543 -0.4923156359474361
v 3681.0593443570506 5467.1427941571419 8169.2586285407433
vn 0.60813934842073192 0.61040185601339148 -0.50751956324639802
v 3696.5047831582588 5437.3425992013254 8212.7186655140904
vn 0.77184961410928488 -0.47275658184304514 -0.42514631307754291
v 3924.1535558929445 5116.4346133158424 8725.3408690804299
vn -0.43730469927534255 -0.29256349072047155 -0.85039473416123335
v 3896.9114007332018 5468.3935740842544 8544.7254218062189
vn 0.81744299487008654 -0.12520690139777582 -0.56223676683421486
v 3821.8797783593491 5522.7818438859231 8475.4279420712155
vn 0.2454316935576448 0.91676383419107543 -0.31513069688099976
v 3729.378168594274 5490.6025979706428 8279.6599457735065
vn 0.85404838162030983 0.5162844450800177 0.063653229455761143
v 3694.9785032759673 5404.6055256814316 8336.1359076376266
vn 0.11373633706619218 -0.81278266871565774 0.5713566128664469
v 3899.1977981532618 5422.477443984797 8836.3658748782309
vn 0.2889396384856926 -0.49377490205356706 0.82018304750448701
v 4072.43410295172 5364.7854907542578 8935.2097510887797
vn 0.41746029829290437 -0.89006147491392051 -0.18307777096975983
v 3989.9261837230479 5467.9123736708934 8934.8165198516926
vn -0.79858730782496101 0.47769258356754152 0.36615312013616425
v 4006.0813338196749 5030.4855780105318 8892.9419740919966
vn -0.14452800342414804 0.71854095282083197 0.68030181195228367
v 3753.110809267152 5496.9346974362898 8308.3908049941856
vn 0.8118726785219722 0.5654595340456634 -0.14532126212780994
v 3915.0074326798504 5040.1486169482559 8823.1666087164067
vn -0.89867632905741535 -0.26770182192782116 -0.34744293075038002
v 4014.3764924788261 5506.292807801974 8809.427155227153
vn 0.38848236775170647 0.91141003267731191 0.13569525519033213
v 3762.5325008813743 5504.9193380894631 8545.6800173132651
vn -0.35921984071086027 0.93306577108739119 0.018691518524620074
v 3972.0074745968595 5186.5094287935572 8739.898792889695
vn 0.91249241825633109 0.40824815868944581 -0.02628740290310164
v 3672.9771377994102 5497.1997603889095 8322.5969887189949
vn -0.67627970549931249 0.73437407240191599 0.057796900553477373
v 4165.3513934457296 5354.1983288261345 9060.3577965627774
vn 0.47308869987109164 -0.84679292307845744 -0.24316419859535612
v 3573.1367611059068 5417.3835263893052 8057.8748586588099
vn 0.4058952028357995 -0.2036090298672468 -0.89095030572496225
v 3760.4233489127387 5458.1255806346871 8336.5675587675851
vn 0.74543138107105744 -0.24375316021212012 -0.6204163545564384
v 3596.3389511042551 5465.6409802765502 8614.4980806908789
vn 0.10788322489074799 0.98145002973886408 -0.15848359193542755
v 3345.4192413961255 5342.4624024026371 8642.2539812109299
vn -0.98093062125597663 -0.19114907354080779 -0.035173114261528325
v 3721.1301495428825 5500.9494407103648 8127.5014258420706
vn -0.53056466613830233 0.84666403169928994 -0.040757238280526999
v 3979.9064238041829 5140.5891082210073 8795.9538558113272
vn -0.14290522822733387 0.52962640956498219 0.83610642985005157
v 3929.9678604177316 5092.6057345236095 8810.6064087259874
vn -0.42253493295052041 0.52392281766369386 0.73957360118370563
v 3771.1666737485011 5519.4720636710308 8476.1720938739963
vn -0.28506210842544705 0.95525104578692532 -0.078962230610742506
v 3993.996538883599 5114.5967891676155 8809.510281710136
vn -0.092305458847564276 0.69244357437807857 0.71554286983342297
v 3939.8693653570881 5297.7478446680216 8754.1477991419251
vn 0.47877978134733118 -0.49241724676025983 0.72683916794986159
v 4109.029741324458 5367.0542105769518 8962.5087354212847
vn 0.55607574135964832 -0.79749000257420288 -0.23407149690963128
v 3902.9216847068546 5041.2245010626502 8837.2964622991894
vn -0.90471444815047186 0.38750075875594936 -0.17701674856168489
v 3554.0471281993814 5457.6663510957569 8586.7635627228337
vn 0.54876203588424521 0.2785825304427848 -0.7881954083247843
v 3595.5906212495602 5447.5339102534526 8266.678240735444
vn -0.52785692577158128 0.65419804553650929 0.54165670228585439
v 3770.4131796295478 5500.1627518639925 8614.6383384730125
vn -0.16616695319808644 0.94125993460232937 0.29396986100157213
v 3672.2312579287282 5480.4995815759621 8377.7358024708628
vn -0.64534954494928143 0.46491784395081304 0.60611497523975
v 4006.3832162378831 5499.5587257327115 8851.141464420165
vn 0.16552005984563761 0.83894604159767883 0.51843287808190019
v 3666.0766148930343 5404.3759913308622 8167.1508683514185
vn 0.6227464660260249 -0.76068884298199668 0.18313744350844344
v 3639.0725665974478 5381.9279393150555 8211.1449140364839
vn 0.5451572062467237 -0.77135373261347107 -0.32835505121823982
v 3852.8521119224388 5432.8263933480212 8810.9495986143975
vn -0.62507509461870681 0.013512536423416408 0.78044765195804178
v 3611.8779739242491 5390.0791404880674 8294.314426425517
vn -0.89578864963250604 -0.38588237386710528 0.22058442539821088
v 3727.7525361193584 5348.52488098297 8586.4416034139995
vn 0.0017443309315111487 -0.99045153524981422 -0.13785033054326479
v 3996.861431691098 5101.6121504294697 8739.1901220333257
vn 0.47616191779327882 -0.24969585934011015 -0.84316179104121558
v 4074.7559069593353 5037.57851798911 8865.1102702243461
vn 0.75559706016504413 -0.64731234180452268 0.10029862819344806
v 3347.3274013126374 5351.9061028043279 8585.5781958156022
vn 0.43737912064618473 -0.70842063315162207 -0.55393114314671366
v 3540.5691866891393 5376.8366860779197 8656.433807953792
vn 0.12066299961371495 -0.97490459246118022 -0.18708681439994873
v 3889.4392464403986 5552.5419999387286 8554.9456640165827
vn -0.47776731844899334 0.67479228485777454 -0.56248889919578182
v 3854.2875780405911 5501.9802829458349 8795.3131222138982
vn -0.96371108060485855 0.25679090347308359 -0.072934114191462854
v 3522.6176750329132 5408.7284668351058 8600.6241405476212
vn 0.034125742811186265 -0.75524736187831076 -0.65455088117994054
v 3736.12936326005 5462.1146332222033 8127.7081000470262
vn 0.87420286327379149 -0.48085610736464685 0.067429651148615058
v 3870.779845383644 5286.8221264622443 8684.150981020548
vn -0.22312924150786775 -0.83252605885892494 -0.50706380555601638
v 3213.8344989345351 5458.474937323328 8560.0537823503873
vn -0.18304278957124395 -0.78528265655589624 0.59146131445639938
v 4093.5484003239999 5385.2664832214377 8926.9069984095149
vn 0.6982309643942729 -0.47545416539858865 -0.53517927553874411
v 3340.3471376524831 5459.4659028689357 8531.1322292584609
vn -0.0023870755595982842 0.93274040178060891 -0.36054076712130784
v 3878.4042644616748 5520.9210453446431 8783.954716246215
vn -0.43757868102778047 0.48363088611220983 -0.75804093814800455
v 4005.8552814318864 5351.2420046430325 8767.6623204178704
vn 0.77927040676016002 -0.62668757578003786 0.00056170347510347001
v 3265.6300460484413 5417.3220178840029 8545.4481511795948
vn -0.35283463732799081 -0.91867075833949019 0.1776281409956518
v 3617.230271310289 5382.9224943326808 8127.5265912314553
vn 0.32576051515826576 -0.93194128588674663 -0.15926558455478906
v 3827.1438826678823 5428.203513432185 8419.9427415304381
vn 0.61391763534220922 -0.25867119837643437 -0.74578438448812379
v 3664.9742541483224 5410.6902372185814 8141.3465343038606
vn 0.50937920185034857 -0.85752537929816441 -0.071993420406597619
v 3579.0790996101641 5427.0907302738924 8057.8107757744019
vn 0.40086464855422893 -0.15625996080526958 -0.90271277723793752
v 3549.6895964121759 5477.6864887223828 8631.6924202890077
vn 0.3542179847725021 0.87967538889264174 0.31733393994384956
v 3476.7691313164441 5444.0015567496812 8094.5218723890766
vn -0.94790772758299646 0.30943397764365854 0.075640950999200735
v 3391.5302960191329 5460.8361636045447 8600.6735629253271
vn -0.25735792545573005 0.72190710391716029 0.64235273138600513
v 3460.1120201723988 5487.1084872405972 8628.3745341215144
vn -0.38138211514951659 0.92103023313369259 0.079063214567691553
v 3216.6247959129078 5480.4067260108532 8549.2754971710492
vn 0.19591718230994856 0.96828804246610234 -0.15503136615825211
v 3810.1955218736985 5525.0321635693763 8475.3479274247838
vn 0.17398076980179072 0.94152982036132016 -0.28853472773577266
v 3471.244336551561 5428.6711106113507 8239.0438479371624
vn -0.89131794658973051 -0.19270999433817032 0.41038418118788245
v 3691.5861153789156 5489.1442310738539 8384.886573970387
vn -0.60115669957190443 0.73200815668707586 0.32058490467176476
v 4052.2091100847474 5120.4240845494332 8825.0342802507676
vn -0.23683543818793878 0.79473366587515115 0.55884467926515202
v 3989.4056474150557 5060.2485579312925 8754.5147583473772
vn 0.29800494224582635 -0.4450947502545119 -0.84444284453889207
v 3793.0947122128723 5456.4777661106618 8377.8579894248178
vn 0.4724205599207974 0.07365855841088656 -0.87828994719110298
v 3911.7632550413346 5147.8629243342893 8754.2212958827422
vn -0.79767868286382115 0.58288971872828776 -0.15475236575088963
v 3827.1433072945351 5498.9746985217025 8712.0799208085355
vn -0.093339031642359238 0.96455124199764786 0.24683745002098353
v 4095.8041402450472 5075.1378435420265 8850.4167350483604
vn 0.53043191126937161 -0.84175765186440765 -0.10042929370875883
v 3944.5270383172601 5039.455326253259 8780.7418217085069
vn -0.38936834403134407 -0.73934613089731971 -0.54932648888748514
v 4122.6625819149822 5442.0562211629149 8989.834092998286
vn 0.62444751122600439 0.7772861826520272 -0.076756081074325494
v 3718.1803319448954 5375.0314879735397 8475.4626279965123
vn -0.30425754153664547 -0.93112008216113973 -0.20110380656344867
v 3852.5947563904847 5289.8437331414607 8684.1456344155067
vn -0.37086902644513131 -0.88879507316360495 -0.26925728057703974
v 3728.2986634656218 5365.1182790773719 8503.8691023567171
vn -0.15139857994742373 -0.9873119571701976 -0.047891222772626141
v 3626.7890443361903 5439.1768796534416 8294.3098633531627
vn -0.85478390514993741 0.4815304205618447 0.19357925914249105
v 4131.6996106492188 5434.3889384127651 9004.5013485090076
vn 0.68338015034546873 0.72028666004678299 0.11907433591019789
v 3458.8207036186818 5425.4301129827863 8168.6909763277044
vn -0.95464385133272833 0.22820496694367698 0.19125273899960482
v 3531.5515956859817 5451.7967385654702 8050.9034046858351
vn -0.015428638998032927 0.010659989779214262 -0.99982414539586684
v 3725.3482556664294 5441.1407797777083 8266.6728231486231
vn 0.84598224610194539 -0.49108610889729387 -0.20772210505486088
v 3664.0706949139021 5440.4215733332476 8670.9154865219316
vn -0.083605133016761188 0.33621791898222064 0.93806593195175492
v 3493.1898208196544 5410.7739563272262 8224.9247644314928
vn -0.018178675354608077 -0.93593986921529992 0.35169034245426628
v 3608.7102804099777 5450.4824248092882 8656.5173747002045
vn -0.029704860288889138 0.68124682577221252 0.73145087576029477
v 3850.8215231994436 5534.5692906787917 8739.8879735115988
vn -0.73989210567635477 0.65602297890223271 -0.14897490765243165
v 3981.9145721160894 5510.1149053356512 8837.9622026027318
vn 0.197653628249879 0.96866319973932524 0.15041492183434063
v 3517.8163282228506 5453.1699558031351 8238.5003256745731
vn 0.50698022672752696 0.85850505935162447 -0.077072127095138776
v 4038.8210821922939 5105.5635875655089 8837.9559948162605
vn -0.15734187098470231 0.74878752475159349 0.64386394402188341
v 3902.7678056131886 5452.1602357130687 8559.2524427545177
vn 0.70561790038117544 -0.21612275673380027 -0.67482911368986154
v 3787.0672512813762 5517.3990687785217 8517.2676996882219
vn -0.10542284008782035 0.95751138907091682 0.26843614620110579
v 3582.810135461812 5479.160001986369 8057.8389545491082
vn 0.37310984840437117 0.34773660864739947 -0.86015596959509188
v 3933.7353282302429 5004.7902686034777 8851.1269588943833
vn -0.17909872146327388 -0.90118498144551729 -0.39470150390803344
v 3609.2670723167321 5459.0255152163345 8628.9520818628007
vn 0.21199912705007795 0.90186430306556675 0.37642681757024765
v 3715.9368875792097 5351.186811880174 8588.3936395981036
vn -0.28034065465796643 -0.95979296556683336 -0.01437291182629067
v 3997.411865962029 5432.0482688941438 8946.4821132696361
vn -0.69760745214530795 -0.35548293310711659 0.62207373114518605
v 4045.7715217836085 5474.3239434946845 8962.4570395724804
vn -0.19620078609211483 0.70849233806939704 0.67789664288429363
v 3966.5714494792046 4962.921144249729 8906.8573355223871
vn 0.55560166205994399 -0.80359546453331554 0.21340366092856164
v 3856.3632604076547 5461.0901634016809 8446.3147020656506
vn 0.93951795467464283 -0.28864359990861727 -0.18436617118053358
v 4008.1077773505876 5101.5119233348214 8838.0116518402265
vn -0.18145958554663427 0.78600429176198194 0.59099041628861371
v 3817.5210744120941 5470.6787388596413 8740.7172252018117
vn -0.87599474888793583 0.33989170534775526 0.34220874997076989
v 4120.1515448301652 5137.4629403480267 8810.262487328273
vn 0.18347947883505661 0.7464083584537109 -0.63969511744021679
v 3990.2749602320146 4989.5776356225815 8879.0422652030466
vn -0.11913528644352082 -0.99287568123469916 -0.0021598927640989339
v 3339.0353886451485 5336.5134258228845 8615.801184409378
vn -0.48722189596741039 -0.86600185502296545 -0.11249716079397136
v 3500.0977398732502 5384.7450267511958 8656.2803816025662
vn -0.43881497472279724 -0.8334367345806416 0.33589377399795273
v 3348.2737623107218 5366.9282990838892 8626.3884338843527
vn -0.9525519921092217 0.17372269810926511 0.24993024324877172
v 3338.6410223909534 5353.8161966880507 8638.7417937661648
vn -0.81511842589055272 -0.51950284156824356 0.25631767277390016
v 3944.9190231919492 5543.4146461589189 8712.325791293224
vn 0.62484659764822637 0.75933496873447759 -0.18159607557556257
v 3812.8514188864883 5515.1867225372689 8531.5803994750186
vn -0.23937655428203902 0.95184825635910231 0.19153005541218487
v 3486.7443266358696 5393.0158057556428 8627.609772142021
vn -0.27400873216658561 -0.96020101729244067 -0.054159219778559725
v 3641.4046442491017 5394.4141967815094 8196.0351080063901
vn 0.57510609469133378 -0.76948156131228596 -0.27776088034366786
v 3898.6346220620571 5390.994482270944 8582.5890176766134
vn 0.63634747274898185 -0.43660436493878657 -0.63595481163553014
v 3926.0158295903348 5550.0626938110836 8573.3760670221072
vn 0.86364455107873916 -0.49624319389270516 0.088661050677116354
v 3928.5584089880836 5537.5164071601421 8656.4650317902306
vn 0.22966982106369793 0.89594107630890074 -0.38018595591501986
v 3825.5403116642228 5316.8049831422813 8698.0119072434791
vn -0.55081997773852753 -0.6193551455138312 0.55946095113928129
v 4027.5803926705335 5496.1635564472917 8740.0734984757346
vn 0.86026656242661348 0.50366220748353441 0.079156947411522863
v 3446.5180408541382 5447.601908938529 8559.1128557450247
vn 0.089658682798976042 0.086067009866798397 -0.99224683945646364
v 3807.6073363492133 5423.2400210372316 8754.5980514564853
vn 0.11678070833449332 0.95041651090656876 0.28821991943146169
v 3699.1775191983215 5494.4835296574847 8376.9368140502338
vn -0.17219325724078083 0.95343618148833309 0.24760640135052406
v 3706.0118245006524 5391.1282090965688 8392.0295338736396
vn -0.2562967515654378 -0.9452675322541938 0.20194372385164897
v 3948.9915933479656 5024.1580333161728 8795.3571727007129
vn -0.40513550520040059 -0.69062152231642004 -0.59908858722176184
v 3915.8715294493836 5390.2728275877344 8600.5935100750976
vn 0.6092741235169471 -0.43500556884907077 -0.66298959078024178
v 3814.6622461232801 5336.2797687242492 8708.3438957178914
vn -0.7036177109971844 -0.70972635961214103 0.034793839149779508
v 4068.9462949926674 5378.3040674912918 8865.0890159188311
vn 0.59532481165006257 -0.79519456495771024 -0.11512589845701809
v 3599.959245964119 5410.6526148239573 8265.3381534078471
vn -0.69387429747063001 -0.28850605697272741 0.65977474519694135
v 3870.111802398168 5403.921513545698 8544.5943629625945
vn 0.73957748880797136 -0.4568497702342359 -0.49428071526757023
v 3587.7943175415185 5368.9435292863345 8183.1493566249837
vn -0.0013802763353313405 -0.98284829153752584 0.18441076611468393
v 3742.1158142314089 5509.3106977005427 8335.8266062828188
vn 0.18819825841419227 0.94960283657387612 -0.25067083655805106
v 3823.5224808793337 5478.4878916387061 8405.9247649260706
vn 0.98289127111201802 0.18417830426906301 0.0017610815920616973
v 3720.520445557846 5398.4364068175437 8407.3759938375006
vn -0.22036864229862066 -0.91018839605908275 -0.35070606662967319
v 4013.6922129892523 5391.6909131289058 8753.5089141921362
vn 0.8841155432237936 -0.2175983624668418 -0.4135101678095055
v 3683.5323918769409 5402.6175858384559 8392.0332769560846
vn -0.61986235579164028 -0.74189463848201176 0.25566189638677683
v 3404.73900755875 5417.3837494135114 8586.7457691362706
vn 0.29988534746331474 -0.91215782881829777 0.27935080759198816
v 3663.7958042871937 5486.9788844750374 8323.4782710944692
vn -0.8886365398951539 0.45450226685611494 0.061260014575752392
v 3374.8248905030432 5369.7367942733581 8646.5052581453492
vn 0.79516828821468322 0.57322924605833425 0.19777670459668398
v 4054.2354185881995 5370.7961781553868 8865.0989834127704
vn 0.26839350693292829 -0.95206732168152541 -0.14674038442913676
v 3785.1505972538616 5513.3679583797639 8434.3549705291371
vn -0.082116831357878922 0.96477542094394431 -0.24993041661665905
v 4092.4645800025264 5467.6474628586348 8906.8507111163508
vn 0.80637254805304059 0.56032973212996295 -0.18919277216006633
v 3887.5887464122379 5431.2987292718017 8544.5467427698914
vn 0.79128122823343483 -0.3614677078004444 -0.49316844390418901
v 3700.615430398846 5406.4771571336205 8280.5460737088233
vn 0.79484366100405268 -0.48455802858452168 -0.36527670538368096
v 3980.3718101314553 5400.2317701002939 8891.4058351473959
vn -0.71196031904340173 -0.60910618664378391 -0.34943119136660566
v 3960.1332177720342 5502.8808258848876 8654.7424338615292
vn 0.81018099142057109 0.38111734370648653 -0.4453721269532841
v 3371.1117547884455 5397.0567731247456 8600.6722463186052
vn 0.9571591139008212 -0.27827067374067832 -0.080074108252940868
v 3367.0726760944772 5368.9643115257986 8605.0817698069641
vn 0.8363361789506798 -0.22543995774804293 -0.49971854201013705
v 3559.2664862839883 5395.8718248493424 8238.6998841497534
vn -0.43840212725970856 -0.68426133402089062 0.58274351268642488
v 3766.5863722351969 5482.7410069183416 8629.2473154499148
vn -0.25014112022758406 0.83586141291716565 0.48863597735677311
v 3493.5877462551489 5409.090034775425 8684.4092425381168
vn -0.59775295614476376 -0.4709221511306656 0.64878635234926352
v 4051.5291616945224 5106.7969770035816 8767.6217541218502
vn 0.59322329501520044 -0.19597499942082197 -0.78082003166755221
v 4007.2300880517287 5487.2648613124138 8920.6189708710062
vn -0.64813262557652773 0.7599490814760258 0.049005032670341071
v 3941.5430644947583 5064.0932378701891 8754.2959239920056
vn -0.40739739662310681 -0.65419351307239393 -0.63722696794683331
v 3446.179714415648 5481.5443691359415 8628.7812700836002
vn -0.44055196713628314 0.88203583202508817 0.16711300151742106
v 3957.2851425538684 5398.2753130848359 8865.2986703256938
vn -0.56370049338438044 -0.71807408755064639 0.4081805465067056
v 4166.9421534427729 5340.8270766489632 9073.9590170862193
vn 0.66927864210942567 -0.67913606770330903 0.30139724743376461
v 3881.2891459276289 5535.0257839364858 8767.7744081511955
vn -0.51044480471395559 0.53292066843081221 0.67486418077994625
v 3900.0751483309223 5567.2831797267836 8711.9355352858347
vn -0.22145291425051764 0.94818872674549493 -0.22780857148647835
v 4095.9919787261169 5461.7099068466923 8977.5692917362903
vn 0.20012819965822656 0.81894158763173008 0.53785070395861578
v 3381.4125666093078 5474.5895375273485 8586.8915798131475
vn -0.28131142019323785 0.94199709062874226 0.18304471070164488
v 3344.0322452583068 5362.8131865833602 8572.4585954065005
vn 0.13382306919080514 -0.83809121446301227 -0.5288615153253885
v 3946.0966348705933 5298.4316056229727 8697.7349755725227
vn 0.58222038649228414 -0.56211227811772091 -0.58740889365252313
v 4042.0458545576585 5364.8089999374206 8935.2322491090254
vn 0.013124080910023914 -0.98019612424353786 0.1975938170040103
v 3745.7822246222422 5476.8895906417138 8656.5844200871579
vn -0.19316755898883067 0.84813199171465059 0.493313712341788
v 3335.0231183588498 5388.885745285098 8544.7999735225585
vn 0.042545509626257222 -0.59541281440354799 -0.80229262744630048
v 3583.3241530718528 5415.6066530455482 8252.438027243521
vn -0.40368438368298692 -0.35798007599711124 0.84195557101285901
v 3619.0621545147296 5456.1366815148249 8558.0512386642367
vn -0.86678284630321312 0.34312254012438453 -0.36187624930781337
v 3644.0746876330986 5438.4454520151621 8532.1619312977091
vn -0.83357118257657703 -0.37025021727320129 -0.40996812093995061
v 3712.2877707018706 5492.4452245635111 8517.5139757935631
vn -0.85011714505021418 0.41811119899627269 0.32013101218965373
v 3686.3338681157747 5383.4538797816131 8503.7260979623279
vn -0.66125643709145254 -0.74883240353282565 -0.044608920905679944
v 3293.9120250864271 5414.3126683357732 8517.092021818069
vn -0.53080899824104566 -0.69736191476120479 -0.48158921003997146
v 3502.9705283844014 5391.329156253003 8114.0294154930079
vn -0.6231638913200388 -0.77501612298361888 0.1049608196914783
v 3494.8413158535172 5497.0080692631918 8127.5189062218124
vn -0.78075274948262474 0.58727995433293345 0.2133715056281637
v 3990.2928392464823 5397.0295377291368 8920.1475152571693
vn -0.71852170248468072 -0.3930699317920574 0.57377921867169734
v 3706.5799492408569 5490.1370374247654 8544.9063583644165
vn -0.15223786532378639 0.89944161981617921 -0.40966865257681662
v 3982.3579685838786 5428.7506360968164 8669.660465999088
vn 0.57061062454306 -0.11861097527630327 -0.81260996283738929
v 3929.9368061224159 5009.6512932753058 8892.9679234539235
vn -0.35018250479820018 0.88173410121583062 0.31609680176548743
v 3500.9207654826587 5503.0646129765519 8155.4267031687141
vn -0.84147073715281051 0.53164390494506397 0.096341874853405993
v 4117.2387760196725 5457.7097696340061 8948.530096177099
vn 0.88013079818771423 0.44977055964251345 -0.15190859672947254
v 4076.5783341368497 5329.2097557085444 9059.4708388625404
vn -0.5362902346891385 -0.78895522649479177 -0.29990404259299419
v 4001.9212192312852 5420.8864229220017 8962.593840090085
vn -0.90635815359978567 0.21955320334484971 0.36098654864717938
v 3693.053642570329 5421.5065393838304 8237.3235721071924
vn 0.6156960348990399 -0.78158617262623487 -0.10020702255368033
v 3985.1973023295795 5435.7625498750349 8669.8842006408195
vn 0.58726524478610254 -0.084658822093665265 -0.80495491557479926
v 3739.0936002554299 5457.0003520746559 8280.6275774891838
vn 0.91577761299807414 -0.37008329237388915 0.15617208533298169
v 3448.8657915724252 5421.0359468675906 8141.3764743674456
vn -0.93852388002828135 0.30171008858806492 -0.16776158398406366
v 3381.3597737524537 5464.8389229178838 8530.8723268793656
vn 0.238038431447885 0.74153016535939587 -0.62727244401129068
v 4150.276899337623 5122.8627590943797 8865.1262862162857
vn 0.56776819889313412 -0.32398678355231558 0.75675084169696938
v 3704.9774121594601 5479.0794107455022 8127.5625778220929
vn -0.77295244242039662 0.4134798839089695 0.48122646161549404
v 4024.8938728930657 5444.6043446842796 8753.7282134882098
vn 0.95287891942551506 0.046857518087725383 -0.29971008977530489
v 3887.2821548860938 5273.1862113532943 8726.1813210549026
vn -0.8821737897739399 -0.45209564723784618 0.13182917121971738
v 4146.2401248212527 5124.3798052012253 8838.1449569638353
vn 0.65023114709990448 -0.4329933099437307 -0.62427257579130824
v 3836.7801889076236 5513.1030442022693 8475.4480276540307
vn 0.44296064274672242 0.82861610407384045 -0.34231742731987946
v 3917.3040891052788 5283.785097292598 8684.1262662409827
vn 0.16886777274456394 -0.62229755625160266 -0.76434902159391416
v 4075.7361816701941 5059.4445984480662 8865.087190737102
vn 0.93102737842554517 -0.16961483814412923 0.32313902163526698
v 4031.9029867260278 5418.2842560781282 9018.2857124981711
vn -0.86794651092885844 0.27180725586795851 0.41567976836015391
v 3828.5440210791021 5487.5658049228641 8392.0027695946774
vn 0.76083013044992676 0.54356124810226747 -0.35451189283443318
v 3472.7723187755073 5416.9653508723713 8113.5397652223483
vn -0.92330039289313526 -0.38344271158913995 0.022092338322359621
v 3984.1177963892264 5433.4955231349886 8934.7611917500217
vn -0.91214572497865509 -0.0057029987343456068 0.40982636836665326
v 3984.605276397434 5334.744705644729 8740.8584259212439
vn 0.78446245686440541 -0.38797602405599252 -0.48383184943528157
v 3407.7470718864461 5442.8603402423869 8544.4216652308733
vn 0.33648912890301286 -0.42227428834334269 -0.84170035733283077
v 3964.7280581389482 5425.2756158979519 8642.5413544307921
vn 0.81465370810794779 -0.072720364681966507 -0.57537038890308934
v 4000.0397333975375 5410.2131371614341 8712.5276422380939
vn 0.91955317251242996 -0.37375404158666209 -0.12136671421753521
v 3673.8809224713082 5469.5332954652913 8503.2166605949769
vn -0.70202560914412937 0.66983122893363822 -0.24183913837728166
v 3369.3232303899786 5425.7297222458783 8517.3764466695793
vn 0.7463143880138432 -0.35403426190692744 -0.56362627302099744
v 3735.4618655437444 5402.772565380008 8364.0573076752044
vn 0.24991265371677127 -0.9198908320985173 -0.30223256365477663
v 3949.778323853523 5433.926467323412 8893.0983961497368
vn -0.77435262902121227 -0.33540433819177867 0.53654630354711397
v 3734.4174893901345 5504.1178450508178 8461.6408583350276
vn -0.29518319169765744 0.94701983452043825 -0.12657138841012114
v 3824.9745685880771 5437.8821570518285 8781.590697285681
vn -0.93468535959029797 0.16418477859020056 0.31528818095013067
v 4011.8038721114108 5090.9328699177386 8848.8928659491721
vn -0.16382462608408974 0.59783628928623034 0.78469947311112609
v 4017.190702424381 5501.3663294483395 8836.6378812791172
vn 0.32799313866816482 0.94437045757741944 0.024185529591501512
v 3644.7874278198747 5392.6056426814521 8156.0185525180696
vn 0.59180512198357238 -0.80603794006522378 -0.0083388709919019338
v 3598.6730458192196 5396.612427172442 8614.1985357411395
vn -0.24731385558033384 -0.87492691998954619 -0.41633969485937322
v 3682.0561103263508 5474.6636546396785 8600.6613821984229
vn -0.24833287445897834 0.95197937093597262 0.17906998848297037
v 3741.0813800247251 5472.9349942828121 8113.5940529898944
vn 0.69960376457442164 -0.63777645665711746 -0.32217349972831311
v 3731.4439180947579 5495.7891881103196 8544.6009245210953
vn -0.18323687541796088 0.95535758228775169 -0.231767421033165
v 3929.5707669474923 5302.4772940223193 8680.8019030227988
vn 0.53982663520416496 -0.52691870006336228 -0.65646316533959914
v 3949.3279309113864 5442.5059586087737 8614.5985203998534
vn 0.73360050833590429 -0.039793217363433983 -0.67841491288235212
v 3773.931472395418 5443.9916045181071 8361.6880791003732
vn 0.67241788562055493 -0.22787948880626382 -0.70421951526422366
v 3658.258161894757 5419.9410403090069 8517.2489317485779
vn -0.78041119035713447 -0.5984002133645705 -0.18131618408348657
v 3699.0349972911499 5445.0862922333181 8141.4944586607271
vn 0.51189561362909597 0.51343205518921065 0.68873101095527456
v 3740.6550016045949 5479.3055304470272 8627.5079632512025
vn -0.11554708044602806 0.89741043018598821 0.42579736024756992
v 3883.4518325164763 5379.6440562782855 8572.7948046806723
vn 0.66869864328853057 -0.50193382664740094 -0.54854768081833649
v 3873.3712555075772 5361.7436649339143 8587.6016405712362
vn 0.50007598268882425 -0.7615638190335835 -0.41224332751033088
v 3766.4695116656367 5354.7367333529073 8489.3317184314819
vn 0.18648548237210691 -0.96686861812288161 -0.17432223080718143
v 3989.4658399966347 5386.6758059030371 8684.2365172905811
vn 0.86418340171221875 -0.38868360947158814 -0.31954983951370686
v 3780.8163712495189 5494.3066844749465 8363.5516008856994
vn 0.6709861724977908 0.37743005718588329 -0.63821948281874463
v 3866.5311532732494 5392.0398351617168 8809.5580525559453
vn -0.5780208878643126 -0.33476640029360222 0.744193059915917
v 4099.6984995166276 5434.276954174893 8893.0065858907546
vn 0.95777417391756114 -0.18688145296987729 -0.21850389999357178
v 3478.8966995349328 5402.9560253225209 8099.6687799681395
vn -0.92109142758206108 -0.35165397539810406 -0.16712289975209979
v 3648.7274101144412 5468.5595848521862 8126.970405346302
vn 0.67222149877094661 0.44092587632288005 -0.59472903761212337
v 3413.7692614197749 5461.6411671120495 8615.8325513378677
vn -0.54042615327328258 0.80953689780030846 0.2293241896488358
v 3883.5030268900073 5525.0594213427521 8602.6068829434062
vn -0.091217263180110114 0.97957391514287295 -0.17920478696059997
v 3983.693005946905 5356.4927898278765 8795.9059150421981
vn 0.40625987320065321 -0.91326473014668752 -0.030007467355430757
v 3968.6336545541453 5389.2840285171042 8865.1773844740528
vn -0.54057465773279656 -0.79626559225823468 0.27155136899436333
v 3877.8158027975296 5394.1458380921549 8561.2501218836151
vn 0.68194332655921941 -0.38270323770345893 -0.62329088811937206
v 3809.8240227483075 5503.0157524657889 8602.9501064051437
vn 0.038009982462341281 0.96315857442522046 0.26623448639195818
v 3829.7125197986438 5502.093348886785 8670.043545680559
vn -0.60902388833678767 0.79300341135722874 -0.015345781535581306
v 3783.085233101956 5472.6754549698726 8670.3978623568037
vn -0.4490840530431483 0.69551346541966275 0.56087835822241383
v 3947.0355430958025 5266.1845713502917 8726.2668558426722
vn 0.98112748949342132 -0.019243555639560015 -0.19240201383219355
v 3986.6109419724635 5510.7582942934023 8697.9180533606486
vn 0.78462401096610568 0.6089154355886679 -0.11656394690179046
v 3672.5712015453228 5481.1542255950326 8586.7817230827604
vn -0.2446183100199823 0.77321886554756059 0.58505937165753641
v 3700.8347634598285 5354.5721946076728 8585.8677183101572
vn -0.31484726619117898 -0.92981421950567433 -0.19056945237103051
v 3994.0183729330402 5506.0481245424862 8711.9438376954167
vn 0.651544277302748 0.57433223594145444 -0.49561329428550377
v 3656.5296646110228 5375.0953665766801 8322.770230114158
vn -0.52673093434833462 -0.20149550361323912 0.82580511310125559
v 3656.103825000424 5421.0793281877404 8527.6046157132878
vn -0.79485469512592133 -0.60678324207227741 -0.004484504045560383
v 3199.0005063933781 5472.2421722736253 8544.6561682885767
vn -0.817253463435205 -0.22335577549383384 -0.53123344591310351
v 3912.1557611783319 5218.734466356138 8711.4448349623235
vn -0.51867421612796927 -0.25214970603663256 -0.81694405149292604
v 3587.1770900905267 5368.8726654284383 8141.4088609223018
vn 0.091318975293309887 -0.98881213509580068 0.117946624532727
v 3753.149690210807 5363.478955444275 8656.539042805638
vn -0.38860281446173556 -0.57646103297001572 0.71880493185534022
v 3975.3799650857472 5349.7618416826517 8809.5184589315941
vn -0.0065760387378492628 -0.97330187670298884 0.22943454953637252
v 3821.7677168038135 5325.5695202379065 8670.1845458723292
vn -0.40462985939083851 -0.88181804006037934 -0.24222225561129071
v 3519.818661281839 5399.3143286284467 8224.9456974401364
vn -0.29954995831965381 -0.88119437279489587 0.36574075494167124
v 3436.3282558373976 5427.8497766774226 8633.5515252962887
vn -0.36512636440365398 -0.92703235245974314 0.085403486523236399
v 3652.2947697350319 5472.0622570708656 8531.185498136525
vn -0.3640541209321026 0.77401571517553724 -0.5180388689023786
v 3617.13087685748 5403.5179394163315 8586.759943574305
vn -0.47866510767073728 -0.81003760026932914 -0.33870163986681279
v 3879.4965847141816 4984.9935387448486 8907.3203732416332
vn -0.82255149169499375 -0.50352917664447294 0.26432444415543521
v 3754.3014520759152 5503.5490986783961 8336.2568650515932
vn 0.56959727833737628 0.6931772735574202 -0.44166073850202614
v 3649.3260315773059 5373.4682374478316 8614.6131496454054
vn -0.33735028030491515 -0.90405960072998059 -0.2624328994355381
v 3839.6629729447741 5346.7981613258526 8588.007608896969
vn 0.021304832573002985 -0.86934944926927549 -0.49373843192954281
v 3500.0640182111929 5434.8504772573324 8572.6181373855052
vn 0.20026876482960845 -0.40655888363184539 -0.89140467576384785
v 3351.1699088284458 5322.9345785893438 8684.24709262748
vn -0.41947961355186697 -0.88041872870329463 0.22113280164383364
v 4108.0003426324402 5099.2785400284338 8809.467794027536
vn 0.84233859478790352 -0.45886244419878314 -0.28268524728867384
v 3937.1008451163361 4954.0269232615938 8920.8557047674421
vn 0.60863105541618734 -0.73860159473943621 0.28988950072629316
v 4014.151415015891 5373.7444440875024 8865.1274901645829
vn -0.10934707368157574 -0.98491591938202061 0.1341038747581326
v 3344.1584664401316 5351.7687308072982 8642.7352782147445
vn -0.81672589251495165 -0.55948335314934006 0.14119912904981605
v 3705.0366239218097 5459.0334118228166 8113.4319421679029
vn 0.1256117573185562 -0.47159851824615873 -0.87282101487726083
v 3632.6493546871643 5393.7523514404893 8600.8048671142642
vn -0.43158145031310152 -0.83704108047406722 -0.33630296065370285
v 3680.4875564570161 5479.3939737467581 8521.2488943729859
vn -0.49499325522195609 0.8626368544959504 -0.10411212489476898
v 4138.2418196737781 5102.2793514673413 8851.1631024677608
vn 0.5241366223940076 -0.85020596460533782 -0.049301306421926754
v 3414.8321776216917 5426.577602312067 8628.9154112477554
vn 0.26159712621250941 -0.95575736027058544 -0.1345169574661827
v 3631.3272414162652 5444.1930425787286 8543.536219791109
vn -0.77818532051503342 -0.36283294224058693 -0.51262058382389775
v 4014.2610448390296 5484.4445386686584 8864.8668939182444
vn 0.41574084144855483 0.88208717297936734 0.22154406337547239
v 4031.3751854641328 5049.3093092529216 8781.6039124917188
vn 0.50844660199368574 -0.45669530417145887 -0.73000784384060768
v 4120.5350923444503 5134.7612938735574 8850.4422516886243
vn -0.32824607240018644 0.89942747470958995 0.28859094526921919
v 3505.0323114707353 5385.7219984794774 8123.870608404819
vn -0.48378540581114016 -0.81187681497630826 -0.32681450155719194
v 4095.5366193790151 5085.1431544046491 8864.7405696451715
vn 0.42729171291700074 -0.72284020951885797 0.5430688939491829
v 3659.3295220179193 5482.2640437577838 8336.2764543360627
vn -0.90311143500183566 0.42263751878892042 -0.075942502466473133
v 3896.7924070137087 5565.8279339174624 8572.951029815642
vn -0.41143839256011738 0.84529091578783266 0.34088372917185983
v 3601.8483283969035 5375.0197688585504 8224.9924439966107
vn -0.061944399118556093 -0.97873024658216623 0.19557606152863644
v 4096.7059218895247 5426.0999433225297 8865.0391915382661
vn 0.92803492766301188 -0.33964814970535229 -0.15293890100049334
v 3669.1855730636134 5386.7155187951475 8559.2831724349762
vn -0.59503801637614184 -0.55389339409254867 -0.58235029582527298
v 3412.0277865575626 5464.4904235699942 8544.5826637119571
vn 0.58870814317094289 0.60238150976092308 -0.53903547087587078
v 3629.0313478164608 5374.899768743996 8210.9839992756843
vn 0.27529695104740393 -0.90750061241596225 -0.31726050370107051
v 3960.6159562524699 5016.7157917375962 8823.372988098823
vn -0.27216979597440405 -0.91646740160637474 -0.2932764974424496
v 3920.5316928825041 5147.6149078328672 8739.8101785643903
vn -0.98531138508087357 0.13634876790763975 0.10281287818205956
v 3684.9006746969917 5515.1129369539885 8238.6026000591519
vn -0.37348442757395295 0.92729137487151514 0.025299969340928243
v 3665.9624161514789 5502.656941838055 8246.1688262074495
vn -0.41833569859828507 0.90829212592533926 -0.00081071592588253789
v 3474.5204095664494 5396.3853980634103 8628.4278286845965
vn -0.49650268983628143 -0.86795091373385003 0.012095054109525341
v 3556.9609996768577 5368.8970574092109 8141.4192756090106
vn -0.13250897198638026 -0.97377130403687417 0.18496167110360529
v 3671.659953463738 5496.6431412336069 8281.3341845141094
vn -0.54193337539590292 0.82792768143954054 0.14437441233871748
v 3682.4263330960721 5407.9048192353648 8378.8175179365189
vn -0.61751263119131838 -0.78397375543576342 -0.063744028011418236
v 3693.0767528754614 5361.661037260671 8627.9498319376689
vn -0.22194005753538615 -0.95749993950635115 0.18421855690055552
v 3913.9317267332954 5581.6196733555698 8572.8852209801717
vn -0.49460495893986484 0.81392383810780988 0.30478503958026937
v 3679.0971973579094 5370.871511208471 8294.5792943082215
vn 0.48956678867069803 -0.84171315172536076 -0.22769130339830745
v 3714.7816489642746 5496.582346250173 8432.4933661998439
vn -0.73222429210583351 0.60646726807443918 0.30991134023206912
v 4014.9704147140828 5009.2262353769656 8837.3118342738107
vn 0.53214895179433042 -0.84661360899502192 -0.0079303321884732821
v 3387.3872727210119 5458.7848591547536 8531.0871508188102
vn 0.55554485315949775 0.33676479545288374 -0.76023640314810592
v 4064.4466019385436 5088.235792013169 8781.6200289179415
vn 0.60093600073351416 -0.56799093668738232 -0.56237195774985094
v 3926.3781171995206 5567.3361404780253 8725.8512465530148
vn 0.33234464092470106 0.90234390791515562 -0.27444946984287788
v 3720.7930948578137 5499.4107451404234 8280.6215582871209
vn 0.33428673753870408 0.94038991822971574 0.062603344939692968
v 3660.8906743034063 5446.9621595539793 8489.3636034929132
vn -0.93990675544305913 0.18285109481161643 -0.28834140909466072
v 3657.2064120001255 5361.8885293607509 8322.7194406052113
vn -0.49433005746568498 -0.33475820682154306 0.80223109965370798
v 3882.1852793253493 5408.9294452647773 8558.3739923522407
vn 0.7404586947757158 -0.41864161406782308 -0.52579475111656571
v 4036.506329723984 5407.2614292153903 8767.578453031354
vn 0.85101602648862584 -0.25379619093809608 -0.45973820389959313
v 4165.4890697367518 5386.4918141062017 9018.1509031589503
vn 0.83086746028026137 -0.16633479363442399 -0.53102918928625931
v 3646.2788521607117 5464.146815718369 8308.4930539459638
vn -0.69892371872327996 0.58102803516576551 0.41702764627471806
v 4079.668624771537 5138.3198507804254 8809.4424833254798
vn 0.22106573578725533 0.97487054271443785 -0.02752027268209413
v 3948.7650628524716 5077.4573037117225 8725.9741218346117
vn -0.3310096838812191 -0.49607435592393118 -0.80270967514507519
v 3658.9534753805187 5479.1091976755388 8578.244231974928
vn -0.34499105577773598 0.59186893139287666 0.72847260723051033
v 3501.9908520073805 5477.4015117316503 8586.7888108099978
vn -0.067357389888034691 0.94731996394462281 -0.31312596177805174
v 3702.9572580983731 5363.9319765570417 8642.2254225008019
vn -0.36192581839807397 -0.78958374756287231 0.49554738175219404
v 3276.1499401903966 5450.304714799895 8517.0752083368916
vn -0.060777019044190625 0.19184327357766345 -0.97954188901705874
v 3692.0305514634497 5366.5144162042216 8558.6553620005161
vn -0.52448282147251601 -0.79007836928623532 -0.31732308514545887
v 3983.8273704905614 5508.8914201438074 8822.6118603848208
vn 0.28035359207340943 0.93324080051565195 0.22464076136009134
v 3593.9904715068251 5429.958962573608 8070.4733618098408
vn 0.56476958591585757 -0.25817859440460639 -0.78382340371775872
v 4011.0276099887451 5378.756828634966 8962.5867039838777
vn -0.76434334829550765 -0.63167786947854299 0.1294693598016966
v 4035.7542237524808 5028.6979324587746 8879.8296411271112
vn 0.92089464626858897 -0.24943639682413665 0.2995572306141886
v 3997.8604763054527 5429.0252334022862 8937.8902980208823
vn -0.75204935138358586 -0.64774477230491379 0.1218543517285416
v 3693.5789871915877 5408.8288501642637 8420.0054239685051
vn -0.82387330306314521 -0.50980537548591576 -0.24765148823596339
v 4149.993580568681 5130.3970106358483 8865.2610775305475
vn 0.56480004886879542 -0.026802338697623732 0.82479242203001835
v 3341.1587916013277 5440.8124495399406 8503.629967315961
vn 0.20729441008401411 0.35976104740746301 -0.90972579182751856
v 3957.1880239057878 5427.58015129866 8628.4766188756257
vn 0.85042236731811305 -0.15143656763591945 -0.50383406310779344
v 3937.4696368742952 5023.5823789093665 8823.3959211315032
vn -0.27216979597440405 -0.91646740160637474 -0.2932764974424496
v 3494.3409435148378 5392.5824990920528 8125.0080205133909
vn -0.31316454925879628 -0.76862889468067541 -0.55779708438597808
v 4018.3054729057985 5489.1926633513831 8878.9601857281214
vn 0.23372720639156599 0.9619538305528178 -0.14147940089339833
v 3753.4020052845699 5506.3065387029337 8350.3010645252907
vn 0.44376269389582845 0.86820544979293512 -0.22202245034267232
v 3337.345964637404 5410.7171847220989 8503.2228560405256
vn 0.11724244647415751 -0.52147502907211807 -0.84517335665470905
v 3853.1238209233361 5511.1338495221116 8657.8770674393709
vn -0.49134872541428048 0.7996788949937117 -0.34509432759087533
v 3842.1512936973013 5389.3883822856878 8795.380591950905
vn -0.6699364687148055 -0.47388342466295269 0.57150645465790506
v 4033.0384855341381 5382.9037434123329 8851.5001419573018
vn 0.18013871047303817 -0.96013174294867842 -0.21376875630326267
v 3380.0144428627241 5417.8013751213603 8597.1279810132874
vn 0.67014005103013041 -0.63343768475591999 0.38687079436989541
v 4008.2925760554353 5381.5121458342346 8948.6741648369152
vn -0.67881714022312056 -0.73412663197114258 0.01629043799321564
v 3618.9989492266923 5430.8467263212005 8660.0294235144465
vn -0.0011751699691002675 0.097490157097370952 0.99523579529912087
v 3327.5946874037932 5343.9388871688425 8612.7822949514339
vn -0.97398536683061687 -0.20763730279560935 -0.090770345860269067
v 4000.243242057235 5160.6035870650803 8780.2067280649444
vn 0.10943741447464679 0.92141662444642469 0.37284696124128558
v 3358.3451050649855 5370.4373503162133 8572.9208835541558
vn 0.67028813863886827 -0.73968191998168009 -0.059870430533415536
v 3736.8589590824668 5500.0708048714714 8517.703996672557
vn -0.3097042149527639 0.9166769671357714 0.25256016543242904
v 3913.4002785547127 4989.7192416692778 8878.8594046599792
vn -0.13906016771623955 -0.8023363668292961 -0.58044691765733114
v 4028.9874927229339 5069.4872423214611 8865.2686700508912
vn -0.16963162976685836 0.66391527578771969 0.72831422940812829
v 3630.9338326525835 5483.0761855049805 8252.8056991479443
vn -0.47257976453911454 0.87916995938472675 0.061061842943141618
v 3826.4734756127527 5500.1424613862819 8684.0214333235126
vn -0.46617240690463685 0.84517915573942293 0.26144881285699867
v 4002.1278965956071 5437.0849997419709 8948.6588723054956
vn -0.79719144343013226 0.25888112640510003 0.54540477162654966
v 3554.5322299949912 5418.0527440837359 8600.9552060185924
vn 0.11752801425095644 -0.88747030841005048 -0.44562721815077333
v 3669.6224285155545 5406.4170244752759 8336.4889704801699
vn 0.17455655728868882 -0.05552197676952883 0.98308052488243525
v 3936.9252204777731 5012.9039673592197 8892.830247221611
vn -0.12166979234074697 0.95933950101926713 0.2546844781604542
v 3512.5667249613325 5378.191900535865 8099.8436303114795
vn -0.45898175757817622 -0.84402426000537656 -0.27741448183688028
v 3667.8098941811331 5402.2798904556294 8531.2591665963701
vn -0.83535663071232358 -0.52311931953774715 -0.1688948698194204
v 3962.371754736294 5418.0121082209553 8641.795313082539
vn 0.77396457542983488 -0.24847038030733334 -0.58244425148647871
v 4144.7556662660099 5325.6553779305987 9073.9866200861252
vn 0.44350176214013759 -0.84698772720219195 0.2931176844672771
v 3849.9736638760946 4998.25773830052 8892.9921471755715
vn -0.99833738613533451 0.046820330094325957 -0.033620234001660393
v 3600.0816905998195 5414.1509757422973 8080.7331219148464
vn 0.47595059786670046 -0.39703910315961355 -0.78474899104907436
v 3232.5563857467027 5433.5834146374573 8545.031398960713
vn -0.70183273500373022 -0.71222210708987943 -0.013056885142948612
v 3355.9964588488929 5338.5601262166383 8642.1547140820821
vn 0.27536200239434089 -0.96132959791648753 0.0046012832018373969
v 3464.8779148973172 5423.0571371101014 8197.0245314827334
vn -0.8931300282730279 0.40941670343051728 0.18627054396524484
v 3969.3182390746238 5296.5919617029904 8740.0497262653771
vn 0.90261354154424678 -0.42119382522557186 0.088795023581293972
v 3338.2178007921448 5364.8206922178897 8558.9546026767694
vn 0.011974820740313101 -0.85929680090205762 -0.51133708219503005
v 3660.2117938633619 5480.0024448321974 8544.5174562141547
vn -0.23533685727443096 0.91808885665181195 -0.31895048973149875
v 3480.6858958787379 5432.6365015821684 8224.5564487584234
vn -0.94911968177257233 0.30831118604472618 -0.064156388860542687
v 3722.9547214685008 5458.6985683935636 8113.722811953543
vn 0.29924731765624585 -0.62431563262587442 -0.72158231251500071
v 3585.6131289653713 5417.6657549549564 8586.7132210761338
vn -0.12848073049083525 -0.73836388221862481 -0.66205096429775101
v 4093.5417383074837 5334.8526334748694 9045.5600888627287
vn -0.027773460135836949 -0.94746981642389427 -0.31863706921473373
v 3631.1338119285901 5452.9451460073287 8099.7776456726124
vn 0.72210431208888337 0.1116950872046661 -0.68270752885623154
v 4075.3757902060661 5456.7749991454002 8837.2566134122408
vn 0.88068870190965454 0.18377781543385657 -0.43659263035814866
v 3496.5018537960259 5468.9513171274211 8210.9747493016694
vn -0.67905420972402819 0.5602288259718079 0.47437226184329678
v 3713.0087188243469 5457.0621978794206 8141.5958684017423
vn -0.52718180454374219 -0.50750542360113127 0.68155527286746143
v 3847.1967448443038 5482.8703250732624 8781.4580531288302
vn -0.95603421398451971 0.28139429647351855 0.082558049899298894
v 3927.4695321581039 5027.1447142639554 8823.3804952070059
vn -0.53551689623907883 -0.75487875804676752 -0.37865513926557687
v 3815.8134673639465 5498.1555136016341 8392.4034113030793
vn 0.45003413121736408 0.72174463560451407 -0.52588398123116431
v 3763.1238108072757 5494.3584016872701 8336.2442613103485
vn 0.76664575526290824 0.3975905846390404 -0.50415871800827872
v 3524.8579108526847 5478.5098712572599 8656.7366704222768
vn -0.043908677988397204 0.85330268917959107 0.51956380612605157
v 3473.0859732297877 5445.2213280684828 8184.0498252393663
vn -0.55133101200313694 0.82881088732972663 0.095428655273497684
v 3474.8874432342145 5444.9614573018935 8196.7146793947359
vn -0.53116787363123774 0.81857031012074588 0.21863974343859646
v 3697.0580596611599 5484.7178050591001 8474.0202149269116
vn -0.60593458600226935 0.79481754181907294 -0.033291931499157379
v 3804.2081694672956 5440.5539481890191 8739.4327498464208
vn -0.75574390536225322 0.36265165149552492 0.54528426455875112
v 3800.2954243722506 5445.2311869030045 8725.9919094050074
vn -0.81012283114051176 0.52908563096141992 0.25252602554001863
v 3300.0317544780337 5403.0150858698444 8531.3983165407317
vn -0.4788024000139941 -0.74616703460308764 -0.46258298521721913
v 3621.9063085313901 5394.7695872253207 8656.4729179174174
vn 0.020291481797630007 -0.47722072881902911 0.87854916296806707
v 3337.9385383893705 5326.2651044507211 8656.2120837196835
vn -0.67361209713859105 -0.73728436550009135 0.051560711570700163
v 3784.9886598080229 5355.4512670744152 8725.946370433503
vn -0.74861235119419656 -0.61040803218122364 0.25880800197857695
v 3775.9622972370926 5350.6029592369614 8531.0646458045849
vn 0.13197450117681947 -0.92547397085261396 -0.35507838615357123
v 3711.4158642082975 5417.0971145916928 8308.4524461095461
vn 0.78688109185736965 -0.61706256301125195 0.0072069832342181277
v 3907.7187167938828 5347.908604889366 8614.569942417349
vn 0.64708720602029723 -0.66866374419176922 -0.36628806287987248
v 3575.2484658291796 5479.129926138532 8211.1524776993301
vn -0.19840211275417552 0.77530587658438832 0.59961437556849206
v 3970.6843786569343 4964.6732165733993 8906.9231505405423
vn 0.54285289503166656 -0.8217248578644174 0.1734329620442476
v 3723.485178221541 5446.2002467704006 8671.0296362910012
vn -0.090612867228324734 0.4324994869593704 0.89706939646414396
v 3825.6224434976602 5504.4477802201473 8462.0684600857858
vn 0.3365612048590455 0.81289412044202913 -0.47532063318838541
v 3828.7697456334554 5350.528515390416 8558.9480394210423
vn 0.31686501260149591 -0.74393853486730344 -0.58834685358939731
v 3374.2824638392776 5433.7909790682606 8628.5669316493077
vn -0.44232717349317474 0.52371132894033623 0.72806120314784373
v 3908.7915125541367 5247.4659383913859 8739.9916124163974
vn -0.43533886086504731 -0.11238814624486841 0.89322392534255657
v 4001.211879096777 5391.3101246666092 8934.6872909513131
vn -0.93518609668443564 -0.34893774025671531 0.060575721148545619
v 3662.7681681653003 5387.8382185155906 8266.8362889414402
vn 0.25398522436244186 -0.88232018809174462 -0.39623552527670747
v 4042.8730797977664 5481.2955534803759 8794.4923910962661
vn 0.68948954503170801 0.70363157041058866 -0.17177537778592469
v 3891.810814982503 5365.8348769527011 8809.4511449689562
vn -0.31211350494601015 -0.53077426732514654 0.78794913362206997
v 4074.4980226419721 5108.1449545532041 8851.5319541385797
vn -0.17318312509837511 0.79306196223205017 0.58400370653088396
v 3770.7097317676985 5464.7892675360454 8350.2501209148395
vn 0.80637451748728428 -0.1716584450933247 -0.56594479922982899
v 3767.0017452104739 5357.1954011086218 8661.0959794539122
vn -0.45456403592494216 -0.60360571242721117 0.65500510010905011
v 3514.5531893471125 5394.8693174028067 8201.7684955863606
vn -0.21271047876084656 -0.89732086384683185 0.38674218742013
v 4015.0060070315176 5111.3414583710328 8825.0114346345708
vn -0.19769072245523009 0.79746645036488861 0.5700575749848027
v 3486.7994710932653 5468.878620948075 8057.8274998917532
vn -0.85113416391603114 0.28805498137315438 -0.43885642609066389
v 3508.9731434198256 5473.0409134189877 8211.1338389276807
vn -0.12456627645346471 0.8066019080574699 0.57782056443896823
v 4001.7812385094512 5489.6628213380864 8879.7253772285731
vn 0.30896581731384593 0.93640851990075313 0.16637069329923546
v 4063.6773191582456 5118.3208089527325 8830.9483088486613
vn -0.44014258917070703 0.76198107396065562 0.47503615033371105
v 3849.9360558658664 5300.0665801478408 8698.2702023319107
vn -0.44837813970101392 -0.69627957073759916 0.56049246490182414
v 4030.4009979533885 5388.1186232729615 8782.6851362237212
vn 0.80351597383953821 -0.59139618480973577 -0.06791636310336005
v 3746.2339419319651 5488.1864702474668 8110.4913472527005
vn 0.96869596355803611 -0.028892427371930502 -0.24656309096644125
v 3755.9692786950036 5477.5462153486351 8642.5102094185313
vn -0.1255283410283998 0.98600040808902489 0.10975350038579181
v 3780.9835555015607 5465.3506908195741 8363.5612515805751
vn 0.76735530800941776 -0.093030176276590146 -0.63443771764588375
v 3464.7476373775394 5410.9306075446157 8183.1758742683523
vn -0.96223190778616718 -0.20576036682667606 0.17824821761113044
v 3362.40320672706 5386.6195648425055 8558.901175057832
vn 0.50160323220456915 -0.55373372390617714 -0.66466018419258932
v 3358.1287589077074 5343.5889087925279 8610.1563008443591
vn 0.32073135442705902 -0.65171759823059294 -0.68731038872108707
v 3385.8967883479017 5410.7289929932194 8557.4447758797833
vn 0.48688943832762582 -0.74166350518416557 -0.46138261770784805
v 3464.8674465220292 5429.0934534508497 8183.1776111251365
vn -0.92283472888533669 0.33708978029250958 0.18640424669377734
v 3365.8502030264262 5322.7386723065138 8684.2387474491752
vn 0.15988819453223505 -0.95446744532409 0.25184848831336515
v 4042.658461654692 5149.5090422093872 8767.4973311010126
vn 0.90332836963854368 0.36331199075999671 -0.2280400271359804
v 3635.0854977187832 5427.0091300297827 8099.6367485524943
vn 0.7762427792359472 -0.0022571445145119344 -0.63043005399702612
v 3398.0853738091319 5415.9013578970953 8559.3030415725752
vn 0.58918221986181873 -0.72922532874912982 -0.34798668323575671
v 3871.1131628233697 5441.1584374842005 8837.5292622909692
vn -0.75363833711101047 -0.59374230707653575 0.28195625480557046
v 4088.9253226758447 5483.3286981540477 8933.2129793016757
vn 0.44002436842885856 0.88443213423964417 0.1554295824902468
v 3621.0204220774294 5378.887512523278 8183.205252507918
vn 0.75014833753371468 -0.60829043308967046 -0.25934575513585195
v 3668.9183206929765 5392.7361533904386 8252.7767912357667
vn 0.56372638432498068 -0.79701551549128824 -0.21674600730357244
v 3475.1086431710874 5436.1421054375778 8113.4575867651656
vn -0.95116699318847486 0.30560542421926579 0.043435880980570975
v 3680.4402828100642 5454.4896298034691 8130.0349398121707
vn -0.23006610956540863 0.96636227686795895 -0.11495014169635256
v 3960.9971977563691 5019.8079061057251 8795.4510322911374
vn -0.086165367243582314 -0.86863625289188096 -0.48790018410503894
v 3682.929519253727 5432.7638591703908 8155.6155570587725
vn 0.96029395077305202 0.00042681413758852653 0.27898986708906653
v 3907.1189476981444 5340.8221557963643 8795.5449586575924
vn -0.21869080666100668 -0.78233473335613291 0.58320382034632345
v 3741.1029057223468 5474.9915863452788 8127.5218677163939
vn 0.9623369547201055 -0.1904256497917384 0.19402488881952171
v 3267.0767814750452 5483.0914598495456 8545.2792616947627
vn 0.051210886032657006 0.91091067170734208 -0.40941323051585554
v 4002.2233538880118 5383.0445722610793 8907.8881727760054
vn -0.6681309958634899 -0.73378890214357606 -0.12310491240152256
v 3607.7392641129081 5373.2208633169412 8141.9233057974852
vn 0.21488147265705429 -0.97663870517809026 -0.0016710047274067926
v 3977.8140212473654 5347.3560711496784 8725.7585350449372
vn 0.79310501055567006 -0.56711732407264026 -0.22217646807926861
v 3368.4891460913086 5326.9287434814505 8628.5341724570535
vn 0.43613947590332097 -0.89969299289606852 -0.018299620009477581
v 3823.1594659988014 5495.630949766748 8406.9658840816173
vn 0.85377319694983267 0.519945411894287 0.026983269263423162
v 3849.7388823106085 5418.9099660071097 8810.0533631648177
vn -0.47581587533357178 -0.14660759944185897 0.8672401423864341
v 3936.6623623098153 5237.8343346581496 8711.9204817246591
vn 0.62657666939829082 -0.22305170716601019 -0.74675940790596895
v 3927.3151122331119 5175.5927477053483 8753.1347457664087
vn -0.39317055124148753 0.077548191196141134 0.91618949769066416
v 3829.3868333669998 5516.634048948903 8488.2487201447293
vn 0.36148765523433413 0.92632011428590322 0.10610240799592817
v 3739.3674262632558 5496.9083749911379 8530.4655560238043
vn -0.37800850838728933 0.91453948632983051 0.14396907838277795
v 4074.8335904040305 5433.1500396088159 8850.7779584219643
vn 0.85647740975425279 -0.31529545739919551 -0.40869942638090134
v 3970.8474181100619 5360.2551507708249 8682.6919879859488
vn 0.85573824824193623 -0.37427445694086814 -0.35725436509221364
v 3968.2595456517006 5348.2616319968229 8692.6625479020258
vn 0.76411765451898139 -0.42808175012447108 -0.48256629105520882
v 3901.98580293948 5472.9499148675513 8869.2449231533319
vn -0.48202620910127941 -0.2201208626210556 0.84805515125987652
v 3907.597018223033 5144.8658009699684 8767.696307955026
vn -0.77328918079225828 0.50522724062941526 0.38310478748721616
v 3626.5932683417195 5381.4168247909511 8280.3058810876501
vn -0.76834559063076457 -0.63738442484382762 -0.058190620590991129
v 3521.9009581356522 5522.6959458872461 8127.7206614540764
vn -0.30863862705830514 0.85996792448804282 0.4064447892879085
v 3614.4545778106049 5404.9462896731611 8600.7820277841111
vn -0.35818422540141376 -0.85352781795127375 -0.37841025971414471
v 3718.0004733856722 5481.9230270313719 8140.0557024507625
vn -0.87868745777359902 0.2039374701998827 0.43164552563398784
v 4061.4077937125257 5049.3508085064677 8809.4930579701268
vn 0.69337520721122292 -0.69257393240903453 -0.19892755005850715
v 4055.6329723124645 5081.4461869818879 8864.93901876979
vn -0.35629045472702497 0.57030264864867064 0.74014322993236981
v 3958.0925045589465 5293.917000949019 8712.09388373002
vn 0.86696074797510259 -0.47778858531698554 -0.1417643439347295
v 3873.0259504722126 5299.076795639141 8755.2738325895989
vn -0.37003550225390891 -0.71326691213084426 0.59525124034396426
v 3860.4144865720423 5534.6103881266636 8558.2705335199025
vn -0.32863000795757519 0.73979874694544512 -0.58711168604257347
v 3935.5713473816954 5554.6730171264871 8697.9522485195976
vn 0.53250876199697428 0.81735154196135495 -0.21993379742514582
v 3854.7214247040074 5520.2771782175569 8597.6911565413247
vn -0.28799354502667135 0.8454936449609225 0.44966678146563621
v 3729.6312988540622 5507.5811630246289 8419.7778018976569
vn -0.44215086782394974 0.83893828854684227 0.31730924678083877
v 3708.1436071242879 5491.5433932562855 8475.3878435005645
vn -0.54753836627659758 0.836752350923604 0.0068731855042896781
v 3495.057441367795 5386.9575250127518 8155.9121310281171
vn -0.3445621018055971 -0.90039223176862504 0.26565162707957196
v 4036.3374907058151 5383.8251123938498 9073.9543294549912
vn -0.66669893670747915 0.53987255312524418 0.51385810704429613
v 3337.3011750952282 5338.701867295802 8656.3639005395307
vn -0.9764133123913038 -0.17120803763448336 0.13154790471304176
v 3836.4267553546615 5516.6918316719075 8614.6438555060049
vn -0.49601009368121818 0.86621776236209469 0.060338836040769395
v 4090.8392486605512 5473.1560648721816 8879.0394638103953
vn 0.92170600851809414 0.35458782779003667 -0.15724346169169098
v 3676.7375901506912 5408.3511984316974 8238.5599654456055
vn 0.59930256558613715 -0.79764349323623085 0.067832828186482619
v 4011.7038273249982 5051.1129153875636 8767.4974978879727
vn 0.31447336377720519 -0.6886874213405012 -0.65331167076826402
v 3932.2367579223519 5277.2058639688457 8698.024986083059
vn 0.51424956533626831 -0.33584534058145632 -0.78914845989914018
v 3650.6551773722103 5459.767197691659 8614.5215139710017
vn 0.042868043049795836 0.93715530275682102 0.34626907081033403
v 3615.3908780260367 5453.2929257991336 8656.4641468470982
vn -0.039388589572703817 0.75298706017941197 0.65685540738722681
v 3395.0193982375667 5472.5161300082091 8545.1085197480934
vn 0.45597294943612532 0.82465732154249516 -0.33470729213579825
v 3635.9715069251979 5479.9444099958127 8154.9975199602013
vn 0.45847650039829829 0.83470928559824953 -0.3050568916097276
v 3794.8155094106696 5438.5372790685396 8725.8477274903198
vn -0.88383110705789492 0.40836005407070369 0.22822059599472591
v 3939.4953681793995 5590.5858131098285 8573.0236803829248
vn 0.47436156206355218 0.80849194219206344 0.34831291656660091
v 3712.1994984907742 5462.4710834993175 8140.7764755182288
vn -0.80911976762071713 -0.17302728050925711 0.56159305715523877
v 3823.9858931861186 5488.0128926939087 8420.2652112702381
vn 0.76637181912119856 0.577471693101964 -0.28142615109974439
v 3739.1047082246405 5467.0015066558626 8266.6737317358566
vn 0.97095581541427811 -0.028457267457303634 -0.2375604942789474
v 3736.2793178109241 5441.0654844097116 8322.1362686735338
vn 0.803011737215236 -0.38623324773902457 -0.45386785327398332
v 4156.0446647388917 5143.9453731859548 8851.4074428248605
vn 0.57902670356555097 0.80277397306115861 0.14241497369874365
v 3676.6315434437947 5458.2302069299767 8475.4374734740395
vn -0.92904674787767383 0.11702393836391579 -0.35096657690970556
v 3981.2747347415529 5109.6216384503969 8810.0938884122479
vn -0.28745295360923856 0.55243920479560893 0.78242042692284064
v 3665.1128562795639 5485.1516297769122 8183.1265909181566
vn 0.31719470382847936 0.8712896121056829 -0.37448889396067775
v 3722.5594218069164 5476.7845900957909 8099.7322481313095
vn -0.16769890979778232 -0.2749965139062821 -0.9467069203254127
v 3657.057210226405 5497.2160725182021 8294.4848471104651
vn -0.439750083257063 0.89427478468785893 0.083020923548763878
v 3891.1125035962923 5536.9328250230155 8614.6477347679083
vn -0.69809383078832254 0.70543576336727543 -0.12257808604197604
v 3783.9912330548395 5428.3350395199268 8377.9413961844384
vn 0.46618036368216897 -0.39928513767492035 -0.78946009864278799
v 3571.0139337626752 5491.0654408749106 8057.8045102822998
vn 0.26069207268303107 0.55622358616155088 -0.78908489114784663
v 3831.3442852796234 5414.7364945839381 8447.3568366328345
vn 0.76462630486748651 -0.55590423254837396 0.32606302786347435
v 3912.432860029694 5045.6347454771876 8810.331821405458
vn -0.92413876018219387 -0.38050388636787996 -0.034414304988724054
v 3978.5345875810576 5517.7600600765954 8808.0674261782551
vn 0.26882351459678705 0.84016864422303528 0.47101015622198394
v 3895.9287121838415 5542.3149745573646 8550.9175206234013
vn 0.36705505809424704 -0.37646266195422046 -0.85061533520256449
v 3694.8525101457017 5386.7270058424219 8294.5231505783886
vn 0.82157436222917002 -0.53897092764268106 -0.18581148103311756
v 3671.7406319589791 5357.3649423051902 8322.6747525686515
vn 0.52342155638393029 -0.45616678020531304 0.71968169557780315
v 3653.6033299954088 5461.4536159711397 8517.3129360701096
vn -0.61501295754786989 0.43195480391832841 -0.65967727671953391
v 3694.241854393309 5498.9660201396055 8558.6301397383995
vn 0.10625005939632662 0.95411357462977531 -0.27996108941327719
v 3569.9134295988188 5420.392282040706 8586.7191718553113
vn 0.034453789647064643 -0.75219834180255563 -0.65803540251907522
v 3651.2075910416061 5459.7298135332412 8656.1095148523727
vn -0.23790500104402762 0.85877664868118087 0.45376632550042861
v 3598.5830482509718 5473.0841405866304 8224.9261744342839
vn -0.39979736751707107 0.64674251376761194 0.64952766362332126
v 4105.4363216198981 5457.8000233092753 8976.4781544568032
vn 0.47420291470208348 0.79514709115365079 0.37798505144772065
v 4122.0675000753217 5444.3390198863672 8962.4902737766388
vn 0.80402879874989786 0.54309117979158061 0.24205301322930348
v 3581.8467478531365 5432.0291673116808 8670.066951664714
vn 0.28898586272108229 0.30083775289048464 0.90883651862320958
v 3930.0506488439751 5117.6623634857606 8794.3225598745139
vn -0.52976676331383699 0.59182395731802218 0.60752907752009433
v 3866.6807633434555 5490.9201570840996 8851.2260965035148
vn -0.73520474950453196 0.14132208393768181 0.66294950403291597
v 3980.8504234985048 5380.984438955471 8865.1604377463918
vn -0.38338843165166425 -0.88417023852640697 0.26693875660876576
v 3921.2557344273018 5013.8238095473334 8907.276351334116
vn -0.30984234086642121 0.91316732942427525 0.26480776476257967
v 3680.8104909914455 5498.4606606017096 8559.7545263635348
vn -0.11183910001945414 0.86530957258244323 -0.4886014319504477
v 3424.2723794136436 5445.8949507676134 8657.6298048495082
vn -0.84435656636862988 0.31945159710617466 0.4301309869522208
v 3656.9365539472274 5420.8541808546061 8545.5567932949634
vn -0.74079389329447842 -0.54701427016784854 -0.38987151202716114
v 3730.7324744144839 5474.0810375917781 8239.0304899238326
vn 0.85472420090624202 -0.23603505402810493 -0.46231373941852028
v 3719.0928690768178 5456.8021459867905 8141.360401418623
vn 0.28500471851859499 -0.63517830183993407 0.71785850645783533
v 4043.8481841853327 5391.575340588618 9046.2520075011362
vn -0.9413602265968064 0.29082249301402013 0.17106490387779599
v 3336.9951426546904 5398.4616065419323 8531.2311635588558
vn 0.20489243152303185 -0.95244959543433749 -0.22551908935065074
v 3585.3266883473029 5450.2734952924056 8253.3670064873531
vn -0.3339818848553554 0.70250665377626431 0.62844291863982371
v 3562.9678288301984 5368.8986928212726 8099.650854392773
vn 0.00050318964745262344 -0.92664429313353291 -0.37593895887927586
v 3217.1290563416187 5462.3957628328062 8530.44176339353
vn -0.48609040460648006 -0.31541714249002722 -0.81500192930626503
v 3681.0810726925884 5430.8640399507403 8183.3174326536337
vn 0.83953995736492737 -0.5277544480267623 0.12902675139545106
v 3445.2392180964489 5455.5411626678715 8561.5555650913866
vn 0.18191252037900493 0.47217657386045325 -0.86252948820707698
v 3681.3588325546134 5473.6123789561007 8489.4502141021985
vn -0.46417100974800507 0.87819611866458336 -0.1153986606160512
v 4033.0938964484799 5368.0429972100192 8935.2088785708329
vn -0.37050456786996455 -0.87072219693780029 0.32337164524321121
v 3607.0208250447031 5505.0830525535412 8141.4591902223256
vn 0.33193748824734304 0.92086350190351041 0.20451873938113491
v 4026.8230514803035 5105.3058771125216 8837.4411595383026
vn -0.19598452265178917 0.70982176244138528 0.67656716772657244
v 4034.0439838429156 5393.5598167060671 8823.3684109316564
vn 0.62220898292527682 -0.76707707298743022 -0.15636094673584314
v 4038.6915425794068 5156.1388139478004 8772.1144738668827
vn 0.59808706029906755 0.80041516014701453 -0.040341538265768966
v 4042.7180626075619 5042.5249461814328 8880.4153285192588
vn 0.69235347438369843 -0.32190224769447351 0.64577520038947545
v 4095.9766866809732 5413.0242196628096 8892.6638120010302
vn 0.91422312280623264 -0.20048963906570133 -0.3521363178567713
v 3533.447619275079 5472.9812283503143 8211.2723207568542
vn 0.096294132298462592 0.62640825147668322 0.77352449383766153
v 3718.5696237214484 5379.2536936252736 8656.6304543414917
vn -0.21553375635021949 -0.56021255298035388 0.7998169136476162
v 3548.616922375164 5399.7538742242323 8238.9422951294819
vn -0.22473804773505238 -0.60060805292041719 0.7673087883423354
v 4105.5042675942987 5346.6758498172385 9004.4616589555808
vn 0.19891341893411404 -0.92277809636156227 -0.33002126695604495
v 4162.7552186210523 5348.7102178620116 9045.9546027274882
vn 0.49050736337323297 -0.80564949772302741 -0.33216172761965335
v 3932.7643244766041 5582.3133147686403 8558.9765146614191
vn 0.012333226955723548 0.61874798102552209 -0.78549272911319734
v 3955.5917220396586 5409.8802079688485 8628.6152734919633
vn 0.8505688329901393 -0.18337672811887618 -0.49285457888733092
v 3661.1346488936251 5406.9808862099489 8196.9083761605052
vn 0.6279685311871237 -0.73507013291401602 -0.25559229944671125
v 3355.8010361018432 5408.5646668729969 8530.9100132886633
vn 0.57073619299512313 -0.79119770189323702 -0.21969614135048923
v 3491.6023929496369 5410.0766717660499 8071.8350256169542
vn -0.50520971655071045 -0.853657534398086 -0.126617361637854
v 3639.1279650588353 5413.1272411775562 8113.4381116030227
vn 0.55426225269737106 0.13525496302148685 -0.82127915486324865
v 3615.1065952999033 5493.1968870722303 8155.2249213976529
vn 0.54579175043413775 0.8263368345379225 -0.13884812221951726
v 4005.1960657715099 5369.4744933752809 8795.6824537170687
vn 0.51348804798466086 -0.84080495693846791 -0.1713973423498853
v 4072.4002656591374 5421.6773206778107 8837.1161626612793
vn 0.91657254123275811 -0.31581407400633205 -0.24526770541114254
v 3490.8140389248583 5403.7870290390847 8206.676265976399
vn -0.39323577805081139 -0.85693456913255006 0.33320979440344173
v 3982.469887803607 5120.6339664696279 8725.9280476014701
vn 0.38645900716427134 -0.07888589680850587 -0.91892679309416347
v 4020.3226734803229 5008.1354809613358 8879.2844876331128
vn 0.64530175646989618 -0.75446310207128697 0.11987940069018331
v 3950.1549709789833 5156.0157522254667 8781.8203749371169
vn -0.24636911573908618 0.66120327923709588 0.70859895733486067
v 3309.6017438919371 5398.8518238624747 8531.1313274241857
vn -0.19398645117395333 -0.9103055208336831 -0.36566804003173731
v 3897.5359764174209 5273.8951772317032 8699.4326462311165
vn -0.41375880176993413 -0.67826851411974531 -0.60725239951086341
v 3609.9047458630439 5392.1238694284784 8096.546726611542
vn 0.52289855674050034 -0.4604598844093048 -0.7173240510456006
v 3916.3457847340442 5576.2328911252062 8739.9641165808189
vn 0.026893078247856039 0.97683219558975676 0.21231020701240344
v 4013.6031669247673 5377.3235176138696 8906.6677377682772
vn -0.32258652596145548 -0.87729426395892751 -0.35537685306289013
v 4121.9674169817517 5403.0047173972234 8950.2570306686812
vn 0.75290781406368823 -0.21375754636340602 -0.62244480469719965
v 3765.1724665012298 5338.0318570282689 8642.6063211482997
vn -0.36062148556087936 -0.87783781085893653 0.31520298535745878
v 3867.3890642287261 5528.9570454389468 8545.341686291642
vn -0.19430924652807513 0.3889176389488746 -0.90054815908319119
v 3344.2160856540845 5341.5354534247963 8599.8154876036697
vn 0.33483856826638253 -0.79975259140573718 -0.49827595340446335
v 3381.7264974847253 5335.0083810026263 8670.6604383453323
vn 0.53301611461206977 -0.83093592411594752 -0.15949705820932636
v 3890.9292532104523 5562.6366004028823 8711.9254705143558
vn -0.60674578424943593 0.60480620209911296 -0.51581877747711347
v 3365.1979748157682 5473.3180142720357 8559.1214679523291
vn -0.099062454124961133 0.99275265111929822 0.06803531346547062
v 3817.8108742807658 5440.4322649323749 8752.3522712682261
vn -0.71689928443617268 0.42349372665656049 0.55381267542142998
v 3791.9869032008751 5355.730840944645 8753.8236537890571
vn -0.83837909774377073 -0.46701312416753116 0.28110359357650172
v 4003.8790971999406 5114.994693029701 8809.583117021084
vn -0.16287668203758013 0.68518461053461832 0.70992481005734154
v 3320.9104304995044 5368.9402048755101 8573.0592765212787
vn -0.90784203514376305 -0.29713448269269827 0.29586134999518465
v 3658.3059057548726 5383.914821661403 8572.8312243602868
vn -0.56577454369353086 -0.63451993545482388 -0.52657726614313971
v 3937.5937461007343 5095.010604122981 8725.7999789055339
vn -0.39855088716231124 -0.37280636622957075 -0.83795739965754701
v 3496.5799656189047 5482.7042515241192 8057.8039049551771
vn -0.68761124613125413 0.57986638551746228 -0.4369733963764128
v 3697.1519305503607 5402.8132453049111 8433.8762455431133
vn -0.70180858760821918 -0.69142800115654035 -0.17144102652523929
v 4078.5562415384102 5480.2889693788593 8892.8450950229708
vn 0.27028669750612172 0.9609308179052376 -0.059641129694243157
v 3814.4525715119335 5493.4733631278496 8658.4176320166061
vn -0.44800635876029338 0.8859638094198905 -0.11982667027226963
v 3462.3472604826707 5443.095992092085 8141.1930985981689
vn -0.95169879986401007 0.071202976332181436 -0.29866290445725235
v 3556.862299449368 5461.1886944486196 8670.7397641099869
vn 0.36931288357692554 0.71529468524100104 0.59326343835607609
v 3682.0422198541601 5368.7640286553842 8569.3222406906407
vn -0.46258652948538198 -0.8298812338447451 -0.31194685517086601
v 3709.0912526269112 5446.8772844152845 8224.8658955391802
vn 0.74727270663531842 -0.43839370150092333 -0.49939409728414358
v 4116.8466462605284 5128.3014574325352 8865.1627961156955
vn -0.32389897048501382 0.63272120661522624 0.70338704254352058
v 3547.5996873756521 5419.6254578090411 8684.2522663184936
vn 0.32690034127996798 0.0075622798426332885 0.94502855977722822
v 3811.2767221426766 5415.6327316790412 8391.9621172798979
vn 0.73178231903138657 -0.61274336366732585 -0.29839605867822266
v 3557.760543462683 5459.3605480536753 8224.9119917120152
vn -0.11767306548679335 0.66880927106379229 0.73406212856818842
v 3884.2122384556387 4997.0921921139507 8906.521754499403
vn 0.10970862729950452 0.63356811408849611 0.76586908927466502
v 3959.4335446951281 5541.0366464910803 8684.1885052745711
vn 0.56844185215995902 0.76554223180234315 -0.30136182910256393
v 3650.4556998271928 5416.1300394092796 8338.3759873916824
vn -0.56542579242299751 -0.30486626606348799 0.7663877824439348
v 4015.0288489308705 5371.9834338701403 8785.1138277869741
vn 0.71349906572499133 -0.66434088324494789 0.22264382780325859
v 3524.0105407355077 5482.8422853023221 8642.9615902166151
vn 0.12415414912746052 0.94424977697912804 0.30492311478355211
v 3494.5156892250525 5390.9405044946925 8642.0380407182729
vn -0.32074222964203936 -0.93582158449070307 -0.14615876342376125
v 3698.3127739741531 5484.1888551399488 8531.4679835278966
vn -0.22730794422367481 0.97371445040575755 -0.014535046054971428
v 4124.337661245132 5147.5165400937603 8823.1938934237678
vn 0.28804526809391057 0.95673887805493918 -0.040995643023174065
v 3711.8822035219105 5502.1332180565314 8223.4393462537773
vn 0.44950500488114237 0.67336514387871582 -0.58696220797935572
v 4028.5024108777106 5483.1243136452731 8865.2746313843418
vn 0.25755647944746091 0.94982388138628193 0.17748029254801209
v 3817.6124929028947 5502.3439011729533 8613.687870221951
vn -0.29403224887056961 0.94940899627126207 0.11030681947780942
v 3959.2865364358149 5040.992084648833 8767.4904898593595
vn -0.1671928340066817 -0.82666539692718777 -0.537281004484645
v 3729.8861495625897 5489.1613437236938 8614.5186772870074
vn -0.27591795624265197 0.89752038474197149 0.34398610494539072
v 3190.7539457686908 5473.085027333178 8558.9545834268974
vn -0.97591451267681251 -0.021227141156942773 0.21711810708709375
v 4066.6097737505352 5135.4891309630357 8783.9038771410687
vn 0.75995760568049464 0.62209126448433905 -0.18832656801589648
v 3942.3050365288091 5150.922595923892 8781.3849717100275
vn -0.23101385092126059 0.66751058741246394 0.70785748309585372
v 3794.3189085744757 5378.1354788201434 8470.1650778455496
vn 0.52347254195785964 -0.84187740769538566 -0.13122091383721668
v 4086.5632335917508 5328.626190511769 9018.2281142179891
vn 0.20202331306637109 -0.9772329185221732 -0.064825951086911915
v 4108.7326419166793 5440.6449076799145 8934.7850161946953
vn 0.71597610064496697 0.12799717766361082 -0.68629071523325902
v 3858.9776318344111 5495.5648353801616 8461.2379543189309
vn 0.79917881555222481 0.4569624249640446 -0.39051064382872164
v 3288.605007322496 5403.6800815445331 8545.004621340935
vn -0.6527538561324655 -0.72035572671321957 -0.23452085258173946
v 3816.980826790912 5308.9369819987469 8684.1953033077134
vn -0.55492842733639802 -0.82646684181244123 -0.09490521544425895
v 3680.8081559308671 5505.1078405002545 8210.8443183454747
vn -0.19506722062540566 0.840169900443553 -0.5060269931793655
v 3586.7736854738869 5522.9601967527324 8113.3085500418001
vn 0.30537337049156282 0.93367558264640571 -0.18707488063478031
v 3684.6827347837338 5462.951528318692 8405.9179795353593
vn -0.7830297229401787 0.20466240310750961 0.58734806864966049
v 3695.2564938458986 5477.9463118905005 8410.5579069031355
vn -0.72732339798940882 0.5169953616934676 0.45134961030733239
v 4043.7332725904998 5150.4692722875188 8795.5752246124648
vn 0.13569953087014391 0.81478538666760758 0.56365806212147807
v 4051.2312546285457 5147.3045000645616 8795.8602791438952
vn 0.13213718240599029 0.8564165125386507 0.49908969341886933
v 4036.1811054173095 5353.6448230914339 8990.4151636884435
vn -0.44807588827972189 -0.89383128999483841 -0.017135441882290551
v 3922.463053560532 5530.0577791554952 8810.7856501262831
vn 0.20743152917112759 0.7648642676105365 0.60988098251898726
v 3940.343307870673 5507.3094707349337 8851.6463825468709
vn 0.10180631602791047 0.70235036238530268 0.70451362121257755
v 4000.4338155006244 5413.854854460551 8684.2332991895728
vn 0.78865867944029888 -0.28211044672733321 -0.54628855304755208
v 3979.9703723120783 5408.3561985460656 8669.4454044467566
vn 0.86034822636705832 -0.21285616599036003 -0.46313408640148851
v 3376.1184859632431 5376.6190368957186 8645.3772531750001
vn 0.88040251999790009 0.38142754126525436 0.28178792299474076
v 4043.0473877449367 5487.2963840365064 8809.5974015430602
vn 0.5687658106603205 0.81466128529912551 -0.11328037278666159
v 3959.572276609535 5516.1812184528017 8837.8307709947367
vn 0.095876240162464918 0.95831436959568661 0.26914924409838348
v 3861.0164448821251 5403.5784509553523 8530.2491687462971
vn 0.63617471771544476 -0.56330754670510197 -0.52722512873036842
v 3564.745808464837 5441.546684460508 8251.4793639121272
vn -0.71884586316035015 0.26934966480990497 0.64086767985602366
v 3620.0705533338696 5396.200465625654 8098.998612355168
vn 0.51466372229624424 -0.60477710609301427 -0.60775480656094627
v 3947.2263885211137 5424.952486624039 8614.7118112432181
vn 0.72121221642513089 -0.097976968562454081 -0.68575028436775887
v 3830.7543550002083 5493.6146962457178 8448.0627178606246
vn 0.67379311861078939 0.72772961397431379 -0.12811105439244111
v 4019.290853540811 5157.5696014190062 8753.9306938030641
vn 0.31396656412623147 0.78126669855723607 -0.53948803725035988
v 3440.430686484412 5434.3826803926077 8558.8908838548814
vn 0.47019551400868487 -0.62008308806033186 -0.62802320220487995
v 4060.5704189228991 5467.7200915471512 8809.4205903382426
vn 0.90677848694991536 0.30245772822139483 -0.29372112325124838
v 3936.1983744079625 5141.6298119789753 8782.3013910240152
vn -0.35408854286513791 0.36524551886415357 0.86093961156477095
v 3542.3892901040435 5484.6527620715988 8614.4191617042325
vn 0.21649672700605943 0.96422971880435904 -0.15293860392370073
v 3918.1864392398747 5574.0294193037753 8558.3191308792611
vn -0.42124044057767907 0.68230366541619725 -0.59750999939879235
v 3925.5612937014257 5377.7628427224363 8614.5184425680309
vn 0.53900720829521576 -0.37320144332760047 -0.75511052972660475
v 3946.9766852906077 5283.5411032546672 8725.8021802536623
vn 0.93116268954198256 -0.33140994748278707 -0.15199832997239737
v 3904.9092157351479 5535.162951725405 8586.9544439123383
vn 0.36654879114449568 0.12201423575766425 0.9223635454542759
v 3632.324505567256 5428.9526005531661 8558.5748707984003
vn -0.56566087878070215 -0.46113860584369942 -0.68365119499462068
v 3834.1860965914384 5496.1709173275185 8704.1505189828113
vn -0.17320797140325869 0.9223375554558555 0.34538736577657914
v 3955.7376776854544 5529.2547487816091 8767.3426349562214
vn 0.36846321142447974 0.78805490462469008 0.4931575094467584
v 3838.113367480858 5502.9030961833378 8655.4809129874193
vn -0.48892173220634272 0.83293128070533551 -0.25919301957984697
v 4050.9274270330848 5357.0237179399155 9073.9616070819375
vn -0.5449370167687716 -0.63875454006801025 0.54317242685693845
v 3552.7652271284314 5512.2761333919025 8085.2311026402049
vn 0.255833416149085 0.92878332557652454 -0.26816188639048028
v 3644.4444436019267 5500.8514042984843 8210.0364655427293
vn -0.29316127569773465 0.95454027655882157 -0.05393817626028307
v 4131.7459921414802 5419.2734699196117 8976.6640017211885
vn 0.88488003594834341 0.38476706086076684 -0.2625673834592282
v 3573.2578231143234 5395.0098774120052 8670.2773042362842
vn 0.51721736582014155 -0.47921357061661829 0.70911250886650223
v 3936.1229330204587 5565.7186600808673 8740.1194206048585
vn 0.55048915768293494 0.80037930623051223 0.23739135079336129
v 3857.8870201136879 5497.6614849047146 8823.5753495352001
vn -0.9605509948941352 0.27226509198873011 0.056687793150338055
v 3734.12793371322 5345.5444835189419 8600.1578838082642
vn -0.47197974854612568 -0.87662025692393641 0.093659180612194456
v 3965.6841831167985 5085.7775727577391 8725.8978468796813
vn 0.39160393069461313 -0.25778377838117217 -0.88328584561740564
v 3641.0479378394848 5378.9074719001073 8224.9113293764585
vn 0.44758720522990852 -0.89417515457609553 -0.010792898280598325
v 3747.7789465925625 5345.7886770075174 8642.7843957175483
vn -0.4350892685728896 -0.81138867629143097 0.39031492971541254
v 3981.5928516456115 5369.2926874661252 8697.2965015751688
vn 0.81818220568040612 -0.47234579357454659 -0.32782210053682698
v 3914.9461339855361 5053.5364253685593 8823.4219895363658
vn -0.98532012468004981 0.16533866653002288 -0.042513259702888447
v 3993.0190365018561 5388.0368217765144 8712.5535992948171
vn 0.87658610115037727 -0.24794445537363427 -0.41245648778926064
v 3734.5894147955264 5372.9716023755491 8656.4836712477991
vn -0.28084943172765292 -0.54923234245602448 0.78706253290226091
v 3693.0869509480749 5365.3989424425008 8571.6356070850306
vn -0.48634886317654913 -0.84004934824439326 -0.24037860928345595
v 3754.9728719172717 5331.4385635687686 8600.6059740424189
vn -0.25123429579399004 -0.95121639559440618 -0.17907735024085061
v 3798.3216793494357 5342.5451327940718 8725.9941359886197
vn -0.67855159119195563 -0.70017350566239323 0.22209187301497479
v 3907.2811181835023 4959.006099876422 8920.9537315953694
vn -0.45488849487220784 -0.82538278088173 0.33439456074649182
v 3744.6023475586744 5509.2123729130208 8476.0060321289202
vn -0.17375313257097738 0.98403950889994096 0.038419966758645119
v 3510.9810893156778 5529.154840983776 8113.580125390763
vn -0.35314303247575585 0.93441991267191604 -0.046361896165234909
v 3586.6799089372216 5376.8466345111374 8099.5983565703928
vn 0.3328998259198776 -0.78947257719873043 -0.51566535248522349
v 4114.5594180515072 5106.1681663732234 8809.3906601237522
vn 0.67868165060311181 -0.51365570450142872 -0.52492764679313331
v 3933.1650730448637 5158.8878595487877 8768.3098596997806
vn -0.19668355582040623 0.65214457522979397 0.73213593810725663
v 3455.0156540521712 5478.3719846958402 8599.8298091162214
vn -0.17430207544513651 0.90539065720924639 -0.38715183627838679
v 3888.44902216317 4997.0843940784462 8878.8547175161366
vn -0.54424138792928267 -0.042544979503230308 -0.83784917281326821
v 3956.1731226768093 5425.9307275373794 8890.8038219395276
vn -0.86226073407621306 -0.35959970349401593 0.35664335086661303
v 3660.611863806535 5476.4877026932718 8322.3301008585095
vn -0.98217070647267479 0.18776913832040729 -0.0091353183512472135
v 3934.4178041449468 5522.2719310553239 8823.7162618953807
vn 0.22817062390298937 0.95647249068418316 0.18193004411618133
v 4094.9735188358013 5111.6154400766909 8866.7674304737484
vn -0.55014964456525839 0.65369622103169855 0.51963123385108079
v 3683.6966568285352 5420.2998502374812 8670.5781896482513
vn -0.19295750336786943 -0.58290570000363773 0.78929610843922693
v 3929.9405912822067 5466.738952236783 8892.8475457735931
vn -0.67799235038692429 0.24370320401783105 0.69349486023204054
v 3994.652389784238 5349.8291645018171 8778.9981310226267
vn 0.50876725576814452 -0.65351693414827283 0.56042082066924792
v 3508.9004619302673 5509.1710793692 8141.388398042337
vn -0.70233157361014376 0.71106614058453066 -0.033396173800598832
v 3543.0183890285716 5434.9109975224965 8684.2432366174362
vn 0.31825611924244795 0.20576400395993219 0.92540489367579737
v 3273.7245093675988 5465.5877752343686 8530.2180991641617
vn -0.29678207523369465 0.79233186985666848 -0.53303903030586519
v 3868.356470819941 5385.0883783783356 8557.1393375911066
vn 0.57927993978723413 -0.42830767311265261 -0.69353247113089356
v 3700.0814146206067 5374.6351368000851 8516.7869789880369
vn -0.65809550348786616 -0.66406583138872577 -0.35486177572549615
v 3666.7576626714408 5443.8946245126854 8391.9931502728032
vn -0.89165523672437952 0.093657018568636285 0.44292132675546864
v 3938.8314149027265 5474.7509833874428 8893.2273011190846
vn -0.35400451009841266 0.39830947793209404 0.84618577547690177
v 3742.9130127993012 5503.5427863686009 8447.5659114540813
vn -0.56432703717829447 0.82047211478936966 0.091435791474822739
v 3920.0306421470486 5083.7920924716027 8810.1459528052292
vn -0.67150085570596973 0.30701297207577044 0.67441058396451092
v 3861.7743989314586 5509.0951579435641 8642.1630499089515
vn -0.3241697862950968 0.94514225712994027 -0.040250011685875289
v 3783.3420061275456 5519.2755937823576 8461.1495519365217
vn -0.027611505450690153 0.99951097426819402 -0.014677093860578411
v 4021.4980815465151 5088.2207272725263 8753.4801759062175
vn 0.46084652809516985 -0.33177159168131565 -0.82313309282027669
v 3779.8995223538323 5365.100442499499 8726.037547404454
vn -0.93663493221872851 -0.19079190815118677 0.2937915103124098
v 3333.1108456030024 5341.680451639807 8599.3365825969595
vn -0.44686918504549433 -0.78312191588857061 -0.43246733554314853
v 4088.690849096105 5356.0936671872978 8961.9995184219442
vn 0.38612982709510946 -0.89613433077208604 -0.2187396119571545
v 3697.0224931732955 5403.0837173191403 8419.7965921093
vn -0.66751225626415056 -0.72968957314730265 -0.14825826984438462
v 3648.9680884355621 5385.3418454152634 8600.7961733825396
vn -0.47112102437111308 -0.84436621296560721 -0.25512874945335295
v 3946.571203400842 5302.4262625575502 8754.87143608923
vn 0.4697778729701591 -0.51300858115439152 0.71842253982568705
v 3699.4080920717097 5402.796730010682 8363.8974436878889
vn -0.15220187336202187 -0.90772806791981397 -0.39097870076981517
v 4017.1839935844455 5368.8658530056964 8962.3570690845409
vn -0.62405168345441653 -0.77814435617720124 0.071069383895441721
v 4119.8936989883014 5365.0422075649622 9080.9142979640928
vn 0.014124331682921756 0.15020701999901878 0.98855366793994814
v 4044.5004314124963 5462.3812986619378 8976.6631440834026
vn -0.2848153939825489 0.70214137898140239 0.65259303955272163
v 3707.1136651789548 5358.8228874756132 8622.4399846683282
vn -0.31612107064930506 -0.93129225374110991 0.18100333370781091
v 3662.9118626645595 5477.7878710125551 8584.6996267232025
vn -0.43697613024508297 0.75464127186663543 0.48945726308998538
v 3551.3389830598512 5380.4222146150114 8656.4180389285302
vn 0.30963767488584004 -0.93090597427790145 -0.19374874798305691
v 3687.5156919444198 5456.6028129874167 8170.5458501758658
vn 0.82217084695426623 0.12085030942985524 -0.5562645963291325
v 4096.4940614905536 5372.3642825126581 8948.7287519393503
vn 0.48416245115090051 -0.72311289827062797 -0.49264029194758757
v 3905.9683002710963 5365.3309249004606 8812.0251965854204
vn -0.2111737586935144 -0.58496733225975306 0.78308292270241786
v 3691.1537659895339 5416.998994394552 8224.898887021689
vn 0.75476321230895815 -0.62843665579851049 -0.1881485131321714
v 3848.7567665754241 5501.173191445725 8461.4413255283634
vn 0.21102067983821632 0.8809235617394332 -0.42360825187067369
v 3545.7616263397795 5462.8117076767521 8670.0861492012045
vn 0.19026649807111637 0.84124927736321731 0.50606157041176181
v 3960.1362882691519 5444.3076060727835 8906.9536446904331
vn -0.43646528109540217 -0.25908223426755544 0.86161154488855551
v 3774.8261983071679 5479.5543751925607 8656.4906792080383
vn -0.35638616309024879 0.8407227805826315 0.40764458657906755
v 3792.0459966038325 5362.8426536178449 8695.6255021295656
vn -0.66291984174446705 -0.45959243238641512 0.591026293420715
v 3781.7094759832762 5340.1413947406572 8614.4139519978453
vn -0.18031325812056434 -0.95647729689037952 0.22943040225571554
v 3793.3772379387283 5519.01316741135 8572.5771366172394
vn -0.74346788392543495 0.66471979305246576 -0.073505797701426359
v 3512.2575494540315 5447.0775121522929 8683.8619617217537
vn 0.0016024625496398569 0.49381765483058204 0.86956400333236028
v 4181.5820032091233 5370.2431980793108 9046.1140798829074
vn 0.68554208077793355 -0.56637120660414597 -0.45744476367363202
v 3931.6059797399357 5543.1474371986369 8795.5097265549612
vn 0.15231551024674023 0.98787643043275386 -0.030002392133219185
v 3923.9093672734562 5070.1219857700635 8837.3627146478721
vn -0.58034987718855335 0.73970402427883719 0.3406346672212392
v 3915.4099296671784 5550.7686271810453 8557.4428435608752
vn 0.15407063330179246 -0.21959100018778099 -0.96334938241040813
v 3601.0898148746901 5445.0263507518575 8071.8556789919185
vn 0.81113865214799585 -0.16713683053194539 -0.56046352858260839
v 3997.5886286958294 5491.6861079016371 8684.2454046896819
vn 0.89281564426271942 0.36195757165747139 -0.268080103102733
v 4059.7829587303822 5343.8944382386771 8990.3674816610983
vn -0.14332446402383503 -0.97919424305624714 -0.14365490725270641
v 3624.6552146860377 5385.6458693299646 8642.740557221905
vn 0.17261956700557135 -0.98485875870448869 -0.015990950248902111
v 3826.2953823750067 5304.8415501414529 8684.0933111464328
vn -0.50707673035439493 -0.85203371521082405 -0.13004513707608065
v 3878.7472097236532 5311.1734762090064 8767.7903151066275
vn -0.23030199188761727 -0.51935381995596208 0.8229414330496102
v 3862.8075662364536 5346.0278687279988 8600.8383352906185
vn 0.40612498501373795 -0.7016115048243774 -0.5854944857517137
v 3430.1652435177548 5427.0848707850455 8657.3553198901864
vn -0.587241805667582 -0.7525720695583753 0.29796365851711182
v 3913.9027940752239 5521.957352534796 8600.5325751863475
vn 0.8341540482682881 0.52649575468627829 -0.16428403469282327
v 3687.7767789889062 5481.3863635604403 8391.9771095274009
vn -0.6454722414367986 0.57811423189602029 0.4991487958653506
v 3993.5757373239021 5063.8200712551879 8864.8493116477093
vn -0.094270688007609488 0.65672312229475649 0.74821639785960203
v 3425.1240486196002 5461.0840983451999 8640.9559720001853
vn -0.58496531815038688 0.69417496576483084 0.41944808196797423
v 3888.3632706085518 4972.9191069027129 8920.7665267405755
vn -0.68004430526350113 -0.62274224910900022 0.38695197900171763
v 3437.46214773057 5435.9018641605071 8670.3598961246935
vn -0.34676080433449885 -0.40072010908203837 0.8480450098636102
v 3573.2209370812088 5391.1435301290039 8239.3398923217483
vn -0.33208256347758441 -0.53892893646054452 0.77412968711945329
v 3676.7663818889932 5499.1312731796052 8197.0255946212528
vn 0.10982079947902604 0.86307425527958614 -0.49299312558632624
v 4024.4994165417647 5422.6883797217779 8990.7518456484067
vn -0.48204018304824719 0.38133705716084643 0.78880879227016576
v 3848.8092371189223 5360.8348268578347 8559.3720146843152
vn 0.45116787560366883 -0.64115694933968959 -0.6207779911825928
v 3833.5015589797131 5451.7504693834708 8795.6404956522565
vn -0.73226419080497496 0.36491316598766144 0.57500220534672453
v 3701.3094449778796 5483.760522286495 8489.3292864709547
vn -0.4982152936025338 0.86064622544282943 -0.10521214688215248
v 3661.5214430220603 5489.1887482424008 8573.2376492069889
vn -0.23574057590382855 0.90976053066855789 0.34170478151497258
v 3874.7358576727793 5513.3924420203675 8837.4373983174119
vn -0.6129641511541668 0.73111852664193699 0.29956743715026007
v 3511.09429878226 5515.7618833482738 8057.8149737824169
vn -0.74483490660061069 0.58408082924293436 -0.32259966959088104
v 3519.6999283581608 5457.2036762360949 8572.8951786119505
vn 0.36068019902840576 0.091995528803345536 -0.92814148528606477
v 3895.0538061767693 5545.4782376616804 8614.6708953588604
vn -0.43926193267666019 0.89265319046927472 -0.10109023714578033
v 3658.1322143019934 5379.7295825731671 8600.0563369009906
vn -0.54347080021458372 -0.8264428350979045 -0.14707729134525763
v 3854.0585557609447 5428.027968980592 8503.0970941041796
vn 0.54252920989507314 -0.64932163850948754 -0.5329572836297316
v 3690.4642035788056 5468.3371172756679 8447.1153721520332
vn -0.80680578596496844 0.56383733238853118 -0.17649896979425836
v 4019.1059433692353 5165.2949248773875 8767.696543599468
vn 0.33931802572704739 0.94063671542143135 -0.0081146175436775294
v 3388.0455772765126 5343.4658800790021 8684.3347211090568
vn 0.83412662262140647 -0.19777893860602855 0.51489442498251881
v 3302.3852409988813 5471.3306749411977 8545.0634826627938
vn 0.19699544758136259 0.97788248437991387 -0.070275460689961586
v 3853.5408540535554 5504.2923096794948 8767.6861858016255
vn -0.66980271392374979 0.35370622189045042 0.65288301633321943
v 4122.9454391649906 5129.7285354910518 8865.083095672755
vn -0.2113243909769395 0.63158449907692016 0.74595108573148516
v 3673.3496480598392 5501.2946275798622 8350.2127658637037
vn -0.62093335401284089 0.78278634254724466 0.041076901001311797
v 3833.0929760531126 5468.2711813383867 8419.5874674964853
vn 0.65023017631810898 0.045167689136459258 -0.75839343197537856
v 3939.0058220717037 5362.4805340492167 8642.5154973551853
vn 0.66194496792431556 -0.50648673079895679 -0.55253963745984935
v 3837.6541328210133 5459.5472960127436 8766.0195492268394
vn -0.93406877031214308 0.13728816717377409 0.32964752612696313
v 3628.8341695747367 5372.941434167722 8294.3913836832417
vn -0.74185476272620876 -0.65329271547249723 -0.15119569746196868
v 3516.6818102832312 5376.892389113249 8656.0176871567819
vn -0.18250228276070593 -0.97478232759784689 0.12842246917909425
v 4195.5726677902367 5382.1195746443154 9074.0083650080378
vn 0.85292983171471493 0.063513787767206481 0.5181473737601785
v 3491.0469410218493 5466.4181072701249 8669.7396405197251
vn -0.12627673386587562 0.64942209882430146 0.749870071440917
v 4108.5436486066483 5398.4109195877327 8935.3926572904547
vn 0.74668174483886052 -0.30857713374617141 -0.5892762717549318
v 3864.8393899807857 5500.2785284868814 8837.3657971841494
vn -0.86561125153825613 0.41043124433164485 0.28681589022707848
v 4098.3495983559951 5467.5174535401129 8962.8204908787739
vn 0.49429875376449806 0.80960513066125961 0.31655690552226007
v 3661.0061184011138 5357.3829606055242 8322.434618703066
vn 0.20823903396610974 -0.50489231075701146 0.83768744724467903
v 3385.4411135663645 5354.607816471158 8641.4190515251175
vn 0.91176315651399731 0.26922896140953234 -0.31016723354019299
v 3924.4306993428863 5074.9845893999864 8822.0664796910714
vn -0.70062631519800711 0.5677696744937224 0.43215779893154227
v 3646.3018271994988 5391.8533595950557 8572.8716612912249
vn -0.64141574852871419 -0.4783694320007677 -0.59979040011208284
v 3668.1790411042157 5448.00100859144 8392.0401433602001
vn -0.83620439672272973 0.28407424963958594 0.46910982466079532
v 3658.6658730367835 5400.4677913690857 8159.3371602895177
vn 0.5844654423856116 -0.80634248340987691 -0.090619788707454671
v 3372.6245497697673 5379.5872872263208 8613.4910287822422
vn 0.90273601258442338 -0.24606750661823679 -0.35287175258138725
v 3712.8027686810005 5493.9011979153465 8461.2862086248697
vn -0.53205082319815156 0.83668581674811171 -0.12991830350922223
v 3792.5286034581877 5492.9079884581406 8629.3292461079855
vn -0.23637677566094553 0.88233882212952175 0.40694498754895986
v 4048.9923796517396 5036.9476589657343 8837.3085808712221
vn 0.5315533319996848 -0.8458390447378773 -0.044803634193534239
v 3424.40526433376 5422.5095034563547 8586.8590261742884
vn -0.32085920741882062 -0.92115984565527531 0.22025872915032363
v 3658.8617423809883 5474.9582618978466 8364.0860264478688
vn -0.87853989224986517 0.18648347012244568 0.43976308746492826
v 3737.9168821955518 5504.2328367735081 8308.6960397066541
vn 0.44276776727272132 0.87074585295334328 -0.21391204694659882
v 3337.1123084244455 5342.2068373196771 8629.3076198550116
vn -0.75750221556603703 -0.49718417580719487 0.42308189365590387
v 4053.871202245683 5356.3139426684629 9013.5224260977884
vn -0.66127693229257622 -0.72647676957688645 0.18693400461887935
v 3878.5459719676101 5286.4486782791846 8709.4587615825531
vn -0.77980710849797796 -0.57485434903127963 0.24787769350194985
v 3821.4535548006074 5331.3823293683363 8738.1766572897795
vn -0.49979459435195056 -0.86475726308158662 -0.048992238203749879
v 3991.622895672268 5107.8081636081597 8818.2943240559362
vn -0.20077723908378142 0.85136836324959586 0.48462398859693084
v 3625.0215414392515 5485.9201698261932 8155.1983464182458
vn 0.34069560552202555 0.90742632223209618 -0.24597555589593087
v 3468.3933238284844 5407.0771751345364 8614.2557472897479
vn -0.4231446099956766 -0.83736412818491246 -0.34607796211363739
v 4144.449304143538 5135.5819293238592 8823.2394520422913
vn 0.66507605820905624 -0.30909335588926024 -0.67980521779567071
v 3392.1738861747435 5477.4078940898071 8586.7592711092329
vn -0.31065902669114936 0.946139720994575 0.091162478529357271
v 3692.1458246526236 5509.4742385978443 8336.4985157038736
vn 0.086015968654299085 0.95711909629585945 0.27663023811987725
v 3970.6037326820988 5321.710439866285 8767.1829459110322
vn 0.49874804420392005 -0.75691345469837412 0.422294222668671
v 3885.2570717760609 5361.5465023272845 8600.4686342402856
vn 0.48005181232925304 -0.50925776542312107 -0.71428760722530305
v 3977.4495696394933 5322.2260978351787 8740.0182969556408
vn 0.96507620907125746 -0.24445842250536523 -0.094170007703296379
v 3525.1821586358515 5521.0140687601661 8099.252076913619
vn -0.51061654097690534 0.73369715302222605 -0.44828477079626583
v 3843.3798745705935 5511.9501062199979 8628.0416566326385
vn -0.32955721150325429 0.80825151352049407 0.48797698228300695
v 3927.6039065647292 5385.2346127663404 8836.8965970269437
vn -0.29185659063475505 -0.60951235997109776 0.73709864573577932
v 3455.3553235430591 5412.0944692778066 8656.3874680733716
vn -0.44275770673546383 -0.82104674834921498 0.36034407189730999
v 3647.5941054105242 5474.6454298944882 8138.7157605798275
vn 0.61644082910008968 0.78441162913716589 -0.068549983900590306
v 3877.5492134284577 5510.5777763587903 8851.2570544822156
vn -0.34645937531927407 0.72289255949083331 0.59782292418923721
v 3739.1423112227881 5482.9492785951279 8099.7609518421914
vn 0.59179749365565815 -0.63696562383494026 -0.49401469669985193
v 3843.4720408626636 5382.0533143816574 8531.0964763287575
vn 0.49242829076571049 -0.63428492778170231 -0.59598406760795342
v 3831.7875409734479 5474.4961658642915 8419.8196892621236
vn 0.76474814773017152 0.22865313431187154 -0.60239357127431958
v 4006.2357579357995 5516.8910877554463 8726.7564814307989
vn 0.6205867700172053 0.69453652858502557 -0.36399322980060278
v 3897.9850614656534 5384.5606342253668 8586.5928318355363
vn 0.6237458237561635 -0.5736838532098909 -0.53087473467193502
v 3939.4535188563095 5565.7274428676865 8558.6525474254049
vn 0.67625424660729372 0.004774280422409613 -0.73665283559628669
v 4145.5078852565493 5144.5006109314727 8837.4300633262465
vn 0.3507571658120765 0.93518950510163712 -0.048887628079447125
v 3787.1952706228385 5374.4093262739434 8475.4670719976511
vn 0.43922063816934714 -0.85888324374190472 -0.26344791634305137
v 3940.7199104598685 5505.0084515127528 8619.4717414535589
vn 0.78581677971770769 0.35643155458611359 -0.50541916822516553
v 3821.1232267670002 5506.8505715148722 8600.5562125522301
vn -0.37137943139062868 0.89965145357003162 0.2295747809087543
v 3718.8802478478683 5440.7159535215615 8127.5460728782027
vn 0.28821528546606678 -0.95614590885777395 -0.052124372401547443
v 3211.3961719825215 5469.0323327112455 8534.5742701368017
vn -0.65096634150577848 -0.28266904882274535 -0.70451474864918673
v 3215.1368080404104 5474.2922819449304 8531.2184855580035
vn -0.070681085926369305 0.60184444181961361 -0.79547938498939563
v 3413.1009255485019 5463.2539477219634 8557.3455651787845
vn 0.32377633239604647 0.93070205604303957 -0.17018392831705256
v 3805.2693227409754 5349.9612649970595 8739.8977245466176
vn -0.68303331669290046 -0.72826802162285675 0.055598354013639724
v 3682.7424255121759 5417.779834032197 8433.9078360966651
vn -0.91319812422819224 -0.33707714383590154 -0.22901568725644569
v 3321.9008974156527 5452.063304070376 8503.1300217154367
vn 0.29165376409473126 0.55509214981808186 -0.77898060765317834
v 3324.848592394982 5463.7261712570789 8517.2523769422933
vn 0.36007294388484368 0.89070463997542593 -0.27747561948457583
v 3763.2781044074436 5378.7118648906562 8433.814830421923
vn -0.11777416084720306 -0.99290374213261035 -0.016474401227234484
v 3343.0690885417316 5473.2868628551405 8572.9501594589638
vn -0.53459609393985041 0.80711609604975165 0.25054066305025746
v 4024.5085082540763 5028.0264496064865 8794.98505858924
vn 0.27728166767459667 -0.74273866499693553 -0.60947038672126186
v 3848.1431272238078 5351.3378493656546 8573.4256621594031
vn 0.4270568887087961 -0.86872549329399307 -0.25087532981038874
v 3369.883855083197 5456.8786642341547 8517.1072050412586
vn 0.22231150542945796 0.63540269855291509 -0.73948698786750888
v 3460.7522318554375 5423.0080990553515 8155.3782753379091
vn -0.94560223816376621 0.251181373752562 0.20674700640989127
v 3554.8726067137263 5370.8774559552749 8113.6254765623553
vn -0.30755389430593827 -0.94535744639529284 0.1082122943210377
v 3766.150025860361 5377.826174729631 8683.9978356933534
vn -0.536160361249019 -0.55392695473356612 0.63694347931737172
v 4186.5667049142721 5402.246641683123 9046.0297027678243
vn 0.78750678779535166 0.46500819232946777 -0.4044755125378145
v 3490.8912266911757 5509.0853702770037 8113.591954089844
vn -0.84511071476836253 0.52522861690644684 -0.099613150568829911
v 4066.5570532142592 5338.1991390734438 9059.9761529492462
vn -0.81673994495649838 -0.52641227284551884 -0.23627522364833603
v 3881.0598576445482 5490.2152574869469 8503.1662173784916
vn 0.73435151575761848 0.38223894390891511 -0.56091108124540145
v 3913.5088208063535 5483.9786884749265 8877.6954074303067
vn -0.28391405308589235 0.34066515452504947 0.89629239813398232
v 3941.9726076096395 5412.36453315367 8615.053577424289
vn 0.61631950742132324 -0.16205718499417271 -0.77064111852645256
v 3779.9358843808782 5405.0875124255053 8726.0828333081299
vn -0.97721887898241944 0.1626068826998458 0.13639011789342498
v 3525.0079572128179 5503.0852630531444 8169.3677096520805
vn -0.14075382340578246 0.64137229492286796 0.75420815462445612
v 3666.8817134337692 5366.1475548841372 8587.2101807107174
vn -0.49965873716339193 -0.86409238145848843 -0.060708341121154391
v 3861.3294700961505 5413.2752002839716 8517.2683993084174
vn 0.57885972823038578 -0.5623741361502933 -0.59047163015868531
v 3481.0084121938498 5480.9586467339468 8141.6323149861046
vn -0.89067425974553194 0.43436289678422585 0.1342692702146131
v 4072.7194801835085 5482.751224319124 8906.0651280259372
vn 0.31153269708217957 0.90603113673209612 -0.28645236588418777
v 3515.9745767307777 5513.4731818360087 8100.3871782097413
vn -0.74550552602721365 0.49997725485513722 -0.44073150022480623
v 3262.5103645316558 5428.8402196178795 8559.006501602802
vn -0.41580770523414834 -0.46549812592120732 0.78129088503050859

# 6666 facets
# ------------------------------------------

f  1023 423 2558
f  1380 439 90
f  196 1925 186
f  1349 2058 1757
f  731 3243 2556
f  1222 941 1228
f  3100 258 2214
f  3241 3295 480
f  1425 287 1153
f  1119 1875 2864
f  342 1423 329
f  2153 824 2987
f  1789 356 223
f  3137 926 1763
f  258 450 15
f  862 2553 880
f  1169 1904 1991
f  667 110 1354
f  641 83 1061
f  3 1631 2504
f  545 1154 1654
f  847 297 2150
f  442 429 1696
f  697 1810 2326
f  613 1309 2514
f  2504 3184 3268
f  2338 2891 1395
f  2538 2890 1083
f  1546 1411 1244
f  2875 1546 1244
f  3156 1173 2327
f  1175 1997 3135
f  1249 1918 1135
f  2809 15 809
f  3137 1769 926
f  1265 2843 38
f  504 3071 2496
f  2793 1199 142
f  3031 1226 2027
f  1846 1009 2600
f  1549 672 645
f  2737 2928 2949
f  50 2488 2387
f  422 655 2895
f  3227 774 2776
f  3148 3235 1282
f  1327 112 3228
f  1568 176 722
f  2487 1652 2293
f  2264 197 701
f  1122 125 1401
f  176 1646 1190
f  3187 1537 1113
f  1135 457 1249
f  2910 2409 1817
f  312 374 2487
f  2180 84 2304
f  477 2999 2333
f  1268 498 1762
f  1205 3120 2177
f  2236 2243 3272
f  2590 212 2530
f  212 383 2530
f  94 1663 1918
f  1374 434 467
f  863 1572 2277
f  1319 1930 163
f  2914 787 1731
f  1956 3034 2561
f  1792 1592 732
f  2005 74 1472
f  1091 320 2976
f  1237 1356 3004
f  3325 405 2386
f  405 601 2386
f  91 2422 1238
f  2024 1786 1843
f  607 1928 649
f  193 18 3001
f  2353 3311 546
f  867 3329 2000
f  2871 1821 408
f  1968 2106 661
f  2928 1684 1779
f  874 2332 584
f  582 1092 130
f  2095 1223 971
f  613 2370 3120
f  2339 2241 1236
f  1563 2311 3304
f  1435 437 2792
f  283 2472 284
f  1738 730 1051
f  1741 1582 1600
f  713 792 1097
f  1095 598 266
f  3025 700 808
f  372 1690 1542
f  618 72 22
f  3283 552 2811
f  2203 2167 1234
f  868 541 2075
f  630 37 1845
f  2499 1581 1209
f  3056 48 1036
f  2529 209 494
f  1191 632 2812
f  2069 1066 460
f  3190 2566 490
f  490 336 3190
f  905 2068 2316
f  2969 2993 1837
f  592 1527 413
f  2220 729 2361
f  2438 397 1877
f  2898 605 1806
f  2463 2818 748
f  2476 1748 177
f  1708 272 2405
f  1352 2953 2352
f  2638 2648 1307
f  887 2559 736
f  2970 610 726
f  852 1313 3176
f  2403 3011 2197
f  193 1086 5
f  1403 128 3087
f  560 4 2589
f  850 2384 1254
f  1799 2018 1996
f  149 274 2629
f  136 2394 3112
f  1949 2377 3217
f  2640 535 2301
f  2297 1809 2749
f  2611 2856 2988
f  1007 802 2098
f  1280 1690 31
f  3090 73 3004
f  60 911 3075
f  2465 148 2130
f  1916 979 1521
f  988 3099 1032
f  681 2246 1202
f  1756 622 1026
f  2661 257 826
f  3009 2072 1458
f  385 1134 2107
f  1396 1165 1820
f  1218 3215 253
f  3051 1059 2230
f  2511 2223 3081
f  1449 1468 2278
f  461 680 1887
f  3278 672 2032
f  1070 2323 1204
f  935 1827 1780
f  975 1376 2778
f  1833 2260 2609
f  5 1323 193
f  1672 1541 430
f  257 2361 729
f  240 2214 258
f  176 712 722
f  1324 3 2083
f  2654 390 2518
f  1265 3088 1174
f  2353 2842 3311
f  598 2913 2186
f  522 1102 2692
f  3018 2245 2702
f  1060 1664 2121
f  661 1574 2049
f  2514 1400 2839
f  2560 2733 747
f  173 3016 3091
f  1025 1705 34
f  2270 1911 658
f  1093 1472 75
f  1347 10 585
f  2725 243 769
f  442 1696 1003
f  465 657 2934
f  2080 2354 309
f  656 1286 1894
f  3108 2456 749
f  254 1836 3080
f  7 3231 1526
f  123 45 3023
f  3125 70 507
f  2471 3209 263
f  273 992 683
f  1166 1695 2174
f  2645 2322 1998
f  2878 3196 862
f  1252 1900 220
f  717 635 61
f  2639 1028 3141
f  2742 203 2870
f  1498 2663 1619
f  3125 2225 70
f  2272 691 2428
f  742 130 433
f  1583 432 548
f  2166 931 426
f  1321 169 182
f  2995 2411 1447
f  1455 2698 1375
f  1551 606 944
f  2643 3035 789
f  1391 1401 125
f  196 186 2774
f  1905 2774 186
f  929 3224 2774
f  101 114 3147
f  2185 103 1113
f  2464 1868 1314
f  1794 1620 2905
f  60 608 3191
f  554 1817 1357
f  1074 2643 789
f  144 977 1261
f  1173 367 1155
f  1080 3094 835
f  1188 1703 2439
f  1697 3279 565
f  573 208 940
f  2037 1265 95
f  2653 170 164
f  1374 253 263
f  1987 2815 866
f  2385 2932 1118
f  1214 2448 1132
f  445 3321 479
f  600 2147 1415
f  1001 3274 1670
f  3249 2279 2475
f  2669 2138 819
f  3270 819 2138
f  1024 2896 2978
f  661 2049 800
f  3065 2822 33
f  3044 244 801
f  2869 1412 2695
f  664 775 1898
f  21 364 1834
f  3297 1599 1398
f  1526 3231 2372
f  442 3280 1632
f  129 2830 1602
f  3025 1212 1361
f  1856 696 710
f  2512 313 765
f  1608 2801 325
f  2546 733 855
f  2135 456 812
f  743 629 2642
f  2951 1855 686
f  3303 1722 1789
f  1338 63 616
f  1227 1504 3060
f  1985 133 1708
f  133 2398 1708
f  2014 2735 2139
f  2159 1541 1672
f  3104 1184 1904
f  579 2379 1522
f  18 92 3001
f  747 1524 2613
f  2856 1471 2900
f  1603 1427 418
f  1974 1197 2159
f  1036 2756 912
f  1053 3319 2606
f  2501 1926 3118
f  321 1199 2346
f  2606 3319 2233
f  295 1185 103
f  2163 751 2470
f  112 3003 3244
f  1499 53 1412
f  1641 988 3302
f  2902 3163 911
f  242 1686 3318
f  2377 1444 2298
f  3294 2753 205
f  3034 1266 2561
f  774 1199 2793
f  2703 806 1299
f  1545 2402 2274
f  2369 85 134
f  1377 505 1844
f  2567 104 30
f  1332 646 333
f  1948 2005 1472
f  64 3116 3268
f  1315 848 210
f  760 2975 302
f  1039 497 182
f  2972 3140 165
f  901 1881 3178
f  2697 615 686
f  3257 965 11
f  1188 2761 1703
f  216 2190 3290
f  1690 1867 2863
f  2214 240 1570
f  401 3275 3
f  1204 171 579
f  432 1807 1037
f  2282 973 1850
f  1016 1379 2657
f  2307 673 2237
f  3156 2919 2772
f  1671 646 1332
f  1261 725 2336
f  919 350 545
f  3121 2152 78
f  1929 2554 2460
f  2357 399 2430
f  2881 1399 2591
f  2770 457 261
f  674 3199 1884
f  1419 1727 2060
f  2678 2757 1006
f  1840 1133 587
f  821 1825 1514
f  1837 2295 516
f  493 1385 2378
f  799 484 1584
f  2195 4 560
f  1918 2762 1792
f  336 1572 863
f  2118 421 1860
f  2895 2894 422
f  333 646 3045
f  2193 1966 111
f  111 349 2193
f  1756 2521 622
f  1332 1973 2621
f  724 2770 818
f  142 1199 321
f  2393 935 1434
f  1851 135 2511
f  943 2502 2700
f  2162 1701 3277
f  716 2327 2140
f  2972 2739 2685
f  1985 1708 2405
f  2512 971 313
f  3100 2179 450
f  969 1241 1623
f  732 1550 3225
f  2808 2458 1217
f  1620 1794 2044
f  98 846 66
f  604 951 2996
f  1130 2824 2013
f  2808 1463 2458
f  1463 2958 541
f  1239 1243 983
f  570 2219 706
f  3311 3081 949
f  1016 1778 2491
f  1192 1008 2991
f  1252 1992 2201
f  435 799 2457
f  454 49 3274
f  3063 2429 1716
f  1234 2465 2426
f  1986 3146 1830
f  893 650 1947
f  3261 1092 1776
f  1383 3034 466
f  3009 1854 3069
f  348 1931 1579
f  2457 799 1636
f  1151 1826 1815
f  2406 232 1611
f  2925 2917 1431
f  1393 3163 2902
f  1780 513 1998
f  988 2797 1593
f  2763 108 315
f  1484 479 3321
f  1509 3132 43
f  2675 836 1740
f  1922 728 2392
f  1092 582 1776
f  1244 1386 2875
f  672 3222 645
f  33 1979 1466
f  1053 612 3319
f  1087 1927 2000
f  2142 510 17
f  449 2513 769
f  769 126 449
f  770 1517 1347
f  1108 315 558
f  2739 2972 391
f  348 1579 973
f  800 1640 1968
f  1541 1197 378
f  3282 1933 1368
f  2870 476 1739
f  1664 1060 1072
f  542 319 1494
f  1538 1633 275
f  1684 2358 1779
f  1614 89 1983
f  1264 1899 2278
f  813 2753 1845
f  243 392 1633
f  2450 2202 82
f  974 570 1806
f  1677 512 1483
f  319 2923 2887
f  338 3185 1889
f  386 1148 1174
f  1603 3085 1427
f  711 2912 1439
f  2391 395 2803
f  469 2448 1723
f  3209 2046 263
f  2041 1225 2420
f  3165 2730 753
f  3277 2547 2788
f  2255 2328 358
f  653 3045 646
f  94 1421 265
f  861 2467 502
f  228 1068 415
f  385 2364 725
f  2026 237 3061
f  166 3257 11
f  1279 2852 871
f  2803 1388 2961
f  1225 1388 1321
f  1164 2351 2487
f  2127 318 2631
f  187 1648 528
f  2307 2375 2867
f  2618 2267 8
f  2344 1191 164
f  1404 2591 2272
f  1787 1788 205
f  1856 1288 3064
f  2635 2232 1708
f  2194 3311 949
f  3197 2728 1605
f  1073 305 2578
f  432 869 1612
f  1615 540 3193
f  622 2731 177
f  1493 686 1405
f  1405 351 1493
f  2302 351 1405
f  2325 2324 2321
f  1078 691 2447
f  1147 2035 2666
f  2034 2990 1718
f  3160 980 653
f  1593 2797 3252
f  1759 87 2604
f  2426 976 1480
f  876 387 2125
f  2069 2160 614
f  217 978 837
f  2101 2704 1518
f  419 1572 3059
f  1381 1486 3225
f  3333 1543 2312
f  750 2594 1306
f  814 2151 752
f  1144 651 1576
f  1586 995 1469
f  657 462 2934
f  1224 2814 2126
f  3144 2224 869
f  1850 973 2952
f  836 2170 157
f  1862 1254 1040
f  314 2563 3238
f  1398 1207 3331
f  3281 1320 239
f  85 2510 134
f  1151 464 1043
f  2265 2510 709
f  3010 2817 2035
f  580 1343 19
f  2292 2334 2164
f  1274 2034 1718
f  3271 2463 748
f  2581 696 1736
f  281 1308 1787
f  362 1207 1876
f  1318 2479 1648
f  974 1098 3143
f  3042 2037 2840
f  1062 2263 279
f  596 674 1884
f  2172 162 2188
f  547 873 1187
f  1228 145 651
f  931 894 933
f  2921 3039 1534
f  3171 1667 2348
f  3221 2135 990
f  3277 2857 2630
f  1801 2162 2630
f  2138 826 3270
f  3037 2320 2686
f  2566 2209 3059
f  904 3102 337
f  504 2901 1290
f  1088 572 932
f  268 932 572
f  3145 2760 986
f  1175 3135 2423
f  2580 875 3335
f  1924 2444 761
f  2830 1868 219
f  2316 923 2244
f  1823 2244 923
f  2949 2573 2737
f  2744 1500 2687
f  346 1419 2884
f  28 749 739
f  1471 3019 306
f  643 1471 306
f  1621 668 1410
f  1519 1737 1080
f  2835 387 952
f  2254 2660 2800
f  1340 1818 856
f  1176 2535 214
f  2423 2441 1175
f  94 732 1421
f  1044 853 1992
f  1286 853 1178
f  790 720 228
f  2862 95 1265
f  682 1892 1337
f  1984 3073 752
f  557 218 1284
f  2077 2337 2972
f  701 1939 3226
f  93 831 3105
f  130 1092 2576
f  311 79 3316
f  625 704 1825
f  3047 1727 2482
f  2507 3045 653
f  2677 1177 597
f  2993 117 2888
f  1202 272 1200
f  2823 2317 896
f  3111 976 1662
f  1145 3324 2207
f  2429 3063 2716
f  2143 1470 1302
f  2838 1346 2118
f  685 1188 2439
f  1424 739 3314
f  1537 3187 1157
f  2656 1777 167
f  1548 2445 837
f  3027 1960 2411
f  1563 1661 1713
f  1832 406 2251
f  43 910 3208
f  1052 3256 1748
f  2191 1363 1497
f  2404 885 1699
f  2839 3198 2514
f  2831 1099 231
f  2956 2563 314
f  1920 796 410
f  697 2326 2237
f  1812 142 321
f  2339 1236 2418
f  205 281 1787
f  2060 1870 2259
f  2411 1570 660
f  1644 2991 1008
f  2227 2859 882
f  830 2168 2984
f  1672 2835 2159
f  431 916 3037
f  2208 1457 292
f  2787 1021 2853
f  431 3037 508
f  2799 1072 2598
f  2073 1706 1799
f  1689 1535 3119
f  1416 999 596
f  3285 734 2031
f  944 861 502
f  2918 2930 2741
f  242 1384 2341
f  2820 1384 242
f  1529 2463 3186
f  2431 942 2276
f  2433 2297 2749
f  1374 2893 434
f  171 1204 979
f  1210 2291 865
f  2368 2751 1189
f  777 2097 115
f  2516 696 2581
f  2516 2952 1579
f  2444 1924 511
f  345 2646 180
f  2478 3182 2745
f  303 914 845
f  447 448 3250
f  1022 1125 2821
f  2233 2931 2606
f  690 1969 744
f  2944 1043 464
f  3026 1819 689
f  2744 2672 791
f  2415 961 2204
f  652 781 2572
f  1644 1026 2897
f  493 2203 1527
f  222 1709 440
f  625 271 2718
f  2618 3005 2040
f  842 1894 279
f  309 1126 2080
f  1474 2802 1790
f  2334 503 1813
f  1450 2595 1639
f  1366 1255 2616
f  705 2338 1809
f  1939 3317 903
f  647 1905 186
f  1709 471 15
f  634 3135 1304
f  1293 1325 2066
f  1719 1637 211
f  1 1116 2247
f  1584 306 3089
f  42 2927 2112
f  12 3040 2392
f  2238 2325 2321
f  1353 2688 2879
f  2609 229 409
f  2719 2655 1639
f  424 970 2764
f  47 1300 1885
f  2528 659 568
f  1807 2028 735
f  1107 2197 3011
f  365 1273 2283
f  606 1781 519
f  765 852 677
f  2394 1242 2694
f  1188 685 3083
f  2391 2961 1216
f  18 2358 1684
f  2884 1419 538
f  1397 935 2322
f  2844 1541 3312
f  2494 1084 2373
f  3161 2836 1609
f  2448 1214 2601
f  1974 2094 2004
f  2004 25 1974
f  2902 1391 1393
f  1134 45 2107
f  2590 2530 1084
f  1887 2651 2689
f  1194 1914 407
f  2250 20 3057
f  644 1990 2502
f  2335 3000 1274
f  812 990 2135
f  2939 393 2169
f  1690 2090 31
f  1488 1399 2451
f  2093 1619 69
f  3149 2383 1886
f  1476 2995 859
f  28 403 39
f  39 749 28
f  3156 2772 646
f  1275 2577 1880
f  2285 3077 1946
f  20 1069 1175
f  3303 1832 2251
f  99 1068 2736
f  464 1151 612
f  2232 1200 272
f  3144 432 1037
f  3052 376 2727
f  798 1181 237
f  922 2033 714
f  1435 201 1436
f  1155 3162 1477
f  649 3147 1406
f  459 1265 2971
f  480 3295 1720
f  1503 2070 2161
f  1794 2192 751
f  1816 700 3233
f  2259 538 1419
f  2541 373 1714
f  186 1925 1342
f  1180 1726 3334
f  945 1230 2612
f  1327 1458 2072
f  626 1648 2314
f  3170 27 2833
f  1370 3314 1054
f  1574 590 860
f  1759 2287 372
f  1154 600 1982
f  2302 1711 351
f  106 2898 1806
f  2969 1837 516
f  1182 722 712
f  1956 1437 1536
f  1076 3159 1538
f  350 1154 545
f  485 2560 1221
f  3106 1602 737
f  1815 1826 577
f  172 241 168
f  3016 89 658
f  1887 680 775
f  328 266 2289
f  2016 824 2153
f  755 2911 900
f  524 2453 3267
f  221 771 3133
f  206 980 2371
f  1127 77 966
f  2921 2626 1971
f  521 2540 1124
f  1314 1533 2464
f  2778 1330 2453
f  3290 114 101
f  188 2170 2314
f  422 2445 1172
f  494 414 291
f  628 3286 2401
f  2110 2265 709
f  2164 2334 2690
f  861 3199 2467
f  97 2067 1039
f  1292 1766 197
f  1392 175 985
f  1977 2005 2380
f  3062 2899 2694
f  2881 757 2451
f  3232 344 3164
f  3298 3254 782
f  2655 3298 782
f  17 359 2155
f  2417 2473 1318
f  24 1793 3187
f  293 485 226
f  2486 83 641
f  2654 2389 2849
f  1094 3080 2922
f  1039 182 97
f  1526 2754 1211
f  884 501 1161
f  1011 1552 463
f  1181 3061 237
f  210 1677 1482
f  963 1906 362
f  45 2868 2700
f  2700 3023 45
f  613 3198 2281
f  508 540 2281
f  1798 2793 2051
f  2289 266 2721
f  1469 857 1294
f  2152 1373 382
f  480 1720 382
f  2637 1561 1266
f  182 169 97
f  2398 133 1385
f  2717 104 917
f  3272 2218 337
f  734 1547 2031
f  2073 1996 1988
f  3104 1904 1460
f  29 2349 2492
f  2445 1232 90
f  1930 1319 3316
f  1803 2240 1091
f  3212 125 1122
f  1414 2172 1227
f  742 433 1652
f  2270 658 833
f  922 714 2469
f  939 1861 1264
f  89 833 658
f  3236 331 2299
f  759 438 1989
f  858 174 907
f  1668 3111 1305
f  158 254 3334
f  1325 1294 206
f  2941 2105 188
f  592 2398 1385
f  2457 1636 636
f  763 1785 2493
f  3137 2585 36
f  2947 1312 1956
f  1942 2892 2849
f  1876 2427 250
f  2396 2401 736
f  607 2173 1035
f  1021 2302 270
f  2183 2953 2722
f  1012 1861 1551
f  905 323 2036
f  2397 1027 2446
f  2962 2397 2446
f  2397 1591 1067
f  1334 2397 1067
f  1817 563 796
f  2064 867 2701
f  923 2316 1979
f  915 1803 2976
f  3149 1842 2383
f  1768 1755 1685
f  3147 621 101
f  1206 1356 1237
f  565 3279 307
f  2545 2918 533
f  1331 1733 2033
f  1145 2703 3324
f  1583 548 194
f  230 755 900
f  3241 3262 71
f  3203 599 2452
f  1222 1270 1170
f  251 815 2062
f  2062 2138 251
f  2136 19 1343
f  3249 580 19
f  1156 1288 2544
f  1354 110 410
f  1479 22 805
f  1689 3106 1535
f  947 1912 731
f  2205 302 1470
f  1604 1763 926
f  537 151 2121
f  1550 1647 2408
f  1994 2822 2205
f  1781 606 360
f  1729 2148 2111
f  1468 1264 2278
f  372 87 1759
f  1667 3171 2365
f  2783 1333 49
f  1670 252 1001
f  1615 2177 2370
f  2381 532 2620
f  3049 2816 341
f  138 2292 947
f  2952 973 1579
f  965 593 2350
f  481 2363 1094
f  1476 859 2608
f  611 2433 588
f  1704 488 2168
f  2833 27 57
f  39 403 1272
f  1490 440 2809
f  3063 1732 2716
f  112 3141 320
f  1663 2957 1135
f  1880 2844 3312
f  1061 1168 288
f  31 1044 1992
f  2199 1477 3162
f  1998 2322 935
f  757 2881 225
f  1213 427 215
f  1650 494 209
f  1435 1436 224
f  624 1461 1392
f  2310 1589 1013
f  3228 2204 1327
f  3299 825 629
f  778 377 1096
f  504 2936 2784
f  425 514 2389
f  767 558 315
f  2218 246 337
f  3216 879 827
f  1972 2222 2304
f  1661 478 2724
f  588 2393 611
f  179 10 1347
f  2579 1492 3178
f  2728 669 1605
f  819 3270 670
f  2213 294 1442
f  243 1633 1538
f  2327 716 3068
f  1158 2055 1840
f  426 2086 39
f  673 2307 2403
f  1341 2957 2096
f  3284 35 2714
f  1955 148 2114
f  1037 1807 735
f  911 1696 3075
f  2448 2601 1723
f  2885 281 1674
f  2814 1224 2658
f  1466 2068 296
f  3009 3301 3219
f  1111 3272 2231
f  635 3139 1611
f  2408 1647 2948
f  1901 1487 2193
f  757 2895 2065
f  2053 1070 3092
f  1073 2578 323
f  486 2857 807
f  1682 692 2434
f  1753 25 2004
f  844 596 2356
f  366 1453 1285
f  1692 1993 1874
f  2960 137 772
f  1945 2481 3130
f  1205 1873 1309
f  770 3155 1704
f  1464 3271 522
f  839 1924 1317
f  596 1884 2356
f  1531 286 3322
f  1629 1264 1468
f  1468 1742 1629
f  2324 1279 429
f  2427 148 250
f  295 103 292
f  295 269 2676
f  3147 2040 621
f  2548 2108 264
f  957 2341 1384
f  1329 225 2881
f  211 3122 3127
f  1260 3127 3122
f  1303 526 2823
f  2061 2081 252
f  2040 3005 621
f  1829 2574 307
f  320 2755 112
f  3085 2471 1783
f  3043 1775 1215
f  987 1805 1256
f  1828 1022 555
f  291 1057 961
f  555 525 1828
f  669 1907 1605
f  2227 1118 2859
f  1110 2503 1543
f  2959 2715 2530
f  2815 332 3201
f  1783 1427 3085
f  1095 854 1655
f  877 569 3112
f  3235 2335 1282
f  1787 1308 154
f  446 599 1453
f  1885 274 149
f  14 2146 1107
f  1281 518 3129
f  2735 975 2968
f  2768 3026 689
f  383 413 1527
f  1457 1150 654
f  698 2680 2253
f  1861 2099 1899
f  850 1861 939
f  2216 1919 2570
f  2862 1265 459
f  1100 2000 1927
f  608 1256 1644
f  524 3195 2790
f  2015 2153 2347
f  1229 2828 2484
f  955 2880 2407
f  3117 1735 2322
f  2395 762 2156
f  578 2471 3180
f  452 2183 2722
f  517 965 2146
f  1345 2773 1700
f  2280 1229 3322
f  1241 969 1840
f  3084 183 422
f  1764 843 892
f  2722 832 3289
f  623 1783 578
f  2997 1475 3302
f  213 702 2635
f  3047 645 2056
f  3285 1140 2683
f  23 565 3063
f  3030 2688 1969
f  1055 870 1959
f  1204 579 3092
f  1819 2453 3142
f  307 2574 2088
f  1470 2681 2205
f  1203 78 1719
f  1802 2895 890
f  732 1486 1694
f  1219 409 228
f  474 409 1219
f  342 2210 1420
f  169 1775 97
f  248 1922 2392
f  2747 1722 2251
f  614 1066 2069
f  1871 1854 1558
f  328 1938 854
f  3207 2168 488
f  3141 2801 1919
f  838 889 1430
f  3014 934 2866
f  2457 636 3258
f  666 3029 899
f  188 1773 2941
f  2958 1843 1786
f  1159 964 828
f  1883 2114 723
f  2367 2340 1797
f  1767 1951 1065
f  2146 965 2350
f  469 913 2693
f  1907 364 180
f  767 1743 558
f  1217 261 1976
f  347 1572 221
f  2504 401 3
f  579 1522 968
f  2277 1572 347
f  761 2588 1924
f  2013 1596 2189
f  338 339 501
f  706 1806 570
f  1803 915 1202
f  1928 2267 1137
f  774 2187 1199
f  878 6 790
f  1496 1579 2771
f  848 1677 210
f  2416 2607 2618
f  21 1834 1782
f  712 176 1190
f  1835 2573 2949
f  752 920 814
f  692 2734 2282
f  914 1675 2811
f  2900 765 313
f  1565 1413 845
f  2673 1565 318
f  276 2527 466
f  185 248 1624
f  2808 2437 2596
f  874 553 51
f  146 1195 1359
f  2003 2369 3273
f  1769 2556 1954
f  2499 1209 2924
f  6 3104 1460
f  1112 3021 3152
f  2278 1899 2099
f  3166 2190 3334
f  111 2345 2119
f  1966 1358 111
f  14 3264 153
f  2651 664 2421
f  1676 3210 2289
f  1269 3200 2682
f  1107 3264 14
f  1682 2481 3054
f  2043 1000 2904
f  2500 2352 2128
f  843 1600 1582
f  951 604 2545
f  2586 2424 113
f  1815 1141 1151
f  1039 742 2351
f  1333 1912 2572
f  2277 259 1407
f  342 1420 779
f  635 1307 3139
f  56 404 1459
f  2635 2617 213
f  2391 982 395
f  196 150 2506
f  2354 1732 2088
f  724 561 711
f  2181 287 1067
f  985 610 2970
f  1903 397 491
f  1464 522 1418
f  1640 1548 837
f  519 1781 2980
f  2243 2236 2196
f  1721 2789 1562
f  2650 497 2662
f  2041 2650 2662
f  1334 1822 1821
f  899 360 606
f  2369 2003 30
f  2947 2113 2743
f  2726 1658 3036
f  2108 2928 1779
f  2857 3277 2633
f  198 1096 798
f  2443 2342 2667
f  2050 900 2187
f  1581 1515 1808
f  280 3274 1454
f  291 414 1057
f  1005 1463 2808
f  1382 2664 881
f  1810 2532 2326
f  2061 303 3293
f  1491 1834 364
f  3108 933 1832
f  1072 2799 1265
f  784 2206 1513
f  559 2219 2864
f  785 222 1853
f  873 1784 1187
f  3333 2105 881
f  1469 1192 1586
f  2293 1831 2320
f  29 2492 2295
f  2238 1335 2517
f  2590 1761 212
f  1992 1252 1280
f  31 1992 1280
f  485 2795 3101
f  608 3328 3191
f  933 2086 931
f  112 2755 3003
f  554 41 1235
f  690 1179 569
f  1704 794 770
f  2174 1893 2795
f  2209 261 3059
f  1603 2585 3209
f  2467 3199 2242
f  1306 227 2209
f  2738 1390 1754
f  277 654 1150
f  971 2856 313
f  1934 2136 1343
f  1048 102 2920
f  2400 2041 2662
f  697 2309 1554
f  547 3047 2056
f  1000 562 1287
f  3140 880 2762
f  1589 1175 1069
f  2112 1013 1589
f  71 1481 2315
f  1958 1588 3027
f  1882 1753 2950
f  3123 449 1002
f  2565 1235 41
f  1288 2261 2544
f  3228 400 1901
f  1099 1377 231
f  611 76 2433
f  3290 44 216
f  3164 979 3232
f  1442 651 145
f  945 841 1230
f  3293 303 845
f  2178 2319 1613
f  1676 2289 2721
f  2356 3322 844
f  2354 1336 309
f  1569 571 1126
f  2965 2413 1734
f  1218 467 1924
f  929 2129 828
f  2592 2322 2645
f  2479 1318 2473
f  310 1329 1404
f  3171 1932 1017
f  2139 2968 412
f  2928 3296 1684
f  2131 1091 2240
f  286 2280 3322
f  320 1091 2755
f  2925 1431 2359
f  3180 1772 3089
f  1359 2249 3253
f  1736 3130 2481
f  2262 2506 2509
f  3161 1160 3086
f  190 1897 1409
f  169 1388 2803
f  2479 1951 528
f  758 2291 1130
f  2847 1142 577
f  2544 618 1479
f  3089 578 3180
f  3186 2730 2021
f  2421 2564 1838
f  230 2683 308
f  3066 312 883
f  1275 707 1974
f  1744 805 3032
f  507 2661 3125
f  3227 2776 1989
f  1027 2748 2446
f  2767 517 2825
f  2674 1533 2821
f  492 1014 591
f  591 1885 1300
f  533 951 2545
f  1913 2366 2889
f  321 2346 826
f  1114 24 1113
f  2275 1176 416
f  893 2198 3088
f  1032 893 3088
f  1087 2000 3329
f  2618 1137 2267
f  976 2465 1662
f  2714 427 3284
f  1527 1234 2426
f  1132 2013 2189
f  2464 737 219
f  392 566 2211
f  539 1080 2047
f  2239 20 2250
f  1069 20 207
f  2599 1051 1131
f  3124 3123 1002
f  2998 2013 2824
f  170 2653 1485
f  3255 1611 1355
f  2882 2789 3001
f  1369 556 1995
f  3255 1067 287
f  90 2887 1380
f  1380 2887 1066
f  1134 725 977
f  190 2117 1525
f  273 116 2571
f  24 1443 3007
f  24 1114 1443
f  2989 2709 991
f  820 3273 2369
f  1780 514 425
f  3141 1327 2072
f  3067 1627 595
f  2103 602 3109
f  2185 2208 292
f  427 2714 2792
f  1761 2590 1075
f  1583 2712 2211
f  2967 1100 1927
f  2262 3212 1559
f  1500 1502 2687
f  252 3283 1675
f  1188 2218 676
f  3095 470 204
f  204 2927 3095
f  2746 903 2478
f  1656 526 2442
f  2232 3214 1200
f  673 2403 2197
f  784 3210 2206
f  862 3196 2553
f  1370 1054 1851
f  1470 1389 3072
f  27 688 57
f  67 1782 1834
f  3243 2508 1954
f  1806 1243 974
f  928 1691 1632
f  1868 2785 1314
f  1014 2629 274
f  2282 1850 2434
f  234 1146 3259
f  1126 309 1425
f  3332 837 978
f  702 109 160
f  2756 2773 1345
f  1803 3305 1362
f  2310 1013 2827
f  255 2505 398
f  3202 2015 2347
f  2463 2730 3186
f  462 3052 2341
f  1330 3142 2453
f  1567 198 482
f  1199 2911 458
f  2438 1877 2920
f  998 2242 596
f  2832 3202 3240
f  2348 1667 1070
f  415 2987 1219
f  3324 1299 576
f  576 2207 3324
f  1599 938 1398
f  918 2391 2886
f  1162 203 2313
f  1167 1161 501
f  943 2367 2502
f  370 3309 1547
f  1883 1666 245
f  2023 3329 1804
f  866 2781 1712
f  1687 904 246
f  3306 2882 1523
f  2237 673 3010
f  2456 1789 223
f  424 1626 970
f  2840 247 2510
f  1751 271 119
f  1862 1040 821
f  685 16 559
f  93 3307 3033
f  1738 2538 3007
f  2931 1120 1560
f  133 1985 2378
f  3164 344 1545
f  3269 692 1437
f  2709 2989 242
f  1929 2460 1506
f  359 1707 2155
f  1688 3291 904
f  1876 963 362
f  2246 1111 2231
f  1739 1935 2870
f  32 342 96
f  3028 417 1837
f  2080 2739 2716
f  1183 2107 2172
f  1515 339 766
f  1445 3193 2554
f  3080 2363 254
f  1186 238 2275
f  1437 343 2583
f  2931 2233 397
f  1857 766 1889
f  2072 3219 2639
f  2759 2246 2231
f  1906 3128 3331
f  2457 3258 2569
f  3258 599 2569
f  2655 2719 2955
f  468 1404 2428
f  2569 599 3203
f  1408 1609 2480
f  2274 2786 184
f  3069 822 2216
f  2784 2936 2279
f  2915 1304 2222
f  3135 2222 1304
f  2564 2421 1898
f  961 1327 2204
f  327 55 507
f  3278 1441 1276
f  825 3299 2028
f  2121 624 537
f  2327 1155 3213
f  2308 1276 1441
f  154 1996 3038
f  872 23 1716
f  787 830 637
f  841 1389 2143
f  3322 2356 1531
f  3282 1368 2990
f  999 998 596
f  2711 804 556
f  241 172 2503
f  2940 294 2213
f  2501 3041 1339
f  347 3041 2937
f  1197 1541 2159
f  2929 2672 2744
f  140 244 2614
f  2203 1234 1527
f  1033 1413 1575
f  818 1841 1448
f  2549 482 198
f  838 2308 2032
f  2401 2396 2645
f  352 434 3096
f  1535 259 924
f  3062 1969 877
f  877 2899 3062
f  1377 2042 505
f  3320 710 1496
f  1224 3197 2646
f  2550 937 2025
f  2083 1758 835
f  2025 937 1733
f  2193 1487 1966
f  288 2828 846
f  3124 1821 1646
f  2964 3326 1481
f  1720 3295 2315
f  2973 3225 2241
f  1292 2264 2472
f  1741 2537 2161
f  960 1569 191
f  599 2631 3097
f  167 1777 1851
f  55 2279 594
f  594 507 55
f  1948 1179 2380
f  965 3257 593
f  1352 2579 1881
f  3320 1412 1598
f  882 2859 670
f  718 3054 1771
f  1371 1477 420
f  630 2947 756
f  2478 903 1921
f  2378 1985 2974
f  233 534 981
f  780 2082 2390
f  3178 912 901
f  1901 2193 2204
f  1994 3072 1823
f  1375 3024 3013
f  3332 978 2696
f  953 900 2050
f  230 900 2587
f  2384 1316 719
f  637 1731 787
f  763 2213 54
f  2705 2255 358
f  56 2996 951
f  321 2062 1812
f  2521 402 314
f  2637 2562 1115
f  49 454 1402
f  153 2146 14
f  2431 82 2202
f  165 1249 2986
f  1966 2740 738
f  1071 553 86
f  1373 2152 3121
f  829 2402 2861
f  1860 2874 2584
f  1532 564 3048
f  732 1592 1550
f  1900 1252 2201
f  1679 1981 1259
f  2774 3113 2468
f  2619 745 1083
f  2818 1529 1397
f  3016 658 3091
f  503 1025 2435
f  1415 708 74
f  90 1232 2079
f  1478 90 2079
f  235 2552 3076
f  1559 2506 2262
f  141 2766 1791
f  1720 3122 211
f  228 720 1068
f  2673 1772 1566
f  636 741 2127
f  1916 2107 45
f  3050 2057 3327
f  3171 2348 2212
f  3223 2014 2139
f  1164 26 1848
f  673 2817 3010
f  2839 1019 3198
f  1766 420 2782
f  2668 2248 2052
f  3102 904 3305
f  137 2738 870
f  2960 1390 2738
f  2596 1734 1005
f  323 2377 1949
f  2033 922 1331
f  290 888 2663
f  3199 861 519
f  1184 1643 1991
f  2371 980 1484
f  1670 3283 252
f  1738 1051 1616
f  359 2747 406
f  808 1816 2200
f  1165 1396 1911
f  1054 3314 356
f  1710 695 857
f  1764 1287 859
f  1248 2361 257
f  461 3234 1790
f  427 2792 437
f  3009 1057 1854
f  319 1329 1494
f  2163 2470 946
f  644 495 1811
f  416 1186 2275
f  485 2733 2560
f  2689 1404 2157
f  2157 3234 2689
f  1465 1412 53
f  2180 1589 2491
f  1480 2715 2959
f  2876 2954 803
f  2830 129 1947
f  1613 2319 444
f  2190 2967 2123
f  2210 718 1420
f  3215 2078 253
f  795 1171 992
f  2217 1891 2476
f  3000 2526 1274
f  2039 1247 2526
f  597 1177 3170
f  2052 767 315
f  2050 1212 1211
f  2063 2593 764
f  812 108 990
f  2672 423 791
f  524 2790 2778
f  2119 291 1702
f  2463 1529 2818
f  93 2769 3307
f  3274 648 454
f  3333 3082 1543
f  49 1333 3274
f  2857 3192 2630
f  1360 2038 566
f  1331 1590 2273
f  2413 3020 375
f  273 1073 116
f  7 1212 3025
f  2496 2279 2936
f  2036 1949 68
f  1495 599 3097
f  62 632 53
f  1735 530 267
f  1754 3098 2698
f  2948 3206 107
f  2960 772 2374
f  1654 1977 472
f  1895 1222 1228
f  213 1770 772
f  8 421 3220
f  168 1082 1795
f  1805 1756 1256
f  2989 2820 242
f  58 2800 3173
f  1864 1857 1186
f  2768 2461 2742
f  1266 1489 3269
f  1640 800 3084
f  975 934 1376
f  1918 1663 1135
f  1062 2089 2234
f  2268 1928 959
f  2546 855 2620
f  992 273 2571
f  203 1162 2693
f  1324 3094 1917
f  2695 906 1852
f  906 455 1852
f  2120 2919 3068
f  1502 1500 878
f  1430 3029 838
f  3280 2115 475
f  568 2437 1976
f  643 484 285
f  756 2743 1995
f  3174 382 211
f  1610 1835 2949
f  454 648 3134
f  211 1637 3174
f  561 1421 2912
f  1737 2006 620
f  2911 1199 2187
f  10 143 680
f  2801 1608 2570
f  656 3002 1286
f  299 2012 984
f  2635 1708 2398
f  2207 1986 2032
f  1656 1600 2288
f  178 2382 1416
f  1010 2454 1375
f  2387 2488 2819
f  2296 305 683
f  771 419 1556
f  2576 428 130
f  2866 652 3014
f  2970 624 1392
f  3223 589 278
f  2720 455 1151
f  1839 323 2578
f  1596 2013 1277
f  3062 2694 2221
f  282 3318 1686
f  3045 2834 333
f  3206 1335 107
f  2208 1150 1457
f  1698 64 2658
f  3301 1028 1573
f  1496 2771 2812
f  2771 2082 2812
f  3277 2630 2162
f  154 2173 304
f  132 260 2981
f  268 2248 932
f  2466 1689 764
f  2550 2025 3020
f  2916 1335 3206
f  3236 2473 331
f  1375 3098 1433
f  2366 1891 795
f  1284 2775 102
f  664 1887 775
f  738 1358 1966
f  1073 273 305
f  3204 1403 1312
f  2858 384 3248
f  3069 2974 822
f  1551 1863 821
f  1073 905 2680
f  168 293 172
f  2520 2519 2116
f  399 1372 1456
f  2896 3239 2978
f  1148 2971 1265
f  2498 657 2932
f  2240 3291 1501
f  796 1354 410
f  81 1015 3315
f  2169 2659 1348
f  3244 1251 1866
f  1079 2412 1080
f  1903 2979 397
f  965 517 11
f  2038 1360 2513
f  1364 2038 353
f  2513 353 2038
f  948 634 2284
f  883 2320 3037
f  1791 2766 2084
f  3204 1247 1755
f  460 1804 2069
f  3215 3260 1816
f  2983 1890 982
f  1337 2926 1042
f  124 81 1411
f  1253 2376 1426
f  2634 487 2395
f  2184 290 586
f  481 1094 590
f  1616 2946 79
f  2387 1300 2807
f  3169 1734 1638
f  2596 2437 88
f  664 1898 2421
f  1047 1159 2129
f  3325 721 405
f  1665 2971 1148
f  86 1302 256
f  3292 1940 2165
f  2572 1285 1462
f  3028 1523 417
f  771 823 3133
f  1796 982 918
f  1954 2556 3243
f  2791 1433 1658
f  814 282 1103
f  121 930 1196
f  2909 2530 2715
f  2690 2334 1635
f  1213 443 427
f  998 999 2099
f  1609 1408 3161
f  175 311 985
f  2049 2944 464
f  845 3097 2631
f  972 1097 792
f  1975 940 2703
f  2651 2421 662
f  58 1749 895
f  3294 2034 1845
f  58 2254 2800
f  946 2264 701
f  1052 1748 2366
f  1748 2476 2366
f  2945 37 756
f  2101 2186 2855
f  68 1203 2303
f  1155 1477 3213
f  1229 2484 2382
f  1449 2382 2484
f  1671 1332 2621
f  1768 128 1755
f  2128 159 2963
f  766 1808 1515
f  2927 1379 2827
f  3104 6 2744
f  2238 2241 1245
f  1084 1296 2590
f  1296 1084 2494
f  3139 2648 2057
f  506 204 470
f  123 3023 684
f  2226 1371 1292
f  3144 1037 444
f  2577 814 1103
f  1439 732 1694
f  1138 2853 248
f  2180 1997 1175
f  3255 2406 1611
f  1261 922 2469
f  1064 627 2535
f  2298 1444 2296
f  21 1424 1045
f  3314 1045 1424
f  1538 769 243
f  67 324 1782
f  2956 402 871
f  2925 2615 1869
f  2127 2631 636
f  2437 2808 1976
f  1217 1976 2808
f  941 1170 1193
f  545 472 1693
f  1910 2179 1685
f  1567 482 2858
f  1857 1864 766
f  1978 2184 586
f  586 1529 1978
f  879 3216 1146
f  879 2543 827
f  138 1705 2292
f  1540 513 1780
f  2897 605 2898
f  2179 1645 1685
f  3115 1406 1246
f  2829 1759 2343
f  1800 3017 1316
f  1738 2890 2538
f  2854 2169 1348
f  3095 3056 1492
f  2030 1873 1205
f  2047 1080 620
f  2425 662 2421
f  2724 2845 1661
f  1427 2009 418
f  2998 1915 2524
f  1352 1881 832
f  380 1678 678
f  1275 380 2151
f  1620 3288 2905
f  1944 91 1631
f  958 1382 2941
f  3144 444 2319
f  2510 2265 134
f  2148 1544 572
f  987 60 3075
f  1992 853 3002
f  2457 2569 3203
f  573 2191 1497
f  694 2340 3218
f  6 878 1500
f  2527 276 2255
f  497 2420 182
f  1558 414 721
f  721 3325 2167
f  1718 2335 1274
f  2642 2211 2505
f  1021 270 1624
f  1381 1697 2713
f  1806 706 106
f  2944 2586 113
f  641 1923 2486
f  339 1260 3122
f  3223 2900 1471
f  2741 2495 3004
f  2934 2939 147
f  129 1431 100
f  493 1871 2203
f  1968 3332 2696
f  2418 1691 371
f  3214 1202 1200
f  498 1268 3327
f  3239 522 2978
f  646 3160 653
f  3188 1688 2851
f  1465 1760 1034
f  1216 2961 1328
f  1735 267 1041
f  1925 196 2506
f  148 2427 2114
f  910 3132 713
f  339 338 766
f  696 2516 1496
f  739 1578 28
f  2375 544 776
f  1071 535 1544
f  225 319 1802
f  2400 1138 2250
f  652 2572 1912
f  345 1698 2646
f  1208 170 1485
f  1554 2904 1372
f  3176 765 677
f  795 1891 2217
f  1460 720 6
f  3029 360 899
f  2489 50 820
f  3213 1477 1371
f  3222 3278 2177
f  2092 1746 966
f  1040 1065 1825
f  821 1863 1862
f  20 2239 207
f  2013 2998 1277
f  2071 1049 2992
f  1801 2630 3070
f  1 2247 778
f  2768 2870 1935
f  109 521 681
f  3105 679 2769
f  1630 552 3283
f  2494 1498 1296
f  869 316 1612
f  891 56 951
f  255 864 2642
f  2242 3199 674
f  3035 734 789
f  528 1951 1767
f  2106 3323 936
f  365 2283 1642
f  1105 3229 2559
f  2949 2108 1610
f  1523 2882 92
f  1258 1268 1762
f  2422 64 1238
f  1577 2705 3207
f  2422 91 2814
f  756 2947 2743
f  3296 18 1684
f  2628 1311 1032
f  2835 2419 2094
f  2095 1683 583
f  800 2049 183
f  904 2982 1362
f  135 1851 1054
f  1000 892 604
f  3076 2921 1516
f  3172 2443 2485
f  1604 57 2134
f  1704 830 794
f  374 1164 2487
f  32 2947 1536
f  1673 2494 2373
f  1269 1773 2623
f  2225 826 2346
f  1763 3096 2045
f  2904 1000 693
f  2909 2715 910
f  2070 604 1582
f  2853 1021 248
f  3287 381 832
f  2739 571 2685
f  686 1493 2951
f  2500 1538 2294
f  1400 2102 1649
f  2291 2461 2215
f  644 1811 2007
f  1490 3114 1962
f  2092 966 77
f  1490 1962 2810
f  2648 3139 1307
f  3299 141 2028
f  195 638 3285
f  3111 1662 2130
f  12 2392 728
f  3067 1886 2523
f  1224 2646 2658
f  3226 3288 2044
f  2714 161 2792
f  2469 714 3218
f  3143 2597 974
f  1527 592 1385
f  2551 2054 1056
f  2551 1056 1075
f  176 1568 1646
f  1182 189 398
f  2849 514 2133
f  972 792 1278
f  3320 1496 1499
f  2980 1781 1430
f  2367 2555 495
f  279 896 842
f  1894 1195 146
f  3160 2772 479
f  16 2219 559
f  1188 676 2761
f  292 1457 269
f  2879 2684 1031
f  399 1810 1372
f  1774 1970 1509
f  1970 699 3254
f  2647 163 2946
f  587 2563 2956
f  1817 2409 236
f  1660 446 2399
f  1719 2303 1203
f  374 334 26
f  26 334 1848
f  1053 183 612
f  183 464 612
f  2661 155 619
f  2032 1441 3278
f  2705 637 105
f  2274 1521 2786
f  1255 2665 1046
f  2083 58 1758
f  2895 2079 1232
f  1595 1451 84
f  1352 2352 2294
f  2515 1336 2354
f  960 191 2109
f  2901 132 2981
f  3133 1339 221
f  2649 2115 1909
f  408 1821 1822
f  3074 622 581
f  802 455 2720
f  356 135 1054
f  1422 1345 1700
f  1308 959 2173
f  1648 2417 1318
f  1163 1176 214
f  2082 2771 1931
f  2999 477 2552
f  2314 1648 187
f  1116 962 2247
f  1123 2619 149
f  984 2012 1877
f  291 2415 1702
f  679 831 1411
f  1411 4 679
f  3014 2883 934
f  2020 487 1440
f  2076 3090 2495
f  2057 498 3327
f  693 1000 2996
f  1543 1166 2312
f  604 892 1582
f  1920 3237 2910
f  3218 3266 1793
f  3185 3177 3210
f  817 1703 995
f  2159 2094 1974
f  1804 1715 40
f  2147 70 1415
f  2947 630 1312
f  1312 1403 640
f  668 2563 587
f  419 261 483
f  1225 2961 1388
f  1762 2648 2638
f  2181 1153 287
f  1066 2923 3044
f  1286 3173 2660
f  744 2285 690
f  65 3134 797
f  1681 1528 173
f  1945 3054 2481
f  768 1338 1634
f  2679 2543 879
f  2335 3235 3000
f  2493 1785 997
f  2678 1038 2757
f  2018 3055 154
f  452 2077 960
f  218 170 1474
f  1956 1536 2947
f  3175 2198 100
f  3043 97 1775
f  117 2113 1562
f  193 1323 18
f  614 439 1380
f  1417 478 456
f  2269 662 543
f  1250 2718 1101
f  1515 2122 1260
f  1064 2535 2275
f  1407 737 2674
f  603 823 1556
f  2765 1408 2621
f  727 2640 2301
f  1581 1808 1209
f  1545 451 2861
f  2560 2499 1221
f  2670 3270 257
f  845 300 3293
f  181 807 2633
f  226 1893 1695
f  654 88 2011
f  3316 639 2796
f  2625 699 1970
f  2842 3081 3311
f  1047 946 2470
f  2548 264 1950
f  1792 880 1592
f  2678 2342 1193
f  2871 2845 2724
f  485 3101 226
f  702 160 671
f  786 936 3323
f  453 2835 952
f  2513 3123 722
f  1375 139 3024
f  1518 2704 2622
f  2507 1313 357
f  2305 889 838
f  1000 1764 892
f  1554 2309 1525
f  1931 2522 2390
f  2592 2645 2396
f  1626 3013 3024
f  3234 2157 1790
f  1724 1210 1915
f  1780 425 1540
f  2002 2837 1104
f  2862 1473 95
f  2120 716 1925
f  1299 3199 576
f  2324 1149 2852
f  2703 1299 3324
f  487 2634 1440
f  2544 2261 618
f  3259 1146 441
f  415 1219 228
f  520 357 852
f  310 1281 140
f  643 285 2452
f  2291 758 2461
f  2917 1869 386
f  2818 1041 267
f  1059 3207 2230
f  2429 1963 1716
f  2078 3215 1772
f  2292 503 2334
f  915 2405 272
f  2127 741 1571
f  1136 509 375
f  971 1223 2988
f  1621 330 2217
f  2217 921 1621
f  3033 3307 3308
f  3006 1272 1914
f  1890 156 2104
f  1189 2104 156
f  156 2983 609
f  1191 2812 2082
f  1450 782 2076
f  1017 451 3171
f  2869 1007 805
f  863 2674 336
f  2034 3294 2990
f  390 1585 2518
f  1378 510 1730
f  120 1194 2582
f  922 2336 1590
f  2042 1377 2594
f  2847 906 1034
f  492 1504 1058
f  2539 2276 1030
f  101 3242 1004
f  804 2711 1950
f  1618 1712 3245
f  2813 785 1853
f  440 1853 222
f  2241 2339 2973
f  1629 1842 2605
f  786 1726 1180
f  324 1578 1782
f  2757 1038 270
f  1733 950 1136
f  2279 3249 19
f  2332 1077 584
f  342 1721 96
f  2843 2710 1428
f  1622 1594 1940
f  255 2642 2505
f  61 9 2905
f  232 635 1611
f  2150 3290 2123
f  781 2399 446
f  2951 2318 1855
f  432 1583 825
f  298 1549 2271
f  2704 2299 331
f  2527 1029 466
f  1751 1873 2116
f  345 167 3194
f  2430 399 1456
f  1413 1565 1566
f  1483 496 52
f  268 572 535
f  2166 426 1883
f  2077 1569 960
f  2972 2329 3140
f  2485 1938 328
f  2253 2612 489
f  1967 3285 2587
f  261 2209 227
f  2615 2593 1534
f  859 2995 2707
f  3228 1901 2204
f  465 1657 1530
f  1214 2462 2601
f  2575 1386 1244
f  830 2984 637
f  2227 729 2220
f  270 3022 2757
f  1400 2514 1309
f  1522 2379 3023
f  1489 1266 2734
f  2282 2734 1510
f  1944 776 2126
f  2248 268 927
f  737 1602 219
f  1214 2223 2462
f  710 3032 3167
f  1368 1718 2990
f  235 482 2549
f  134 2265 2489
f  12 42 2112
f  2523 1506 3261
f  3132 1509 713
f  1569 1126 1153
f  57 789 2833
f  2175 202 1017
f  2618 2607 3005
f  1502 249 2908
f  576 3199 3146
f  3310 911 3163
f  2392 3040 1138
f  1697 1350 354
f  1381 1350 1697
f  1150 2208 2185
f  698 3251 116
f  433 130 428
f  616 2690 1634
f  1221 2795 485
f  1954 57 1604
f  1644 2644 1756
f  1905 647 1240
f  3165 1725 2054
f  862 2329 2337
f  536 98 675
f  536 1923 98
f  531 1187 2486
f  98 66 675
f  536 675 1870
f  2622 2704 1322
f  1284 1790 2775
f  1507 1436 2799
f  1659 3292 1895
f  2067 582 130
f  593 10 179
f  822 2974 1985
f  326 327 1253
f  217 90 439
f  1475 1641 3302
f  1038 1270 2165
f  2751 1890 2104
f  1464 1725 753
f  425 2518 1540
f  2074 458 708
f  1655 854 1938
f  1004 158 3334
f  2277 1407 863
f  2672 3211 2196
f  475 1943 2926
f  2452 285 3150
f  3257 166 2564
f  1716 23 3063
f  755 458 2911
f  1925 2506 2120
f  2184 1978 69
f  57 1074 789
f  499 262 2610
f  2010 2891 705
f  492 1058 1014
f  2919 445 2772
f  2087 3182 1921
f  1009 2300 2600
f  2380 2285 1946
f  1932 1522 1990
f  643 1584 484
f  3312 3313 1880
f  2607 2416 1346
f  1230 2252 121
f  2195 2769 679
f  999 1416 2099
f  46 683 1512
f  2851 1874 1993
f  37 718 1845
f  1311 650 1032
f  2725 2513 1360
f  1279 871 1297
f  1265 1174 1148
f  1194 699 245
f  1690 2863 1957
f  2274 2624 1521
f  3212 2262 1699
f  2188 162 1058
f  86 2301 1071
f  2392 1138 248
f  2089 3276 2234
f  1886 595 388
f  2835 1965 387
f  1998 935 1780
f  2662 1164 1848
f  2311 1487 3304
f  1053 2606 655
f  2933 1801 3070
f  3054 2938 1771
f  533 2741 1356
f  2968 2790 412
f  117 1369 2743
f  2454 1010 2880
f  2672 2558 423
f  750 1319 163
f  3177 1785 763
f  2161 2892 1503
f  2318 2951 3066
f  779 1721 342
f  3006 426 39
f  332 2765 1973
f  2565 1671 2621
f  2331 3267 3078
f  67 407 2137
f  1598 805 1744
f  3258 636 2631
f  264 2358 5
f  580 131 1343
f  2551 2021 3165
f  1733 1136 2025
f  1754 2698 665
f  2141 256 1302
f  172 1695 2503
f  1201 1046 2665
f  1859 2859 2932
f  3290 101 44
f  3043 582 2067
f  2020 735 141
f  3062 2221 1858
f  3204 630 2526
f  1786 2096 265
f  2543 3048 827
f  828 2129 1159
f  314 2731 2521
f  760 1564 2256
f  411 1141 491
f  643 306 1584
f  2531 660 1570
f  1151 1141 500
f  549 2484 288
f  3005 3242 101
f  340 3183 1467
f  2535 1326 214
f  2298 3121 2377
f  3333 157 2105
f  3103 2599 1131
f  507 70 2147
f  1493 1711 1344
f  2793 142 1812
f  1681 1542 1957
f  1861 1899 1264
f  515 3003 2131
f  1239 930 974
f  67 73 3090
f  601 250 2386
f  2826 1651 2665
f  1651 1906 963
f  335 1585 2645
f  2891 2338 705
f  358 637 2705
f  1182 712 189
f  163 1930 2946
f  3287 832 1271
f  115 2424 1291
f  901 1271 1881
f  2542 2660 2254
f  1918 1249 2762
f  1007 2869 1852
f  3289 832 381
f  2143 1119 841
f  841 1119 2252
f  1230 841 2252
f  2555 2367 1797
f  1942 1503 2892
f  1162 1980 574
f  1545 2274 184
f  1191 780 164
f  98 1923 846
f  2923 1066 2887
f  1310 1642 2687
f  3139 1090 1611
f  3249 2475 3071
f  1057 1558 1854
f  2899 3112 2394
f  2322 2818 1397
f  2010 1278 2955
f  1839 2296 1444
f  340 2693 913
f  2753 813 1674
f  3124 1002 2748
f  2119 349 111
f  1600 1656 1741
f  598 2186 2841
f  1412 3320 1499
f  2181 1591 2963
f  3238 2563 2476
f  2194 1596 1277
f  483 261 457
f  241 1082 168
f  2193 349 1702
f  2765 332 1160
f  675 2259 1870
f  79 50 2387
f  1561 1888 2282
f  1631 1238 3184
f  941 1193 145
f  718 37 2945
f  438 759 2061
f  1833 206 1294
f  411 550 500
f  958 200 1452
f  1079 539 166
f  397 2438 1120
f  50 311 175
f  1337 2436 371
f  3019 1471 2856
f  45 123 1916
f  1271 832 1881
f  1181 3107 3061
f  199 2938 1860
f  2638 3300 2745
f  1618 3245 2331
f  2376 919 181
f  991 631 2989
f  2108 816 2349
f  2595 2338 1395
f  827 2280 3216
f  2280 286 3216
f  696 3130 1736
f  1574 2586 2049
f  3330 1597 3086
f  916 1019 2855
f  3296 2928 2737
f  13 1246 297
f  489 698 2253
f  1044 31 2090
f  1564 760 2822
f  1786 1421 2958
f  3049 3138 2816
f  2419 2835 1127
f  1464 2730 2463
f  344 2365 1545
f  99 3202 2347
f  2265 2819 2488
f  877 690 569
f  2121 151 215
f  151 967 215
f  2005 1948 2380
f  259 2277 924
f  2964 2493 884
f  2395 1743 762
f  2125 1242 2394
f  491 397 411
f  635 232 61
f  738 1268 1258
f  1666 1194 245
f  2023 1804 1706
f  2020 1108 487
f  105 2984 3207
f  2677 1924 2588
f  2566 3190 525
f  156 2664 1189
f  1616 79 2387
f  79 1930 3316
f  3190 1828 525
f  329 343 692
f  1403 2410 640
f  2847 1826 455
f  1797 2340 694
f  960 2109 2183
f  1885 149 2619
f  404 2266 2525
f  2407 2777 63
f  596 178 1416
f  1632 1236 2321
f  1474 1790 218
f  2137 407 1914
f  1181 3169 3107
f  1298 2903 2182
f  3289 452 2722
f  3057 20 2441
f  911 60 3191
f  1735 1041 2322
f  901 2756 1345
f  497 1039 2351
f  955 768 1128
f  1614 1983 1957
f  2617 1761 851
f  572 1088 2148
f  1451 1972 2304
f  1467 476 2870
f  392 1778 1016
f  1833 2609 2512
f  971 2512 2095
f  2401 3253 736
f  1660 3223 599
f  132 1253 260
f  348 973 1872
f  3054 1945 2938
f  2789 3306 117
f  2406 2192 232
f  2072 3009 3219
f  588 2433 2133
f  1888 1561 1115
f  623 2611 2381
f  3008 1896 1719
f  297 847 13
f  3143 2219 2597
f  627 1326 2535
f  2775 2671 3046
f  746 2323 1070
f  378 707 3313
f  2739 2986 2716
f  1476 2328 3027
f  1999 1664 2717
f  2022 2685 571
f  1205 1276 2030
f  962 419 483
f  3256 1539 581
f  321 826 2062
f  2691 865 2215
f  2357 3197 1224
f  2153 2987 2347
f  2598 215 1507
f  573 1497 208
f  940 1975 573
f  1841 1421 1448
f  1147 3010 2035
f  2740 1966 1713
f  3069 493 2974
f  652 1912 3014
f  1554 1525 2904
f  2248 927 2052
f  2791 1010 1433
f  2466 129 1602
f  2133 2433 2749
f  1467 52 496
f  398 1364 1182
f  767 2052 927
f  2279 2008 2784
f  680 143 775
f  2316 1466 1979
f  293 226 172
f  311 3316 985
f  997 884 2493
f  397 663 1877
f  3058 2438 2447
f  264 5 1086
f  3186 1978 1529
f  668 2940 1410
f  1466 3151 3065
f  1993 2332 2851
f  2186 2101 1518
f  1271 901 1117
f  2993 2888 1837
f  916 431 1019
f  2656 167 345
f  516 2235 2969
f  2365 344 3232
f  2426 1480 1527
f  1961 2850 2228
f  78 2152 3174
f  1710 1310 2687
f  75 74 708
f  2053 2212 2348
f  2511 167 1851
f  782 1365 2076
f  1345 1117 901
f  588 2133 514
f  1832 2306 406
f  608 987 1256
f  2292 3142 1376
f  925 127 548
f  2378 1385 133
f  2952 2516 2581
f  323 905 1073
f  2884 2191 573
f  1832 3303 3108
f  2858 3248 1567
f  368 2051 1812
f  2856 2900 313
f  2807 2846 1616
f  1545 2861 2402
f  1903 577 2979
f  1750 1411 875
f  329 2583 343
f  281 2885 2268
f  140 1281 801
f  774 2793 2776
f  508 2686 2534
f  2848 2924 2174
f  195 1526 638
f  2523 83 1784
f  1090 1822 1355
f  1355 1611 1090
f  2966 143 593
f  2056 3222 1847
f  3046 1404 468
f  3074 2897 1026
f  254 2363 481
f  2343 1519 895
f  346 2103 3109
f  754 2967 1927
f  1927 847 754
f  2884 1975 2703
f  848 512 1677
f  512 848 2480
f  1267 1550 381
f  135 1378 2462
f  3206 1623 1241
f  2034 630 1845
f  2644 1644 1256
f  1588 1958 1768
f  2925 764 2593
f  1886 3067 595
f  1770 851 1728
f  2710 161 1428
f  1624 1940 185
f  2757 1405 1006
f  556 2993 2969
f  138 947 2556
f  1814 106 706
f  2674 737 2464
f  503 2292 1705
f  2353 64 1698
f  1763 1604 352
f  744 1969 2688
f  605 2627 1806
f  678 1678 1411
f  3157 2100 2962
f  563 1298 1354
f  755 75 458
f  554 848 1315
f  2138 2669 251
f  1047 283 284
f  1325 1484 3321
f  1280 220 956
f  634 2202 2284
f  318 1571 2673
f  1767 1065 1040
f  2376 181 1426
f  2370 613 2281
f  613 3120 1309
f  1936 257 3265
f  2626 2732 1971
f  2406 3255 287
f  1954 926 1769
f  2045 2046 2585
f  1090 2057 3050
f  884 1161 3326
f  1916 1521 2624
f  1527 1480 2959
f  1743 2124 762
f  2103 346 1549
f  3309 1140 2031
f  393 2939 2388
f  430 1965 1672
f  2060 3047 531
f  2336 1351 1590
f  3018 2702 3263
f  970 3024 1367
f  1265 38 773
f  1077 1993 1692
f  1168 1061 2383
f  169 2803 1890
f  2368 1189 1776
f  398 2505 1364
f  1791 2763 141
f  1754 2692 1102
f  3335 876 2580
f  466 3034 1956
f  21 1370 2656
f  2994 1509 3298
f  2942 355 973
f  3311 2194 317
f  549 1168 1952
f  3196 1550 2553
f  544 2375 2532
f  2672 2929 1642
f  40 1396 1799
f  1694 1486 1381
f  2220 2568 2227
f  1701 2901 2981
f  3280 1909 2115
f  42 12 728
f  3118 3119 3041
f  1948 989 1179
f  1100 3179 2000
f  2104 1189 2751
f  829 2861 2629
f  956 1962 703
f  2760 2864 1875
f  1066 614 1380
f  1915 1210 2726
f  2896 3247 2524
f  2113 117 2743
f  2099 502 998
f  638 597 3285
f  1707 359 406
f  2570 1919 2801
f  2908 249 2260
f  2470 751 1159
f  1494 1329 2614
f  491 1141 1815
f  2185 1537 277
f  235 3076 1516
f  678 2151 380
f  1391 3191 840
f  3275 2559 887
f  2783 2643 731
f  1898 2966 2564
f  3133 3248 1339
f  126 769 3159
f  1734 3136 1638
f  1422 1700 185
f  1373 480 382
f  1206 1907 669
f  2094 2419 3181
f  2298 2296 1373
f  3245 1712 2781
f  1206 1491 1907
f  1980 1162 758
f  2627 1262 983
f  2155 2603 2142
f  1415 2074 708
f  1587 3162 1155
f  17 510 2747
f  1867 89 1614
f  1687 246 3083
f  2465 2386 148
f  1958 3027 2328
f  2770 724 1963
f  520 2834 3045
f  461 2802 1432
f  2003 2121 1999
f  1664 1999 2121
f  2121 1461 624
f  197 2264 1292
f  2748 1076 2446
f  699 120 3254
f  3183 1677 1902
f  1193 1513 145
f  3242 2607 1836
f  489 3251 698
f  2442 2537 1656
f  808 2677 2372
f  1701 740 2954
f  2506 150 2509
f  2280 66 846
f  2895 655 2935
f  3163 1020 1580
f  799 3150 484
f  3168 2785 1868
f  1421 732 1439
f  1421 1841 2958
f  368 280 2051
f  1430 1781 360
f  2608 1287 1409
f  486 545 1693
f  781 366 2572
f  2373 972 1673
f  3225 1550 2408
f  694 3218 1793
f  2007 1932 1990
f  2087 1921 1920
f  1740 836 157
f  393 797 3274
f  2751 1215 1775
f  1890 2751 1775
f  99 2764 3202
f  3185 338 884
f  2384 1800 1316
f  2230 488 3051
f  2102 1400 1309
f  2850 1858 1541
f  1270 1038 2678
f  1816 1033 1575
f  681 2171 2246
f  3288 1620 2044
f  2121 2003 3273
f  3138 1608 325
f  3206 1895 1623
f  2047 2564 539
f  1701 2547 3277
f  1928 607 1035
f  1539 605 2897
f  412 2790 3195
f  2672 1642 3211
f  729 2670 257
f  2442 2161 2537
f  2203 1871 721
f  1208 2942 1888
f  1650 405 721
f  2919 3156 3068
f  2876 1701 2954
f  1239 1018 1747
f  2211 2712 392
f  545 486 2632
f  1860 2938 1945
f  943 2868 1134
f  2592 3229 3117
f  3116 3229 1105
f  2459 276 466
f  2306 1832 933
f  2525 1456 1459
f  1101 1751 2519
f  542 1494 2614
f  2542 2249 1195
f  996 529 3073
f  3165 2054 2551
f  1335 2916 2517
f  1241 2916 3206
f  1922 48 728
f  2440 1937 2294
f  2038 1364 566
f  684 171 979
f  2156 1470 302
f  3291 1688 3188
f  2161 2089 2780
f  2854 1617 815
f  1787 154 3055
f  2317 785 842
f  3306 3028 2888
f  1543 3082 1110
f  1110 3082 609
f  2148 1729 1544
f  126 1002 449
f  1142 2979 577
f  10 680 585
f  1586 2898 106
f  822 2976 320
f  964 849 2515
f  336 490 1572
f  82 2733 2450
f  1928 8 2267
f  1710 1502 909
f  278 852 2900
f  1549 645 2103
f  919 2376 350
f  2176 1977 1654
f  2732 2229 1473
f  840 3328 2066
f  2311 1563 1713
f  2473 2417 1322
f  993 1991 1055
f  1954 2508 57
f  262 2451 757
f  299 632 2012
f  2871 3050 3131
f  1643 1394 1055
f  2962 2100 2128
f  2099 1861 1012
f  980 479 1484
f  768 908 1128
f  2641 2115 885
f  1147 2309 697
f  874 584 86
f  3159 1076 126
f  516 2492 816
f  1698 345 3194
f  1698 2658 2646
f  1453 1462 1285
f  1229 844 3322
f  1158 1840 2750
f  1975 2884 573
f  2671 2157 1404
f  715 2607 777
f  2966 3257 2564
f  844 1229 178
f  1474 788 2802
f  2331 3078 1597
f  1687 1717 1688
f  424 2764 99
f  1772 799 3089
f  529 631 991
f  597 3170 3285
f  992 2571 795
f  1254 1767 1040
f  1253 327 2376
f  1346 2838 2584
f  2324 429 2321
f  3242 3005 2607
f  2799 1436 1265
f  2631 599 3258
f  2894 1232 2445
f  2480 1235 1408
f  1254 1862 850
f  2967 2190 3166
f  2575 831 2474
f  1080 1737 620
f  2322 1041 2818
f  1967 953 2754
f  2640 762 2124
f  2115 2641 475
f  225 1802 890
f  767 394 1743
f  2960 2374 2860
f  909 695 1710
f  2048 59 2016
f  1032 3088 2797
f  455 1826 1151
f  577 1903 1815
f  153 2825 2145
f  3264 2825 153
f  3185 1865 1889
f  437 215 427
f  103 1185 1143
f  3147 114 1406
f  1492 2579 470
f  2266 404 891
f  3256 581 177
f  689 2691 2768
f  1375 1433 1010
f  1348 368 1812
f  3179 2701 2000
f  3090 407 67
f  730 1738 3007
f  2156 762 727
f  783 179 1347
f  2804 3078 1739
f  2852 2750 1653
f  949 2223 2189
f  823 3248 3133
f  45 396 2868
f  627 2865 1322
f  694 1793 3158
f  2528 261 2831
f  2128 2352 2953
f  2621 1408 1235
f  1912 947 3014
f  1208 2562 2806
f  1671 3153 367
f  1587 367 3153
f  2160 2064 978
f  80 2823 2531
f  2540 521 702
f  416 1864 1186
f  3084 800 183
f  2199 2565 2449
f  1690 1280 1106
f  2657 506 275
f  1696 429 3075
f  1006 2342 2678
f  2287 2829 1178
f  622 2521 2731
f  1411 1678 448
f  475 2641 3224
f  125 1393 1391
f  2192 1794 9
f  1142 2847 1034
f  1034 1760 1142
f  2794 2691 689
f  2807 1300 47
f  1229 2382 178
f  3181 2419 1127
f  2449 1357 1231
f  790 249 878
f  59 2435 2546
f  269 231 2676
f  24 3007 3158
f  2823 80 471
f  76 2297 2433
f  2435 59 1813
f  712 1520 189
f  1932 968 1522
f  1280 1252 220
f  1071 1729 1251
f  2327 3068 3156
f  1751 2116 2519
f  1248 257 1936
f  1699 2649 1580
f  305 2296 2158
f  135 2462 2223
f  872 1694 2713
f  1819 1935 118
f  983 1913 1239
f  1372 1810 1554
f  2626 3076 2552
f  2325 2517 1149
f  85 2369 30
f  2696 527 3323
f  3166 3323 1628
f  777 1291 715
f  2335 1718 1368
f  1417 1190 1646
f  3181 2950 1753
f  1753 2004 3181
f  437 224 1507
f  93 2575 2474
f  463 1278 2010
f  1892 354 1350
f  50 79 311
f  2948 1245 2408
f  2276 127 925
f  2101 1400 1649
f  609 1796 1110
f  550 1151 500
f  1772 3180 2471
f  2689 2432 2269
f  1771 2938 199
f  1078 2447 2920
f  3036 2524 2726
f  3201 332 1973
f  2756 1036 2773
f  1905 2472 283
f  1430 889 2980
f  1023 1643 1184
f  2560 747 2613
f  2499 2560 2132
f  1095 266 328
f  1462 192 2572
f  2119 494 291
f  1491 364 1907
f  1617 2062 815
f  2249 2254 3253
f  2699 2706 722
f  1726 786 3323
f  2550 3020 1152
f  864 1607 743
f  2717 1664 1072
f  669 2728 2266
f  1836 2607 3080
f  2037 2172 1414
f  1955 1305 2130
f  96 2113 1511
f  414 1650 721
f  2815 1987 332
f  1707 210 1601
f  2081 1454 1001
f  1349 1953 3230
f  3177 369 2206
f  2672 2196 2236
f  506 470 1937
f  3268 3184 64
f  3019 578 3089
f  1136 2333 509
f  3108 2086 933
f  763 369 3177
f  183 2049 464
f  2384 939 2483
f  2061 1675 303
f  2705 1577 2255
f  2795 2848 2174
f  1742 1468 1449
f  2458 541 868
f  2288 1600 1669
f  1835 1610 322
f  2767 11 517
f  2976 1803 1091
f  2805 3309 370
f  87 543 2604
f  3266 3218 714
f  375 3020 2025
f  1561 1510 1266
f  1888 1115 1208
f  1314 726 610
f  3084 1172 1640
f  2528 568 261
f  2829 1879 1178
f  276 2459 3087
f  1220 3091 2906
f  2459 640 2410
f  3201 2834 520
f  2131 2755 1091
f  2540 772 137
f  2914 2197 2350
f  457 1963 2429
f  59 1063 1813
f  2693 574 1132
f  3176 1833 765
f  3308 2589 2092
f  299 984 663
f  2695 2798 906
f  368 3274 280
f  702 521 109
f  647 186 1342
f  810 1628 3179
f  565 2088 1732
f  2143 1389 1470
f  2968 2778 2790
f  1589 1069 207
f  1864 898 2174
f  1737 2343 2006
f  2069 867 2160
f  1388 169 1321
f  2213 3021 1112
f  740 1801 2933
f  2842 2353 1698
f  976 3208 910
f  2849 2780 2654
f  1748 3256 177
f  3019 2856 2611
f  1898 775 143
f  190 2043 2117
f  1439 872 711
f  1095 328 854
f  900 953 2587
f  2065 2935 2877
f  1027 1821 3124
f  1029 2527 1577
f  956 1900 2810
f  94 265 1663
f  2544 2584 2874
f  2914 2817 2197
f  1937 1352 2294
f  1469 1310 857
f  1181 798 2024
f  1014 1885 591
f  927 394 767
f  216 3334 2190
f  1775 169 1890
f  918 948 1795
f  3049 341 2992
f  1257 3172 2485
f  1460 1904 2736
f  2736 1068 1460
f  1353 1031 3077
f  2032 298 2271
f  3031 301 173
f  1890 2803 395
f  1233 597 638
f  1711 2302 2787
f  334 1765 1848
f  1459 1456 2258
f  693 1459 2258
f  1694 872 1439
f  2547 1426 2788
f  1971 2862 473
f  1080 835 1519
f  419 1116 1556
f  2985 750 1306
f  2549 2999 2552
f  3150 285 484
f  47 2619 1083
f  3301 1573 3219
f  2969 2711 556
f  1825 704 1514
f  1333 2783 731
f  2109 2963 159
f  1906 1651 2652
f  547 531 3047
f  1398 1263 3297
f  2391 1216 2886
f  3331 3128 1398
f  1453 366 446
f  3211 676 2196
f  2131 1501 51
f  3088 3252 2797
f  1031 534 1977
f  2156 2975 2395
f  687 715 1291
f  2200 839 1317
f  1198 1959 2738
f  2330 2037 95
f  3323 3166 3334
f  3140 2762 165
f  1674 813 1771
f  310 140 2614
f  2614 1329 310
f  1455 3013 1626
f  3281 2552 477
f  671 2232 2635
f  2727 2257 1686
f  1833 1313 1606
f  415 2347 2987
f  1589 2310 2491
f  1183 2536 1757
f  1465 1034 2798
f  1454 3274 1001
f  1187 1784 2486
f  2554 1929 873
f  2431 2202 3126
f  1709 222 471
f  755 1093 75
f  2169 147 2939
f  2089 2654 2780
f  43 3132 910
f  2465 2167 3325
f  1440 1613 444
f  2050 1211 953
f  3314 739 2456
f  3024 139 2454
f  2201 1992 2059
f  606 1551 899
f  2740 1661 2845
f  845 1033 300
f  1908 628 1446
f  1446 1585 1908
f  1007 2098 2097
f  1904 1169 424
f  3086 476 496
f  979 123 684
f  76 2477 1011
f  2077 452 2337
f  1919 2216 3141
f  2884 1145 346
f  750 2985 1508
f  1366 1258 1762
f  1686 2844 1103
f  1766 2782 197
f  103 1114 1113
f  1673 972 1278
f  278 866 520
f  3298 2655 2994
f  2628 2490 1868
f  113 379 2944
f  1133 1840 969
f  3210 1257 2289
f  1916 2624 2907
f  1206 669 2266
f  570 974 2597
f  1675 914 303
f  2476 1891 2366
f  158 1004 1836
f  2296 1839 2158
f  2088 2574 2515
f  171 2379 579
f  2023 1087 3329
f  2765 2621 1973
f  2108 1779 264
f  945 2244 1823
f  2619 2861 451
f  2624 2402 2907
f  1576 1442 294
f  2753 3294 1845
f  589 412 2781
f  590 1094 860
f  264 804 1950
f  2132 1581 2499
f  3163 1580 3310
f  1030 1104 2539
f  1279 1297 1756
f  639 3316 2985
f  940 3199 806
f  768 2407 1338
f  1561 2637 1115
f  3002 656 2059
f  1289 3115 1246
f  3272 1111 2236
f  1333 731 1912
f  2136 155 594
f  1384 2820 65
f  992 1824 1512
f  548 1612 925
f  989 124 1411
f  956 220 1900
f  1442 1513 54
f  2337 2878 862
f  1960 1588 2214
f  616 63 2794
f  3053 1818 1007
f  2082 1931 2390
f  1974 25 1275
f  1180 254 936
f  2411 2995 1476
f  713 2909 910
f  1112 3152 330
f  1326 626 214
f  3056 3095 361
f  3103 505 2042
f  163 3103 750
f  2296 46 1373
f  2864 2760 1717
f  1653 587 2956
f  2317 471 222
f  3235 703 3114
f  2026 2549 198
f  2607 1346 2584
f  1313 852 357
f  3209 2471 3085
f  719 1767 1254
f  852 278 520
f  2145 2146 153
f  3014 947 2883
f  2156 727 2141
f  1136 950 2333
f  2947 32 1511
f  1511 2113 2947
f  2874 389 3064
f  711 1963 724
f  234 879 1146
f  1836 254 158
f  2014 1259 1981
f  1667 2365 897
f  162 2172 567
f  3151 2822 3065
f  36 733 3137
f  1413 1033 845
f  770 585 680
f  1082 1796 1795
f  460 1066 3044
f  993 1959 665
f  553 515 51
f  2209 2566 1306
f  2308 838 2520
f  2893 3096 434
f  2322 2592 3117
f  2460 2554 3205
f  2969 1950 2711
f  489 1196 1747
f  1552 1011 2663
f  2226 2140 2327
f  2846 47 1083
f  1558 1057 414
f  2676 1131 1143
f  583 1050 2095
f  1404 518 310
f  59 886 2016
f  824 2016 886
f  3072 945 1823
f  2511 3194 167
f  1802 2079 2895
f  2748 1027 3124
f  3250 1753 447
f  506 1937 2440
f  1051 730 1143
f  1162 574 2693
f  455 906 2847
f  116 1085 2571
f  235 1926 2858
f  2621 1235 2565
f  1834 73 67
f  1714 2024 2541
f  125 3212 1699
f  1353 3077 744
f  2760 3145 1688
f  904 1687 1688
f  1963 457 2770
f  1044 2287 853
f  1911 40 1715
f  1248 1936 2091
f  765 1833 2512
f  830 1704 2168
f  870 1394 1124
f  1520 712 3221
f  2821 1125 2674
f  2689 3234 1887
f  1337 475 2926
f  2679 1295 3199
f  3235 2039 3000
f  885 2649 1699
f  823 1567 3248
f  230 308 1015
f  230 1015 81
f  2953 2183 2109
f  2544 2874 1156
f  2953 2109 159
f  3316 2796 985
f  329 3054 2210
f  2069 1804 867
f  28 324 403
f  2013 574 1980
f  3129 518 436
f  847 1988 13
f  940 208 3199
f  2110 2819 2265
f  247 3060 709
f  2510 247 709
f  2930 2918 1942
f  334 2787 1765
f  3182 2758 2745
f  1127 2950 3181
f  876 3335 1546
f  3046 1078 2775
f  3326 1161 575
f  706 16 1814
f  469 954 913
f  2794 63 865
f  3190 1125 1828
f  2940 668 587
f  2368 582 3043
f  2175 1811 1745
f  2893 263 2046
f  2835 1672 1965
f  1189 2664 1382
f  3097 914 2636
f  1387 521 1394
f  1807 825 2028
f  2767 2867 2412
f  1865 3185 3210
f  264 1779 2358
f  1404 3046 2671
f  1934 619 155
f  2516 1579 1496
f  46 2296 683
f  2968 2139 2735
f  719 1316 2682
f  1184 791 1023
f  733 2546 1025
f  2546 2435 1025
f  2590 1296 1075
f  2373 1097 972
f  3288 717 61
f  2762 1249 165
f  1947 650 2830
f  1202 2246 2759
f  1090 3139 2057
f  1183 1757 385
f  1478 2079 1802
f  3106 1689 2466
f  2466 1602 3106
f  3259 3199 234
f  2223 1214 2189
f  2925 2466 764
f  2531 1121 660
f  1248 803 2361
f  151 2785 1213
f  465 2934 147
f  2623 3200 1269
f  908 768 1635
f  307 2088 565
f  661 800 1968
f  451 2365 3171
f  3130 696 389
f  1596 2194 949
f  650 893 1032
f  2721 2622 1064
f  2515 2602 617
f  2521 1756 1297
f  203 2742 2313
f  41 554 1357
f  3263 1773 1269
f  2914 783 2943
f  3054 718 2210
f  2993 556 1369
f  1642 2929 2687
f  2687 1502 1710
f  1423 2583 329
f  3312 1541 378
f  1682 3054 329
f  598 1095 2697
f  3088 1265 3252
f  1431 2917 386
f  3141 2816 325
f  2169 2854 251
f  1831 2534 2686
f  2061 252 1675
f  845 318 1565
f  2544 2607 2584
f  3320 1598 1744
f  233 981 3192
f  2245 3018 388
f  2197 2817 673
f  1427 1783 2009
f  2595 1395 2719
f  2891 2955 1395
f  2 942 2915
f  115 2097 2098
f  1597 3078 2804
f  3143 1098 121
f  72 1089 3032
f  1180 936 786
f  1485 2522 1872
f  2625 1970 2286
f  2456 739 749
f  318 845 2631
f  1571 318 2127
f  3041 221 1339
f  3059 261 419
f  2716 1732 2080
f  2424 2586 1291
f  2063 764 3119
f  257 2661 3265
f  124 1472 1093
f  258 15 471
f  421 1928 2268
f  347 2937 924
f  2277 347 924
f  1221 2499 2924
f  2858 1926 384
f  3144 869 432
f  2515 849 1336
f  2224 1896 316
f  2303 1896 2224
f  2201 2810 1900
f  2975 2156 302
f  687 860 1094
f  450 809 15
f  2598 1060 2121
f  2287 1044 2090
f  2706 2699 1646
f  1646 1568 2706
f  108 2763 990
f  2652 2758 2087
f  3128 2652 2087
f  2087 1263 3128
f  615 2667 686
f  451 1017 1129
f  119 2299 1649
f  2927 42 361
f  3146 3199 2305
f  309 751 2192
f  639 555 2796
f  2463 3271 1464
f  2727 1686 1752
f  229 2609 2260
f  2345 1358 1109
f  530 3116 64
f  2776 2793 1798
f  1815 1903 491
f  1571 1772 2673
f  3128 1263 1398
f  2110 591 1300
f  946 3226 2044
f  1226 1281 3129
f  1293 1294 1325
f  3148 1106 956
f  1120 2931 397
f  307 3279 682
f  74 2005 2176
f  2175 1017 1932
f  2046 3209 2585
f  468 2428 691
f  1454 2081 280
f  2826 1255 2758
f  811 2637 1266
f  3266 3187 1793
f  2599 2647 1051
f  389 2874 3130
f  88 654 2497
f  1132 2448 469
f  406 2747 2251
f  2547 1701 2981
f  1797 694 3158
f  2055 1241 1840
f  488 2637 811
f  412 589 3223
f  249 790 409
f  1784 873 1929
f  1491 1237 73
f  1411 3335 875
f  2096 1663 265
f  244 140 801
f  2591 1488 2272
f  180 21 2656
f  1947 100 2198
f  2857 233 3192
f  2273 2058 1320
f  1102 1658 3098
f  235 2549 2552
f  2586 1574 1291
f  654 2011 1457
f  2504 1631 3184
f  1731 2666 2035
f  233 2857 486
f  1171 330 3152
f  2876 803 2091
f  1095 615 2697
f  1920 410 3297
f  70 2074 1415
f  1601 2603 2155
f  2779 1667 897
f  3232 897 2365
f  2265 2488 2489
f  2001 2023 152
f  540 508 3193
f  2170 188 157
f  1175 2441 20
f  1326 1648 626
f  770 461 1432
f  472 545 1654
f  2511 3081 3194
f  262 1560 3058
f  723 2114 1207
f  553 1071 515
f  1652 433 2293
f  290 2477 76
f  1147 2666 2309
f  1143 730 1443
f  2613 2837 1557
f  2672 2236 2558
f  2436 1892 2418
f  1266 3051 811
f  3327 1268 3131
f  976 3111 3208
f  1328 2441 1216
f  299 53 632
f  1588 1645 2179
f  28 1578 324
f  2125 2580 876
f  2513 2725 769
f  1538 3159 769
f  3214 681 1202
f  1016 2491 2310
f  2148 2455 2111
f  2160 439 614
f  530 2353 546
f  1819 3142 689
f  830 787 2943
f  738 2740 3131
f  35 3284 1475
f  2714 35 1428
f  319 1478 1802
f  692 2154 329
f  2176 1654 1154
f  2461 2768 2691
f  1867 1614 2863
f  2332 1993 1077
f  2175 1745 202
f  1880 3313 1275
f  619 131 3265
f  811 3051 488
f  1645 1588 1768
f  3308 3307 2769
f  1406 114 1246
f  557 164 170
f  3185 884 3177
f  850 1862 1861
f  2084 864 1520
f  871 1653 2956
f  2750 587 1653
f  451 745 2619
f  2556 947 731
f  3304 1487 1901
f  2523 1886 83
f  83 2383 1061
f  3313 3312 378
f  174 688 1177
f  2505 566 1364
f  732 3225 1486
f  1970 3254 3298
f  3082 3333 881
f  3260 1218 1924
f  316 1896 2002
f  1703 1273 995
f  2058 2029 1320
f  1670 3274 1333
f  3056 361 48
f  2023 1706 152
f  402 2521 1297
f  174 761 907
f  1207 2427 1876
f  106 817 1586
f  181 486 807
f  1160 3330 3086
f  2799 2598 1507
f  942 2431 3126
f  2707 2995 1669
f  2298 1373 3121
f  1652 2351 742
f  512 1609 2836
f  121 2252 3143
f  3029 1430 360
f  1537 1157 277
f  843 1582 892
f  2259 675 564
f  2162 1801 740
f  2841 2622 266
f  2782 1231 1939
f  317 546 3311
f  593 3257 2966
f  539 2564 166
f  761 2444 907
f  1073 698 116
f  3084 422 1172
f  3148 1867 1106
f  2709 242 3318
f  74 1154 1982
f  3246 938 2166
f  415 99 2347
f  1213 967 151
f  1409 1897 2608
f  2862 1971 2732
f  1704 3155 2562
f  2542 1894 1286
f  49 1402 2783
f  2494 1673 2663
f  1627 3110 2245
f  719 1254 2384
f  170 1208 1474
f  446 1660 599
f  3183 340 913
f  812 2052 315
f  9 1794 2905
f  1283 3001 779
f  2385 2498 2932
f  201 2792 161
f  3281 239 2626
f  51 515 2131
f  878 249 1502
f  1117 1647 1267
f  1850 2581 1736
f  2337 2329 2972
f  139 1375 2454
f  1482 954 2603
f  370 65 2805
f  1739 476 2804
f  1776 1189 1382
f  1081 809 3114
f  1490 1081 3114
f  690 877 1969
f  2739 391 2986
f  1635 1634 2690
f  3334 44 1004
f  1314 610 1022
f  2604 2343 1759
f  2407 768 955
f  654 277 2414
f  790 228 409
f  56 693 2996
f  817 1814 2439
f  457 1341 1680
f  1681 1983 1528
f  1528 3016 173
f  754 847 2150
f  3320 1744 3032
f  2454 2880 1367
f  2570 3069 2216
f  2479 3236 625
f  1567 778 1096
f  1231 236 2409
f  528 3200 187
f  1371 420 1766
f  2712 1595 84
f  676 2218 2243
f  2736 1904 424
f  326 2279 55
f  3223 2139 412
f  1719 1557 3008
f  2078 2471 263
f  3214 2232 671
f  422 1053 655
f  2163 1794 751
f  1181 2024 1843
f  547 1187 531
f  1175 1589 2180
f  2480 1609 512
f  319 542 3044
f  17 2155 2142
f  2180 2304 1997
f  1729 2111 1866
f  240 80 1570
f  2060 1727 3047
f  2142 2603 1723
f  1484 1325 2371
f  87 372 1542
f  695 909 1833
f  2802 461 1790
f  2192 9 232
f  2591 1964 2881
f  3211 2283 2761
f  3222 2177 1615
f  288 641 1061
f  1542 1690 1957
f  1347 1517 783
f  251 1657 2169
f  2008 132 2784
f  3308 560 2589
f  1474 1208 788
f  190 1409 2043
f  563 1354 796
f  1514 899 1551
f  81 1093 230
f  337 3102 2759
f  792 2994 1278
f  1657 465 2169
f  2278 1416 1449
f  2053 3092 968
f  1924 839 3260
f  831 679 3105
f  3125 2661 826
f  1658 3239 3036
f  3008 1557 2837
f  988 1593 3302
f  3079 269 659
f  453 3033 2835
f  538 2259 564
f  1173 3156 646
f  3157 2962 2446
f  2456 3108 1789
f  2397 1334 1821
f  2613 3127 2122
f  3127 1260 2122
f  65 2820 2805
f  2032 1986 1830
f  3201 1332 2834
f  2498 3052 462
f  2709 920 752
f  134 2489 820
f  1315 563 554
f  2633 807 2857
f  1374 467 253
f  2749 1809 2338
f  3096 1763 352
f  2472 2264 284
f  3247 289 2524
f  137 870 1124
f  2601 1730 1723
f  324 1272 403
f  1005 2808 2596
f  326 55 327
f  495 2555 1745
f  329 2210 342
f  2979 1142 1760
f  2945 1420 718
f  2307 2326 2375
f  1782 1578 21
f  1491 1206 1237
f  457 2986 1249
f  587 1133 2940
f  1552 1673 1278
f  76 1011 705
f  2425 2006 2343
f  2759 3102 3305
f  2145 2825 517
f  1487 2311 2149
f  367 1173 1671
f  1154 350 600
f  2723 1384 65
f  353 2513 722
f  722 1182 353
f  2759 2231 337
f  2673 1566 1565
f  2399 2866 934
f  92 2882 3001
f  2844 1686 1541
f  2813 2059 656
f  1328 2961 3057
f  1816 1772 3215
f  2290 1166 2174
f  656 1894 842
f  455 802 2752
f  944 606 519
f  2341 1752 242
f  2693 340 203
f  222 785 2317
f  3029 666 2519
f  91 2126 2814
f  1461 50 175
f  1623 1144 969
f  882 2670 2227
f  1005 1734 3169
f  1699 1020 125
f  1181 1843 3169
f  3266 714 937
f  3050 2871 408
f  3141 325 2801
f  2383 1952 1168
f  249 229 2260
f  1479 2607 2544
f  2423 2886 1216
f  409 474 2609
f  1665 1148 1869
f  386 1174 3175
f  2663 1011 2477
f  2114 1883 1955
f  2540 702 213
f  695 1833 1294
f  1542 543 87
f  598 2697 2913
f  903 2746 1939
f  1349 2536 2330
f  2847 577 1826
f  421 2118 3220
f  1948 1472 124
f  891 1356 2266
f  2198 3175 3088
f  1273 365 1310
f  2416 8 3220
f  1642 1310 365
f  2350 642 2146
f  2295 2085 322
f  2163 946 2044
f  3189 1075 1296
f  1605 180 2646
f  2568 2684 2227
f  331 1322 2704
f  3105 2769 93
f  3262 3152 551
f  1632 429 442
f  105 3207 2705
f  2897 2898 2991
f  2573 417 1523
f  1924 2677 1317
f  2844 1880 1103
f  2996 1000 604
f  3304 932 1563
f  431 3198 1019
f  2460 2576 3261
f  1824 3262 3241
f  1495 1462 1453
f  2482 602 3047
f  3193 1445 1847
f  3012 1210 865
f  152 1927 2001
f  2645 1585 2401
f  3235 3114 1910
f  1278 2994 2955
f  1163 2675 898
f  1019 2839 2855
f  1182 1364 353
f  356 1378 135
f  2189 1214 1132
f  2207 2032 1145
f  1097 2909 713
f  1671 2565 3153
f  1682 2154 692
f  3052 2498 2385
f  941 145 1228
f  3140 2329 862
f  960 2183 452
f  2700 1522 3023
f  101 621 3005
f  1625 3193 508
f  2781 866 589
f  2524 1915 2726
f  2205 2822 760
f  1925 716 1342
f  1646 1821 2724
f  3057 2441 1328
f  1524 747 2733
f  1681 1957 1983
f  3239 1658 1102
f  258 3100 450
f  983 1243 2627
f  1665 2615 473
f  2838 1860 2584
f  1144 1576 2533
f  134 820 2369
f  162 2629 1058
f  3301 3009 1049
f  1704 2562 488
f  662 2269 2432
f  2562 3155 1432
f  2556 1769 34
f  1923 288 846
f  2615 1534 3039
f  1755 1247 1685
f  1994 1823 923
f  3228 112 1866
f  3167 3032 1089
f  2219 570 2597
f  3268 1105 401
f  1514 2718 1250
f  1250 666 899
f  1159 751 1336
f  1324 2083 835
f  897 746 2779
f  1048 1877 2344
f  1053 422 183
f  2972 2685 2022
f  68 2303 2224
f  970 3240 2764
f  2760 1875 986
f  871 402 1297
f  1037 1440 444
f  3316 1508 2985
f  6 720 790
f  338 1889 766
f  637 358 1897
f  2562 1208 1115
f  2134 858 1604
f  1191 2344 632
f  1538 2440 2294
f  1202 3305 1803
f  3135 634 2423
f  3053 1007 2097
f  612 2708 3319
f  1266 1510 2734
f  2398 413 2635
f  3021 1481 551
f  2515 1829 2602
f  268 2640 2124
f  1513 369 763
f  3087 1958 2328
f  1952 2383 1842
f  2160 217 439
f  2538 2555 1797
f  2545 604 2070
f  1526 2372 2677
f  1675 3283 2811
f  1776 633 3110
f  58 1879 1749
f  1483 512 2836
f  2174 1740 2290
f  1678 380 448
f  1717 3083 559
f  3062 1858 1941
f  692 343 1437
f  2914 2035 2817
f  3138 325 2816
f  371 1691 928
f  568 1976 261
f  3041 2501 3118
f  1978 3186 2021
f  286 441 1146
f  1121 2531 526
f  3031 436 2269
f  2915 942 3126
f  2218 1188 3083
f  441 286 1531
f  3036 3239 2896
f  2026 198 237
f  3153 2565 1587
f  2541 377 2247
f  2250 2041 2400
f  1861 1862 1863
f  2360 2339 2418
f  354 1892 682
f  1144 1623 651
f  2316 2244 2253
f  1238 1631 91
f  2875 952 387
f  532 2381 1223
f  2787 334 1711
f  2508 3243 2643
f  1776 1382 1452
f  3237 903 3317
f  3154 227 1377
f  1856 1089 1288
f  2654 3286 390
f  1583 629 825
f  2276 2539 2431
f  2032 2308 1441
f  2308 2520 2030
f  2308 2030 1276
f  916 2913 883
f  830 2943 794
f  2089 1062 2654
f  1266 3034 3051
f  1696 3310 1003
f  2123 3290 2190
f  3294 205 1788
f  2712 1778 392
f  1236 1691 2418
f  381 3287 1267
f  2954 2933 2361
f  2361 803 2954
f  3241 1512 1824
f  9 61 232
f  119 3236 2299
f  1890 395 982
f  958 1452 1382
f  164 780 2653
f  1161 1167 575
f  738 1258 1358
f  842 785 2813
f  461 770 680
f  1804 40 1799
f  2336 725 2364
f  483 373 962
f  3267 1819 118
f  3165 2021 2730
f  1298 2182 667
f  3125 826 2225
f  887 2254 58
f  2989 3309 2805
f  855 793 2381
f  1626 1169 993
f  598 2841 266
f  2226 1292 1240
f  2588 1177 2677
f  240 258 471
f  2706 1568 722
f  400 3304 1901
f  400 1088 3304
f  457 2957 1341
f  39 1272 3006
f  1055 1959 993
f  1964 2591 1404
f  1204 2323 979
f  2084 3221 990
f  1994 923 1979
f  1339 3248 384
f  3027 2411 1476
f  3235 3148 703
f  2092 77 1555
f  1487 2149 1966
f  2412 1079 166
f  934 1679 2399
f  2168 3207 2984
f  1313 1833 3176
f  3018 3017 2300
f  416 1176 898
f  2853 2662 1848
f  1076 1538 2500
f  323 1839 1444
f  3203 2452 435
f  451 1129 745
f  56 1459 693
f  1321 182 2420
f  3002 853 1286
f  711 872 1716
f  978 3179 2696
f  1220 460 3044
f  914 2811 2636
f  1144 2533 969
f  1071 1544 1729
f  36 418 2009
f  1118 2932 2859
f  2798 1034 906
f  1050 583 824
f  3326 2964 884
f  1695 1893 2174
f  1075 3189 2551
f  888 69 1619
f  2360 2418 1892
f  617 2602 1943
f  911 3191 2902
f  1529 586 2977
f  407 1365 2582
f  1884 3199 3259
f  78 1203 3217
f  2099 1416 2278
f  2221 2694 430
f  2909 1097 1084
f  2809 809 1081
f  2344 2012 632
f  3262 551 71
f  393 2659 2169
f  2424 115 113
f  3062 3030 1969
f  2307 2867 2403
f  1730 510 2142
f  2980 889 2305
f  1275 25 3250
f  3280 1003 1580
f  1063 2334 1813
f  2161 2070 1741
f  84 1451 2304
f  1878 1955 1883
f  1601 210 1482
f  1501 874 51
f  1510 1561 2282
f  652 2399 781
f  34 138 2556
f  945 2612 2253
f  271 1751 1101
f  2122 2132 2613
f  352 467 434
f  1916 567 2172
f  1971 3039 2921
f  2626 239 2732
f  2740 2845 3131
f  2740 1713 1661
f  3115 304 1406
f  1792 94 1918
f  2102 1751 1649
f  2695 1412 2798
f  1461 3273 820
f  123 979 1916
f  3297 1263 2087
f  2356 1884 3259
f  3003 515 1251
f  2285 1179 690
f  481 590 2106
f  2472 1905 1240
f  1306 525 2985
f  1722 3303 2251
f  1505 3293 300
f  438 1505 1989
f  1771 813 718
f  46 3241 480
f  2389 2518 425
f  2853 2400 2662
f  2625 1878 245
f  3026 2768 1935
f  1100 810 3179
f  617 929 828
f  1774 1509 43
f  2831 3079 2528
f  1062 2234 2263
f  2755 2131 3003
f  899 1514 1250
f  3041 1535 2937
f  1894 146 279
f  977 943 1134
f  3123 3124 2699
f  308 2683 529
f  3226 946 701
f  666 1101 2519
f  212 413 383
f  859 1287 2608
f  2795 1221 2848
f  1077 1302 584
f  376 2019 2257
f  1361 1212 774
f  2475 2279 2496
f  2741 533 2918
f  358 1476 2608
f  2412 166 2767
f  2671 2775 1790
f  1734 2413 3136
f  2509 150 2404
f  1483 1902 1677
f  432 1612 548
f  2845 2871 3131
f  2973 1381 3225
f  173 1226 3031
f  70 2225 2346
f  1525 2117 2904
f  2034 1274 2526
f  2789 1721 3001
f  1679 934 975
f  2537 1741 1656
f  247 1414 1227
f  213 772 2540
f  1522 2700 1990
f  2879 2688 1118
f  379 1043 2944
f  2646 3197 1605
f  314 177 2731
f  1631 3 1944
f  3183 913 954
f  3227 3233 1361
f  3205 2554 3193
f  1119 2219 3143
f  177 3238 2476
f  2108 2349 1610
f  2165 1270 1222
f  269 2831 231
f  951 533 891
f  2605 1846 2600
f  1800 2384 2483
f  649 1406 607
f  333 2834 1332
f  865 63 3012
f  1980 758 1130
f  1083 2890 2846
f  225 890 757
f  2832 3240 1128
f  1574 860 1291
f  2335 1396 1820
f  1392 985 2970
f  1692 1119 2143
f  672 1549 298
f  2024 798 2541
f  1125 1022 1828
f  1534 2063 1516
f  2121 3273 1461
f  3021 551 3152
f  2244 945 2253
f  896 279 2263
f  955 1128 3240
f  909 1502 2908
f  136 1750 994
f  1870 531 536
f  1838 620 2425
f  1864 1808 766
f  1961 3030 1941
f  2270 1820 1165
f  1403 3087 2410
f  2166 723 3246
f  2317 2823 471
f  1534 1516 2921
f  459 473 2862
f  1679 1259 2399
f  1219 3015 474
f  196 2774 2468
f  3034 1383 3051
f  1793 24 3158
f  1647 1594 2948
f  3151 2178 1613
f  1841 2075 541
f  3299 2766 141
f  1520 255 189
f  532 1050 886
f  1050 824 886
f  773 1593 3252
f  529 2683 1140
f  1497 2872 3199
f  1316 3017 2682
f  1407 259 3106
f  3207 1059 1577
f  2897 2991 1644
f  678 1984 2151
f  2727 1752 2341
f  1030 1849 2002
f  2032 2271 1145
f  3301 2071 1028
f  3103 1131 1844
f  1547 734 3035
f  1386 453 2875
f  1630 192 552
f  78 1637 1719
f  1375 3013 1455
f  1000 2043 562
f  428 2576 2460
f  1688 1717 2760
f  1953 1349 2330
f  1526 1233 638
f  1515 1581 2122
f  1201 209 2529
f  2181 191 1153
f  114 297 1246
f  3115 1289 304
f  1246 13 1289
f  2617 413 212
f  3184 1238 64
f  2063 1534 2593
f  2574 1829 2515
f  3165 753 1725
f  1023 1394 1643
f  435 2452 3150
f  2434 692 2282
f  2509 1699 2262
f  2735 2014 1981
f  2963 2109 2181
f  1322 331 2473
f  1685 1645 1768
f  2035 2914 1731
f  2536 2172 2037
f  659 1457 2011
f  511 907 2444
f  379 2098 802
f  3270 882 670
f  2007 1990 644
f  2406 1425 2192
f  1225 2250 3057
f  1526 1211 7
f  2064 3179 978
f  1499 2812 62
f  956 703 3148
f  494 2119 2529
f  2493 2964 2213
f  2318 2913 1855
f  94 1792 732
f  1072 1265 2717
f  631 529 1140
f  1151 1043 2720
f  1277 317 2194
f  1488 2591 1399
f  2860 1418 2692
f  80 240 471
f  58 3275 887
f  1948 124 989
f  717 1307 635
f  2324 2325 1149
f  678 2144 3315
f  475 1337 371
f  3017 3018 3263
f  2286 1305 1878
f  2983 982 1796
f  609 2983 1796
f  3314 223 356
f  1152 3020 2414
f  3314 2456 223
f  1544 535 572
f  2536 1349 1757
f  3055 2018 1933
f  520 2815 3201
f  2206 3210 3177
f  1016 2827 1379
f  1478 319 2887
f  3103 1844 505
f  296 2178 1466
f  102 2775 1078
f  2099 944 502
f  262 499 2451
f  3181 2004 2094
f  2345 2616 2119
f  533 1356 891
f  768 1634 1635
f  3025 808 3231
f  2485 328 2289
f  2176 1154 74
f  2170 2675 1163
f  2622 2721 266
f  782 120 1365
f  668 1621 921
f  371 2436 2418
f  1158 1149 2517
f  1046 2616 1255
f  2155 1707 1601
f  1532 2679 1438
f  194 2 1595
f  2351 1652 2487
f  797 3134 648
f  277 1150 2185
f  1240 647 1342
f  1473 2330 95
f  1344 3066 2951
f  2130 1305 3111
f  1942 2749 2930
f  2652 3128 1906
f  513 1540 1585
f  476 3086 2804
f  1257 2485 2289
f  716 2120 3068
f  1595 1583 194
f  1556 1116 1
f  875 2580 994
f  3328 1293 2066
f  2617 1770 213
f  85 3042 2840
f  1104 1524 82
f  1822 1334 1355
f  2594 750 2042
f  1697 354 3279
f  130 742 2067
f  516 2295 2492
f  422 2894 2445
f  549 1952 1842
f  1293 1192 1294
f  3148 89 1867
f  1195 1894 2542
f  1359 1195 2249
f  645 602 2103
f  2885 421 2268
f  2918 2545 1503
f  627 2417 1326
f  637 2984 105
f  1261 2469 144
f  2874 1860 1945
f  3130 2874 1945
f  2579 1352 1937
f  1199 458 2346
f  3072 1389 945
f  466 640 2459
f  659 122 3079
f  1306 1377 227
f  3178 1881 2579
f  261 227 3154
f  1567 1096 198
f  3168 1213 2785
f  1626 993 1455
f  1057 3009 1458
f  993 665 1455
f  670 1530 819
f  3098 1375 2698
f  2928 2108 2949
f  1031 1946 3077
f  705 1809 76
f  59 2546 886
f  218 557 170
f  219 1868 2464
f  688 2134 57
f  1571 741 1772
f  2078 1772 2471
f  2360 1892 1350
f  3221 712 2135
f  2687 2929 2744
f  1655 615 1095
f  428 2534 433
f  2165 1940 1624
f  2576 1092 3261
f  1319 750 1508
f  96 1721 1562
f  255 398 189
f  2595 2076 2495
f  99 415 1068
f  517 2146 2145
f  1219 2987 583
f  1715 1220 1911
f  1911 1220 2906
f  2524 3036 2896
f  2739 2080 1126
f  501 884 338
f  3044 2923 319
f  66 3048 675
f  2040 649 1137
f  1750 875 994
f  179 783 2350
f  2048 1635 1063
f  2213 763 2493
f  1279 1756 1805
f  2880 2777 2407
f  1047 2264 946
f  301 1681 173
f  1505 300 1816
f  2876 1290 2901
f  3055 1933 3282
f  1831 2293 2362
f  2753 1674 281
f  2885 1771 199
f  2071 3301 1049
f  1222 3292 2165
f  1359 3253 2401
f  630 2034 2526
f  981 534 1031
f  1216 2441 2423
f  235 2858 482
f  3126 2202 1304
f  141 2763 2020
f  1304 2202 634
f  2825 2867 2767
f  2534 428 1625
f  1122 3321 1559
f  1303 2234 3276
f  605 1262 2627
f  555 1022 2796
f  541 2958 1841
f  2634 2256 1440
f  2945 756 1995
f  1746 2950 966
f  1581 2132 2122
f  340 1467 203
f  1155 2327 1173
f  2557 543 1553
f  1405 686 2667
f  1750 989 1411
f  2037 3042 104
f  2931 2935 2606
f  3269 1437 2561
f  2717 917 1999
f  692 1489 2734
f  1201 1876 601
f  1966 2149 1713
f  3152 3262 1824
f  558 3093 1108
f  2013 1132 574
f  1179 989 1750
f  1202 2759 3305
f  1593 2997 3302
f  1863 1551 1861
f  3259 441 1531
f  38 2997 1593
f  3225 1245 2241
f  956 1106 1280
f  37 630 756
f  663 2979 1760
f  3022 1405 2757
f  2898 1586 2991
f  1640 837 3332
f  2766 1607 2084
f  1509 1970 3298
f  2442 526 3276
f  925 1849 1030
f  1622 2948 1594
f  1578 1424 21
f  151 537 726
f  487 3093 2395
f  74 1982 1415
f  1627 1776 3110
f  2067 97 3043
f  667 1354 1298
f  866 278 589
f  1800 2300 3017
f  2962 2963 1591
f  3255 1355 1067
f  483 457 1680
f  1663 2096 2957
f  2534 2362 433
f  2381 793 623
f  1575 1772 1816
f  545 2632 919
f  349 2119 1702
f  2675 2170 836
f  1122 1325 3321
f  63 1338 2407
f  3053 856 1818
f  1396 1933 1799
f  2674 2464 1533
f  1722 510 1789
f  1539 3074 581
f  1724 2824 2291
f  22 72 805
f  233 1693 534
f  3142 1330 1376
f  2523 1784 1929
f  2704 1649 2299
f  2850 2019 2228
f  1842 1629 549
f  740 1701 2162
f  564 1532 538
f  2223 949 3081
f  1766 1292 1371
f  3204 1312 630
f  2107 1183 385
f  1505 3233 3227
f  1369 1995 2743
f  1440 735 2020
f  1488 499 2610
f  337 246 904
f  315 108 812
f  1986 576 3146
f  2365 451 1545
f  2303 1719 1896
f  121 1098 930
f  1407 2674 863
f  2381 2611 2988
f  475 3224 1943
f  1479 1340 2607
f  1753 1882 447
f  2204 2193 2415
f  3280 442 1003
f  1302 86 584
f  518 1404 2269
f  645 3222 2056
f  1434 611 2393
f  1780 588 514
f  1070 2779 746
f  530 546 267
f  722 3123 2699
f  1028 2639 1573
f  352 511 467
f  1359 2401 3286
f  827 3048 66
f  1970 1668 2286
f  3287 1117 1267
f  565 23 2713
f  2033 1733 937
f  1590 1331 922
f  1795 1796 918
f  3170 688 27
f  1418 2860 1728
f  2558 1111 2171
f  1134 396 45
f  1046 1201 2529
f  3317 1939 1231
f  1831 2686 2320
f  2930 2595 2741
f  2302 1021 2787
f  2638 1307 3300
f  2328 2255 276
f  1062 146 3286
f  1197 707 378
f  1084 2530 2909
f  1083 745 202
f  1048 557 1284
f  304 607 1406
f  304 2173 607
f  622 3074 1026
f  2565 2199 3162
f  1524 2837 2613
f  2585 1603 36
f  3127 1557 211
f  2089 2442 3276
f  3247 546 317
f  2720 379 802
f  1426 181 2633
f  2092 2589 4
f  4 1746 2092
f  1310 1469 1273
f  2195 3308 2769
f  2714 1428 161
f  3194 3081 2842
f  2112 2927 1013
f  561 1448 1421
f  3275 401 1105
f  1042 2602 1829
f  759 2776 1798
f  3251 1018 1085
f  527 3179 1628
f  1910 1685 2039
f  576 1986 2207
f  467 1218 253
f  1163 214 626
f  1563 2248 478
f  3026 1935 1819
f  795 1085 2889
f  2061 759 2081
f  2623 2314 187
f  1835 2085 1837
f  1962 3114 703
f  2473 3236 2479
f  2924 1209 1864
f  329 2154 1682
f  969 2533 1133
f  2557 1553 301
f  217 837 2445
f  2429 2716 457
f  1337 1042 682
f  302 2205 760
f  358 2328 1476
f  2233 3319 411
f  717 3300 1307
f  1270 2678 1170
f  2605 1264 1629
f  2206 369 1513
f  3024 970 1626
f  2982 1803 1362
f  915 272 1202
f  206 2507 653
f  2975 760 2395
f  1255 1366 1762
f  3085 1603 3209
f  2179 3114 450
f  2105 2941 1382
f  1411 831 2575
f  103 1443 1114
f  3059 490 2566
f  455 2752 1852
f  1423 1437 2583
f  900 2911 2187
f  2394 2694 2899
f  1446 628 2401
f  212 1761 2617
f  2648 498 2057
f  2476 2563 921
f  783 1517 2943
f  2964 3021 2213
f  3144 2319 2017
f  2561 1266 3269
f  826 2138 2062
f  1048 2344 557
f  1676 238 1865
f  82 2431 2539
f  78 3174 1637
f  1485 2653 2522
f  2768 2742 2870
f  2144 81 3315
f  1699 1580 1020
f  1821 2871 2724
f  355 1485 1872
f  2961 2391 2803
f  1284 102 1048
f  938 931 2166
f  1239 1913 1018
f  392 1016 1633
f  2935 2065 2895
f  299 663 1760
f  1121 1656 2288
f  2054 1728 851
f  1020 3163 1393
f  935 586 1434
f  2500 3157 1076
f  929 2774 2129
f  2247 377 778
f  2482 1419 346
f  1809 2297 76
f  144 2469 2340
f  843 1669 1600
f  1201 601 209
f  2934 462 2341
f  2043 2904 2117
f  3275 58 2083
f  3182 2478 1921
f  3237 3317 2910
f  2999 2026 509
f  3161 1408 2765
f  2179 1910 3114
f  1599 410 110
f  3279 354 682
f  2700 2502 1990
f  2897 3074 1539
f  873 1445 2554
f  823 771 1556
f  1138 2239 2250
f  2427 1207 2114
f  696 1856 3064
f  3141 2216 1301
f  1927 152 1988
f  524 3267 2331
f  1597 3330 2331
f  2268 1308 281
f  684 2379 171
f  3143 2252 1119
f  834 2777 2880
f  3210 1676 1865
f  2585 3137 2045
f  3223 1660 1259
f  2359 2466 2925
f  467 511 1924
f  2447 691 3058
f  2490 443 523
f  2339 2360 2973
f  2528 122 659
f  3098 1658 1433
f  1734 2596 2965
f  2534 1625 508
f  111 1358 2345
f  1050 1223 2095
f  2272 2428 1404
f  131 619 1934
f  1341 2096 1680
f  1094 2363 3080
f  2883 947 2292
f  2306 1599 110
f  1757 1351 2336
f  2336 2364 1757
f  496 476 1467
f  949 2189 1596
f  3010 1147 2237
f  121 1196 1230
f  593 143 10
f  1686 242 1752
f  377 798 1096
f  90 1478 2887
f  2620 532 886
f  2910 796 1920
f  3232 979 746
f  211 382 1720
f  2425 543 662
f  1475 2490 1641
f  1117 1345 1422
f  1422 1594 1117
f  2689 2651 2432
f  1314 2821 1533
f  704 625 2718
f  1514 704 2718
f  1466 3065 33
f  181 919 2632
f  3090 2076 1365
f  3086 1597 2804
f  1179 1750 569
f  296 905 2036
f  243 2725 1360
f  185 1036 48
f  1275 3313 707
f  504 2496 2936
f  779 2945 1995
f  776 1324 1917
f  2091 803 1248
f  961 1458 1327
f  1496 710 696
f  1555 2835 3308
f  1072 1060 2598
f  2200 1816 839
f  922 1261 2336
f  1590 1351 2058
f  2465 3325 2386
f  2354 2080 1732
f  2357 544 2532
f  950 1331 2273
f  288 2484 2828
f  2503 1082 241
f  721 2167 2203
f  2008 2279 1139
f  63 2777 3012
f  3334 216 44
f  1727 1419 2482
f  1827 935 2393
f  943 977 144
f  2900 3223 278
f  2610 691 2272
f  1008 1192 1293
f  68 1949 1203
f  2777 834 3012
f  832 2722 1352
f  2661 619 3265
f  2939 2934 957
f  1546 2875 876
f  2354 2088 2515
f  474 3015 2609
f  1984 996 3073
f  1402 2643 2783
f  2802 788 2806
f  2832 2015 3202
f  1080 539 1079
f  1977 534 472
f  1304 2915 3126
f  1634 1338 616
f  3041 347 221
f  2171 681 1387
f  2719 1395 2955
f  317 1277 289
f  2380 1946 1977
f  459 2971 473
f  93 3033 1386
f  3263 1269 2682
f  1628 3323 527
f  649 2040 3147
f  2042 750 3103
f  483 1714 373
f  1841 818 2075
f  11 2767 166
f  1306 2566 525
f  2997 38 2843
f  2633 2788 1426
f  113 2098 379
f  1720 2315 575
f  2999 509 2333
f  2046 2045 2893
f  1357 236 1231
f  2853 1765 2787
f  781 446 366
f  1759 2829 2287
f  2112 1589 207
f  350 2376 2147
f  2536 1183 2172
f  953 1967 2587
f  2546 2620 886
f  2290 1740 157
f  1604 858 352
f  2176 2005 1977
f  1329 1964 1404
f  2641 3113 3224
f  3136 509 1638
f  2113 96 1562
f  2520 838 3029
f  2669 1530 1657
f  1376 1330 2778
f  859 2707 843
f  3237 1920 1921
f  705 1011 463
f  705 463 2010
f  2334 1063 1635
f  3103 163 2599
f  319 225 1329
f  3285 3170 2833
f  974 930 1098
f  1624 1038 2165
f  1070 1667 2779
f  758 2313 2742
f  2026 3061 3107
f  1411 1546 3335
f  692 3269 1489
f  174 1177 2588
f  2241 2321 1236
f  1930 79 2946
f  1035 959 1928
f  1143 1185 295
f  925 1030 2276
f  1300 2819 2110
f  405 209 601
f  2129 283 1047
f  2972 2022 2077
f  1059 1383 1029
f  2356 3259 1531
f  2550 3266 937
f  1549 346 2271
f  443 2490 3284
f  523 1868 2490
f  454 3134 1402
f  481 936 254
f  687 1094 2922
f  2533 1576 1133
f  2746 2478 2745
f  2507 206 1606
f  2653 780 2390
f  1567 603 778
f  1420 2945 779
f  316 2002 1849
f  3331 1207 362
f  2335 1820 2270
f  1163 898 1176
f  627 1064 2865
f  2677 363 1317
f  1559 3212 1122
f  2238 2517 2325
f  646 2772 3160
f  1227 2172 2188
f  1535 3041 3119
f  1343 131 1934
f  2616 1046 2529
f  1613 2256 3151
f  3280 1580 1909
f  83 1886 2383
f  2914 2943 787
f  1022 610 985
f  3328 608 1008
f  1058 2629 1014
f  2330 2229 1953
f  2736 424 99
f  3280 928 1632
f  792 713 1509
f  1767 719 3200
f  2854 815 251
f  16 706 2219
f  3206 1659 1895
f  2331 3245 3195
f  315 1108 2763
f  1483 52 1902
f  2439 1814 16
f  2707 1669 843
f  148 1955 2130
f  2443 2667 1938
f  1521 979 2786
f  1102 522 3239
f  845 914 3097
f  1632 1691 1236
f  2353 530 64
f  3218 2340 2469
f  3094 1324 835
f  1908 390 3286
f  521 1387 681
f  3271 748 1024
f  1731 637 1897
f  2497 654 2414
f  104 2567 917
f  2567 2003 917
f  383 2959 2530
f  1363 2191 538
f  2524 289 2998
f  336 2674 1125
f  1227 3060 247
f  2054 1725 1728
f  332 1618 1160
f  659 2011 88
f  1979 33 1994
f  2603 1601 1482
f  2317 842 896
f  896 2263 1303
f  1009 3149 388
f  804 193 1283
f  2614 244 542
f  36 2009 855
f  1769 3137 733
f  885 2468 2641
f  2200 363 808
f  1856 3167 1089
f  3169 1843 1463
f  1709 2809 440
f  1585 335 513
f  129 100 1947
f  2364 385 1757
f  320 3141 1301
f  1960 1570 2411
f  2293 312 2487
f  2723 797 2388
f  2443 3172 1193
f  1179 2285 2380
f  2962 1591 2397
f  855 2009 793
f  590 661 2106
f  3332 1968 1640
f  818 2770 261
f  1504 2188 1058
f  1101 2718 271
f  839 1816 3260
f  2058 2273 1590
f  2872 1438 3199
f  3107 1638 2026
f  1342 2140 1240
f  1457 659 269
f  778 603 1
f  829 2629 162
f  2727 2341 3052
f  3019 3089 306
f  1994 2205 2681
f  2681 3072 1994
f  3319 2708 550
f  544 2357 1224
f  2782 420 1477
f  582 2368 1776
f  201 161 2710
f  326 1253 1139
f  1530 2669 819
f  7 3025 3231
f  850 939 2384
f  192 1630 1670
f  192 1462 552
f  2029 2229 2732
f  932 3304 1088
f  1942 2133 2749
f  1172 1548 1640
f  3189 2093 2551
f  557 2344 164
f  2750 1840 587
f  880 3140 862
f  1599 3297 410
f  2213 1112 1410
f  1619 3189 1498
f  204 2657 1379
f  386 1869 1148
f  2903 1298 563
f  909 2908 1833
f  715 687 2922
f  1941 1858 2850
f  2933 2954 740
f  3086 2836 3161
f  856 2607 1340
f  895 1519 835
f  1758 895 835
f  262 2877 1560
f  2081 1798 280
f  374 26 1164
f  1545 184 3164
f  1138 3040 2239
f  72 3032 805
f  2192 1425 309
f  201 2710 1436
f  431 508 2281
f  2676 1143 295
f  1166 2290 2312
f  646 1671 1173
f  1231 2782 2449
f  1711 334 1344
f  1895 3292 1222
f  192 1333 2572
f  3291 2240 2982
f  1023 791 423
f  3114 809 450
f  3173 1879 58
f  1449 1416 2382
f  125 1020 1393
f  3037 2686 508
f  1163 626 2314
f  945 1389 841
f  2253 2680 2316
f  2821 1314 1022
f  1767 3200 528
f  2362 2293 433
f  855 2381 2620
f  2635 702 671
f  2642 864 743
f  2615 1971 473
f  270 1038 1624
f  465 147 2169
f  3058 691 262
f  2573 92 2737
f  1315 210 2903
f  851 1056 2054
f  3052 3030 2228
f  35 1429 1428
f  149 2861 1123
f  2249 2542 2254
f  3241 71 3295
f  2394 136 2125
f  2864 2219 1119
f  2684 2568 3192
f  1996 2073 1799
f  155 2136 1934
f  155 507 594
f  1009 388 2300
f  2500 2294 2352
f  1834 1491 73
f  3070 2568 2220
f  2217 330 1171
f  2622 2841 1518
f  1585 390 1908
f  1739 3078 3267
f  2960 2860 1390
f  1996 902 1988
f  2073 1988 152
f  1627 2245 595
f  564 675 3048
f  2186 2913 2855
f  1023 1387 1394
f  1397 1529 2977
f  676 2243 2196
f  1010 2791 834
f  997 3177 884
f  2405 915 2976
f  1715 460 1220
f  1213 3168 523
f  195 1967 2754
f  310 518 1281
f  1965 2125 387
f  1523 3028 3306
f  3263 2941 1773
f  2795 1893 3101
f  2217 2476 921
f  3116 530 3117
f  954 1723 2603
f  1057 1458 961
f  2628 3099 2490
f  1730 2601 2462
f  805 1818 1479
f  1595 2 1972
f  1530 670 1859
f  2074 2346 458
f  19 2136 2279
f  2904 2258 1372
f  511 858 907
f  126 1076 2748
f  2758 2652 2826
f  797 393 2388
f  934 2883 1376
f  782 1450 1639
f  1067 1355 1334
f  2370 2177 3120
f  1289 1988 902
f  1262 605 1539
f  2816 3141 341
f  3323 2106 2696
f  2565 41 1357
f  104 1265 2037
f  1085 116 3251
f  623 578 3019
f  1570 1960 2214
f  1864 1209 1808
f  709 3060 492
f  2182 1707 406
f  282 814 920
f  920 2709 3318
f  2270 1282 2335
f  1871 493 1854
f  1920 3297 2087
f  1405 2667 1006
f  2306 2182 406
f  2124 1743 394
f  2098 113 115
f  211 1557 1719
f  355 1872 973
f  1692 1874 1875
f  368 1348 2659
f  514 2849 2389
f  2041 2420 2650
f  912 2756 901
f  924 2937 1535
f  268 2124 394
f  243 1360 566
f  268 394 927
f  623 3019 2611
f  1126 1425 1153
f  1415 1982 600
f  1258 1109 1358
f  2290 157 2312
f  651 1442 1576
f  1075 1056 1761
f  2913 916 2855
f  2434 1850 1736
f  2515 617 964
f  91 1944 2126
f  68 3144 2036
f  2991 1586 1192
f  2642 1583 2211
f  1067 1591 2181
f  727 256 2141
f  776 1944 3
f  681 3214 160
f  1086 804 264
f  2948 107 1245
f  1127 2835 77
f  2835 1555 77
f  3071 2091 1936
f  3051 1383 1059
f  770 1432 3155
f  2615 1665 1869
f  1517 770 794
f  2437 659 88
f  96 1511 32
f  1257 3210 2729
f  3233 700 1361
f  536 531 1923
f  1133 1576 2940
f  1519 2343 1737
f  2091 1290 2876
f  563 1817 554
f  1158 2517 2055
f  3221 2084 1520
f  492 591 2110
f  1582 1741 2070
f  1264 2605 2483
f  469 2693 1132
f  2018 154 3038
f  1562 2789 117
f  88 2497 2965
f  2851 986 1874
f  1505 438 3293
f  3286 628 1908
f  1650 209 405
f  616 2794 2164
f  3144 68 2224
f  2350 593 179
f  200 3263 2702
f  154 1289 902
f  2047 620 1838
f  2964 1481 3021
f  1876 1201 963
f  261 2075 818
f  299 1465 53
f  2733 82 1524
f  1085 1018 2889
f  1992 3002 2059
f  656 842 2813
f  1102 3098 1754
f  1774 43 3208
f  699 2625 245
f  1700 2773 185
f  1245 3225 2408
f  1131 2676 1844
f  2967 754 2150
f  1070 2053 2348
f  1527 1385 493
f  1082 2503 1110
f  1750 136 3112
f  954 469 1723
f  1764 1000 1287
f  1313 2507 1606
f  3242 1836 1004
f  101 1004 44
f  1738 2846 2890
f  910 2715 1480
f  902 1996 154
f  1005 3169 1463
f  1012 1551 944
f  2099 1012 944
f  184 979 3164
f  290 76 611
f  3179 527 2696
f  1259 1660 2399
f  1018 1913 2889
f  743 1607 2766
f  2120 2506 2919
f  776 544 2126
f  1981 1679 2735
f  2953 159 2128
f  2874 3064 1156
f  2291 2215 865
f  2728 2430 2525
f  1742 2484 549
f  497 2650 2420
f  2315 1481 3326
f  2684 981 1031
f  2659 393 3274
f  2330 1473 2229
f  2173 959 1035
f  506 1538 275
f  1816 3233 1505
f  1532 1438 2872
f  477 1320 3281
f  3069 1854 493
f  1592 2553 1550
f  746 979 2323
f  1159 849 964
f  2893 1374 263
f  237 198 798
f  2920 2447 2438
f  419 771 1572
f  1768 1958 128
f  895 1749 2829
f  712 1190 2135
f  3261 1506 2460
f  391 2972 165
f  2014 3223 1259
f  1220 3044 801
f  499 1488 2451
f  312 2320 883
f  2868 396 1134
f  3288 61 2905
f  2548 2235 816
f  3299 629 743
f  3083 1717 1687
f  2305 3199 2980
f  457 1135 2957
f  3267 2453 1819
f  72 618 1089
f  279 146 1062
f  625 1065 2479
f  860 687 1291
f  1047 2470 1159
f  1928 421 8
f  3309 2031 1547
f  720 1460 1068
f  1381 2713 1694
f  2565 1357 2449
f  2830 1311 1868
f  2482 3109 602
f  697 2237 1147
f  1251 3244 3003
f  1140 3309 631
f  2616 1109 1366
f  816 2492 2349
f  269 295 292
f  2512 1683 2095
f  617 1943 929
f  1208 2806 788
f  193 804 1086
f  2180 2491 84
f  2198 893 1947
f  1472 74 75
f  3090 3004 2495
f  1097 2373 1084
f  3172 2729 1193
f  709 492 2110
f  1250 1101 666
f  1168 549 288
f  1074 57 2508
f  879 1295 2679
f  2002 1104 1030
f  2123 2967 2150
f  2306 667 2182
f  1965 430 1242
f  351 1711 1493
f  3007 1443 730
f  2015 908 2048
f  1635 2048 908
f  3213 2226 2327
f  956 2810 1962
f  440 1490 2810
f  1241 2055 2916
f  2171 1111 2246
f  3099 988 1641
f  1265 104 2717
f  996 3315 1015
f  2346 2074 70
f  2003 2567 30
f  197 2782 1939
f  665 1959 1198
f  2836 3086 496
f  1740 898 2675
f  992 3152 1824
f  226 3101 1893
f  1365 120 2582
f  1137 2618 2040
f  550 411 3319
f  3240 3202 2764
f  2913 2318 883
f  2368 1215 2751
f  1107 642 2197
f  3193 1625 3205
f  541 2458 1463
f  1745 2538 1083
f  2608 1897 358
f  259 1535 3106
f  1888 2942 973
f  436 2027 3129
f  1670 1333 192
f  874 1501 3188
f  193 3001 1283
f  1143 1131 1051
f  1538 506 2440
f  286 1146 3216
f  2742 2461 758
f  1373 46 480
f  1857 1865 1186
f  1178 1879 3173
f  1961 1941 2850
f  301 1553 1542
f  2837 2002 3008
f  2077 2022 1569
f  1499 62 53
f  1569 1153 191
f  2291 2824 1130
f  1365 407 3090
f  1052 1913 983
f  3256 1052 1262
f  2423 634 948
f  254 1180 3334
f  903 3237 1921
f  510 1378 1789
f  3064 389 696
f  3274 797 648
f  2027 436 3031
f  2270 1165 1911
f  932 2248 1563
f  363 2677 808
f  339 1167 501
f  714 2033 937
f  858 2134 174
f  2861 149 2629
f  2269 436 518
f  1064 238 1676
f  727 2301 256
f  1288 1089 2261
f  3281 2626 2552
f  361 42 728
f  2245 3110 633
f  372 2287 2090
f  3334 1726 3323
f  1245 107 1335
f  21 1045 1370
f  80 2531 1570
f  1580 1003 3310
f  2965 2596 88
f  1507 215 437
f  1743 2395 3093
f  2030 2116 1873
f  1754 1198 2738
f  908 2015 1128
f  1806 2627 1243
f  2550 1152 1157
f  3238 177 314
f  799 1772 1636
f  185 1940 1422
f  929 1943 3224
f  1842 3149 1846
f  3075 1805 987
f  160 3214 671
f  3250 25 1753
f  2140 2226 1240
f  2559 3229 2396
f  2723 957 1384
f  810 2967 3166
f  1604 926 1954
f  2495 2741 2595
f  2840 2037 1414
f  2063 3119 3118
f  247 2840 1414
f  2133 1942 2849
f  3284 2490 1475
f  119 1649 1751
f  1411 1882 1746
f  2482 346 3109
f  1293 3328 1008
f  1255 2826 2665
f  408 1090 3050
f  1616 2846 1738
f  1411 2575 1244
f  1622 3292 1659
f  2081 1001 252
f  299 1760 1465
f  1668 1970 1774
f  1371 2226 3213
f  1031 1353 2879
f  580 1936 131
f  1253 1426 260
f  160 109 681
f  411 500 1141
f  975 2735 1679
f  1648 2479 528
f  2331 3195 524
f  2939 957 2388
f  3030 1961 2228
f  277 1157 1152
f  3079 122 2528
f  1121 526 1656
f  2315 3295 71
f  2029 2732 239
f  2125 1965 1242
f  1685 1247 2039
f  2173 154 1308
f  3172 1257 2729
f  784 2729 3210
f  3052 2228 376
f  269 3079 2831
f  2690 616 2164
f  3031 2557 301
f  59 2048 1063
f  2036 323 1949
f  776 1917 2867
f  1507 224 1436
f  2651 1887 664
f  2060 2259 1419
f  2250 1225 2041
f  1210 834 2726
f  2254 887 736
f  2185 1113 1537
f  739 1424 1578
f  1283 779 556
f  1995 556 779
f  400 3228 2455
f  2288 1669 2995
f  1714 483 2096
f  2700 2868 943
f  3083 246 2218
f  1367 3240 970
f  1178 3173 1286
f  2083 3 3275
f  22 1479 618
f  3289 381 2878
f  1382 881 2105
f  2257 2727 376
f  580 3249 1936
f  461 1887 3234
f  224 437 1435
f  894 1599 2306
f  2439 1703 817
f  2950 1127 966
f  968 3092 579
f  1376 2883 2292
f  3050 3327 3131
f  1325 1122 2066
f  1594 1647 1117
f  1616 1051 2647
f  293 2284 2450
f  691 1078 468
f  2344 1877 2012
f  2468 3113 2641
f  2553 1592 880
f  1184 3104 791
f  1090 408 1822
f  2023 2001 1087
f  2640 268 535
f  157 3333 2312
f  958 3263 200
f  1317 363 2200
f  2414 3020 2413
f  1598 1412 2869
f  2860 2374 1728
f  2557 3031 2269
f  1554 1810 697
f  2604 543 2425
f  2602 2926 1943
f  688 174 2134
f  3187 1113 24
f  990 1791 2084
f  2053 2873 2212
f  1121 2288 1447
f  1978 2021 2093
f  2342 1006 2667
f  774 1212 2187
f  603 1567 823
f  777 115 1291
f  2786 979 184
f  128 1403 1755
f  2412 2867 1917
f  1340 1479 1818
f  2112 207 12
f  190 2666 1731
f  1405 3022 2302
f  1203 1949 3217
f  260 2547 2981
f  1506 2523 1929
f  2140 1342 716
f  2465 1234 2167
f  2712 84 2491
f  711 561 2912
f  3183 52 1467
f  1991 1904 1184
f  1532 2543 2679
f  585 770 1347
f  322 2085 1835
f  2691 2215 2461
f  904 1362 3305
f  1117 3287 1271
f  856 3053 2097
f  3318 282 920
f  1847 1615 3193
f  3246 1207 1398
f  1777 2656 1370
f  995 1586 817
f  3136 2413 375
f  2094 2159 2835
f  2453 524 2778
f  1866 2111 3228
f  2692 1754 2860
f  2901 1701 2876
f  1220 801 1281
f  2547 260 1426
f  1643 1055 1991
f  2508 2643 1074
f  2306 933 894
f  40 1911 1396
f  187 3200 2623
f  1367 2880 955
f  958 2941 3263
f  334 374 1344
f  3066 374 312
f  2314 2623 1773
f  1126 571 2739
f  288 1923 641
f  337 2231 3272
f  3314 1370 1045
f  426 931 2086
f  3247 2896 1024
f  3252 1265 773
f  1422 1940 1594
f  2822 1994 33
f  2869 805 1598
f  2029 3230 1953
f  1913 1052 2366
f  2906 3091 658
f  432 825 1807
f  458 75 708
f  513 335 1998
f  1539 3256 1262
f  1302 1077 1692
f  2826 2652 1651
f  2316 2680 905
f  339 3122 1167
f  734 3285 789
f  1162 2313 758
f  3067 3261 1627
f  1239 1747 1196
f  162 567 829
f  503 2435 1813
f  1055 1394 870
f  1998 335 2645
f  1845 718 813
f  1418 522 2692
f  895 1758 58
f  2164 3142 2292
f  1099 261 3154
f  535 1071 2301
f  1062 3286 2654
f  3330 1618 2331
f  797 2723 65
f  1193 1170 2678
f  2280 846 2828
f  2529 2119 2616
f  1566 1575 1413
f  549 1629 1742
f  1206 2266 1356
f  1740 2174 898
f  2654 2518 2389
f  1757 2058 1351
f  3266 2550 3187
f  1300 2387 2819
f  1724 1915 2998
f  650 1311 2830
f  992 1171 3152
f  1277 2998 289
f  2832 1128 2015
f  3267 118 1739
f  2387 2807 1616
f  1442 145 1513
f  3033 453 1386
f  2417 1648 1326
f  1849 1612 316
f  537 2970 726
f  2633 3277 2788
f  1530 1859 465
f  1619 2093 3189
f  911 3310 1696
f  262 2065 2877
f  1412 1465 2798
f  204 1379 2927
f  466 1312 640
f  633 1452 2702
f  2523 3261 3067
f  954 1482 3183
f  250 148 2386
f  221 1572 771
f  1309 3120 1205
f  234 3199 1295
f  428 3205 1625
f  3024 2454 1367
f  817 106 1814
f  1029 1577 1059
f  265 1421 1786
f  678 1411 2144
f  1577 2527 2255
f  2396 3229 2592
f  3222 1615 1847
f  2512 2609 1683
f  3270 2670 882
f  413 2617 2635
f  1885 1014 274
f  3122 1720 575
f  1217 868 261
f  2075 261 868
f  1337 1892 2436
f  2932 657 1859
f  3056 912 1492
f  1879 2829 1749
f  36 1603 418
f  2064 2160 867
f  1286 2660 2542
f  23 872 2713
f  1129 202 745
f  3049 3069 3138
f  2137 1272 324
f  1559 445 2506
f  1509 2994 792
f  3108 3303 1789
f  1174 3088 3175
f  867 2000 2701
f  2081 759 1798
f  840 2066 1122
f  1844 231 1377
f  280 1798 2051
f  971 2988 2856
f  2895 757 890
f  2545 2070 1503
f  2197 642 2350
f  3320 3032 710
f  1792 2762 880
f  407 2582 1194
f  2758 2638 2745
f  657 2498 462
f  2092 1555 3308
f  3047 602 645
f  2483 939 1264
f  364 21 180
f  2785 151 726
f  2703 1145 2884
f  250 601 1876
f  1926 1516 3118
f  1104 2837 1524
f  1855 2913 2697
f  3240 1367 955
f  289 3247 317
f  1498 3189 1296
f  320 1301 822
f  2814 2658 2422
f  1442 54 2213
f  777 2607 856
f  1344 374 3066
f  2609 3015 1683
f  2606 2935 655
f  751 309 1336
f  2782 1477 2199
f  2199 2449 2782
f  1323 5 2358
f  3282 2990 1788
f  3056 1036 912
f  330 1621 1410
f  2956 314 402
f  127 194 548
f  3179 2064 2701
f  733 36 855
f  2245 633 2702
f  1499 1496 2812
f  1483 2836 496
f  1830 838 2032
f  1655 1938 2667
f  3071 2475 2496
f  814 2577 2151
f  1618 1987 1712
f  721 1871 1558
f  2931 1560 2877
f  3196 2878 381
f  879 234 1295
f  653 980 206
f  1024 2978 3271
f  1423 342 32
f  3151 1466 2178
f  137 2960 2738
f  218 1790 1284
f  2377 323 1444
f  1152 2414 277
f  1485 355 2942
f  2870 203 1467
f  3274 368 2659
f  3230 2029 2058
f  2604 2425 2343
f  660 1121 1447
f  445 1559 3321
f  1707 2903 210
f  206 2371 1325
f  2791 1658 2726
f  411 397 2233
f  2915 1972 2
f  262 757 2065
f  959 1308 2268
f  3100 1588 2179
f  818 1448 724
f  561 724 1448
f  1302 1470 2141
f  857 695 1294
f  3250 380 1275
f  1455 665 2698
f  1032 2797 988
f  796 2910 1817
f  2221 1541 1858
f  1739 118 1935
f  1595 1972 1451
f  1078 2920 102
f  895 2829 2343
f  1583 2642 629
f  2849 2892 2780
f  3282 1787 3055
f  662 2432 2651
f  2491 1778 2712
f  67 2137 324
f  542 244 3044
f  206 1833 1606
f  691 2610 262
f  509 2026 1638
f  1409 1287 562
f  1583 1595 2712
f  1866 1251 1729
f  2409 3317 1231
f  448 447 1411
f  2295 322 29
f  2223 2511 135
f  1743 3093 558
f  196 2404 150
f  1780 1827 2393
f  874 3188 2332
f  308 996 1015
f  1563 478 1661
f  824 583 2987
f  2106 1968 2696
f  728 48 361
f  2920 1877 1048
f  2269 543 2557
f  2561 1437 1956
f  1622 1659 2948
f  1835 417 2573
f  1866 112 3244
f  510 1722 2747
f  3077 2285 744
f  275 1633 2657
f  2925 1869 2917
f  3015 583 1683
f  762 2640 727
f  509 3136 375
f  457 2716 2986
f  2974 493 2378
f  391 165 2986
f  2128 2963 2962
f  485 2450 2733
f  2704 2101 1649
f  3080 2607 2922
f  2744 791 3104
f  1860 2885 199
f  1852 2752 1007
f  2649 1909 1580
f  871 2852 1653
f  782 3254 120
f  905 296 2068
f  2411 660 1447
f  742 1039 2067
f  424 1169 1626
f  2311 1713 2149
f  555 639 525
f  2985 525 639
f  1504 492 3060
f  2805 2820 2989
f  2174 2924 1864
f  1403 3204 1755
f  1575 1566 1772
f  2425 620 2006
f  2425 2421 1838
f  1073 2680 698
f  132 504 2784
f  2018 1799 1933
f  1336 849 1159
f  3062 1941 3030
f  1676 2721 1064
f  1392 1461 175
f  2967 810 1100
f  2959 383 1527
f  1618 3330 1160
f  2283 3211 1642
f  127 942 2
f  2843 1429 2997
f  472 534 1693
f  852 3176 677
f  1348 1617 2854
f  2613 2132 2560
f  2078 263 253
f  556 804 1283
f  847 1927 1988
f  272 1708 2232
f  2518 1585 1540
f  2379 684 3023
f  34 1705 138
f  529 991 3073
f  297 114 3290
f  3089 799 1584
f  866 1712 1987
f  2982 904 3291
f  1733 1331 950
f  2867 3011 2403
f  1853 2201 2813
f  840 3191 3328
f  2273 477 950
f  3148 1282 833
f  1120 3058 1560
f  2806 1432 2802
f  3004 1356 2741
f  2891 2010 2955
f  1721 779 3001
f  104 3042 30
f  2931 2877 2935
f  1770 1728 2374
f  918 982 2391
f  1825 821 1040
f  3028 1837 2888
f  1139 2279 326
f  155 2661 507
f  1093 81 124
f  1532 3048 2543
f  1622 1940 3292
f  3161 2765 1160
f  2918 1503 1942
f  976 2426 2465
f  2992 3141 2071
f  599 3223 2452
f  2274 2402 2624
f  2873 3171 2212
f  3167 1856 710
f  3250 448 380
f  749 2086 3108
f  2513 449 3123
f  2486 1923 531
f  2763 1108 2020
f  2137 1914 1272
f  1745 1811 495
f  3182 2087 2758
f  2626 2921 3076
f  1587 2565 3162
f  2340 2367 144
f  3331 362 1906
f  497 2351 1164
f  3187 2550 1157
f  2695 1852 2869
f  700 3025 1361
f  1762 2638 1255
f  2951 1493 1344
f  2853 1848 1765
f  3201 1973 1332
f  1194 120 699
f  733 34 1769
f  2300 388 3018
f  633 1776 1452
f  1804 1799 1706
f  2245 388 595
f  962 1116 419
f  760 2256 2634
f  1646 2724 478
f  1417 1646 478
f  1312 466 1956
f  2295 1837 2085
f  1137 649 1928
f  1830 2305 838
f  530 1735 3117
f  1462 1495 2636
f  2702 1452 200
f  1787 3282 1788
f  2350 783 2914
f  18 3296 2737
f  3007 2538 3158
f  1931 2771 1579
f  611 1434 290
f  2056 1445 547
f  1632 2321 429
f  2599 163 2647
f  1616 2647 2946
f  2029 1953 2229
f  1588 3100 2214
f  1149 1158 2750
f  1812 1617 1348
f  1361 774 3227
f  2291 1210 1724
f  2071 3141 1028
f  3290 2150 297
f  1322 2417 627
f  1681 301 1542
f  1042 1829 307
f  2362 2534 1831
f  197 1939 701
f  822 1301 2216
f  746 897 3232
f  1310 1710 857
f  2177 3278 1205
f  752 991 2709
f  829 2907 2402
f  531 1870 2060
f  1670 1630 3283
f  2202 2450 2284
f  3200 719 2682
f  974 1243 1239
f  1281 3091 1220
f  1846 2605 1842
f  1198 1754 665
f  953 1211 2754
f  2639 3141 2072
f  1485 2942 1208
f  238 1186 1865
f  2810 2201 1853
f  440 2810 1853
f  686 1855 2697
f  2272 1488 2610
f  1797 3158 2538
f  1659 3206 2948
f  2809 1081 1490
f  127 2276 942
f  1705 1025 503
f  625 1825 1065
f  821 1514 1551
f  2562 1432 2806
f  119 271 625
f  82 2539 1104
f  1997 2304 2222
f  117 3306 2888
f  994 2580 2125
f  3063 565 1732
f  2872 1363 1532
f  1783 2471 578
f  816 2235 516
f  618 2261 1089
f  3030 2385 2688
f  3094 2412 1917
f  2979 663 397
f  2563 668 921
f  2966 1898 143
f  3226 1939 2746
f  603 1556 1
f  2504 3268 401
f  339 1515 1260
f  1228 1623 1895
f  1242 430 2694
f  1311 2628 1868
f  2367 644 2502
f  725 1134 385
f  1273 1469 995
f  753 2730 1464
f  392 243 566
f  2827 1016 2310
f  2774 1905 2129
f  870 2738 1959
f  3006 1914 1194
f  1860 421 2885
f  2280 827 66
f  1391 840 1401
f  359 17 2747
f  1883 3006 1666
f  544 1224 2126
f  2107 1916 2172
f  2710 2843 1265
f  1400 2101 2839
f  657 465 1859
f  3217 2377 3121
f  1588 1960 3027
f  336 1125 3190
f  2997 1429 35
f  1911 2906 658
f  3009 3069 1049
f  2961 1225 3057
f  2345 1109 2616
f  1543 2503 1166
f  229 249 409
f  1987 1618 332
f  2338 2930 2749
f  1662 2465 2130
f  625 3236 119
f  615 1655 2667
f  1105 2559 3275
f  1024 267 3247
f  2558 2236 1111
f  990 2763 1791
f  502 2467 998
f  1018 3251 1747
f  519 861 944
f  1936 3265 131
f  2153 2015 2048
f  2048 2016 2153
f  1082 1110 1796
f  1349 3230 2058
f  327 2147 2376
f  632 62 2812
f  2789 2882 3306
f  1736 2481 1682
f  1745 2555 2538
f  2823 896 1303
f  2423 948 2886
f  991 752 3073
f  1119 1692 1875
f  2030 2520 2116
f  2607 715 2922
f  69 888 2184
f  2594 1377 1306
f  1614 1957 2863
f  2234 1303 2263
f  1359 3286 146
f  2531 2823 526
f  2628 1032 3099
f  376 2228 2019
f  567 1916 2907
f  490 3059 1572
f  2125 136 994
f  1910 2039 3235
f  737 1407 3106
f  1258 1366 1109
f  2009 623 793
f  1218 3260 3215
f  180 1605 1907
f  1717 559 2864
f  2270 833 1282
f  1230 1196 2612
f  1835 1837 417
f  466 1029 1383
f  2280 2828 1229
f  3121 78 3217
f  2643 3243 731
f  1984 678 3315
f  1475 2997 35
f  2860 1754 1390
f  1381 2973 1350
f  772 1770 2374
f  3145 986 2851
f  112 1327 3141
f  3228 2111 2455
f  623 2009 1783
f  497 1164 2662
f  60 987 608
f  2791 2726 834
f  2638 2758 1255
f  1709 15 2809
f  2846 2807 47
f  2314 2170 1163
f  596 844 178
f  141 735 2028
f  2772 445 479
f  93 2474 831
f  86 553 874
f  18 2737 92
f  563 1315 2903
f  2564 2047 1838
f  940 806 2703
f  2944 2049 2586
f  1612 1849 925
f  2416 3220 1346
f  2118 1346 3220
f  361 3095 2927
f  352 858 511
f  2699 3124 1646
f  636 1636 741
f  1501 2131 2240
f  717 3288 3300
f  384 2501 1339
f  1497 3199 208
f  298 2032 672
f  3129 2027 1226
f  375 2025 1136
f  29 322 1610
f  2218 3272 2243
f  468 1078 3046
f  3117 3229 3116
f  1022 985 2796
f  1847 1445 2056
f  1955 1878 1305
f  251 2669 1657
f  1482 1677 3183
f  2026 2999 2549
f  2201 2059 2813
f  172 226 1695
f  1751 2102 1873
f  3070 2220 2933
f  1085 795 2571
f  1071 1251 515
f  2750 2852 1149
f  1042 307 682
f  894 931 938
f  2835 3033 3308
f  2306 110 667
f  851 1770 2617
f  2732 1473 2862
f  3157 2500 2128
f  2128 2100 3157
f  404 56 891
f  912 3178 1492
f  2619 1123 2861
f  888 1619 2663
f  1417 2135 1190
f  1027 2397 1821
f  3144 2017 2036
f  2135 1417 456
f  784 1513 2729
f  2774 3224 3113
f  2505 2211 566
f  1867 1690 1106
f  881 2664 609
f  2406 287 1425
f  1639 2655 782
f  2840 2510 85
f  3107 3169 1638
f  1192 1469 1294
f  1418 1728 1725
f  1860 2838 2118
f  3166 1628 810
f  2093 69 1978
f  379 2720 1043
f  583 3015 1219
f  1714 2096 2024
f  2381 2988 1223
f  2242 998 2467
f  1776 1627 3261
f  1480 976 910
f  2281 540 2370
f  2288 2995 1447
f  1896 3008 2002
f  2664 156 609
f  81 2144 1411
f  89 3016 1528
f  1932 2007 2175
f  2178 296 2017
f  725 1261 977
f  2468 885 2404
f  2593 2615 2925
f  100 1431 3175
f  2901 504 132
f  215 967 1213
f  2881 1964 1329
f  3289 2878 2337
f  935 1397 2977
f  3 1324 776
f  86 256 2301
f  1449 2484 1742
f  478 2668 456
f  2618 8 2416
f  452 3289 2337
f  1275 2151 2577
f  3174 2152 382
f  1644 1008 608
f  177 581 622
f  1470 2156 2141
f  1984 752 2151
f  3151 1564 2822
f  2413 2965 2497
f  1299 806 3199
f  1024 748 2818
f  1253 132 1139
f  2793 1812 2051
f  194 127 2
f  2003 1999 917
f  1647 1550 1267
f  3096 2893 2045
f  2916 2055 2517
f  427 443 3284
f  3276 526 1303
f  2001 1927 1087
f  316 869 2224
f  2903 1707 2182
f  1699 2509 2404
f  1122 1401 840
f  888 290 2184
f  822 2405 2976
f  1309 1873 2102
f  185 1922 248
f  2748 1002 126
f  1991 993 1169
f  1697 565 2713
f  2867 2375 776
f  3300 3288 2745
f  2460 3205 428
f  936 481 2106
f  2794 3142 2164
f  683 992 1512
f  3170 1177 688
f  2359 129 2466
f  1880 2577 1103
f  2649 885 2115
f  64 2422 2658
f  3317 2409 2910
f  71 551 1481
f  3142 2794 689
f  521 1124 1394
f  6 1500 2744
f  2665 963 1201
f  430 1541 2221
f  2091 3071 504
f  1885 2619 47
f  1171 795 2217
f  3192 2568 3070
f  1747 3251 489
f  1936 3249 3071
f  2400 2853 1138
f  1372 2258 1456
f  2355 2053 968
f  2691 2794 865
f  2227 2684 2879
f  1118 2227 2879
f  412 3195 2781
f  2146 642 1107
f  2239 3040 12
f  1951 2479 1065
f  1803 2982 2240
f  868 1217 2458
f  777 856 2097
f  201 1435 2792
f  1378 1730 2462
f  1276 1205 3278
f  962 2541 2247
f  543 1542 1553
f  3111 1774 3208
f  2076 2595 1450
f  2950 1746 1882
f  1617 1812 2062
f  2933 2220 2361
f  1513 1193 2729
f  2924 2848 1221
f  292 103 2185
f  2637 488 2562
f  2915 2222 1972
f  3111 1668 1774
f  1784 83 2486
f  1237 3004 73
f  2677 597 1233
f  1520 864 255
f  2663 1673 1552
f  1387 1023 2171
f  3198 431 2281
f  1905 283 2129
f  1466 2316 2068
f  723 1207 3246
f  1731 1897 190
f  1639 2595 2719
f  2815 520 866
f  3127 2613 1557
f  1525 2309 2666
f  1886 388 3149
f  1624 248 1021
f  1145 2271 346
f  2581 1850 2952
f  997 1785 3177
f  2396 736 2559
f  207 2239 12
f  2480 848 554
f  2238 2321 2241
f  3066 883 2318
f  1010 834 2880
f  2578 2158 1839
f  2326 2532 2375
f  3188 2851 2332
f  350 2147 600
f  981 2684 3192
f  1265 1436 2710
f  950 477 2333
f  1196 489 2612
f  2349 29 1610
f  1453 599 1495
f  1112 330 1410
f  219 1602 2830
f  3227 1989 1505
f  1692 2143 1302
f  93 1386 2575
f  1817 236 1357
f  1532 1363 538
f  1080 2412 3094
f  296 2036 2017
f  829 567 2907
f  2283 1273 1703
f  2082 780 1191
f  1178 853 2287
f  188 2314 1773
f  3263 2682 3017
f  3045 2507 520
f  3006 1883 426
f  943 144 2367
f  2894 2895 1232
f  2359 1431 129
f  3188 1501 3291
f  1461 820 50
f  1552 1278 463
f  2665 1651 963
f  3092 1070 1204
f  3231 808 2372
f  1851 1777 1370
f  2366 795 2889
f  1504 1227 2188
f  1007 1818 805
f  1938 2485 2443
f  304 1289 154
f  2908 2260 1833
f  1983 89 1528
f  2341 957 2934
f  1780 2393 588
f  1288 1156 3064
f  2570 1608 3138
f  592 413 2398
f  3271 2978 522
f  1226 3091 1281
f  290 1434 586
f  1706 2073 152
f  196 2468 2404
f  168 2284 293
f  764 1689 3119
f  3222 672 3278
f  1049 3049 2992
f  2330 2536 2037
f  1052 983 1262
f  1795 948 168
f  1225 1321 2420
f  1569 2022 571
f  2927 2827 1013
f  3042 85 30
f  1698 3194 2842
f  1724 2998 2824
f  1418 1725 1464
f  930 1239 1196
f  1593 773 38
f  659 2437 568
f  90 217 2445
f  2367 495 644
f  968 3171 2355
f  1076 3157 2446
f  2319 2178 2017
f  761 174 2588
f  2450 485 293
f  2451 1399 2881
f  2551 2093 2021
f  39 2086 749
f  2282 1888 973
f  3203 435 2457
f  2558 2171 1023
f  2414 2413 2497
f  1541 1686 2257
f  3223 643 2452
f  1193 2342 2443
f  1036 185 2773
f  290 2663 2477
f  1093 755 230
f  1574 661 590
f  1963 711 1716
f  157 188 2105
f  504 1290 2091
f  2090 1690 372
f  50 2489 2488
f  494 1650 414
f  2873 2355 3171
f  3198 613 2514
f  2519 2520 3029
f  1633 1016 2657
f  537 624 2970
f  2615 3039 1971
f  2191 2884 538
f  3069 3049 1049
f  3000 2039 2526
f  2973 2360 1350
f  2507 357 520
f  1233 1526 2677
f  2766 3299 743
f  980 3160 479
f  2728 3197 2430
f  3171 968 1932
f  2459 2410 3087
f  1623 1228 651
f  366 1285 2572
f  1456 2525 2430
f  1810 399 2532
f  1320 477 2273
f  1794 2163 2044
f  1804 3329 867
f  2535 1176 2275
f  1688 3145 2851
f  2776 759 1989
f  3069 2570 3138
f  816 2108 2548
f  2671 1790 2157
f  2013 1980 1130
f  685 559 3083
f  2990 3294 1788
f  3199 519 2980
f  1665 473 2971
f  2668 812 456
f  978 217 2160
f  3112 569 1750
f  560 3308 2195
f  3137 1763 2045
f  1167 3122 575
f  65 1547 3035
f  3168 1868 523
f  1215 2368 3043
f  2600 1800 2483
f  2785 726 1314
f  3207 488 2230
f  2175 2007 1811
f  399 2357 2532
f  1668 1305 2286
f  34 733 1025
f  2598 2121 215
f  2335 1368 1396
f  305 2158 2578
f  1118 2688 2385
f  16 685 2439
f  128 1958 3087
f  1194 1666 3006
f  1166 2503 1695
f  3035 2643 65
f  2136 594 2279
f  2670 729 2227
f  2275 238 1064
f  137 1124 2540
f  2600 2300 1800
f  1279 2324 2852
f  1398 938 3246
f  2307 2237 2326
f  470 3095 1492
f  700 1816 808
f  1319 1508 3316
f  1762 498 2648
f  1459 404 2525
f  195 3285 1967
f  1585 1446 2401
f  984 1877 663
f  1933 1396 1368
f  2746 3288 3226
f  3196 381 1550
f  386 3175 1431
f  1335 2238 1245
f  2193 1702 2415
f  2632 486 181
f  3070 2630 3192
f  1421 1439 2912
f  2668 2052 812
f  261 1099 2831
f  683 305 273
f  475 371 928
f  291 961 2415
f  2195 679 4
f  1730 2142 1723
f  180 2656 345
f  2305 1830 3146
f  643 3223 1471
f  3173 2800 2660
f  1279 3075 429
f  1411 1746 4
f  1323 2358 18
f  2235 2548 1950
f  2969 2235 1950
f  2728 2525 2266
f  540 1615 2370
f  2899 877 3112
f  2438 3058 1120
f  3293 438 2061
f  13 1988 1289
f  1443 103 1143
f  1235 2480 554
f  2639 3219 1573
f  1212 2050 2187
f  1470 3072 2681
f  230 2587 2683
f  1715 1804 460
f  2269 1404 2689
f  2994 2655 2955
f  89 3148 833
f  3270 826 257
f  1607 864 2084
f  373 2541 962
f  852 765 2900
f  2873 2053 2355
f  1151 550 2708
f  612 1151 2708
f  1874 986 1875
f  2264 1047 284
f  377 2541 798
f  1352 2722 2953
f  341 3141 2992
f  2522 1931 1872
f  2254 736 3253
f  596 2242 674
f  3116 1105 3268
f  2653 2390 2522
f  2043 1409 562
f  470 2579 1937
f  487 1108 3093
f  2668 478 2248
f  1369 117 2993
f  1641 2490 3099
f  1391 2902 3191
f  1977 1946 1031
f  132 2008 1139
f  3288 2746 2745
f  2904 693 2258
f  281 205 2753
f  918 2886 948
f  2754 1526 195
f  2666 190 1525
f  928 3280 475
f  1083 202 1745
f  676 3211 2761
f  744 2688 1353
f  32 1536 1423
f  941 1222 1170
f  617 828 964
f  1033 1816 300
f  2867 2825 3264
f  1320 2029 239
f  1997 2222 3135
f  2434 1736 1682
f  1517 794 2943
f  185 48 1922
f  204 506 2657
f  2968 975 2778
f  2892 2161 2780
f  3309 2989 631
f  834 1210 3012
f  1756 2644 1256
f  1693 233 486
f  3195 3245 2781
f  1017 202 1129
f  3247 267 546
f  3204 2526 1247
f  523 443 1213
f  2811 552 2636
f  609 3082 881
f  2818 267 1024
f  1378 356 1789
f  2859 1859 670
f  2089 2161 2442
f  1541 2257 2019
f  2430 3197 2357
f  1985 2405 822
f  2024 2096 1786
f  2101 2855 2839
f  1429 2843 1428
f  2885 1674 1771
f  1497 1363 2872
f  2600 2483 2605
f  294 2940 1576
f  1541 2019 2850
f  2283 1703 2761
f  2602 1042 2926
f  1197 1974 707
f  957 2723 2388
f  2455 2148 1088
f  1088 400 2455
f  1761 1056 851
f  2595 2930 2338
f  1883 245 1878
f  1212 7 1211
f  1516 1926 235
f  168 948 2284
f  276 3087 2328
f  387 876 2875
f  1680 2096 483
f  2109 191 2181
f  763 54 1513
f  996 308 529
f  1322 2865 2622
f  1518 2841 2186
f  2501 384 1926
f  1009 1846 3149
f  1644 1756 1026
f  65 370 1547
f  1445 873 547
f  2573 1523 92
f  1878 2625 2286
f  1613 1440 2256
f  282 1686 1103
f  1599 894 938
f  1440 1037 735
f  1240 1292 2472
f  3285 2683 2587
f  3052 2385 3030
f  2506 445 2919
f  859 843 1764
f  3134 65 1402
f  65 2643 1402
f  1883 723 2166
f  1377 1099 3154
f  1462 2636 552
f  2063 3118 1516
f  2445 1548 1172
f  1984 3315 996
f  1882 1411 447
f  1007 2752 802
f  2676 231 1844
f  2213 1410 2940
f  3183 1902 52
f  916 883 3037
f  3241 46 1512
f  738 3131 1268
f  532 1223 1050
f  898 1864 416
f  2958 1463 1843
f  1890 2983 156
f  1064 2622 2865
f  760 2634 2395
f  652 2866 2399
f  3151 2256 1564
f  1495 3097 2636
f  312 2293 2320
f  2977 586 935
f  2147 327 507
f  1857 1889 1865
f  270 2302 3022
f  2663 1498 2494
f  1140 3285 2031
f  2679 3199 1438
f  367 1587 1155
f  3011 2867 3264
f  1279 1805 3075
f  2833 789 3285
f  2315 3326 575
f  1996 2018 3038
f  3264 1107 3011
f  1423 1536 1437
f  348 1872 1931
f  952 2875 453
f  799 435 3150
f  1226 173 3091
f  1772 741 1636

# End of Wavefront obj format #
