# file written from a CGAL tool in Wavefront obj format
# 1695 vertices
# 10182 halfedges
# 3394 facets


# 1695 vertices
# ------------------------------------------

v 6058.3720913163561 2532.173642898309 6207.0044381520865
vn -0.27005807975776902 0.92672756818867252 -0.26123676601247364
v 5574.3905941666462 2335.1237134906369 6051.2057348413227
vn -0.36908838690183177 0.038352994744368117 -0.92860261169584379
v 5996.8238367753675 2415.7278954599001 6464.9130733232596
vn -0.18298488898657342 -0.078820311681359362 0.97995096248180957
v 5580.4625951231192 2347.4869128407881 6041.9330084633775
vn -0.766028430361966 0.63283565726872382 -0.11278064890062005
v 6199.8999999999996 2561 6179.1000000000004
vn -0.83088579924194206 -0.51215072354865698 0.21755556758370112
v 5617.3000000000002 2353.6999999999998 6057.3999999999996
vn -0.08494893562195982 0.15672146902681433 0.9839827536510859
v 5593.4094579455741 2355.8609238340778 6052.5984824557399
vn -0.54212299688019161 0.65704176721546392 0.52383086238596099
v 6009.0899135340005 2506.1490910278253 6178.5365815964133
vn 0.46057942219833359 0.46014770257337362 -0.75903273161563689
v 5622.1872331373497 2367.0984024831987 6054.5188770882824
vn -0.20436967558915159 0.76365123777920685 0.61242944306905267
v 5632.3000000000002 2367.1999999999998 6053.8999999999996
vn -0.12599320625637297 0.59562710711422218 0.79331838579978853
v 6199.3000000000002 2604.1999999999998 6179.1000000000004
vn 0 0.48900135496192487 -0.87228302450833095
v 6205.1750000000002 2605.0749999999998 6179.6833333333343
vn -0.95350536176380385 -0.29733326069163402 -0.049198141978718871
v 6132.0604609535394 2555.0459447400617 6193.2099227056633
vn -0.84896912316017492 -0.17714206706094304 -0.49786756873491977
v 6009.0773284704555 2422.8544481813324 6430.1144226597062
vn -0.68027471430413222 0.71769047998928348 0.14881763340136539
v 6020.6117049276008 2422.2177390627376 6442.766255646241
vn 0.49437905659028758 0.7187595891657319 0.48884967156295162
v 6187.3000000000002 2565.1999999999998 6179.1000000000004
vn -0.23840325368628937 -0.63606094539708802 -0.7338871591548346
v 5876.4538461538468 2750.2769230769227 6314.0230769230766
vn -0.066393968012482374 0.96935411215912348 -0.23652578348196002
v 5682.2428536000552 2394.7980837538598 6054.0098725994394
vn -0.46635293676573886 0.81824321290916302 0.33614428880773933
v 5872.0047445338614 2748.7178142286066 6310.1787073381929
vn -0.3022425154790816 0.9173156573723239 -0.2591938397733598
v 5824.320446065436 2472.2666682846539 6095.6884501813156
vn -0.5115823760785484 0.48032140997693679 0.71244285076319913
v 5716.3344827327783 2414.0949175542701 6054.3348166219585
vn -0.55802964302874469 0.75996126870440062 0.33325933980971889
v 5859.4063788520289 2471.5697291235538 6109.1281562797776
vn -0.52856593431187215 0.24232156523518111 0.81357133191072417
v 5740.3000000000002 2430.1999999999998 6053.8999999999996
vn -0.55131011278988185 0.83227833688575004 -0.058051093756254848
v 5812.3000000000002 2502.1999999999998 6053.8999999999996
vn 0.65773862013825868 0.75320850907078696 -0.0075398568939689164
v 5803.3000000000002 2490.1999999999998 6053.8999999999996
vn -0.60695578742380552 0.7305540765278109 -0.31288242740899624
v 6190.3000000000002 2604.1999999999998 6179.1000000000004
vn -0.24647159506457403 0.43849285251924702 -0.8642776007255184
v 6214.2999999997601 2625.199999999862 6193.0999999998485
vn 0.10191317351712516 0.50262547129231838 -0.8584761736191886
v 5812.3052302551187 2493.2051192456752 6053.9080230990476
vn -0.54896138874626477 0.830583054209862 -0.093665274916534258
v 5833.3000000000002 2508.1999999999998 6053.8999999999996
vn -0.45283796288723843 0.89144345126173474 -0.016320311599454938
v 5878.3000000000002 2523.1999999999998 6053.8999999999996
vn 0.030759645132736525 0.98106648086147596 0.19121298167589798
v 5655.4372210903239 2464.4789116695183 5888.9116992904237
vn -0.070728947561731995 0.9887261809074529 0.1319771009113796
v 5911.5019298692177 2522.2354135931964 6053.5079963387798
vn -0.076278698324141039 0.98414105068459468 0.16014978157773693
v 5845.4989112772746 2628.4307980723679 6318.0869667242077
vn 0.60745142172093203 0.79181775155302181 0.063461945878892437
v 5950.7238299744022 2519.5262870333795 6053.8234380746107
vn 0.18149244337312401 0.97922157270926991 0.090474330830558086
v 5977.3000000000002 2517.1999999999998 6053.8999999999996
vn 0.20763559898035874 0.97763044402493071 -0.033558500438558563
v 5995.3000000000002 2511.1999999999998 6053.8999999999996
vn 0.81951740928358308 0.57043264587147757 -0.054752282191610407
v 6013.3000000000002 2493.1999999999998 6053.8999999999996
vn 0.87937970712992486 0.43655065533989662 -0.19003909074291608
v 6013.3000000000002 2484.1999999999998 6053.8999999999996
vn 0.90443721893587581 0.14227535530749019 -0.40218284433285556
v 5887.3000000000002 2643.1999999999998 6304.3999999999996
vn 0.79225322226129125 0.58667072201815906 0.1677864587602142
v 5905.3000000000002 2754.1999999999998 6332.1999999999998
vn 0.2699071602169214 0.86123173414064913 -0.43061586707032457
v 6004.7732533035223 2463.3975769438566 6053.4276983591935
vn 0.46694366394858616 -0.4920374586293868 -0.73475353282839284
v 5986.3000000000002 2451.1999999999998 6053.8999999999996
vn 0.41224690200064662 -0.49498647057356587 -0.76487965441629702
v 5779.3000000000002 2382.1999999999998 6053.8999999999996
vn -0.25257932845567393 -0.86590463312567167 -0.43175554329779797
v 6068.0820208569894 2508.6227396437862 6193.3826625261554
vn -0.18095437803815698 0.49948577362275515 -0.84721276844562587
v 6227.4524214492913 2476.0936155469449 6332.3149765738681
vn 0.51950979761444627 0.85014078232071078 -0.08584998787260692
v 5743.5817271772157 2375.262003880282 6054.3830287190212
vn 0.28369148694761248 -0.9545039694161489 -0.091876616188604321
v 5716.3000000000002 2367.1999999999998 6053.8999999999996
vn 0.20157144977492933 -0.97128855552805271 -0.12636254403842181
v 5707.3000000000002 2367.1999999999998 6053.8999999999996
vn 0.14387091665387611 -0.95271916920250455 -0.26763285294459443
v 5644.3000000000002 2346.1999999999998 6053.8999999999996
vn 0.0862754369132121 -0.92584975938535941 0.36791136436852079
v 5965.3000000000002 2607.1999999999998 6262.6000000000004
vn -0.21486552288223038 0.57882489921521474 -0.78663494908695897
v 5636.2778558155724 2338.8992248151512 6054.018529073378
vn 0.33976692141762133 -0.88074308448478278 0.32992432199312433
v 5830.3000000000002 2484.1999999999998 6081.6999999999998
vn -0.27247860852367695 0.60221208165072015 0.75039723920794577
v 5614.3031275898938 2332.430796356306 6054.0762603081002
vn 0.45930125472133798 -0.83486645729894371 0.30338153518056371
v 5587.3000000000002 2322.1999999999998 6053.8999999999996
vn 0.76725230777690057 -0.64104998580185524 0.019463091081882253
v 5578.3000000000002 2322.1999999999998 6053.8999999999996
vn -0.058552568444284712 -0.68947751878262853 -0.7219365261724382
v 5969.1595031634488 2582.2295795326763 6247.9950019942671
vn 0.34644240841260454 0.79237293013165599 -0.50211831001054708
v 5587.3000000000002 2328.1999999999998 6040
vn -0.56208976112534348 -0.81839108468703359 -0.11954552665338447
v 5934.6687757986329 2595.0685393263884 6249.8856630734999
vn 0.065187335778755004 0.70206299847855669 -0.7091249237062297
v 5578.3000000000002 2352.1999999999998 6040
vn -0.9287102982697083 0.37041743566073371 -0.016973663314548273
v 6050.1107385572559 2502.32264426133 6192.9495997467193
vn 0.19280396371940428 0.49663068837234553 -0.84627689968526076
v 5614.3189919332926 2362.9237971566808 6041.5083016966864
vn -0.43873172446259556 0.87859949253852754 -0.18861973825959727
v 6058.3000000000002 2490.1999999999998 6179.1000000000004
vn 0.08301307365756587 0.47215527675121982 -0.87759798554799717
v 6226.2999999999847 2478.1999999998297 6346.2000000000426
vn 0.54357008478390589 0.80291805687696127 0.24465109210657998
v 5631.4611330183252 2374.5575334819987 6039.0583896272492
vn -0.40333443512547634 0.85573812631793078 -0.32408886529452091
v 5656.3000000000002 2388.1999999999998 6040
vn -0.44557488685005742 0.8337626552030265 -0.32604118604458188
v 5710.3000000000002 2406.1999999999998 6040
vn -0.27933467955188113 0.83800403865564332 -0.46874445916349666
v 5878.3000000000002 2751.1999999999998 6318.3000000000002
vn -0.30686360087058651 0.20356797278007926 0.92972835329409331
v 5893.3000000000002 2751.1999999999998 6318.3000000000002
vn 0.50240468584165754 0.8467238109963876 -0.17506661456742378
v 5725.6684507749778 2415.9117588610397 6037.8769833043534
vn -0.49447594098443448 0.65845446673027086 -0.56738986511085387
v 6073.294979934677 2691.1976230098762 6206.999724412537
vn -0.25479004153285972 0.84003624695246237 -0.47897926734014812
v 5755.3000000000002 2436.1999999999998 6040
vn -0.50075153921997262 0.79564438491709 -0.3408781435040002
v 5764.3000000000002 2439.1999999999998 6040
vn 0.5722254462281916 0.6733788528244099 -0.46810144120460528
v 5806.3000000000002 2481.1999999999998 6040
vn -0.76316119213364686 0.51467587097472112 -0.39076046711196771
v 5809.3000000000002 2490.1999999999998 6040
vn -0.56731055661539587 0.668506133679033 -0.48089321224804238
v 5834.2592082930823 2514.6675125723473 6039.5676693084733
vn -0.60426104462039665 0.73060435256169742 -0.31794004147349858
v 5869.3000000000002 2526.1999999999998 6040
vn -0.17437033228479834 0.97111991871367731 -0.16285297263614698
v 5878.3000000000002 2526.1999999999998 6040
vn -0.12652498436199971 0.96117432095782784 -0.24522510691903945
v 5911.3000000000002 2844.1999999999998 6499.1999999999998
vn 0.7479893849233834 0.49299589472688315 -0.44437251020329632
v 5995.3000000000002 2520.1999999999998 6193.1000000000004
vn 0.11274788118728074 0.90858542002663079 -0.4021945422339912
v 5916.3716440898261 2537.838061683135 6038.5796629922379
vn 0.033755192230950026 0.99852170600349444 0.042602695188483419
v 5950.3000000000002 2538.1999999999998 6040
vn 0.40716341406348211 0.9133415663548875 -0.0050137228253977805
v 6226.3000000000002 2472.1999999999998 6346.1999999999998
vn 0.55307651165104466 0.47520222014466018 0.684316609640229
v 5982.1165056772443 2507.3502461151479 6040.7772247698213
vn 0.56972180226739333 0.43205057206604963 -0.69910612298748498
v 5980.3000000000002 2496.1999999999998 6040
vn 0.49830735082111027 0.093331043591021484 -0.86196235440989988
v 5997.4439404004806 2424.1432750057797 6443.9848025193151
vn -0.47308363950507409 0.82217224447748249 0.31658280187573679
v 5952.6354436038346 2584.4628099411657 6332.7638772206956
vn 0.3545723129738737 0.90066219515433898 0.25116943502768141
v 5969.6211928207767 2480.7777873900159 6040.9618157424939
vn 0.54649836018953446 -0.44178794249025105 -0.71145130274698398
v 5947.3000000000002 2469.1999999999998 6040
vn 0.3913643920482241 -0.53862323625389308 -0.74613599430942013
v 6071.1056096342363 2685.1381022312708 6179.1101850890727
vn -0.20370097360513301 0.65902787943798813 -0.72400840290413015
v 5860.3000000000002 2832.1999999999998 6485.3000000000002
vn -0.13185912002378058 0.99092971966124144 -0.025912606172435997
v 5900.8891376637766 2423.0495591971739 6039.9962387084324
vn 0.33002626362069726 -0.67581211034355726 -0.65906043488708199
v 5854.3000000000002 2406.1999999999998 6040
vn 0.20729048542193615 -0.77763049635426218 -0.59356673238428892
v 5845.3000000000002 2406.1999999999998 6040
vn 0.18106333467693317 -0.70200265749942925 -0.68877306690912921
v 5976 2582 6346.1999999999998
vn -0.20106868115807161 0.014143074291371932 0.97947504251356121
v 5793.5451413094997 2389.4771640503168 6039.9653447588225
vn -0.24409488169889562 -0.798235554403675 -0.55067021747526868
v 5947.1910073563413 2601.5481958826758 6262.8555987689415
vn -0.010340199085280105 0.7123180906319535 -0.70178060534708764
v 6214.3000000000002 2574.1999999999998 6165.1999999999998
vn -0.085335478566173462 0.55057565196732283 -0.83041213114852785
v 5764.2978034676344 2382.1985431329631 6040.1528259674396
vn 0.11056537809009141 -0.78908982698496677 -0.60424543201966396
v 6160.6293159690858 2479.6235424988845 6291.586861263545
vn -0.43926305809097504 0.30249814573892025 0.84589765197751887
v 6181.3000000000002 2472.1999999999998 6304.3999999999996
vn -0.71764915874354807 0.34313040199777439 0.60600430046289577
v 6205.3000000000002 2568.1999999999998 6165.1999999999998
vn -0.9989470325461689 0.045573396444095179 -0.0052812596748076949
v 5721.4694521794445 2375.5738106120407 6040.0284126544066
vn -0.10398709292112326 -0.6197668513609853 -0.77786614173641988
v 5701.3000000000002 2373.1999999999998 6040
vn 0.027572579902243176 -0.61271823855548879 -0.78982030423318028
v 5887.5382096476678 2539.5866347353585 6318.154611200127
vn -0.64600540152770392 -0.3763479114942142 0.66410787580857145
v 6199.3000000000002 2478.1999999999998 6304.3999999999996
vn -0.20105636377486982 0.64973627858724048 0.73308874420033965
v 5878.3000000000002 2751.1999999999998 6318.3000000000002
vn -0.47943803638938476 0.48646982179761489 -0.73040145245151855
v 5639.7319800897203 2352.7563621958361 6040.1951176913026
vn 0.26580438397132455 -0.51906454547609782 -0.81235461904965889
v 5890.9965700278681 2762.0185295576739 6332.0795914222181
vn 0.4793665901475741 0.87619878378544047 -0.049833357735583776
v 5958.1118163287383 2614.1764245111835 6318.2581735940039
vn -0.50246507849638899 0.79669000635151688 0.33587777341056324
v 5619.788523710773 2346.8719607357889 6041.3646061223599
vn 0.80106246478103349 -0.41616724924062481 -0.43023685125570915
v 5596.3000000000002 2328.1999999999998 6040
vn 0.10112790341839674 -0.93892836560539417 0.32891742339344465
v 5968.3000000000002 2520.1999999999998 6040
vn 0.71025811971823161 0.69711728153361707 -0.097779850488237049
v 5947.3000000000002 2514.1999999999998 6026.1000000000004
vn 0.32655928770080783 0.067571585873978809 -0.94275824705956113
v 5869.3000000000002 2763.1999999999998 6332.1999999999998
vn -0.55175533293753842 0.83389552839800929 0.013575724392867536
v 5946.7201539709758 2476.7930522062034 6025.8448679228723
vn 0.47868956262764184 -0.44390709074162327 -0.75749772106631785
v 5867.1571448056047 2771.7709640081794 6332.1978397830308
vn -0.63867362143226614 0.76771514801238527 -0.052052442775685721
v 5925.6801213994459 2463.0664518417634 6026.123476344681
vn 0.27428256865737166 -0.55798666094456206 -0.78321131167690161
v 5996.0633881906224 2423.3405184665007 6457.3182246710976
vn -0.70767140058353017 0.7058711602133847 -0.030774891960085288
v 5780.5126435897691 2414.6297746175478 6026.1296463303261
vn 0.062250283918964353 -0.37334430775750777 -0.92560192848603973
v 5764.3000000000002 2418.1999999999998 6026.1000000000004
vn -0.12961597123385823 -0.18789320894544259 -0.97359942585916093
v 5619.3461661278889 2357.6406055526368 6026.1274597298416
vn 0.3803870024379451 0.27162627456267929 -0.88403896709561103
v 5620.3000000000002 2349.1999999999998 6026.1000000000004
vn 0.89262692770522167 -0.25334132200464837 -0.37287443261837355
v 5608.3000000000002 2337.1999999999998 6026.1000000000004
vn 0.96902892996906798 -0.18319638923376311 -0.16559594154059057
v 5599.3000000000002 2310.1999999999998 6026.1000000000004
vn 0.11974205823903628 -0.70205701229781947 0.70198133235303262
v 5594.0686510487676 2320.0225450281232 6027.4378939276239
vn -0.43846329749706936 -0.69651175969208912 0.56799762795158382
v 5871.7448625255511 2849.4256253554604 6499.4382626551596
vn -0.54394346585055131 0.83616750330052991 0.070352060258732738
v 5584.8008574085543 2334.0578803535464 6025.877990875736
vn -0.95008094945237986 -0.23666633195773709 0.20331069033706645
v 5584.9123285720334 2349.4785458728938 6024.790527311995
vn -0.65720094753795577 0.46776372435394026 -0.5910025488386188
v 5879.6138926703907 2839.3717668613363 6484.2469765323895
vn 0.069227892880476941 0.957652044548016 -0.27948177117718065
v 5692.3000000000002 2392.6999999999998 6036.5
vn -0.035467912134581565 0.11202478272410596 -0.99307224070780986
v 5764.3000000000002 2427.1999999999998 6026.1000000000004
vn -0.25316286891213469 0.380248978567086 -0.88956128293831738
v 5776.3000000000002 2439.1999999999998 6026.1000000000004
vn -0.4063502055979874 0.031223206646524122 -0.91318378313304582
v 5576.9411548039852 2335.7802422123832 6010.096721965172
vn -0.92289886236253904 0.29190042074323419 0.25110124296756131
v 5989.3000000000002 2538.1999999999998 6220.8999999999996
vn -0.79643638339339973 -0.027448904181286548 -0.60409903564439515
v 5783.1724167909069 2457.9785782272911 6026.8652156150256
vn -0.84148422073446638 -0.040247073360347642 -0.53878054840615297
v 5794.3000000000002 2466.1999999999998 6026.1000000000004
vn -0.84911188577951713 0.48694227472795842 -0.20468567734629994
v 6037.3000000000002 2523.1999999999998 6220.8999999999996
vn 0.13074015812040399 0.96254778402377139 -0.23750531473122624
v 5824.676428513827 2496.3884716843008 6027.2094778798173
vn -0.75635728086076981 0.57335898797344209 -0.31493353997148804
v 5575.3089435070497 2349.1429267337285 6018.0482281090717
vn -0.76864600019684504 0.58626294621465713 -0.25588881233282085
v 5657.9427682858559 2417.698357847989 5855.5754878203061
vn -0.3144647686840652 0.47994203420448939 -0.81900400063744139
v 5854.3000000000002 2514.1999999999998 6026.1000000000004
vn -0.48573541903588352 0.60773356917628729 -0.6282682640324001
v 5674.2023535990338 2416.1631822344389 5857.4234001660752
vn 0.2458592553472656 0.2789297052033034 -0.92830568570664607
v 5910.7442278529479 2532.9526161861595 6026.2251486959967
vn -0.080555011132511914 0.79989008335743805 -0.59471568394306851
v 5935.3000000000002 2526.1999999999998 6026.1000000000004
vn 0.30625878681087099 0.64017351964624314 -0.70454483196236317
v 5917.3000000000002 2508.1999999999998 6012.1000000000004
vn 0.24475880447521703 0.21731737853039759 -0.94491601987718377
v 5911.3000000000002 2490.1999999999998 6012.1000000000004
vn 0.18997441414616792 -0.19573099066879313 -0.96208061058397454
v 5899.3000000000002 2478.1999999999998 6012.1000000000004
vn 0.16018910708235162 -0.32413098168098209 -0.93235109089155976
v 5662.4426641212731 2414.0283917070883 5851.5449140421078
vn 0.014734153310845332 0.1898000746388907 -0.98171219631482842
v 6040.6999999999998 2525.6999999999998 6422.6999999999998
vn -0.013706342304081198 -0.011973646000977559 0.99983437027444033
v 5847.9736549417721 2459.863095635752 6012.4216629926668
vn -0.044984048054964254 -0.14350924194633552 -0.98862608345955394
v 5812.3000000000002 2460.1999999999998 6012.1000000000004
vn -0.4090022838772836 -0.31923058575842667 -0.85487365434869833
v 6043.0246703178454 2543.4369143316899 6415.5762063469783
vn -0.084250474812220394 0.80257099788134423 0.59057738769246726
v 5982.9622469144988 2409.5996970258757 6457.4716839487128
vn -0.062484326866977032 -0.85569881497380307 0.51368788865264292
v 5808.2418143511641 2484.3423383105783 6011.4243821062028
vn -0.61957252896619419 0.5155183596695555 -0.59192119593240211
v 5839.3000000000002 2496.1999999999998 6012.1000000000004
vn -0.23677575382423718 0.66075851561300381 -0.71227482508218976
v 6014.9310064769743 2411.9203592547397 6457.3682942266078
vn 0.67861795811977932 -0.43758652650620833 0.58991160247750085
v 5872.2180469722134 2502.6906378797776 6012.143418212132
vn -0.38416888401485599 0.51750467196717786 -0.76459347567640401
v 6022.3721886334961 2431.1796323314666 6457.6852701579264
vn 0.62839403014554107 0.73520142959654611 0.25416490866490571
v 5992.7371098665335 2424.1672760115898 6456.6203714455169
vn 0.021699952152767578 0.99860349245715441 0.048168214923759875
v 5891.2184471505998 2514.5917539908478 6011.5033706785571
vn -0.1073528651100174 0.47589368278332123 -0.87292643735861153
v 5974 2416 6457.5
vn -0.93581881237692599 0.26400744716932434 0.23354489555667038
v 6136.3000000000002 2415.1999999999998 6067.8000000000002
vn 0.78978245392745627 -0.22324117865188517 -0.57132044565413753
v 6129.3640268647068 2407.2241337980668 6067.9051868634706
vn 0.59612630761202057 -0.52639868564210579 -0.60624899927927489
v 5898.1000000000004 2855.5 6589.6999999999998
vn -0.0096510640457288417 -0.0010831603899311838 0.99995284075118007
v 6112.3000000000002 2406.1999999999998 6067.8000000000002
vn 0.42802072998048074 -0.47455021818297516 -0.76915560527728533
v 6094.3000000000002 2400.1999999999998 6067.8000000000002
vn 0.028822771708706674 -0.5504216500838367 -0.83438915078637876
v 6049.3000000000002 2400.1999999999998 6067.8000000000002
vn -0.12953474483868477 -0.68206150379328101 -0.71973109903826227
v 6023.7129397264653 2405.6247655338011 6067.8977240151844
vn -0.053031433294577199 -0.75262940176047299 -0.65630530295617395
v 6286.3000000000002 2442.1999999999998 6374
vn 0.51092430956843404 0.47806767135490902 0.71442819897965493
v 6249.9422228980329 2476.0045997303032 6376.0096675817695
vn -0.15267817650900936 0.85913437765736256 0.48844395333055368
v 6240.7625508808105 2455.9450205250414 6374.1997309868002
vn -0.7289814074642077 0.15243818091304434 0.66734452014789536
v 6244.3000000000002 2442.1999999999998 6374
vn -0.55751538072374363 -0.14269124587814017 0.81781159725587371
v 6256.8000000000002 2456.3000000000002 6380.8999999999996
vn -0.0083598980077140301 0.12832883488472852 0.99169643653813166
v 5959.3000000000002 2418.1999999999998 6067.8000000000002
vn -0.063155947718099389 -0.80992486821222454 -0.583123515320073
v 5887.3000000000002 2418.1999999999998 6067.8000000000002
vn 0.33877902513022873 -0.89832061792118112 -0.27972994038808074
v 5802.4709796826082 2390.1171886478155 6063.4524590770543
vn 0.25637371588679897 -0.96656533532519817 -0.0048959524183054591
v 6263.6142193921332 2409.6147465888498 6373.1050812107987
vn -0.39174956166124003 -0.34599213226861336 0.85253840109783008
v 6280.3000000000002 2394.1999999999998 6374
vn -0.34855247221661223 -0.30233535191027305 0.88718910560093056
v 5774.4406801772884 2420.9541649922262 6081.7846491088376
vn -0.79173652653716409 -0.066248869142144146 0.60725971370102738
v 5758.6999999999998 2412.3000000000002 6071.3000000000002
vn -0.079445685451534687 0.16079095485380684 0.98378587705879206
v 5765.7896950653931 2380.3768351880558 6065.4600382732915
vn -0.27079384705584419 -0.90296572833834765 0.33365189321071381
v 5740.3000000000002 2397.1999999999998 6081.6999999999998
vn 0.49073462214673452 -0.27823442562816192 0.8256907017896401
v 6289.3000000000002 2391.1999999999998 6374
vn -0.27712643446564961 -0.36617365161903792 0.88832302468208912
v 5734.3000000000002 2379.1999999999998 6081.6999999999998
vn 0.43532731616654813 -0.65554636034659719 0.61704869924144534
v 5743.3000000000002 2376.1999999999998 6067.8000000000002
vn 0.48597801334089324 -0.7806869797330408 0.39287811115477195
v 5724.7267388588261 2362.9744677586141 6081.7517811741791
vn 0.37348043614525539 -0.8533618725902723 0.36371125666656728
v 6313.3000000000002 2367.1999999999998 6374
vn -0.45542250518227267 -0.79783833563569762 0.39502447008199737
v 5734.3000000000002 2376.1999999999998 6067.8000000000002
vn 0.47758431591565337 -0.87692775603054518 -0.053953052690369527
v 6328.2481777760149 2360.6111653410821 6374.0447090771122
vn 0.53665060175135459 -0.80270932941517348 0.26012278660231136
v 5701.3000000000002 2367.1999999999998 6081.6999999999998
vn -0.53202828512937805 -0.20099782811245598 0.82252402816961456
v 5709.7559379477361 2366.8122288679988 6069.2119261006601
vn 0.22829035828153499 -0.95629476664158919 -0.18271242872228702
v 6328.3000000000002 2376.1999999999998 6374
vn 0.90211471768370466 0.016492839448892922 0.43118096245702092
v 6319.5941602170979 2403.2269469331022 6373.3378845403422
vn 0.52636110222637467 0.16890599742366849 0.83331551893466604
v 5658.0307692305978 2350.123076923066 6067.8000000001048
vn -0.065188137479511965 -0.78088320830665792 0.62126638547136381
v 6314.6999999999998 2377.5 6380.8999999999996
vn 0.0035102129402601609 -0.17046178872817166 0.98535803492370533
v 5653.3000000000002 2361.1999999999998 6067.8000000000002
vn -0.35612292897461073 -0.029091109226863282 0.93398617057347
v 5662.3000000000002 2370.1999999999998 6067.8000000000002
vn -0.2091411898350457 0.65315663189128137 0.72776807908207852
v 5654.0976351532672 2375.2301540236285 6055.6779098349834
vn -0.31375791425012506 0.58336825674649806 0.74915782600595127
v 5689.3000000000002 2379.1999999999998 6081.6999999999998
vn -0.96345827996254374 0.095531774859614865 0.25024352691685886
v 5677.3000000000002 2376.1999999999998 6067.8000000000002
vn -0.74893804740704539 0.32798102892887143 0.57577794835238427
v 5684.6406438453478 2399.0928128816759 6081.6141248110325
vn -0.82934312223750561 0.53719804253158765 0.15364975983572646
v 6306.8377115657186 2419.9257971674524 6375.4344063854687
vn 0.37329328543595064 0.28910194472789197 0.88151698146036006
v 6284.2791124482319 2418.9833951286346 6381.0610156991152
vn 0.14325517948835859 -0.071342320269524626 0.98711105094022666
v 5704.3000000000002 2385.1999999999998 6067.8000000000002
vn -0.84843825731889644 0.52862077689907261 -0.026694526560605749
v 5727.9797735647762 2412.0801856768912 6068.50668904345
vn -0.64648639722425372 0.76205360999880634 -0.03646414254841969
v 6145.3000000000002 2676.1999999999998 6179.1000000000004
vn 0.22126665216898736 0.5270058557011208 -0.82055219011020741
v 5734.3000000000002 2412.1999999999998 6081.6999999999998
vn -0.14002610178516656 0.73845063837453484 0.65960847895027253
v 6175.3000000000002 2646.1999999999998 6179.1000000000004
vn 0.32814011392350201 0.28590045710763362 -0.90032493815284109
v 5730.7426730584139 2426.130572607447 6053.9480989911317
vn -0.56083721852580348 0.8204287956001094 -0.11116746676251138
v 5740.3000000000002 2406.1999999999998 6081.6999999999998
vn 0.37537264512141005 0.3386916690144825 0.86277652415601813
v 6172.769033465338 2619.8280411062733 6179.1474319747394
vn 0.30923058757388011 -0.25039140769249768 -0.91743151606127116
v 5740.3000000000002 2421.1999999999998 6067.8000000000002
vn -0.0054844595287320093 0.20228894550270923 0.97931052441556032
v 5788.7888946662079 2469.6771993306793 6067.8157436823485
vn -0.82546251193753151 0.41786995076154188 0.37946850414273808
v 6145.2229459037007 2592.4067967656683 6179.121532742236
vn 0.23495003462370667 -0.30776497602468378 -0.92199739737314057
v 6116.8970560213374 2591.4498409089256 6179.2182819226855
vn -0.058461135728022029 -0.27180864268661736 -0.96057397287780433
v 5802.009552134039 2495.8847439315468 6067.7151075329266
vn -0.65242825457762654 0.70668851427781598 0.27373110239175374
v 6067.3000000000002 2619.1999999999998 6179.1000000000004
vn -0.22735132585789944 -0.18503729996178822 -0.95607142633461561
v 6045.551930537139 2647.9154998681042 6178.8937531167348
vn -0.53803410233735072 0.07791624925728477 -0.83931422174518044
v 5825.2731245010164 2510.233593456298 6068.1018585798192
vn -0.34345724206592931 0.8908545868168265 0.29734698253032082
v 6052.3000000000002 2673.1999999999998 6179.1000000000004
vn -0.38620751719540869 0.53375083149279623 -0.75229901205737792
v 5839.3000000000002 2511.1999999999998 6067.8000000000002
vn -0.076827228499684139 0.89482455859645971 0.43975741755393744
v 5893.3000000000002 2529.1999999999998 6067.8000000000002
vn -0.14448982126826773 0.98077793152453085 0.13113863116689398
v 5909.2640050553309 2531.6285676099296 6067.226185257583
vn -0.044200445652816348 0.99587457123680234 0.079247454015933083
v 6111.1000000000004 2641.3000000000002 6172.1999999999998
vn -0.016675977061367236 0.00024471627077781723 -0.99986091627935714
v 5962.4664150486997 2531.3166259536174 6067.4814318020581
vn 0.37379007730806363 0.86617753328722236 -0.33168879832531967
v 6031.5014694299516 2463.394374526345 6151.7510323990518
vn -0.29109791860685413 0.75496575945059352 0.58761271585964336
v 5995.3000000000002 2499.1999999999998 6067.8000000000002
vn 0.74920196366099789 0.61784497787323855 0.23867132413283715
v 5998.3000000000002 2490.1999999999998 6067.8000000000002
vn 0.79021853464307057 0.61104855189638074 0.046629762297211247
v 6007.3000000000002 2487.1999999999998 6067.8000000000002
vn 0.79139527821376632 0.61093730217588682 -0.021192603214430929
v 6025.3000000000002 2469.1999999999998 6067.8000000000002
vn 0.71777154714865787 0.15632020368015348 -0.67850423729348774
v 6134.2261642068279 2432.783671979746 6067.7407603317242
vn 0.7414635640297198 0.19664034984054332 -0.64153281757906555
v 6293.3990710257931 2570.9230473175558 6081.6474902510126
vn -0.454831091169073 0.73197324807691388 -0.50729068846735503
v 6313.3000000000002 2571.1999999999998 6081.6999999999998
vn 0.50130381564695359 0.62160413260575342 -0.60191592996468712
v 6319.3000000000002 2565.1999999999998 6081.6999999999998
vn 0.5728987422924946 0.56404208539272072 -0.59467937326386966
v 5785.3000000000002 2445.1999999999998 6081.6999999999998
vn -0.69984725557484684 0.31568736412732928 0.64074589892928246
v 5821.3000000000002 2481.1999999999998 6081.6999999999998
vn -0.53368034987241575 0.5290297336961316 0.65978240733249005
v 5854.3000000000002 2508.1999999999998 6081.6999999999998
vn -0.30423480822300186 0.85419137832610892 0.42166132222300834
v 5938.7827981512528 2536.0699548779835 6082.8100811568465
vn 0.094309449329612008 0.9805834700232231 0.17193541253726743
v 6319.3000000000002 2547.1999999999998 6081.6999999999998
vn 0.29896592228421726 0.12705449539357522 -0.94576769479245337
v 5971.3000000000002 2526.1999999999998 6081.6999999999998
vn 0.48565254991149476 0.86850844635985447 0.099169951931292966
v 6307.3000000000002 2511.1999999999998 6081.6999999999998
vn 0.29982245394172519 -0.20769801596608342 -0.93111118040549512
v 6288.2617843806929 2493.3049141239503 6081.3931156732706
vn 0.17019841559400817 -0.25400395736389003 -0.95211054451296384
v 6271.3000000000002 2490.1999999999998 6081.6999999999998
vn -0.023458610945591426 -0.2141369671414742 -0.97652191622920292
v 6016.3000000000002 2493.1999999999998 6081.6999999999998
vn 0.67107260253882872 0.72198191724547722 -0.16853389360098403
v 6036.2103701291453 2479.4732990479301 6081.7383822510265
vn 0.35666669414319313 0.9165258845579487 -0.181022573797401
v 6262.3000000000002 2493.1999999999998 6081.6999999999998
vn -0.28101722285348696 -0.074560152386923276 -0.9568020192995792
v 6262.6656858973256 2528.6882774189216 6081.7196889804227
vn -0.54373031455079257 0.37742051764606349 -0.74960729578778362
v 6058.3000000000002 2472.1999999999998 6081.6999999999998
vn 0.1941356699886152 0.97375838336870923 -0.11876848259209687
v 6072.6880557924469 2470.6713288461851 6081.9354253298325
vn 0.10925359094761926 0.95103980802064036 -0.28911405435418341
v 6271.3000000000002 2544.1999999999998 6081.6999999999998
vn -0.67982964044573557 0.51513494152620565 -0.52198434075191835
v 6093.7596969919941 2468.4693467071183 6082.4110930466413
vn 0.1059376784828569 0.95103998349830676 -0.29034489502177113
v 6289.6000000000004 2530.8000000000002 6074.8000000000002
vn 0.0083508076190922723 0.02652464648514636 -0.99961327879382789
v 6117.2530280859282 2452.488910060405 6078.602505578272
vn 0.46146965815373853 0.80299015856398592 -0.37716383688372923
v 5713.3999999999996 2389.1999999999998 6088.6999999999998
vn 0.00072877217281852949 0.017517389052197688 0.99984629317306273
v 6132.417583305898 2439.8442503885217 6080.8041019700286
vn 0.81734221233558302 0.40532830649175239 -0.40946388350000129
v 5712.1715991778055 2411.539794934919 6081.9147411325157
vn -0.2631787659260007 0.95294546932838087 0.15043892332830378
v 6133.3000000000002 2415.1999999999998 6081.6999999999998
vn 0.91759934227736972 -0.28751278044556683 -0.27449562497897489
v 6127.3000000000002 2397.1999999999998 6081.6999999999998
vn 0.72536029726671669 -0.55942527630625982 -0.40111818629776069
v 6127.3000000000002 2388.1999999999998 6081.6999999999998
vn 0.69588718787162684 -0.56575771951506448 -0.44233383836784712
v 6091.3000000000002 2388.1999999999998 6081.6999999999998
vn -0.11107591911333904 -0.87342304689151917 -0.47412479512451383
v 6074.8474348381133 2387.7741756172836 6087.4633891696903
vn -0.2715045398978026 -0.88860087542273536 -0.3696941560436558
v 5536.5392846867253 2348.7526292716684 6067.9025409463966
vn -0.90841534508993504 0.4010095989477459 0.11820686256263777
v 6049.9697503531352 2395.6826153311322 6081.6081752459149
vn -0.20089014350950327 -0.97880147901983283 0.039885021114685199
v 5553.7264583846372 2296.9168857143177 6067.7986167172057
vn -0.45190344146850064 -0.88722897617215268 0.092779434302216135
v 6013.0880430251273 2403.7061570174565 6083.4632389977824
vn -0.11646397731300769 -0.99003451353124627 0.079169463844235802
v 5572.3000000000002 2307.1999999999998 6067.8000000000002
vn -0.14366503113560805 -0.97713016204088932 0.15677054971757373
v 5991.4555547479249 2408.0976523321115 6067.668391795547
vn -0.20465316966084302 -0.82147170369838551 -0.53226057544274519
v 5978.6252440552998 2410.6960063654401 6081.4664687704208
vn -0.15946274561379312 -0.97560947857388058 0.1508568131643756
v 5585.6558242400442 2320.1576044098292 6067.8198257549811
vn 0.6651588691905046 -0.61659841450271802 0.4211532666024847
v 5933.3532042866455 2418.1725795690604 6081.963707987421
vn -0.16785840595757426 -0.97256528943598874 0.16105996812887291
v 5581.3000000000002 2337.1999999999998 6067.8000000000002
vn 0.77108713102607274 -0.23860606507219781 0.59033192534094103
v 5581.3000000000002 2346.1999999999998 6067.8000000000002
vn -0.072311844867083822 0.61721900070762536 0.78346135977302611
v 5572.3000000000002 2349.1999999999998 6067.8000000000002
vn -0.40183591166595162 0.86796276154016161 0.29183650332878175
v 5902.3000000000002 2418.1999999999998 6081.6999999999998
vn 0.30587192457807078 -0.91761577373421221 0.25381815843053823
v 5893.3000000000002 2415.1999999999998 6081.6999999999998
vn 0.30587192457807078 -0.91761577373421221 0.25381815843053823
v 5860.6850589309506 2414.7026970363449 6082.37045583094
vn 0.20748725867892906 -0.92781483682972821 0.31001397717607498
v 5560.8000000000002 2328 6074.8000000000002
vn -0.028773042056870073 -0.039342199196688257 0.99881144537553324
v 5840.7695793817402 2402.7773780851276 6082.0589371211699
vn 0.51778606054663412 -0.81589993067818456 0.25730312594861932
v 5853.1000000000004 2478.9000000000001 6005.1999999999998
vn -0.12395579093334781 0.072588645379793218 -0.98962914794180079
v 5825.2570552147008 2392.8196319015769 6081.7000000000462
vn 0.37955994388593922 -0.89044692433426043 0.25107473775941402
v 5803.3000000000002 2463.1999999999998 6012.1000000000004
vn -0.58203002738534626 -0.051293044249362069 -0.81154794734103419
v 5791.9535555182274 2399.8582357789237 6082.0426683827936
vn -0.28676011815239988 -0.73576273040987594 0.61353226416955942
v 5652 2381 5873
vn -0.20949636441350433 -0.61686679307501646 -0.75867426007402472
v 6358.3000000000002 2568.1999999999998 6095.6000000000004
vn 0.58029079021292418 0.70412928428803978 -0.40922432699202133
v 6358.3000000000002 2550.1999999999998 6095.6000000000004
vn 0.80565063165507789 0.12693411093139964 -0.5786318269813967
v 5669.6672504509224 2381.0257066277964 5872.9756439646808
vn 0.20037329742246626 -0.82613042262872627 -0.52664890248374185
v 6355.632424610706 2531.6637148764185 6096.2614820608524
vn 0.46679807778490806 -0.18605796308068234 -0.86457040716796585
v 5690.338665908781 2389.0008753660313 5872.8645382154864
vn 0.48470222860677276 -0.66904696943978548 -0.56341805284093138
v 5705.0219453277168 2399.6753007348379 5872.6213081125898
vn 0.69043904672376744 -0.51892849611248304 -0.50399120893286631
v 5714 2425 5873
vn 0.57384389984738626 -0.20570556206928864 -0.79270953087603346
v 5714 2455 5873
vn 0.4660638114601397 0.27000686029103582 -0.84254425346270345
v 6335.1294016867541 2500.9449433490263 6095.5100426956169
vn 0.49171472568025776 -0.33942222420421314 -0.80187853336116544
v 5706 2463 5873
vn 0.096743466438367731 0.59204209431562715 -0.80007928373371506
v 6311.0064737184148 2468.787704979055 6095.0420463996952
vn 0.47081189112774641 -0.53620884380050926 -0.7005827852601263
v 5669.1604165662693 2461.7409701784945 5872.8271506566798
vn -0.33826146783617983 0.93916188274530565 -0.059616586413564245
v 5646.5512456015094 2436.1103414250083 5872.84749289294
vn -0.74892766596700544 0.39545281381359698 -0.53171836830800023
v 6288.9133484074919 2455.8515668921173 6095.3519843694412
vn 0.30356556674813667 -0.74011642408026035 -0.60006301793355898
v 6274.3000000000002 2445.1999999999998 6095.6000000000004
vn 0.14591593366207664 -0.58833165214007688 -0.79534546418122731
v 5638 2411 5873
vn -0.83575295769250346 0.15260562108376727 -0.52747371320462033
v 6241.0932064188955 2445.0415554494484 6095.5324325905713
vn -0.12518458249822234 -0.53161939187388418 -0.83768111026117054
v 5639.0882109639697 2394.6712267892362 5872.5936010661608
vn -0.68440784816953981 -0.12938443137824368 -0.71752739758204953
v 6230.0187660286465 2463.7870231849374 6095.5011370680841
vn -0.19388733714474068 -0.20773704099811016 -0.95877683654345303
v 5664.3246484395513 2465.4670768728433 5878.9182992841943
vn -0.58877015836679114 0.49660793853707907 -0.63775407172255383
v 6148.3000000000002 2421.1999999999998 6095.6000000000004
vn 0.70681503581526495 -0.11934435613765632 -0.69725851002591144
v 6146.9335597935406 2404.6661986146328 6095.8069936780557
vn 0.66155832417102967 -0.32794373273610178 -0.67438378678548527
v 5653.6936518612983 2457.7092484896148 5897.0715981619469
vn -0.33826146783617983 0.93916188274530565 -0.059616586413564245
v 6127.3000000000002 2385.1999999999998 6095.6000000000004
vn 0.70585047665600531 -0.67908529687453012 -0.20153973348528906
v 6112.5794084831741 2381.0357259091361 6098.0084639962824
vn -0.022992383636301222 -0.9996488091495136 0.013176063929731311
v 5648.0761033571471 2450.365542952808 5886.5585039116258
vn -0.88210367697575531 0.44674677557778497 -0.14936673517455124
v 5656.2539585827226 2370.7777098740007 5884.5071333245096
vn 0.34738402168244553 -0.70366358288044251 -0.61982409085771151
v 6082.3000000000002 2385.1999999999998 6095.6000000000004
vn -0.17555535124678259 -0.95589272862549624 -0.23547698403351869
v 6010.3000000000002 2409.1999999999998 6095.6000000000004
vn 0 -0.98714670066351351 -0.15981674308137989
v 6001.3000000000002 2409.1999999999998 6095.6000000000004
vn -0.076399473763066272 -0.98426155622659672 -0.15934964494194692
v 5956.3139456453628 2423.9605321628605 6095.538246734588
vn -0.11946084152998922 -0.97876092620894584 -0.16660179070932349
v 5690.794033470811 2387.6634504214153 5886.8492366578284
vn 0.58796406714298566 -0.70119442713132929 -0.4032674436507932
v 5938.3000000000002 2427.1999999999998 6095.6000000000004
vn -0.17513475034312728 -0.97075437931405772 -0.16420643795183251
v 5721.7889934440773 2419.0620974359649 5886.9036681333382
vn 0.72349932734180533 -0.61828919373024904 -0.30702963415988677
v 5731.5468012117608 2437.5759911948808 5886.5263115424905
vn 0.9139204593869138 -0.1461875124239306 -0.37865367438507114
v 5848.3000000000002 2424.1999999999998 6095.6000000000004
vn 0.11103917696902739 -0.615383651185616 0.78036738977964804
v 5812.3000000000002 2412.1999999999998 6095.6000000000004
vn 0.031045743513349468 -0.53271657876389744 0.84572407351321832
v 5787.4227644562116 2413.1259547895697 6095.7353770147065
vn -0.46374114652842624 -0.43026802218378057 0.77447632507556907
v 5732 2465 5886.8999999999996
vn 0.79266462562477114 0.33390182329669787 -0.51009054459211667
v 5781.9367647453928 2429.2631276607608 6095.7074601915401
vn -0.63172161185475206 0.21114110476893463 0.74588688082884791
v 5722.4602108567051 2471.1215171832555 5887.279341049607
vn 0.40689297765067589 0.69360523242208905 -0.59443240683467646
v 5803.3000000000002 2451.1999999999998 6095.6000000000004
vn -0.45306798060772957 0.44500450283971571 0.77246384860419937
v 5816.8522221844241 2457.3095742077967 6095.283624130816
vn -0.57256716438543842 0.26078187616724297 0.77727707757936049
v 5677.2088551636934 2351.3639594135375 5900.7465583090134
vn 0.41692117107531756 -0.77595575767573588 -0.47335969329787753
v 5842.3000000000002 2481.1999999999998 6095.6000000000004
vn -0.49532034803010455 0.51103595686209191 0.70249555416485188
v 5872.3000000000002 2511.1999999999998 6095.6000000000004
vn -0.52040530796546736 0.77685926346278034 0.35449682680305256
v 5897.8608317242579 2523.1132712876506 6095.1444956190135
vn -0.28240766835659603 0.89972158819822723 0.33278667729260225
v 5701.3080742257625 2372.0615723996634 5900.4980384467744
vn 0.55592167999659836 -0.6050855808042811 -0.56993203595911801
v 5925.448951371096 2532.2240039494204 6093.9244157780959
vn -0.13448959393792931 0.92145840972033133 0.36445431576274251
v 5718 2397 5900.8000000000002
vn 0.75274154555843031 -0.44825914288190188 -0.48212436820087012
v 5727.0042427264016 2426.8968941482804 5898.1739584819261
vn 0.95544037131644599 -0.28271857140023382 -0.084875828385369223
v 5986.3483701563237 2513.9364030169327 6081.6983917534453
vn 0.64038640771946009 0.7625267378575904 -0.091968597142867467
v 5733.2825690071249 2453.6663864687207 5903.2216297851746
vn 0.97875725192770302 0.20132835020126835 0.038744511923191401
v 5734 2469 5900.8000000000002
vn 0.88872462176155709 0.45841710592995683 -0.0047226756801726543
v 5727.9486484460886 2480.3416417931908 5900.0041937281412
vn 0.5260776065494297 0.84438410987340595 -0.101280930488021
v 5698 2481 5900.8000000000002
vn -0.1535521243190727 0.9808006521537489 -0.12021574710444967
v 5671.3563929019138 2471.2178931753497 5899.8797114578592
vn -0.47340236589596901 0.87819195210665135 0.068330777978946364
v 5635.9239374767567 2441.5623280589789 5905.2269218512611
vn -0.73167778784122983 0.55960611152672479 -0.38921538345972773
v 5631.402983335578 2403.4862254262789 5888.7878106357293
vn -0.85884184149715925 0.20811970765228965 -0.46805649080051653
v 5627.513069187934 2381.6069983480988 5888.0576079596012
vn -0.84382344826807287 -0.22320004360313464 -0.48799972201686515
v 6062.8222878634078 2463.5024541188304 6096.0599745482959
vn 0.21707564152839293 0.97501780475700917 0.047100384943854358
v 5640.0334465287842 2366.4404352031029 5888.2357927563753
vn -0.42859703186849146 -0.67768730935445787 -0.59753200333826029
v 6103.1092565201525 2462.9749921010916 6095.6325324677518
vn 0.16142323019742622 0.98664145763267852 -0.021935697688748097
v 5632.4206560332386 2357.6576989442201 5914.6055416628096
vn -0.73672838007362018 -0.67305511119524031 0.065023928580655074
v 6121.3000000000002 2460.1999999999998 6095.6000000000004
vn 0.26912329613450836 0.91800852851149917 -0.29126103937507664
v 6157.7232137821447 2449.8234344964167 6096.5495252798264
vn 0.1418661026618826 0.9264763371128103 -0.34859088583260212
v 5647.4658529174485 2351.7682118869279 5901.9016850435773
vn -0.19701342501941368 -0.90208422876489125 -0.3839658247497702
v 5667.8530280628647 2348.6072411311948 5914.9000549107304
vn 0.10579373435595599 -0.99359737957215433 0.039647611256794696
v 6191.8000000000002 2464.6999999999998 6106.1000000000004
vn -0.23071195034926548 0.841783031497777 -0.48803004400185301
v 6229.3000000000002 2481.1999999999998 6095.6000000000004
vn -0.34459099322612768 0.34209655471356221 -0.87420077478834446
v 5688.9649943240011 2357.2302076158107 5913.4495096340142
vn 0.58443246636280843 -0.81134056899920826 -0.012851978724141865
v 5706.7763017346315 2374.3992303093787 5913.4151201034038
vn 0.81681388009702105 -0.57690125351538701 -0.00017021522953935918
v 6235.1700359707802 2499.135267466856 6094.9062284301108
vn -0.44469575628903685 0.21036426651817602 -0.87062768145217584
v 6241.3000000000002 2514.1999999999998 6095.6000000000004
vn -0.6696154675083219 0.37114450273612326 -0.64332486642626163
v 6259.3000000000002 2532.1999999999998 6095.6000000000004
vn -0.60151812156929285 0.42732751648901673 -0.67495714165795628
v 5728.6079204657108 2412.5058010567082 5916.8454410177837
vn 0.96705768665566549 -0.18996268726073712 0.16945090182372066
v 6263.6339727843497 2543.8666662865053 6095.5995041308361
vn -0.53043188460064383 0.51699951159436686 -0.67182849062107775
v 5732 2453 5914.6999999999998
vn 0.9041406828354297 0.26840297522540568 0.33239956157015799
v 5706.5258026868669 2477.8781091583865 5914.0919974483495
vn 0.07650610487265691 0.99371912051759848 -0.081664713523924348
v 6287.9350871132046 2560.7758263283831 6094.2338219103394
vn -0.58921275551276098 0.76410138110067882 -0.26263550434222421
v 5678 2469 5914.6999999999998
vn -0.29690365390110485 0.9442007419399483 -0.14259445718618949
v 6340.3000000000002 2574.1999999999998 6095.6000000000004
vn 0.66141846897896539 0.68134285519808979 -0.31352435721014771
v 6372.9515294629664 2551.4267902010952 6109.598750612603
vn 0.85301582535892895 0.50128070212442788 -0.14519524566894773
v 5647.3596067756716 2454.2525828399102 5914.5970809223018
vn -0.57395774536200261 0.78592439511618206 0.22998989477851015
v 6373.3000000000002 2535.1999999999998 6109.6000000000004
vn 0.87367560027112701 0.33015940358464985 -0.35733137801698073
v 6364.3000000000002 2508.1999999999998 6109.6000000000004
vn 0.53358216168041539 -0.42055494632592488 -0.73377354398837069
v 6333.2432016417533 2486.2974349747892 6105.0407358931825
vn 0.42513611502525289 -0.66827745907130864 -0.61046254708903336
v 5626.6202317473089 2439.2245470516609 5914.1943458590022
vn -0.82278661444254209 0.55380791535113438 0.12774576309455618
v 6313.3000000000002 2463.1999999999998 6109.6000000000004
vn 0.62892817975474713 -0.59854183273257777 -0.49618244545681728
v 6304.3000000000002 2460.1999999999998 6109.6000000000004
vn 0.38136986061393691 -0.74923585181148344 -0.54148191823515879
v 6279.8916433918603 2435.7313682683707 6109.6211824421316
vn 0.085776038002378305 -0.4243109817303739 -0.90144476374740834
v 5620 2419 5914.6999999999998
vn -0.95550523821083033 0.24614687890725834 0.16254677405559173
v 6259.4265748120815 2430.0911529590339 6106.7497611681829
vn 0.20991749051345904 -0.59035505868977978 -0.77936868801352199
v 5620.067649171664 2380.1119299819215 5913.5111894506063
vn -0.96517797827906571 -0.22657597824182804 0.13074707005854547
v 6244.9159882401564 2416.8152946696291 6108.8980256639825
vn 0.43138410984777886 -0.6180950867011632 -0.65716528633725091
v 5651.219896792164 2352.2060140589338 5926.8140770710215
vn -0.32292730081001292 -0.94374588231278567 0.071145400478323143
v 6235.3000000000002 2409.1999999999998 6109.6000000000004
vn 0.1742228109749496 -0.7801934972811132 -0.60078658351885039
v 6154.3000000000002 2382.1999999999998 6109.6000000000004
vn 0.20327241951428568 -0.51226494768886521 -0.8344249198304976
v 5675.5785296236272 2351.3567266080049 5928.2574294771985
vn 0.29835912931481345 -0.94937234542746218 -0.098356391211074992
v 6094.2416850340733 2385.3205166592311 6105.5174235060549
vn -0.1835577085961943 -0.96266068122200976 -0.19897482364382321
v 5697.2953331215867 2368.2464019393738 5928.9188078446141
vn 0.71729086257571506 -0.69099658925660679 -0.089540672887369152
v 5721.3810309158707 2400.3381741174321 5928.7141311959576
vn 0.93524096751919439 -0.33409954304103673 0.11705480773352051
v 5721.9582142868003 2463.0193427159802 5928.4526786642273
vn 0.82785297399013169 0.53358979189741351 0.17303579814179842
v 6022.7040771616666 2394.79808386064 6111.1815716156962
vn -0.10667753653538488 -0.94492061629720536 -0.30942677986116712
v 5697.0223705622193 2487.0207963256689 5928.6386872300573
vn -0.072840041202329744 0.98719045602469857 0.14194834247496821
v 5669.4401201073624 2461.0778108012919 5926.5030957370655
vn -0.53216067348097928 0.75480975558694674 0.38349348165391833
v 5985.2015202367875 2402.0887357978327 6110.0750223335417
vn -0.068548848588339706 -0.91530618418306819 -0.39688240645491479
v 5650.0108007627387 2439.109361540859 5926.9424887301957
vn -0.85511118111864681 -0.011381669745522247 0.51831971361282092
v 5955.357156457465 2404.713938464 6109.1753415834119
vn -0.075515676568515808 -0.98022600313448127 -0.18290534538771427
v 5637.1315663322221 2422.1491187405918 5928.5478861257407
vn -0.62824513482662037 0.33500389500688016 0.70219686762111155
v 5631.4946866434248 2398.3532180528082 5927.5762597343273
vn -0.76865345858123613 0.11220284382151123 0.62974787212778227
v 5632 2369 5928.6000000000004
vn -0.92399796229942277 -0.34453484735311712 0.16590209349456267
v 5902.3000000000002 2421.1999999999998 6109.6000000000004
vn -0.41369946589635481 -0.90061947594245328 -0.1331814982278379
v 5877.8769294308941 2427.0815554697319 6096.1138223411217
vn 0.017347608292844884 -0.93695726630357568 0.34901309661307606
v 5647.0480357482611 2354.0722020125495 5941.5073947949504
vn -0.80588034075541659 -0.58219040162332514 -0.10775533695184208
v 5863.3000000000002 2454.1999999999998 6109.6000000000004
vn -0.37749972212881505 -0.10594411419547092 0.91992923883307698
v 5660.4493980013522 2345.8032084029583 5941.9591112000553
vn -0.29672474703613 -0.83007809146311395 -0.4721491147606855
v 5887.3000000000002 2517.1999999999998 6109.6000000000004
vn -0.3767344855554981 0.79851755187360784 0.46951128500070621
v 5922.0882763677109 2516.4669998905001 6109.8400447464574
vn 0.012600870072529045 0.97075218773026783 0.23975280621989384
v 5678 2345 5942.6000000000004
vn 0.44952416921689947 -0.71900710470158735 -0.53005358661035118
v 5950.3000000000002 2514.1999999999998 6109.6000000000004
vn 0.037832898682258857 0.98121074523503471 0.18919340689518127
v 5978.9730220708188 2504.5163133516116 6108.980606267176
vn 0.56987666563587902 0.8135425640998859 0.11571120240285995
v 5983.3000000000002 2499.1999999999998 6109.6000000000004
vn 0.50050244292758994 0.86391266177370685 -0.0561446119461457
v 6007.2070758366099 2490.6718466633688 6107.5692928722019
vn 0.59614029238589061 0.802694007878612 -0.017293973222936451
v 6007.7996689974889 2487.0299628478565 6110.1406151487645
vn 0.64079004891837221 0.73330632795821449 0.22726623722768385
v 5724.5395888640905 2411.5723256915371 5942.4784640801918
vn 0.87187593190654944 -0.040851672752695238 0.48801997929940616
v 6037.0079354656082 2468.977607208551 6107.0544850190554
vn 0.3984397892575226 0.91704053900201066 0.01680429002733411
v 6051.1569426977221 2468.2979092857968 6107.3388496415337
vn 0.27738206051255088 0.96045533617079404 -0.024181392161301243
v 6097.3000000000002 2469.1999999999998 6109.6000000000004
vn 0.0933461430879957 0.88159492460443012 -0.46268443509837748
v 6124.3000000000002 2460.1999999999998 6109.6000000000004
vn 0.27069316849737179 0.75617214006165878 -0.59575909822966588
v 6130.3000000000002 2454.1999999999998 6109.6000000000004
vn 0.38878790306236855 0.81253083158774242 -0.43432431908851032
v 6160.4113348016836 2444.0314090266857 6109.5738949784172
vn -0.13815074772629629 0.92508115705785754 -0.35375022792806904
v 5725.9741436139211 2443.503168416355 5942.5884484673261
vn 0.87252699888787377 0.11840106832930433 0.47400192323470558
v 6183.3897442380476 2452.3802306768612 6110.2535642125413
vn -0.49959050939383454 0.85110642804833181 -0.16132938684077008
v 5709.4803848327902 2468.4112544672189 5943.2064729056092
vn 0.32725528097342438 0.62078313502430327 0.71241299843868855
v 5677.6487521131712 2459.3597427413806 5942.8444860525678
vn -0.4423470196683042 0.63241081719082881 0.63591325862148607
v 5660.1576045590236 2442.5268348523869 5943.75748091073
vn -0.88112167784118811 -0.024620361503202806 0.47224826800929737
v 6201.7584056750866 2474.6265438877322 6108.8979152765896
vn -0.7958162220159678 0.48966336726808196 -0.35623914373902732
v 5664 2439 5942.6000000000004
vn -0.60321054972241828 0.10097842187021877 0.79116394699213766
v 6202.8095853164359 2492.1962938507804 6110.4996325210914
vn -0.61739112236274818 0.3335875780612555 -0.71242370103112929
v 5648.6466156255128 2420.5363072150176 5942.4137596234686
vn -0.80430753911012565 0.33883141694706204 0.48814204225845964
v 5641.2741850629573 2394.9279114541851 5944.0829705563883
vn -0.85037694878591386 0.26870663328949679 0.45238898107688602
v 6217.3000000000002 2511.1999999999998 6109.6000000000004
vn -0.68114771153293008 0.34096023366578548 -0.64790733452556715
v 6228.1848547559748 2538.6659535383596 6109.9227398975745
vn -0.69103413637656974 0.40365714371192191 -0.59961048414168117
v 5661.1826860807641 2405.871393721794 5958.0227546844744
vn -0.81493124625326019 0.20188256344615413 0.54325914116240848
v 5632.2948889412946 2363.6293274492687 5943.5587867522972
vn -0.8958687165996857 -0.36467012420663342 0.25384038908170325
v 6260.2716210124281 2562.3896679775116 6109.8934425295702
vn -0.41171165741824106 0.85269262833687376 -0.32157237556400736
v 5681.6665906497146 2431.838639281701 5956.9836391996587
vn -0.60321054972241828 0.10097842187021877 0.79116394699213766
v 6295.3000000000002 2574.1999999999998 6109.6000000000004
vn -0.15945760179133986 0.97985263707378756 0.12025840033236314
v 6322.6578304666655 2572.5842720545743 6109.9047540177517
vn 0.22484973211505288 0.80986336609450094 0.54181539866071837
v 5661.8289295158493 2429.4417020995443 5957.9526934195055
vn -0.56902330033015047 0.47417513533999239 0.67184107101805213
v 5665.6344059388848 2400.7842489463847 5969.016579829402
vn -0.4189302862973272 0.46756476174131301 0.7783833302432861
v 6358.3000000000002 2562.1999999999998 6109.6000000000004
vn 0.63507177791958747 0.72333956371967945 0.27104190164599662
v 5649.9989892378635 2390.5688568997034 5955.2057168931378
vn -0.8117350277501777 0.49331566978285379 0.31261141161210432
v 5641.5979936915837 2364.4006482215696 5957.2833211986317
vn -0.96168920908167865 -0.1629337494287568 0.22046872438725301
v 5876.7646955704604 2451.864875053011 6121.9620107269429
vn -0.63721533370034733 -0.32841546266054761 0.69720865053627501
v 5656 2331 5956.5
vn -0.13293039080615046 -0.87461507080703138 -0.46623812490757932
v 5668 2327 5956.5
vn 0.27929573098439886 -0.95327561896734236 -0.11514985426096194
v 5869.3000000001703 2499.2000000003286 6109.5999999999258
vn -0.62552685582037748 0.4340346395109852 0.64832868543050115
v 5902.3000000000002 2511.1999999999998 6123.5
vn -0.51896804551470677 0.75727729683329725 0.39648866747424133
v 5929.3000000000002 2520.1999999999998 6123.5
vn -0.061505409644322502 0.99548745172229558 -0.072262148099363099
v 5947.3000000000002 2520.1999999999998 6123.5
vn 0.10261899938638044 0.99211032259796872 -0.072017003266537247
v 5965.3000000000002 2514.1999999999998 6123.5
vn 0.24470171264677487 0.92415408593108972 0.29336035397545995
v 5982.532831841545 2509.3588791292132 6124.3761857707104
vn 0.51633375093534495 0.82317469941779409 0.2361839788881997
v 5688 2347 5956.5
vn 0.90694844821268739 -0.40942584934651322 0.099070612047591211
v 5692.4605419076215 2357.3561665068537 5957.3631594390727
vn 0.91198876766599279 -0.40028377199405024 0.089718390139807938
v 6008.5991175137015 2489.4580495574082 6123.4807492276941
vn 0.39771461413315379 0.76849577009662773 0.50123580982259031
v 5710.2539349684412 2377.2783564963975 5943.8075753759731
vn 0.91178530710758932 -0.3472778821991287 0.21919312552634279
v 6024.3902621414527 2478.8097980846505 6122.1028319434336
vn 0.046008314821576031 0.92457039531294816 0.37822323973830269
v 5700.1093419168128 2388.80226494417 5956.4876036692858
vn 0.60736010371501681 0.016760612561250381 0.7942498261138341
v 6040.3000000000002 2475.1999999999998 6123.5
vn -0.031847377440896538 0.99948716271527649 -0.0033400774697012422
v 5688 2425 5956.5
vn 0.42967854328491384 0.29221030814389271 0.85439422122051234
v 5686 2391 5970.3999999999996
vn 0.54252911900964185 0.23044256874201288 0.8078108550509856
v 5585.1822774464363 2291.1244069508361 5967.0189863247451
vn 0.66450145590348719 -0.50108506357183424 -0.5543929781006941
v 6113.4946062488534 2478.0553783545552 6125.7172646164317
vn -0.089346393519070824 0.78718893509099153 -0.6102055411379399
v 5578.0880228802935 2307.5655704995479 5963.5141169012177
vn 0.14975726377553744 0.17523137894962371 -0.9730707712072526
v 6164.3592783891399 2476.1431133176957 6123.9185849530186
vn -0.0007345078051680566 0.4181211842424552 -0.90839095976675754
v 5586 2309 5970.3999999999996
vn 0.039145114068150584 0.43965439274661411 -0.89731358787393689
v 6179.92392692672 2479.5150365389454 6123.8408700305899
vn -0.27391280238451032 0.29927698038197442 -0.91400495934284276
v 5611 2328 5980.8000000000002
vn -0.32784162885917068 0.69124517287955001 -0.64397203150267834
v 6190.3000000000002 2493.1999999999998 6123.5
vn -0.45567993582737976 0.32169244595704499 -0.82998178672699119
v 6208.3000000000002 2511.1999999999998 6123.5
vn -0.52263022061222542 0.42032401389755891 -0.74174481854871188
v 6215.7171681267155 2523.6259702717362 6122.8505421652389
vn -0.63978282248914387 0.48056507729070513 -0.59977924817086092
v 5641.1038426819878 2342.6395324827249 5959.8767911105451
vn -0.56285237433340174 -0.47487043861743955 -0.67653179617408443
v 6234.7632601402356 2551.6148311266952 6123.6689891456026
vn -0.56942212321658447 0.62687327294687012 -0.53177847385579258
v 5646.1647202924805 2326.0849894062112 5971.9013991887396
vn -0.12579912847534941 -0.8922762486471032 -0.4336100499009396
v 5660.0000000000391 2330.9999999999482 5970.4000000001615
vn 0.3615574697845006 -0.93134096037107761 0.043361406551319405
v 6250.3000000000002 2568.1999999999998 6123.5
vn -0.32392799543352252 0.87267739493159613 -0.36538311147318064
v 6286.3000000000002 2568.1999999999998 6123.5
vn 0.28488843197825692 0.95682683743779806 -0.057627983512801982
v 6306.8162509018439 2558.4098394713074 6123.5943693225754
vn 0.54763149614067663 0.82390505887475307 0.14587734023937265
v 5672 2345 5970.3999999999996
vn 0.80048519145782726 -0.56797151101348142 0.19139441197116586
v 5686.1505277597353 2370.637021493314 5970.2614162281761
vn 0.93773743751863148 -0.0043215642509614538 0.34731804208594691
v 6322.3000000000002 2544.1999999999998 6123.5
vn 0.51720387105629528 0.85586010585515082 0.0019065597270965927
v 5650.2609792256499 2388.7151954051274 5971.827884482399
vn -0.63615302154065312 0.57133121845718982 0.51854601724525884
v 5646.6725414131843 2372.8756308937768 5969.7837977188137
vn -0.84108075743672817 0.4050789144242562 0.35846092194062895
v 6375.8941023200032 2466.7466976125997 6122.9375422817975
vn 0.48902814071260381 -0.43724511713446618 -0.75476366177316778
v 5640.4293509101872 2364.5793551043444 5971.9463867689483
vn -0.90334653080436178 0.42346608074086578 -0.068128729224130366
v 6361.3000000000002 2463.1999999999998 6123.5
vn -0.44972320720838216 -0.70214881917646954 -0.55202905052840834
v 6354.6030695124355 2470.389648943481 6122.7474017460718
vn -0.25006678973029856 -0.8112467198393839 -0.5285313237867959
v 5636 2347 5970.3999999999996
vn -0.65933026772725079 0.50293951394970293 -0.55886979106653156
v 5570.3940519338594 2319.9575167314688 5970.8269176848517
vn -0.41831718661963546 0.33368407846370363 -0.84478735025949703
v 6328.3000000000002 2466.1999999999998 6123.5
vn 0.7801208112609187 -0.5018009422160703 -0.37364064852297646
v 6328.3000000000002 2448.1999999999998 6123.5
vn 0.92939531098946426 -0.17594004629740925 -0.3244525481787171
v 6334.3000000000002 2430.1999999999998 6123.5
vn 0.77624017727465144 0.58030524616352996 -0.24636762867654219
v 6351.6095297552001 2412.3128917056747 6123.4003600696751
vn 0.83535144698459751 0.46858379612641327 -0.28743205462943622
v 5571.2171552635291 2277.2394516687018 5967.7388094295902
vn -0.31121831565647673 -0.84303415478442534 -0.43867593262778293
v 5589.7369274990488 2288.4000044510294 5982.714243979377
vn 0.42441613919650234 -0.90500978423793854 0.028779006639127285
v 6346.3000000000002 2385.1999999999998 6123.5
vn 0.39730316342377048 -0.87974755501628754 -0.26114064366989892
v 6336.7468432152737 2390.3744253037298 6124.3468874716409
vn 0.29014035214286993 -0.95153824860359271 -0.10194870034884554
v 5596 2289 5984.3000000000002
vn 0.82674312382374582 -0.55627722437881733 -0.083972953071530604
v 6314.7561516629139 2399.9856816261508 6124.2305809693571
vn 0.028166986011319374 -0.65033890070011546 -0.7591218183764733
v 5620 2297 5984.3000000000002
vn 0.80694658043441148 -0.36206858386919522 -0.46663000000017729
v 6289.3000000000002 2412.1999999999998 6123.5
vn -0.0047343836266220667 -0.50941952758562048 -0.86050527629185358
v 6262.3000000000002 2412.1999999999998 6123.5
vn 0.05736237565789893 -0.87466816992569951 -0.48131606079343514
v 6235.3000000000002 2403.1999999999998 6123.5
vn 0.21216804426212238 -0.92168463190037375 -0.32478017228990236
v 5628 2305 5984.3000000000002
vn -0.21933177200958048 -0.79053720792874649 -0.57179060561306816
v 6220.3000000000002 2397.1999999999998 6123.5
vn 0.24805442982397213 -0.96809539482045537 0.035500793964792367
v 6166.3000000000002 2379.1999999999998 6123.5
vn 0.31622776601683794 -0.94868329805051377 0
v 6096.2830812218272 2381.6020386020136 6112.5365052843754
vn -0.079667957515906482 -0.99608057017003715 0.038425437863185911
v 5638.1461507779104 2310.5831481447813 5984.1130633185712
vn 0.74419746481120475 -0.61589128984346342 -0.25854990323635896
v 6061.8043238910368 2387.1853676209466 6103.6394187206588
vn -0.16337419638148573 -0.97059027991782831 -0.17681453697514637
v 6065.3271708919538 2385.3451958574592 6125.2803446051776
vn -0.17009623984397779 -0.97039019303554763 0.17149385543328505
v 5653.2782149614159 2318.3899795829693 5984.335207377233
vn 0.51336188115253822 -0.85089509991246604 0.11152178228705768
v 5674 2339 5984.3000000000002
vn 0.7538864544059799 -0.51694809385094864 0.40548721573811841
v 6034.2660209967407 2389.3649322892575 6121.7478591998606
vn -0.45436014004355785 -0.86496000485559654 0.2130752288272969
v 5682.7340579638585 2365.8460632037131 5984.4095628919831
vn 0.8247953151105728 -0.15389824717283954 0.54408456850822251
v 5676.9585293671444 2373.9000896849811 5984.6542259930166
vn 0.42455222667599424 0.33722413949527902 0.8402590591990805
v 5660.2815332006503 2374.3203642912958 5984.3532389488437
vn -0.42438260025736413 0.443396030347392 0.7894931088179129
v 5645.254121074543 2363.2500841878273 5985.2669546367897
vn -0.63975834498699491 0.56816007590513518 0.51759384479239345
v 5982.7309362270662 2404.3753011981516 6124.7411772175547
vn -0.28172070348788814 -0.92043717058018948 0.27097760099429763
v 5626 2335 5984.3000000000002
vn -0.17230849291453018 0.92760539468121039 0.33144835951900448
v 5944.3000000000002 2415.1999999999998 6123.5
vn -0.1291457083851143 -0.71362297271850439 0.68852279469463595
v 5930.2861356862268 2417.2690303942045 6124.8605169440443
vn -0.14693506599444389 -0.76464760935207454 0.62747439779911796
v 5602 2327 5984.3000000000002
vn -0.18558354797701074 0.95192737470124689 -0.24370683210500399
v 5890.8937974520213 2437.8094425767558 6122.0564470960353
vn -0.47080124860297451 -0.5977200356889002 0.64890441765327811
v 6307.0036655971362 2574.5642179254132 6095.8035355133197
vn 0.037508892724181557 0.99917776308606165 0.015390929827010109
v 5584.1291429509529 2326.930233260332 5984.237722470938
vn 0.23950851313355792 0.67666953008581698 -0.69624278753175739
v 5902.3000000000002 2451.1999999999998 6137.3999999999996
vn -0.54998921211523044 -0.31208587357691459 0.7746704293250144
v 5896.984543579214 2475.4554754780047 6138.5763274383844
vn -0.61744421997882148 0.008833548807578773 0.78656506636781731
v 5566.1585854151144 2312.205167657231 5984.2024450052304
vn -0.98189190327029319 -0.1894156538941493 -0.0031623333304937559
v 5903.4906855822937 2485.2039867397616 6141.5099245567999
vn -0.6667319653993119 0.32218249326649134 0.67206169906293411
v 5615.5393292171357 2298.757854282343 5998.4653835563331
vn 0.44918255503036014 -0.65649846778727095 0.60600725577286862
v 5628.4898189386449 2304.4500099816669 5999.111254872857
vn 0.63176664007179728 -0.57997861902147063 0.51429146791516966
v 5924.3297424600105 2516.2020681635495 6138.3747165939876
vn -0.39082787799018942 0.86686721293342706 0.30950735843711052
v 5630 2319 5998.1999999999998
vn 0.10794526719125916 0.066272305343718266 0.99194546263160899
v 5947.3000000000002 2517.1999999999998 6137.3999999999996
vn -0.060790806217042179 0.9978573724062676 -0.024189712977652336
v 5988.8863758312937 2500.842832147322 6151.7928963023851
vn 0.82807503052249465 0.38150092580348266 -0.41079044224063344
v 5971.3000000000002 2493.1999999999998 6137.3999999999996
vn 0.67136327891088954 0.74101621767127923 0.012896235038578372
v 5974.3000000000002 2484.1999999999998 6137.3999999999996
vn 0.86217250483129071 0.49805261868025835 0.092747835223659064
v 5622 2327 5998.1999999999998
vn 0.31421417507689048 0.91787239255481368 0.24244529932842859
v 5988.0029179546136 2451.4692501747377 6140.9680659223723
vn 0.12127818986849455 0.10675895951398846 0.98686074256994949
v 5581.3549701299489 2340.1620855730835 6000.3255509777618
vn -0.44608033845647277 0.73677091915443949 -0.50811508965084007
v 5562.8249925182126 2329.5045467620253 5983.0813326936413
vn -0.76047247169820609 0.6115060511402749 -0.21849935745454363
v 5569.0618380403439 2297.2105063206182 5996.6266098137976
vn -0.94054010644030195 -0.10160878629647835 0.32412954620741125
v 6007.3000000000002 2463.1999999999998 6137.3999999999996
vn 0.12627454181146769 0.84373467514464462 0.52169582905066902
v 5575.8401559557387 2277.4157612450999 5997.1418431460725
vn -0.20200266758079541 -0.96252509855969526 0.18094296596687989
v 5592.4477522186589 2291.6165805432497 6012.7558654637241
vn 0.18254552840685073 -0.72193403706006642 0.66744915626047385
v 6034.3000000000002 2463.1999999999998 6137.3999999999996
vn -0.42024928852078802 0.84072509205485446 0.34142620738181173
v 6049.3000000000002 2448.1999999999998 6151.3000000000002
vn 0.25500721409933436 0.46097070214738478 0.84998666608308826
v 6040.3000000000002 2469.1999999999998 6137.3999999999996
vn -0.11593228863644718 0.94344803995225412 0.31058895724375885
v 6052.2398177095492 2431.3354215217987 6151.721174956192
vn 0.53666604771394655 -0.14854247273547036 0.83061705197083702
v 5601.9122034871507 2302.7721259781792 6012.1086583859578
vn 0.58083813928341288 -0.65420581536485101 0.48439839708301397
v 6061.6999999999998 2427 6140.8999999999996
vn 0.02189715015723815 0.024651695712052828 0.9994562565282743
v 6082.3994820361268 2456.3655307566733 6151.2945726094131
vn -0.35478452906348074 0.40833771671952257 0.8410637592011031
v 6076.3000000000002 2481.1999999999998 6137.3999999999996
vn 0.2134161726799283 0.76498528806548893 0.60766030500766799
v 5610 2327 6012.1000000000004
vn 0.83043728233449754 0.089942921440623394 0.54980377498851363
v 6105.2169418965641 2480.7509891987111 6136.6532254029498
vn -0.2765430163840189 0.9216960501043161 0.27203005589700968
v 5604.02328394906 2335.9627596258993 6011.0912361649744
vn 0.8380857585896252 0.29978028364432618 -0.45578947200147107
v 5571.5023471238837 2325.7341355445951 6001.6970880436838
vn -0.86617535356220854 -0.16251077208539191 0.47257857107320572
v 5581.310347967742 2286.4523692463326 6013.0687032613787
vn -0.10323938645193419 -0.70014077589379919 0.70650160864350275
v 6133.3000000000002 2496.1999999999998 6137.3999999999996
vn -0.43831229081307177 0.8961133091278024 -0.069737170334168055
v 6169.3000000000002 2532.1999999999998 6137.3999999999996
vn -0.56106291174574063 0.81706758644126443 -0.13269878767508769
v 6189.0355132253935 2540.8030276928694 6137.4378475093981
vn -0.37745166692531751 0.79532262624536498 -0.47433338414819032
v 6095.9999999995389 2572.0000000002055 6401.7999999996564
vn -0.097264917473794302 0.84158037870558788 0.53130217579695194
v 6208.3000000000002 2553.1999999999998 6137.3999999999996
vn -0.59013795754569376 0.69266310062048286 -0.41467459543914148
v 6219.3307692310118 2563.8153846155292 6137.3999999999169
vn -0.41670152615355754 0.84664304509606236 -0.33099152903324114
v 6080.8995478223151 2568.254339322315 6401.3161433723035
vn -0.23214914530933778 0.88327900766657197 0.40733888710470556
v 6238.3000000000002 2568.1999999999998 6137.3999999999996
vn -0.2696019741139033 0.92317560235697183 -0.27397368991698534
v 6056 2536 6415.6999999999998
vn 0.47363737107463821 -0.043642375217058819 0.87963798451801689
v 6048.3106081746382 2553.1074667625853 6403.0919581245998
vn -0.10655561558641177 0.74541618572636781 0.65802781920231435
v 6024.7681454622925 2537.1700122693401 6415.822615257558
vn -0.41624318577829506 0.66855426998863043 0.61626033327896823
v 6346.3000000000002 2559.1999999999998 6137.3999999999996
vn 0.37287572451937023 0.57579499898537057 -0.72761515460275561
v 6362.7452237795806 2553.3800098600041 6151.3681860162724
vn 0.68970650363550401 0.57773089067022465 0.43649966415597302
v 6352.3000000000002 2553.1999999999998 6137.3999999999996
vn 0.35223262529921689 0.68777612823887158 -0.63474102994809534
v 6014.7232942797782 2534.3261937007805 6396.7665752682715
vn -0.59889305438992113 0.71483171141824331 0.36103010089793952
v 6368.9405244944637 2543.7855600233943 6123.6150860578618
vn 0.5702143324054042 0.81009785072030382 0.1363711383607383
v 6006 2528 6401.8000000000002
vn -0.56478464005732343 0.75125999753031236 0.34150655406020369
v 6376.4227822121593 2540.4545781497918 6123.5210181596522
vn 0.87022441394439709 0.49229551640324365 -0.018830663939277906
v 6382.3000000000002 2514.1999999999998 6137.3999999999996
vn 0.77822174834224467 0.25277984456221919 -0.57486803754447868
v 6391.2929903931763 2495.1006712314434 6135.7528095660964
vn 0.68049092547720935 0.027317501205399379 -0.73224712663899483
v 5987.0596798631605 2508.4681109860926 6401.8991212921537
vn -0.97651738796435195 -0.194721682130336 0.092180570141497359
v 5998.3317535543138 2496.1232227489381 6401.8000000000347
vn -0.35209317255584688 -0.93347861640945506 0.068176759572805293
v 6382.3000000000002 2463.1999999999998 6137.3999999999996
vn 0.22347558850295332 -0.63190574717459291 -0.74212787848926565
v 6019.0753598362626 2518.3863942469425 6415.9175567278608
vn -0.36800012630123979 0.092124341824217498 0.92525078367204117
v 6358.3000000000002 2469.1999999999998 6137.3999999999996
vn -0.46630017144372826 -0.80914133171211011 0.35756741382109009
v 6349.3000000000002 2469.1999999999998 6137.3999999999996
vn -0.27079491332278005 -0.77500317134606944 0.57099929888051804
v 6325.2763358353641 2460.6635592430666 6137.4235608550462
vn 0.32182523344718367 -0.68023982492704149 0.65856077904768473
v 6029.8172630760519 2496.10905512927 6401.7497175938342
vn 0.060014305222332601 -0.9981938056764863 -0.0027220355937872674
v 6325.3000000000002 2430.1999999999998 6137.3999999999996
vn 0.76705488528814492 0.3279425950439121 0.55143490759241509
v 6331.3000000000002 2412.1999999999998 6137.3999999999996
vn 0.70913788733655359 0.60512244457428033 0.36187053460636542
v 6340.702687139149 2399.3610366868857 6138.2492108122542
vn 0.67098580658123907 -0.22699080840943381 0.70587054072553268
v 6041.3594243225798 2508.2421750089043 6415.1893003616215
vn 0.1261085474551597 -0.9235530347860168 0.36214144501325468
v 6059.2312552843186 2514.6139461639086 6415.9338876739384
vn 0.55857750282889873 -0.72024594743913384 0.41138418604868116
v 6328.3000000000002 2385.1999999999998 6137.3999999999996
vn 0.19819981794245362 -0.80673273113513788 -0.55668584738865035
v 6322.3000000000002 2379.1999999999998 6137.3999999999996
vn 0.3642686973511492 -0.66880028532627034 -0.64808525247655213
v 6299.5249434042889 2379.7485696645085 6137.1103570692958
vn -0.16627330385148761 -0.6557936917989462 -0.73640194338623222
v 6057.0042072065207 2520.4589784383538 6402.3243903903158
vn 0.51785371328898144 -0.82095870539486382 -0.24052928235290305
v 6275.5580402339765 2393.0322243415576 6138.0153910909012
vn -0.44742147060162996 -0.72014932835643797 -0.53028197453095272
v 6074 2526 6401.8000000000002
vn 0.91810276196291829 -0.39348223591055154 -0.047529448754366418
v 6064 2528 6415.6999999999998
vn 0.79176764848742731 -0.19392610018827983 0.5792207338091887
v 6251.2648293504035 2407.9581587859211 6137.6632085439487
vn -0.18575996730748184 -0.98230632712486154 -0.023822557301590955
v 6094.4908940261539 2527.5341478717555 6401.9007093093778
vn 0.5739818646692062 -0.81491644852247391 0.08034924367023713
v 6117.7278282994521 2547.6898964367283 6401.769509038535
vn 0.8693691505075809 -0.46423925470802346 0.1693493269365603
v 6116.5556962351757 2564.8019143408565 6401.9175710150776
vn 0.93895353562619244 0.25301210242164629 0.23313329655639239
v 6223.3737280693749 2401.1423450593893 6133.7717612018705
vn 0.18003919798584719 -0.9834871891967123 0.018407495064864866
v 6217.3000000000002 2403.1999999999998 6137.3999999999996
vn 0.29552145642145455 -0.78587695250382938 0.54319838394258524
v 6136.3000000000002 2376.1999999999998 6137.3999999999996
vn 0.026783577369131919 -0.98445926940451334 0.17355859779003643
v 6100.3000000000002 2376.1999999999998 6137.3999999999996
vn -0.10076820507237225 -0.9649462669020159 0.24233132450914366
v 6083.7206244315021 2379.3318907730004 6136.389906169793
vn -0.38509386281073432 -0.8740079002049248 0.29633242685350081
v 6102.8406858450689 2571.1679065412568 6388.9191719788687
vn 0.79000333276132773 0.59553664665699135 0.1457080530188396
v 6042.4497097560925 2572.3927753045364 6387.0115567006978
vn -0.51338497930733606 0.78178317363434413 0.35390808473927088
v 6064.3000000000002 2388.1999999999998 6137.3999999999996
vn -0.3273358242631309 -0.7178720233739232 0.6144192511721992
v 6017.8379855427211 2542.7501594821151 6389.2572893363322
vn -0.80889448931482089 0.58788175754987504 0.0092056665258586998
v 6045.6631415464453 2415.5710863159666 6151.3794161167516
vn 0.18355260684242 -0.5342770922489456 0.82514024821200171
v 6004.4487749138934 2523.0053616015502 6384.9069979225751
vn -0.84202995877988929 -0.15577679709110562 -0.51644858215041556
v 6046.3000000000002 2394.1999999999998 6137.3999999999996
vn -0.062807565506812726 -0.41877138951731535 0.90591706741668376
v 6023.0935285573396 2409.0071920366381 6151.6410704190885
vn -0.092816440234185421 -0.71462127558778721 0.69332643170409836
v 6040.3000000000002 2400.1999999999998 6137.3999999999996
vn -0.19582549805324653 -0.75874300658225258 0.62125793699132881
v 6004.2822427617248 2411.1693318467269 6139.3567710097923
vn -0.52661364076876305 -0.78521399088209209 0.3257561386670802
v 6032.0231441560682 2522.6841795193122 6384.7369180603082
vn 0.19358086396720911 -0.68895837844109464 -0.69847176169228664
v 5998.3000000000002 2415.1999999999998 6151.3000000000002
vn -0.5787703042281922 -0.5787703042281922 0.57449966917937523
v 5986.3000000000002 2427.1999999999998 6151.3000000000002
vn -0.62218354811678411 -0.49968602519499394 0.60266201861212154
v 6043.1581016268501 2530.131108999054 6375.2586647441503
vn 0.10146351201216625 -0.96370243573546177 -0.24694689932796349
v 6021.3391465069053 2433.9190423477594 6158.2690280082725
vn -0.03614887273513899 0.0066896210807645207 0.99932402551413457
v 5992.3000000000002 2442.1999999999998 6151.3000000000002
vn -0.17264356351656099 0.46463211835540141 0.86851090641907058
v 5914.3000000000002 2439.1999999999998 6137.3999999999996
vn 0.88348874867751503 -0.21715135949356179 0.41508182088636031
v 6060 2538 6387.8999999999996
vn 0.30760559433688478 -0.94095222507587239 -0.14137789239275311
v 6079.4933440773566 2545.3492500579341 6386.9841859164389
vn 0.51259492259294281 -0.83108636519338619 -0.21573571545198608
v 6382.2804228832101 2518.145769722556 6151.2438948831641
vn 0.65612562196140534 0.47939696408844601 0.58281877031247031
v 6097.7797503326365 2557.4381533400647 6387.8124203922489
vn 0.82266211699604097 -0.52841793094659817 -0.20976542020482858
v 6027.1514390817474 2532.5552175048197 6375.9899208287952
vn -0.8018189909055885 -0.31987711869245677 -0.50474244398520318
v 6405.2894900069314 2488.1393955052408 6151.3121849121153
vn 0.90527990700883787 -0.25612226535261706 0.33892429118715206
v 6064.2991091349159 2530.4022167760286 6374.0658403485104
vn 0.20194806838587667 -0.95328044032201598 -0.22466281351099598
v 6090 2542 6374
vn 0.47356235585205136 -0.86416484293094686 -0.1701699719750433
v 6106 2558 6374
vn 0.82750676966967907 -0.5417609225595299 -0.14740301536366082
v 6394.3000000000002 2454.1999999999998 6151.3000000000002
vn 0.72635271109857791 -0.60999823205047099 0.31672369026494651
v 6381.5325581401848 2450.6418604648861 6151.2999999999693
vn -0.12282510578359444 -0.92914784293890951 0.34870944832513528
v 6112.4968813775531 2577.7744799929933 6377.7038694309304
vn 0.79584875400061461 -0.1530909624416765 0.58582242870544876
v 6369.6536424976584 2461.3871373958245 6151.3291381687177
vn -0.73548380366062105 -0.5540699042136219 -0.38996168503791895
v 6361.3000000000002 2487.1999999999998 6151.3000000000002
vn -0.57153736711213499 -0.791420205166396 -0.21679275091411251
v 6358.3754339944571 2510.1329475598177 6151.2999999999411
vn -0.50031781024884292 -0.86313892040240936 -0.068361486484467326
v 6088.9973114994264 2591.9469553597073 6373.1609604744554
vn 0.13975150813256615 0.41353237719190838 0.89970022173426323
v 6070 2584 6374
vn -0.70251611214450393 0.58565496967735942 0.4043258199392934
v 6334.3000000000002 2511.1999999999998 6151.3000000000002
vn 0.082095427044777139 -0.1621923361756166 0.98333818543989804
v 6316.3000000000002 2505.1999999999998 6151.3000000000002
vn 0.15588331529758487 -0.11097536705836079 0.98152170628982827
v 6298.3000000000002 2487.1999999999998 6151.3000000000002
vn 0.28203272691960757 -0.082652613013766127 0.95583789761040894
v 6289.3000000000002 2460.1999999999998 6151.3000000000002
vn 0.40207577001562139 -0.015062391067621061 0.91548249548621696
v 6294.2540596685831 2434.0539879762 6149.6129936686866
vn 0.36724357950152575 0.2677578671600136 0.89075129968405153
v 6040.1602274732813 2582.4436022630289 6375.7611768073193
vn -0.49686820797019332 0.85456461487642965 0.15113339442223961
v 6030.1317427911699 2554.0001803708456 6375.1029221320578
vn -0.85781425030371561 0.48381014961063584 0.1734429332939468
v 6306.9178826120879 2422.8837591922747 6151.6828871470161
vn 0.43123158668460676 0.26766970201236456 0.86162187139724367
v 6096.2067682984907 2618.8889108229519 6360.6421578904492
vn 0.36272561310807133 0.84924703575199545 0.38367903495216238
v 6322.940316205526 2411.7928853754365 6152.5636363635695
vn 0.55582620299796404 0.6288427243251592 0.54370401885969
v 6074.7608072752282 2610.3912657016917 6358.8277741774982
vn 0.017675770012109803 0.79759920343444779 0.60292875021449532
v 6337.3000000000002 2406.1999999999998 6151.3000000000002
vn 0.72094608901926283 0.47367189656046549 0.50583759363716818
v 6054.0853029654454 2621.6484187423493 6346.2720690930273
vn -0.32716054033072139 0.50354357576476283 0.79963107002951495
v 6057.3369694475514 2595.4990917626619 6358.162118492568
vn -0.6581268885357916 0.25229443011989727 0.70937755752256082
v 6320.7519312716395 2371.0705459884348 6150.5617777781135
vn 0.68494075715055058 -0.66638555060276017 -0.29459541262872158
v 6062 2584 6360.1000000000004
vn -0.77683471042140795 0.56358785767477027 0.28088531354638363
v 6301.3000000000002 2370.1999999999998 6151.3000000000002
vn 0.10188596444721539 -0.81728506080272367 -0.56715463467854055
v 6292.3000000000002 2373.1999999999998 6151.3000000000002
vn -0.51169634712368228 -0.58268800337669446 -0.63138066098128287
v 6268.3000000000002 2397.1999999999998 6151.3000000000002
vn -0.54891440674998027 -0.66289538165029349 -0.50917844322892225
v 6248.6814485778386 2412.3138429587875 6151.0462939707359
vn -0.15981003715067826 -0.89139112320813352 -0.42412570953862355
v 6036.3379227211699 2567.8818531315846 6360.4473379022766
vn -0.45656683735233294 0.83121055948438283 0.31723134906838518
v 6026.4451128031751 2566.4179036716623 6359.7794452345152
vn -0.3474421138422284 -0.086871764249243935 0.93366871753586556
v 6226.3000000000002 2412.1999999999998 6151.3000000000002
vn -0.048269150291695671 -0.97171303774123907 -0.23117928413638383
v 6190.3000000000002 2400.1999999999998 6151.3000000000002
vn 0.68887228040736403 -0.68887228040736403 0.22563236153689492
v 6184.3000000000002 2394.1999999999998 6151.3000000000002
vn 0.60912768178460175 -0.76068270538483174 0.2243329869014595
v 6149.7246764843167 2384.97467900724 6151.3044192433981
vn 0.11598097263300679 -0.74343958385540865 0.65866987113727804
v 6016.7779425787376 2561.994831580575 6346.1459179201884
vn -0.85783979521813614 -0.49968818527175474 -0.12009414323740647
v 6026 2552 6360.1000000000004
vn -0.79588275499999739 -0.42480097175661735 -0.4314102162539129
v 6108.229430476782 2386.0032883787653 6150.9187918278931
vn -0.12295148222453275 -0.60035756023677322 0.79022384985859517
v 6068 2552 6360.1000000000004
vn 0.19194096779616954 -0.79432571906610272 -0.57637255044943703
v 6088.6448669091169 2560.9513227138445 6359.8804721239212
vn 0.48746913805405995 -0.74638809413141649 -0.45307687248821676
v 6082.3400459543018 2401.0246798418611 6151.2980562301727
vn -0.26756475055247564 -0.39463911108086674 0.87901597042778179
v 6104.7979407258845 2574.2981385975172 6359.794447061774
vn 0.71654284873289265 -0.60468207328485934 -0.34774406706322836
v 6120.2041829751097 2583.6501135034596 6361.6028296017967
vn 0.96883543112004433 -0.17172138395093689 0.17852079346791158
v 6069.8067562167071 2418.4658978405228 6151.3693790439356
vn -0.4466614156841644 -0.093639446874885263 0.88978943224112506
v 6102 2604 6360.1000000000004
vn 0.63734274272084313 0.61670497925483825 0.46202726852791143
v 6106.0711178539659 2598.4453403559719 6346.3021334263685
vn 0.96277663335643637 0.041716340154063912 0.26705973344365647
v 6101.8208265788162 2467.4223095831494 6150.5474480813255
vn -0.36120067880120055 0.46165505794529293 0.81019051901826156
v 6087.4623055451284 2619.9981903498397 6345.614407259186
vn 0.40197720646446033 0.86776231193048281 0.29223773793966451
v 6081.4556725063985 2644.2865481266408 6332.7046702621337
vn 0.21056095584006784 0.6302777733544197 0.74727104339129302
v 6133.3000000000002 2478.1999999999998 6151.3000000000002
vn -0.067553511206718028 0.62094062030091945 0.78094127127713853
v 6142.3000000000002 2475.1999999999998 6151.3000000000002
vn -0.1717535936316745 0.49150563114964174 0.85376982707448612
v 6154.4479659686531 2476.7733156975119 6153.2436439089679
vn -0.71100882808050514 0.49708567004144127 0.49736534160618595
v 6066 2626 6346.1999999999998
vn -0.065261085136628455 0.43989908637647718 0.89567281111571662
v 6172.3000000000002 2529.1999999999998 6151.3000000000002
vn -0.74445968470140045 0.66142522887070287 0.091084820182233489
v 6190.3000000000002 2547.1999999999998 6151.3000000000002
vn -0.39875394563123956 0.80939400386813376 -0.43113412918235777
v 6220.4473073223635 2559.6308821691409 6152.1457316088736
vn -0.42885994048429138 0.8617317823863806 -0.27110419892174609
v 6034 2602 6346.1999999999998
vn -0.25945681955618577 0.37055205685740383 0.89183705459267415
v 6241.3000000000002 2568.1999999999998 6151.3000000000002
vn 0.08924694560453128 0.92686574562811097 -0.36462977426632004
v 6313.1976666091805 2568.1657889202943 6137.209546492456
vn 0.16049994532932968 0.87325806170648856 -0.46006534885156136
v 6323.2290293143542 2575.6522504519526 6151.3729236208728
vn 0.2630030986187501 0.93615741036225031 0.23332096592629986
v 6012 2602 6346.1999999999998
vn -0.28208276787570369 0.63067327732274803 0.7229664787101584
v 5982.8358648163157 2592.6560614864902 6346.8261215362581
vn -0.41524829429038684 0.62290211188686118 0.66299457998977085
v 5988.7174430779651 2570.8743971855911 6346.9950394657853
vn 0.08374479849935583 -0.61948485151515376 0.78052887676725335
v 6349.3000000000002 2568.1999999999998 6151.3000000000002
vn 0.38392434191917024 0.84218892296769576 0.37857617161206097
v 6084 2562 6346.1999999999998
vn 0.091071438382731754 -0.9485688653177512 -0.30318822678444229
v 5989.3000000000002 2475.1999999999998 6151.3000000000002
vn 0.98431797685015643 0.010089673509668788 -0.1761145051893323
v 5986.8738064145609 2471.5405783630822 6137.530161289611
vn 0.93531358480870586 0.1359908804904148 0.32664197295468556
v 5979.9084676107741 2461.2556653673519 6152.5304386307671
vn 0.73850161898207434 -0.67263886680406448 -0.046608085407999718
v 6102.2995495525538 2573.1704827737121 6332.5462240401239
vn 0.43316268867641922 -0.81727146369278414 -0.38004925966520442
v 5965.3000000000002 2451.1999999999998 6151.3000000000002
vn 0.26600562663529365 -0.95150129636373992 -0.15455189942697933
v 5924.9673696675427 2452.5334607331838 6151.3888872162934
vn -0.34759018754037169 -0.85936935384508084 0.37505382973319656
v 6106 2580 6346.1999999999998
vn 0.94190859392242654 -0.32083602034400344 0.099360196985006421
v 5911.5209038276116 2471.5225956829349 6150.7035373384269
vn -0.8745150724427796 -0.42176106452714435 0.23945979311635965
v 6115.814719071227 2625.7650217266355 6331.2803226428614
vn 0.37958192051621942 0.4886287702291856 0.78559499140557931
v 5910.9430635315466 2496.338403412351 6147.4985570185945
vn -0.87055744565687432 0.34393748587045109 0.35190444672452137
v 6066.9007820043471 2651.0306694935111 6333.9721166763238
vn -0.045485248813070214 0.68340244121047866 0.72862349364261592
v 5920.3000000000002 2505.1999999999998 6151.3000000000002
vn -0.3914337640002768 0.90115491110109391 0.18627784247987
v 6047.6504260541687 2634.8790801633872 6332.9691388202555
vn -0.25846644621413684 0.4545083544134747 0.85241847231849099
v 6025.3829854086162 2616.1383121898234 6332.2431576034087
vn -0.35974117494145702 0.59134541292396581 0.72173186826239322
v 6010.14398869053 2606.9752551397578 6333.3429496593117
vn -0.32859624486402944 0.72355592934268875 0.60703486306331444
v 5972.4266625167475 2510.2286588500597 6151.8964069425137
vn 0.42926915139090149 0.77555347198055702 -0.46286586368303134
v 5991.1548018827998 2598.0571868995885 6331.9621824614151
vn -0.38389923970985823 0.72986053682665064 0.56561910375561575
v 6193.6000000000004 2542.0999999999999 6168.6999999999998
vn -0.63301163712274977 0.31586991198824371 0.70676903297167404
v 6249.3379499357325 2504.4151100689232 6166.0203524763892
vn 0.28508017548803594 -0.063241237844631898 0.9564150978417213
v 5970 2594 6332.1999999999998
vn -0.38109834987960695 0.72653661245743906 0.57175921372367022
v 6255.7898374345523 2471.3913021561148 6166.6945175567034
vn 0.64216959178703603 0.10906269913419453 0.75876448456792944
v 5946.6056673513576 2550.8930368428555 6331.8536488497703
vn -0.35123250813782364 -0.039272813840763546 0.93546425443212011
v 6262.8171836855236 2452.0703966353321 6165.1688356945897
vn 0.75380647707353898 0.37448801784931357 0.53993936660450337
v 5946.9554341633502 2509.084116423357 6332.5182185870863
vn -0.30494560994300607 -0.056912365431239301 0.95066774302987112
v 6271.0232944287236 2432.7004630090378 6164.9300633619569
vn 0.80872011017961543 0.55417299824371347 0.19713972559746482
v 6283.3884852013489 2433.1456561714945 6179.4679922012383
vn 0.51003464334569804 0.854697315801772 0.096732419325026228
v 5980.9415039954965 2514.491732274073 6332.4379250425882
vn 0.44953982093617095 -0.21398002712354589 0.8672522685959847
v 5990.4975888759554 2552.1173282019809 6333.3768578678555
vn 0.15395431053156611 -0.48764839050054842 0.85935855003076267
v 6292.9148566309505 2409.6933699695883 6165.5957016160846
vn 0.65258009990073051 0.75724676107628086 0.026768564642781045
v 5998 2562 6332.1999999999998
vn 0.43587774042301419 -0.8818432012983255 0.17989764792139057
v 6313.3000000000002 2394.1999999999998 6165.1999999999998
vn 0.70945963546870672 0.3251968793325139 0.62523116949893365
v 6337.5713271186423 2382.991952915756 6152.0637650192111
vn 0.7572807030616433 -0.40531109071953325 0.51210238869800773
v 6322.3000000000002 2379.1999999999998 6165.1999999999998
vn 0.76096647744484591 -0.073434282441128151 0.64462192513716099
v 6322.3000000000002 2370.1999999999998 6165.1999999999998
vn 0.84499521699596825 -0.50897119147076086 0.16410792030481233
v 6297.3845991472599 2344.9282640088113 6165.1913620401247
vn 0.25306030354387699 -0.96739632309752033 0.010238985676263824
v 6061.8351894264379 2561.9591957107341 6332.5506285693846
vn 0.14070139317435015 -0.79776097069648744 -0.58632802388440819
v 6263.6918956736481 2350.9495657009502 6165.2483569543674
vn -0.32272459659766173 -0.88349013715203406 -0.33954971993208388
v 6125.2375679673678 2581.7905701767454 6332.7098972023396
vn 0.70422074852761174 -0.70976927279914337 -0.017341186043215398
v 6178.6108704722901 2595.0680896203344 6318.7347086032823
vn 0.79403959425646808 -0.06244626881335414 0.60464997003581644
v 6224.3571354106316 2390.6286946099099 6164.9531810316039
vn -0.32266884789412154 -0.55451239439279076 -0.76707289031972337
v 6143.2430558296737 2602.9054863179099 6332.2458658804553
vn 0.4322289712269714 0.30256826928950614 0.84948841007469134
v 6199.3000000000002 2400.1999999999998 6165.1999999999998
vn 0.0077030594227680427 -0.94896730963692855 -0.31528036430450151
v 6163.3000000000002 2400.1999999999998 6165.1999999999998
vn -0.099707880382104902 -0.8737554901844542 0.47603537889765291
v 6127.3000000000002 2412.1999999999998 6165.1999999999998
vn -0.15226799815564207 -0.4592363570822055 0.87516651276859214
v 6113.6837416608005 2421.2589216582592 6165.5044254907543
vn -0.82165960513986203 -0.14041328142502513 0.55241253034382087
v 5981.3587490607033 2407.8002355217986 6443.8291300309211
vn -0.58545633531988395 -0.51561452940089714 -0.62560573567103983
v 5971.3000000000002 2457.1999999999998 6165.1999999999998
vn 0.3085467880348598 -0.94930352402060314 -0.060180552302511181
v 5944.3000000000002 2448.1999999999998 6165.1999999999998
vn -0.12229956257092153 -0.93874105173403777 0.32219257406748819
v 5926.9632260165499 2450.6639208435481 6165.1325197465676
vn -0.55182054607800934 -0.78879942819872462 0.27072042220625459
v 5994 2392 6443.6000000000004
vn -0.75471308322784747 -0.64123191940138935 0.1386715094946559
v 6006 2392 6443.6000000000004
vn -0.3897383340771709 -0.79221624386531841 0.46957156420153673
v 5908.1640218380671 2464.0292377453766 6165.7559201272234
vn -0.80808482688765693 -0.52744442037889094 0.26230001137079911
v 6010.8661238985087 2379.2380019259544 6430.3082005528377
vn -0.28950048618614749 -0.78852882881015973 0.5425972305801624
v 5911.8487360310564 2487.4986337321961 6165.2862033273132
vn -0.86293974453357591 0.40409947831615856 0.30337865602071468
v 6020 2402 6443.6000000000004
vn 0.31247556300465973 -0.21029338065492303 0.92635614996482041
v 5935.3000000000002 2511.1999999999998 6165.1999999999998
vn -0.45549796596415054 0.8833864876683678 0.11022665924115772
v 5944.831420861301 2510.290549189428 6153.4693123976385
vn -0.5325225989665765 0.84074446875390285 0.09781830017742324
v 5949.7910647064646 2519.5823084706499 6155.2368046575257
vn -0.36509911007387197 0.92214717515160238 -0.12785627549395809
v 6034.278891666916 2444.9363881508698 6429.6364086219701
vn 0.047006708797717012 0.95185883345488964 0.30291109339524591
v 5988.0250058726269 2504.1119645945505 6164.3349621773887
vn 0.827546388836225 0.38060567804589179 -0.41268182921392432
v 6016.6803396737196 2435.8263394687829 6430.353777948867
vn -0.63551531394891492 0.72973591116044201 0.25220187489241952
v 6004 2406 6429.6999999999998
vn -0.99190075430835545 0.073060624334894034 0.10389917600400397
v 5989.3000000000002 2487.1999999999998 6165.1999999999998
vn 0.90841460386043893 -0.11730428076664737 -0.40127623055309591
v 5983.3000000000002 2469.1999999999998 6165.1999999999998
vn 0.70936798168184445 -0.39708981424699691 -0.58233731289168833
v 6004 2394 6429.6999999999998
vn -0.80035281662885494 -0.55177038510668341 0.23448840276969055
v 6118.3000000000002 2427.1999999999998 6165.1999999999998
vn -0.99477353798383383 -0.064574604530652654 -0.079093163907102734
v 6121.3000000000002 2436.1999999999998 6165.1999999999998
vn -0.57131670142509039 0.81652416100911451 -0.082979040492860368
v 6145.3000000000002 2457.1999999999998 6165.1999999999998
vn -0.25779256936744677 0.96568933438035554 -0.031418157854275458
v 6151.300000000203 2454.2000000008484 6165.200000000129
vn -0.37736203894111769 0.91770698290501163 -0.12414421087422055
v 6016 2366 6429.6999999999998
vn -0.1460581542981132 -0.3161287568920258 0.93740579506899302
v 6157.3000000000002 2469.1999999999998 6165.1999999999998
vn -0.82211969079800129 0.5563706167200142 -0.12071019365732974
v 6157.3000000000002 2487.1999999999998 6165.1999999999998
vn -0.88436664868035064 0.25196214503667363 -0.39295127963960547
v 6167.8396834225769 2519.8053958167247 6163.8904409827346
vn -0.89921281134358577 0.43324401180875027 0.060958560903487224
v 6026.2991702149429 2363.9303409002987 6429.8929359252033
vn 0.22068504310724327 -0.33921776359878764 0.91445580571605045
v 6040 2368 6429.6999999999998
vn 0.40973989883736284 -0.52667886268955633 0.74479701321687863
v 6175.3000000000002 2538.1999999999998 6165.1999999999998
vn -0.62987716000888616 0.62987716000888616 0.45443319266783311
v 6221.0656372766953 2599.0035078702663 6176.983710409917
vn 0.59828619321533172 0.63740020834333644 -0.48556627293478494
v 6250.3000000000002 2574.1999999999998 6165.1999999999998
vn 0.62177676195081744 0.75416770114415999 0.21124567888808907
v 6256.3000000000002 2568.1999999999998 6165.1999999999998
vn 0.44634576368919276 0.58843470455417879 0.6741810274050638
v 6256.3000000000002 2550.1999999999998 6165.1999999999998
vn 0.35733167386243891 -0.10950471985302021 0.92753587056489584
v 6054.6902671215366 2382.6195399567059 6429.646048522236
vn 0.70453231661686322 -0.28617712152305413 0.64941271157812641
v 6250.3000000000002 2514.1999999999998 6165.1999999999998
vn 0.052226606844392141 -0.019115927774299334 0.9984522837085652
v 6061.629041111416 2409.6341944574415 6429.7228974011787
vn 0.8016234199148301 0.17941530055041569 0.57027190231718061
v 6297.7571766183455 2424.6496195487634 6178.7754559628402
vn 0.73738618567264158 0.67064915208025566 0.080568778029624366
v 5998 2324 6415.6999999999998
vn -0.29094267771909593 -0.81303664601826109 0.50430523546064765
v 6298.3000000000002 2400.1999999999998 6179.1000000000004
vn 0.9359944180307519 0.16875062193733187 0.30892989012239946
v 6295.3000000000002 2391.1999999999998 6179.1000000000004
vn 0.86177393729054796 0.1470613917903382 0.48550862819463392
v 6295.3000000000002 2382.1999999999998 6179.1000000000004
vn 0.91782405514469956 0.012123168523923601 0.39680225879231079
v 6286.3000000000002 2355.1999999999998 6179.1000000000004
vn 0.57249190776560499 -0.80538992756286287 0.15362317573590373
v 6259.3000000000002 2355.1999999999998 6179.1000000000004
vn 0.053268134011486203 -0.93506485884325519 -0.35045144550333623
v 6241.3000000000002 2361.1999999999998 6179.1000000000004
vn -0.19766123087611531 -0.8686812725607852 -0.45422778923213586
v 6232.3000000000002 2361.1999999999998 6179.1000000000004
vn -0.19520303368226641 -0.64948248010076526 -0.73489338252796843
v 6012.300497481182 2323.9260589148198 6415.656970211845
vn 0.05601212067544166 -0.8545509022788057 0.51633845271480494
v 6024.0473618668821 2332.3699982525013 6415.0589755562696
vn 0.27490548285976846 -0.69601517277965685 0.66331731076019851
v 6185.8771818022678 2400.0996701847271 6178.3457084032243
vn -0.51013071796865805 -0.85978831043022053 -0.023037183689168916
v 6037.8721024404758 2343.3436547271285 6417.1133358639745
vn 0.43344524441141785 -0.4412814356197825 0.78574545157733489
v 6046.3797084987391 2350.9453041252864 6413.8287401041407
vn 0.65083244585852706 -0.59872885476081505 0.4668413926534476
v 6150.8224133581025 2427.1117262463104 6179.3663648538477
vn -0.40938638113326814 -0.90837097147055013 0.085234788274833093
v 6056.546557739618 2374.3594275462428 6414.2183730804327
vn 0.92178169030859558 -0.32899108666147325 0.20514234158050151
v 6060.0157932730599 2394.20924030075 6416.0942464206028
vn 0.96493168389542294 0.076752470514012294 -0.25102968685942151
v 6120.9700250297738 2431.1516431677801 6178.8566103165995
vn -0.87760663264193151 -0.47123507246625917 -0.08800059556963033
v 6061.7000530862024 2407.9626945642808 6414.7509077781015
vn 0.86634433664681676 0.085125631697391929 -0.49213932700822349
v 6085.0847510708109 2435.6089179760133 6178.6321406385623
vn -0.15844565041824235 -0.92926719790445411 -0.33370263823102186
v 6052.740136988471 2426.5817752527928 6415.62067734022
vn 0.59927760706133248 0.65174089537936364 -0.46486573864391068
v 6055.6388681111093 2423.6476862553209 6429.6097802043832
vn 0.73052731136877258 0.50290098233861458 0.46197451153409824
v 6050.75670913473 2448.5266206872802 6175.7821665527645
vn -0.077228985848976986 -0.49984396922563312 -0.86266545669425232
v 6035.6379780001935 2437.7380723314391 6415.8152958655819
vn 0.17458585467593565 0.89144030429719356 -0.41815542950151924
v 6011.8250596901698 2450.3841015397093 6179.7077763638108
vn -0.17700589020877566 -0.53970802281537211 -0.82303351386205448
v 5994 2438 6415.6999999999998
vn -0.38200234146650464 0.88839530781067799 0.25461340925819009
v 5986.8590248821847 2431.2816562380422 6415.1986574032908
vn -0.63181711094231496 0.64980030952058176 0.42257152775295076
v 5977.3000000000002 2451.1999999999998 6179.1000000000004
vn 0.033475696782481093 -0.99833971013622302 -0.046874309488773226
v 5950.3000000000002 2460.1999999999998 6179.1000000000004
vn -0.21088057477895475 -0.93263368483090581 0.29278625838591604
v 5939.0477086214614 2472.3995017572702 6182.7035068913592
vn -0.44030505064759468 -0.45005458613240423 0.77690561323458684
v 5966 2412 6415.6999999999998
vn -0.83104938615109525 0.19495196858993136 0.52091328234246259
v 5923.3000000000002 2481.1999999999998 6179.1000000000004
vn -0.5437289722494052 -0.16083822893037675 0.82370496468768795
v 5926.1776127872599 2504.4694179968956 6182.0834284642797
vn -0.81507764357635737 0.41713634171252467 0.4020518714851411
v 5968.1482584688138 2397.9456344087102 6415.4990361077544
vn -0.78164757727788248 -0.12820569796927789 0.61040180532484256
v 5939.1452291062724 2515.6156093672466 6178.9636877322737
vn -0.5935909460146479 0.78228681149809898 0.1888839150525341
v 5982.34650544326 2354.0182458403578 6415.5292869093546
vn -0.79752993617500934 -0.18638672864500391 0.57376474995393278
v 5984.6583065525556 2337.4431028098479 6415.700068926828
vn -0.70203502459948541 -0.46552467021566274 0.53891892308231149
v 5974.1926864092165 2520.295316673426 6174.5286179746381
vn 0.22524409775256887 0.92355022061826475 -0.31035477509390086
v 5984 2340 6401.8000000000002
vn -0.87799511071382252 -0.47246535463857769 0.076818449794731791
v 6012.3465645900442 2498.3883464803203 6179.1586089313023
vn 0.42502515929973295 0.35296795970902028 -0.83352698419492588
v 5997.726247682991 2328.4926804078759 6388.0301862873312
vn -0.42752829032060835 -0.84384903767810737 0.32425046273717129
v 6015.1384333207679 2322.116491626989 6402.9724406341102
vn 0.080445011335070704 -0.96829400027126233 0.23650650982579108
v 6031.1164296452107 2319.1865408046947 6401.7350090021882
vn 0.27196141817013469 -0.93565372317139039 0.2249202021660219
v 6103.6911558202701 2490.4899323069367 6179.0664672088969
vn -0.14371923093967623 0.35759547796842206 -0.92275145992550112
v 6049.1126302286757 2333.4069620600862 6399.5232109789513
vn 0.79259503920591523 -0.59483093817515864 0.13404946406395835
v 6121.3000000000002 2493.1999999999998 6179.1000000000004
vn -0.11899290397862386 0.2945280430705417 -0.94820563204811803
v 6139.3000000000002 2499.1999999999998 6179.1000000000004
vn -0.24651555762242786 0.18314622463124183 -0.95167617404946425
v 6151.3000000000002 2511.1999999999998 6179.1000000000004
vn -0.35098888862606015 0.77531373485737221 -0.52506705533917819
v 6187.3000000000002 2523.1999999999998 6179.1000000000004
vn -0.14413204354430056 0.86653007915174263 0.47786146104181532
v 6217.3000000000002 2493.1999999999998 6179.1000000000004
vn 0.7366700143853836 0.3453331465980975 0.58143125798850526
v 6220.3000000000002 2484.1999999999998 6179.1000000000004
vn 0.87487716257274872 0.011799566084789721 0.48420111591038989
v 6256.3000000000002 2448.1999999999998 6179.1000000000004
vn 0.63909037889045472 0.56179251246351258 0.52531196497851551
v 6266.9530614798732 2442.6445252367544 6179.5757528536469
vn 0.51579140734198636 0.82658783536560898 0.22519274974512418
v 6055.427505385941 2370.3371548393661 6401.2016343354426
vn 0.97140430858389382 0.19368926236039269 -0.13732493914411256
v 6064.3000000000002 2688.1999999999998 6193.1000000000004
vn -0.34405798545287192 0.85926020849430074 -0.37854457695817317
v 6079.3000000000002 2691.1999999999998 6193.1000000000004
vn -0.1736135031694758 0.95823145589774694 -0.22726818617067046
v 6056.0735416259431 2389.5019399088778 6402.5589284927046
vn 0.808679552572247 0.28781262066542534 -0.51303145774625802
v 6232.3000000000002 2595.1999999999998 6179.1000000000004
vn 0.7635885203599887 0.55304984606910468 -0.33326931952608957
v 6238.3000000000002 2577.1999999999998 6179.1000000000004
vn 0.87565383172531364 0.48121134996724368 0.040816707945143943
v 6238.3000000000002 2559.1999999999998 6179.1000000000004
vn 0.47411419805929167 0.061153496646462531 0.8783370520742626
v 6249.4759146796805 2537.2285333624313 6165.5288881758925
vn 0.23017286549193594 -0.38294622433781739 0.89463547954272471
v 6223.3000000000002 2553.1999999999998 6179.1000000000004
vn 0.11660885835087458 -0.74965155470492062 0.65147902551241121
v 6202.3000000000002 2559.1999999999998 6193.1000000000004
vn 0.47246113195467149 -0.88033127816525392 -0.042394804823714771
v 6187.6295122822949 2595.2234562227677 6178.82822998965
vn -0.56521030561594932 0.56737458736618118 -0.59885172458345715
v 6178.3000000000002 2608.6999999999998 6189.6000000000004
vn 0.12598049005843096 0.17647623790027128 -0.97620953364593011
v 6048 2400 6401.8000000000002
vn 0.69314146349644956 0.24748166091843038 -0.67698429752177802
v 6040.4864145746524 2607.0173366800009 6192.9737940960895
vn -0.8264144430833682 -0.48198978717752194 -0.29107561443682184
v 6039.0883012798104 2418.2606530174698 6405.5383072494351
vn 0.52331053804199479 0.42429998634973187 -0.73899634800032366
v 6024.5334806105839 2635.8506795785033 6192.6545161681324
vn -0.87390503104946871 -0.099843252870441421 -0.47573240541577172
v 6022 2430 6401.8000000000002
vn 0.44901584380910287 0.80887204319288541 -0.3796192694652975
v 5998.8173707707347 2437.4441593640358 6401.5312851021963
vn 0.07785839879346533 0.98736182942246797 -0.13803871752821709
v 5972 2424 6401.8000000000002
vn -0.86762420837479071 0.46509976566369216 0.17581365425243958
v 6032.3588330987204 2662.2239561065217 6193.8394593923822
vn -0.68287020344041438 0.5484314194788672 -0.48260880988813493
v 5965.5125526840775 2402.0383814026463 6397.7652924597824
vn -0.98060344639404518 0.1544659493466663 0.12065302073530565
v 5970 2382 6401.8000000000002
vn -0.76316221754506719 -0.47702193361702927 0.43592832502599105
v 6043.3453134478395 2671.2811300198628 6193.4851095105878
vn -0.98404501876798933 -0.12593089407034988 -0.12568536492587276
v 6025.4828545615437 2326.514584695246 6374.2043575496245
vn 0.4408791253350543 -0.76087198454411464 -0.47612962518593388
v 6052 2346 6387.8999999999996
vn 0.99292478656260019 -0.10485357224086175 -0.055732365981942339
v 6117.3190750333306 2686.1055426826642 6179.2414341636786
vn -0.73052603637110314 0.57966000881067936 -0.36100690349289571
v 6052.1011346803443 2366.3422829878946 6387.7323432696794
vn 0.91303189193770151 0.34350773516069016 -0.21994362957229416
v 6133.3000000000002 2688.1999999999998 6193.1000000000004
vn -0.28406826704417809 0.94070794978031558 0.18540165284762875
v 6160.3000000000002 2679.1999999999998 6193.1000000000004
vn 0.65267142102335018 0.69911946398214175 -0.29197943636613077
v 6178.3000000000002 2661.1999999999998 6193.1000000000004
vn 0.5606828132171402 0.75747456338321917 -0.33446534766746028
v 6041.1791972094525 2375.8821898538718 6386.8655364540991
vn 0.48287739383444478 0.44737082012750345 -0.75278733505691986
v 6211.3000000000002 2634.1999999999998 6193.1000000000004
vn 0.50137122591965821 -0.011272277586269679 -0.86515884644256924
v 6226.3000000000002 2613.1999999999998 6193.1000000000004
vn 0.73178763268227942 0.20169175515091961 -0.65100483604763404
v 6226.3000000000002 2595.1999999999998 6193.1000000000004
vn 0.98898011792453344 0.14679841185777817 0.019197724500839144
v 6217.3000000000002 2568.1999999999998 6193.1000000000004
vn 0.5275949984936098 -0.56277697533144277 0.63633764119476732
v 6024.1776790997455 2389.0866208623802 6387.7033259548843
vn 0.55083038340336477 0.34766026883031931 -0.75876098093967137
v 6196.3000000000002 2553.1999999999998 6193.1000000000004
vn 0.49805349264730037 -0.86530616888656831 0.056461956649369316
v 6142.3000000000002 2553.1999999999998 6193.1000000000004
vn -0.40893375040264535 -0.79879981203731643 -0.44123921864536819
v 6009.2278210103259 2426.5830943203882 6386.4087351972939
vn 0.72604718574935423 0.53838054793590218 -0.42778717800990756
v 6087.5012489596556 2568.5663271062658 6193.018018168008
vn -0.66921378757983163 -0.73183641010862177 -0.12871820132514705
v 6001.1924363247226 2435.9151861922528 6387.920923243948
vn 0.45674794642695238 0.82073261130702668 -0.34318988063739747
v 5976.042229618477 2436.0106630810365 6387.1101403327057
vn -0.32406396052737385 0.93716556516541394 -0.12924106528307119
v 5966 2426 6387.8999999999996
vn -0.88294767577027289 0.46903671773854627 0.020198001508179752
v 5964.0038719098575 2372.8380769927935 6388.0723290866208
vn -0.87531388991959247 -0.42384762417274824 0.23276336824540966
v 6052.3037033613946 2586.7165164938779 6193.0384160316098
vn -0.66322983831139604 -0.67961399188446692 -0.31345016128293696
v 6233.2077361396869 2598.6957124601263 6202.4086795294825
vn 0.70310904368222893 -0.4912412717085472 -0.51412030271370412
v 5971.409464513973 2359.4680823841354 6387.9241963453305
vn -0.8117760410002226 -0.47304434704462039 0.34241598237689408
v 5980.8064760042307 2324.2122674353241 6373.746186945541
vn -0.4578716544822008 -0.88791344039145992 -0.044308807182472661
v 6220.3000000000002 2589.1999999999998 6207
vn 0.51980402903510436 -0.85415196788938097 -0.015105864740894528
v 6204.4315381980578 2574.5464966892887 6207.0764118609777
vn 0.51792190048964948 -0.84671140008605361 0.1218060341588403
v 6014 2324 6374
vn -0.0042371762822329033 -0.96703471774080774 -0.25460931055464125
v 6043.9537713576874 2332.3745824056041 6374.2231756457895
vn 0.5542941570773483 -0.66437184222769596 -0.50136617624735069
v 6184.3000000000002 2568.1999999999998 6207
vn 0.56282385138348723 -0.8150523192237118 0.13754646212064947
v 6173.5753565498517 2559.4185376001051 6207.31521392983
vn 0.63002507126091145 -0.7645523850291549 0.13611781708841211
v 6047.6843561759124 2353.9023023960235 6371.8746459604799
vn 0.60774262488260722 0.24026865364040664 -0.75691470852311016
v 6169.3000000000002 2541.1999999999998 6207
vn 0.63859126524005827 0.74471992273177356 -0.19389025928468584
v 6187.3000000000002 2523.1999999999998 6207
vn 0.90505605851397775 0.40923490520388789 -0.11575976550558544
v 6190.3000000000002 2514.1999999999998 6207
vn 0.90505605851397775 0.40923490520388794 -0.11575976550558546
v 6214.3000000000002 2490.1999999999998 6207
vn 0.89189014641680875 0.35143105721332413 -0.28465449012887317
v 6218.2017863205219 2480.2612824455791 6206.955000728105
vn 0.96615988757581983 0.12410354001553919 -0.226126917891459
v 6259.3000000000002 2439.1999999999998 6207
vn 0.61750893236964433 0.73701416252634988 -0.27475960889345674
v 6018 2358 6374
vn 0.37539180910477976 0.5074480580886418 -0.77561424561382775
v 6006.6257512347847 2372.8178554902652 6374.4438326622148
vn 0.73377596277703883 0.17895700383949537 -0.65539852549988276
v 6276.2973938956384 2429.2100127591038 6206.5597124134756
vn 0.83329177899598816 0.53639692299719899 -0.13380266087353451
v 6006 2414 6374
vn 0.81587106071659532 0.028480811042135866 -0.57753203866760472
v 6292.193565868085 2402.7064653212547 6208.1329685895944
vn 0.93666602064155113 0.32396408363123352 -0.13305652292351686
v 6292.3000000000002 2382.1999999999998 6207
vn 0.94433121983938451 -0.20786634891206998 0.25501005514807751
v 6000 2424 6374
vn 0.36269374010809813 0.87729323012406724 -0.31434032395618594
v 6284.2764976697945 2361.1200402488439 6207.986951792197
vn 0.75797001978674072 -0.59648151690669771 0.2639910019170596
v 5978.9394830445126 2431.1612812679255 6373.6941805228971
vn -0.16517041319139342 0.97965235194636879 0.11401755975345389
v 5962 2414 6374
vn -0.91114707312532106 0.38299897514278525 0.15206181695197907
v 6264.6500329557266 2340.1488149287129 6193.0053633757043
vn 0.11548238657159618 -0.95859096456687465 -0.26032130347414423
v 5964.2308480631136 2392.7278457546745 6376.1718532563582
vn -0.97543259636829871 -0.081394768173495807 0.20470989633181524
v 6232.3000000000002 2352.1999999999998 6207
vn -0.30506605190427039 -0.94318303738315623 0.13168318787235039
v 6205.3000000000002 2361.1999999999998 6207
vn -0.5652542055958707 -0.82439888208473955 -0.029226123136896823
v 5964.7605788085502 2368.5832575643835 6374.0807072803445
vn -0.99946280039155955 0.01337174484253981 -0.029921682327830466
v 6192.9736493035271 2369.6828778247354 6206.1188217259669
vn -0.52132162148275096 -0.85254235655176136 -0.037353677995139681
v 6183.3052881657786 2384.6783300652605 6191.9616272953081
vn -0.35016734343648626 -0.77269667755892546 -0.52945507465698338
v 5962 2342 6374
vn -0.82403924450681232 -0.56548987451987665 0.034358773670431927
v 5990.1204716504089 2338.4655370319415 6360.3418672887501
vn -0.2079234806635919 -0.66423935082828423 -0.71802082908503195
v 6018 2330 6360.1000000000004
vn 0.37350406532672947 -0.66210257551085716 -0.64970369606944334
v 6019.0803924468291 2335.6703721965032 6359.9136731263598
vn 0.32061064409634077 -0.12224111948502266 -0.93929011684312846
v 6008.1416574848099 2354.3037172200602 6360.1829320046945
vn 0.61467158006423073 -0.095592982935628984 -0.78296923967344378
v 6144.4561058551535 2401.4196548465943 6207.1146216384368
vn -0.26597053562045098 -0.61948674668197412 -0.73857690518127772
v 6002 2372 6360.1000000000004
vn 0.77189458312757975 -0.10952466770387509 -0.62624523926546194
v 6116.6741920941713 2405.5975650079536 6208.1658199309932
vn -0.037982418374678931 -0.6442707593214041 -0.76385373245002364
v 6002.1372671266017 2414.3146691581369 6361.8838123174173
vn 0.96829681086987451 0.22930943583618002 0.099088186458948319
v 6098.5696619563496 2409.1052152314764 6203.0457798949574
vn -0.0069211531973565289 -0.65256543160334701 -0.75770076884925763
v 6076.3000000000002 2400.1999999999998 6207
vn 0.6134321920441701 -0.76178279374852598 -0.20829767380500178
v 6070.3000000000002 2394.1999999999998 6207
vn 0.50086738327772429 -0.84131060434468252 -0.20329370719653406
v 5989.3269745568678 2430.138103200673 6360.2684808804961
vn 0.62748455605403664 0.77853398286303888 -0.01216426903196813
v 6032.9227112895387 2394.1813969968489 6206.9335785271605
vn -0.38180802625339089 -0.9002007702500755 -0.20943066711840672
v 5967.6683771558992 2440.8929017279752 6355.9567986782586
vn -0.11573189836628593 0.72116021470378355 0.68303299512463389
v 6013.1268160417603 2405.5982595723472 6206.685006714868
vn -0.53128628364996344 -0.82721654903208708 -0.18288703019310981
v 5998.3000000000002 2418.1999999999998 6207
vn -0.63012530766780994 -0.76955120815583367 -0.10360036033935603
v 5985.9125950823454 2423.0770564303612 6206.7270652751577
vn -0.6764064519382107 -0.7365282000959642 0.0007226615810212709
v 5955.042928597295 2420.3103698579962 6362.195038781234
vn -0.84559531932020704 0.35235504914739202 0.40101680174787668
v 5977.0265415203594 2438.2500138771802 6206.4793377792494
vn -0.86179406639349143 -0.50373602757828473 0.059674128804869164
v 5951.8525522210584 2401.2653680335516 6359.8904742744853
vn -0.94787668597458952 -0.12436831168066012 0.29336378651007972
v 5963.8322284418518 2378.2523837815111 6360.3526261790767
vn -0.91176108226015173 -0.4102982110084793 0.018630805646519141
v 5960.3060166627401 2462.3894201345156 6206.6389773006531
vn -0.81900783197379501 -0.56670397245030546 -0.089848643699431754
v 5992.5715009696205 2437.583910234453 6339.7341606638274
vn 0.63469628606105855 0.69172749444849779 0.34449049026686113
v 5941.5192253005025 2489.8154509031519 6207.064681804357
vn -0.94244702076255482 -0.31192239677741573 -0.12040777152832427
v 5941.3000000000002 2520.1999999999998 6207
vn -0.91261187695972279 0.35124951255332515 -0.20919689759435528
v 5953.3000000000002 2532.1999999999998 6207
vn -0.26708833417579014 0.73403642681708181 -0.62438317230112172
v 5968.0391264421505 2448.493360307587 6346.1615503784114
vn -0.33381955479535025 0.85487703737444998 0.39717723475309802
v 6011.5032007632672 2531.570685799546 6207.5390846443188
vn -0.84046267341919467 0.33905476151784897 -0.42268707489244867
v 5951.0538604242056 2427.7840633217634 6347.2684747240819
vn -0.91549763564495079 0.36235468520824338 0.17482322853711363
v 6072.4951856966809 2541.7246182829276 6206.5638330697575
vn -0.72119646718041053 0.68756643299826292 -0.084427814969595963
v 6079.3000000000002 2547.1999999999998 6207
vn -0.80903026768855257 0.033790502319995239 -0.58679487720731804
v 6151.3000000000002 2547.1999999999998 6207
vn 0.17985727186642173 0.97425925934785784 -0.13590532488365462
v 6160.3000000000002 2550.1999999999998 6217.3999999999996
vn -0.03817132773421119 -0.011147724726789697 -0.99920902616640883
v 6151.3000000000002 2559.1999999999998 6207
vn 0.092518761959958923 -0.97758618623050908 -0.18911776007737932
v 6114.098725079486 2566.1915314276466 6207.5122307754618
vn -0.71156037820261164 -0.69338030277297591 -0.11360274599943571
v 5949.9352722181957 2398.0503552258151 6342.9495575125193
vn -0.86043788463550119 -0.48947172451674154 0.14164772353479979
v 5968 2378 6346.1999999999998
vn -0.25510786527605805 -0.30559144848629077 -0.91735153768135325
v 5972 2354 6360.1000000000004
vn -0.75469839885121281 -0.34270720519234144 -0.55944803000874921
v 6109.3000000000002 2571.1999999999998 6207
vn -0.71156037820261164 -0.69338030277297591 -0.11360274599943571
v 6073.3000000000002 2583.1999999999998 6207
vn -0.39711831797956498 -0.89419417044089122 -0.20667323744163743
v 6058.4075812837254 2592.7469816662997 6206.967804932071
vn -0.68067244546260608 -0.69960582116706571 -0.2173400951897996
v 5983.2188375513488 2376.451010459652 6347.6801192563325
vn 0.33857081487252222 -0.34256773637711851 -0.87636587639524932
v 6034.3000000000002 2616.1999999999998 6207
vn -0.58664175269714902 -0.66625729355076346 -0.46038318038654374
v 6025.62891851727 2632.1549100851262 6207.094665697362
vn -0.87203599341879545 -0.086484477253320452 -0.48174024263737253
v 6000.0551277757877 2391.8824645737895 6346.9666514727305
vn 0.73579857699843843 -0.66669965821193944 -0.11879402269119628
v 6028.3511957146329 2665.865066641436 6205.6676429864983
vn -0.80362027216036835 0.38472595397525522 -0.45407091793102677
v 6005.917057737789 2399.337566233331 6346.5482945406784
vn 0.90259408148036802 -0.43009220724869696 0.018563871917107837
v 6006 2420 6346.1999999999998
vn 0.92284318900168694 0.38169261590784936 -0.051683609342030506
v 6043.3000000000002 2673.1999999999998 6207
vn -0.96220460040390199 -0.090335138853702146 -0.25690829034861729
v 6033.1786645518132 2676.8442251600991 6206.3766565626174
vn -0.97460297868676027 -0.010756036785958207 -0.22368133942632168
v 6117.4008147481109 2694.2487735777145 6207.0350366946423
vn 0.062184072689472243 0.87231053984907514 -0.48498192045886157
v 5966 2390 6332.1999999999998
vn -0.22648867631562108 -0.91514916878177077 -0.33347395457341439
v 5988.2389217903283 2396.1146247338875 6326.3995063415914
vn 0.39411669626823237 -0.57877177866054552 -0.71392944885942511
v 6149.6257937148366 2686.5900953766077 6209.0118783131138
vn -0.3025319614842335 0.94872650493560384 -0.091610212930522558
v 5998 2432 6332.1999999999998
vn 0.98851560480289757 0.15080935615262114 0.0096662897739198186
v 5985.0992732003542 2452.2150445704319 6332.9699148733107
vn 0.46148953762024086 0.61376767541952093 0.64055963600368548
v 6198.0293208014191 2664.7312493581512 6203.7118181970254
vn 0.26318744173743142 0.64401822888165183 -0.71831253043493992
v 6206.2195335397228 2653.8401786134691 6201.0476082799923
vn 0.37407184285344353 0.50458200693442379 -0.77811776400636024
v 5969.051697266812 2452.5644434123683 6332.8790748068968
vn -0.45422300026215889 0.6429111630317621 0.61672254902994239
v 6238.3000000000002 2634.1999999999998 6207
vn 0.5460183120112303 0.2240686155600107 -0.80725290861626942
v 5956.5592656739291 2433.2497947881366 6331.6352602999077
vn -0.93767708561637775 0.056539044639478106 0.34287755765175332
v 5988.1702905580896 2434.14088196597 6195.4466608321009
vn -0.50124663451202855 -0.71138815131376276 -0.49262430873917679
v 5952 2418 6332.1999999999998
vn -0.98250260674315415 -0.18114870741594721 0.04328710598363409
v 5947.3000000000002 2475.1999999999998 6193.1000000000004
vn -0.72313648071390335 -0.60333316018629124 0.33624801572698326
v 5940.652475335135 2498.626301127822 6194.2460217173721
vn -0.94655167950626329 0.083687838337600892 0.31150644253089166
v 5952.432328874489 2395.496889718388 6333.2079378882645
vn -0.77378733261924992 -0.59901040321210008 -0.20600898213831237
v 5950.4766234887175 2519.7826940620821 6193.0438361292809
vn -0.56143001067076759 0.81961144611383596 -0.11416400710122392
v 5917.3444946801483 2482.6155233160753 6318.2121343485805
vn -0.77649593012500229 -0.39934362786183042 0.48742049339913818
v 5937.7479890117793 2443.148060380885 6318.3806756366703
vn -0.75982726795556255 -0.44165895891279483 0.47707429912252886
v 5947.5075396700959 2429.7758728303306 6315.3777139738104
vn -0.9240433681301351 -0.36205066888480569 -0.12273209431432476
v 6022.3000000000002 2511.1999999999998 6193.1000000000004
vn 0.22779941691396971 0.70052468026656878 -0.6762932780910047
v 5948.0075157484698 2423.9893591699074 6316.0521282415193
vn -0.96598786388667879 -0.19070213516471776 -0.17464289984785844
v 6087.8982016717073 2524.7306908199389 6193.8987078202626
vn -0.17431848426149338 0.38465233250262182 -0.90645223213640325
v 5962.0604428115485 2408.3991186169951 6314.429763014602
vn -0.63306471985493884 -0.63428178339846264 -0.44375182222031884
v 6106.3000000000002 2532.1999999999998 6193.1000000000004
vn -0.1058939560600044 0.46014903579143746 -0.88150401866932648
v 6160.3000000000002 2532.1999999999998 6193.1000000000004
vn 0.13569119180874367 0.64619755979212479 -0.7510103955234082
v 6178.3000000000002 2526.1999999999998 6193.1000000000004
vn 0.41612068327884288 0.83886109614475857 -0.3509353762765488
v 6220.3000000000002 2484.1999999999998 6193.1000000000004
vn 0.9821333320976845 0.14638745707474304 0.11825747500217343
v 5980 2404 6318.3000000000002
vn 0.49128297320502029 -0.85608183019363027 -0.16051461070930576
v 5991.1472069595684 2417.4032941704568 6319.1692852467786
vn 0.8769120239773649 -0.45989605328465699 -0.13971729448109607
v 6237.122608137337 2458.6521679918242 6193.0733845936138
vn 0.76486844202537596 0.63624070670729127 0.10086639441499079
v 6000 2440 6318.3000000000002
vn 0.96726371571974756 0.05566043622605809 0.24759406311774132
v 6253.3000000000002 2439.1999999999998 6193.1000000000004
vn 0.70561366593436969 0.70561366593436969 0.06495158884368786
v 6271.3000000000002 2421.1999999999998 6193.1000000000004
vn 0.71651082183675341 0.67973786051689622 0.15674400521465726
v 6279.8184559334522 2403.7986556806954 6194.1388080369443
vn 0.87262886696237152 0.41987973266175466 0.24943911209724309
v 5999.7711328695696 2475.3752767814917 6318.1950625101172
vn 0.46605961808717994 0.31148699593613444 0.828108859843387
v 5996 2488 6318.3000000000002
vn 0.6979814116186156 -0.0058972251376160859 0.71609159453980542
v 6295.3000000000002 2385.1999999999998 6193.1000000000004
vn 0.94024793840603049 0.30653324978994484 -0.14822678940199926
v 6293.6590124303139 2357.7594281708725 6193.7099627771568
vn 0.82108372984569278 -0.55643173619381059 0.12729977038088788
v 5960.3000000000002 2477.0999999999999 6321.8000000000002
vn -0.06593978418858501 0.010012814419084184 0.99777336525313798
v 5952.4351768674505 2500.3447832517209 6332.284244328278
vn -0.043631456393813377 -0.28775593661865911 0.95670936911565418
v 6277.3000000000002 2349.1999999999998 6193.1000000000004
vn 0.50134948202267826 -0.84576386635531431 -0.18257102520198054
v 5997.21125643507 2527.9698589463715 6317.6902715039632
vn 0.91976215889192114 -0.30903492866072818 0.24194004203134939
v 6012 2570 6318.3000000000002
vn 0.8140656506039623 -0.50835012427195814 -0.28085097055098818
v 6226.3000000000002 2352.1999999999998 6193.1000000000004
vn -0.34832711924202403 -0.91123843152226747 -0.21980158988822335
v 6213.576600014856 2361.0041761910602 6192.0280591388682
vn -0.60971699527690693 -0.74430500600016503 -0.27249815359667018
v 6022.8315592022682 2580.24435634477 6317.9546909712599
vn 0.30927023093588812 -0.91280406892703558 -0.26672205759387457
v 6194.709327003492 2378.5187287995795 6192.6909439225947
vn -0.48077892173252745 -0.66977653531397896 -0.56590725491065286
v 6044 2584 6318.3000000000002
vn 0.22780196641854844 -0.94682502688027503 -0.2272193490198601
v 6160.3000000000002 2406.1999999999998 6193.1000000000004
vn -0.37969222474113007 -0.6712364070763065 -0.63661251973741628
v 6124.3000000000002 2418.1999999999998 6193.1000000000004
vn -0.13595014678012055 -0.72747419238327593 -0.67253167732588182
v 6170 2584 6318.3000000000002
vn 0.20385708363943533 -0.83892555414122982 0.50462481514374091
v 6097.3000000000002 2421.1999999999998 6193.1000000000004
vn -0.03544862076396868 -0.64394134181996954 -0.76425319337313158
v 6052.5647771746071 2420.8263122118851 6193.4648668493201
vn 0.1442723435155801 -0.51375295877219906 -0.84572063250776475
v 6168.908946068902 2606.706815075976 6318.4267638732626
vn 0.54776313670358656 0.28788725559797468 0.78554215299556929
v 6032.5214892764934 2427.052437055625 6192.1418894989292
vn -0.1436835477687389 -0.46061487354502101 -0.87589324484761999
v 6122.9531795009498 2635.702167870681 6317.7198742435985
vn 0.34739972299415323 0.52939184284956664 0.77398818413973558
v 6015.656198167846 2430.567938460852 6191.4299265134796
vn -0.22948112396777945 -0.62122995148167526 -0.74927415618354276
v 6116.6640979772465 2660.7038617477019 6299.7686257979267
vn 0.28076440986888829 0.58208221073475352 0.76311968006146769
v 5998.3000000000002 2430.1999999999998 6193.1000000000004
vn -0.20047823880150262 -0.57574966702927588 -0.79266688885226289
v 5941.3000000000002 2481.1999999999998 6220.8999999999996
vn -0.63352600788360514 -0.58734827647104271 -0.50365345175185472
v 5934.5537281817278 2502.6337831276142 6220.2654560622432
vn -0.83274173453493461 -0.10025702905929816 -0.54450870671454976
v 6076.0698487679474 2661.7470490719602 6314.7396827366065
vn 0.38651710515123894 0.69932170020321238 0.60129334525703371
v 5938.3000000000002 2526.1999999999998 6220.8999999999996
vn -0.68200984653549146 0.22908348421746055 -0.69453821096281232
v 5957.9843820922106 2545.6803731245636 6220.8439687267801
vn -0.30249373505508803 0.56494722694082999 -0.76767973206558504
v 6055.6757748114032 2661.007349868748 6319.7745186950151
vn -0.14270857024535283 0.67353615113702436 0.72524707313442538
v 5974.3000000000002 2544.1999999999998 6220.8999999999996
vn -0.9287597935032943 0.32300530036500213 -0.18185934649567193
v 6064.3000000000002 2523.1999999999998 6220.8999999999996
vn -0.31622357211050156 0.94867071633150446 0.0051501860883700927
v 6082.3000000000002 2529.1999999999998 6220.8999999999996
vn -0.73457188412106322 0.67851587515919509 0.0045115646712358794
v 6082.3000000000002 2547.1999999999998 6220.8999999999996
vn -0.97624076345833322 0.05059363093500762 0.21069944535072488
v 6064.3000000000002 2565.1999999999998 6220.8999999999996
vn -0.55167368491550739 -0.69218812188807743 -0.46532972104605724
v 6042.8885266485449 2578.0879613967991 6220.116283309203
vn -0.49780066528818134 -0.81572175179285478 -0.29460570478291848
v 6018 2664 6318.3000000000002
vn -0.1276934442788511 0.29617467903433065 0.94655952997532866
v 6005.9571484591397 2649.5848015187594 6318.1334955821603
vn -0.26565407533564389 0.056387703425303276 0.96241796489881881
v 5993.5300692449891 2630.1005263617444 6319.3572245696741
vn -0.61651407073358866 0.26300390468714469 0.74211814875181092
v 6019.3000000000002 2592.1999999999998 6220.8999999999996
vn -0.7559718030364444 -0.60966888667189545 -0.23834949473006797
v 6001.9286475146037 2622.7207978441984 6220.911782247289
vn -0.92456185626657372 -0.31615861559149522 -0.21267135144202395
v 5977.1595997306003 2619.5745835208336 6316.8315289481616
vn -0.30820863897961898 0.65642608293849658 0.68855808215164604
v 5926.4462463057862 2614.0555198255024 6318.3097696596196
vn 0.18990892337071535 0.7291256021545538 0.65750319931307954
v 5888 2628 6318.3000000000002
vn 0.29994317660165393 0.47908371097875951 0.82493205095021582
v 6001.3000000000002 2658.1999999999998 6220.8999999999996
vn -0.39439887468562479 0.29915195201770889 -0.86888298248423934
v 6007.3000000000002 2676.1999999999998 6220.8999999999996
vn -0.26534499225710056 0.054036323031621258 -0.96263809963937197
v 6007.3000000000002 2685.1999999999998 6220.8999999999996
vn -0.38316107918103764 0.30527884631219532 -0.87177543748095898
v 6019.3000000000002 2697.1999999999998 6220.8999999999996
vn -0.34607490804237079 0.66227899658660072 -0.66454397048179592
v 6062.5118090895885 2711.2111479100449 6220.8767849944034
vn -0.13332049271691299 0.97642945521559488 -0.16973852010989138
v 5843.0889676936149 2631.7401005713627 6318.4491819088689
vn -0.42215303303783641 0.90162826386214012 0.094091925806088245
v 5852 2612 6318.3000000000002
vn -0.57642501782078048 -0.21456987787689785 0.78847572336642424
v 6127.3000000000002 2712.1999999999998 6220.8999999999996
vn 0.21883347946517201 0.97526595394469995 -0.03111635167400582
v 6150.5970480465512 2702.8520514619104 6219.7875652178764
vn 0.36970646360750764 0.92765436305108784 -0.052673650709923837
v 5867.0105575026091 2570.3258962889222 6318.1973362006429
vn -0.58920010618432939 -0.36567053604987504 0.72050558216947347
v 6163.3000000000002 2682.1999999999998 6234.8000000000002
vn 0.39410555766404914 0.87639470853088064 0.27679075901731576
v 5900.1853569135419 2522.9222460865421 6318.2925296330877
vn -0.70966835437932141 -0.36369325805227837 0.60340537024446894
v 6170.9901745713905 2689.9415008227516 6220.8529171469863
vn 0.49551581599068434 0.86071166127632104 -0.11678832238730705
v 5915.1709810203356 2491.3019466639744 6318.1680845066021
vn -0.65462184106919874 -0.65860352593370264 0.3710951910532756
v 6197.7297229224187 2676.868010075581 6221.2256171283561
vn 0.29430975006286814 0.95493330535863441 0.03852471070319867
v 5876 2796 6568.8000000000002
vn -0.86405014351550424 -0.40179783913970246 0.30327519838177108
v 6211.5477964372267 2674.4276306656252 6220.9461124942054
vn 0.41696143988629025 0.90885587498892229 -0.011142537685463529
v 5889.7302688781037 2782.4477956062879 6568.8925153185919
vn -0.40422304196762232 -0.85616900649374006 0.32183592817142703
v 6237.2333359821505 2662.6485017412033 6221.3364210412929
vn 0.42358721298503005 0.89657853516199526 -0.12930894509795329
v 5892.2139212359762 2794.1733515834057 6582.8114046412602
vn -0.40278686543452341 -0.35562725950456903 0.84338128585515881
v 6255.8626889026418 2651.6572468211043 6220.6352805654251
vn 0.76949733991398828 0.60562977032532095 -0.2026978666907846
v 5910.0210173620699 2782.1941601283988 6568.6138992169981
vn 0.54922742512183342 -0.82829091255339449 0.11083049975302793
v 6253.7745749006117 2607.9204821604799 6221.2617277886884
vn 0.87466689623841432 -0.45397749283464833 -0.16988895380284724
v 5908 2790 6582.6999999999998
vn 0.4075438504412961 -0.60363975223367727 0.68522044590828379
v 5918.1750009425896 2797.8383256025945 6570.4143380608175
vn 0.87469378264465891 -0.47790994461541619 0.080702363289236329
v 5932 2818 6568.8000000000002
vn 0.89709878720268621 -0.4413983442334673 0.01952607762514217
v 6220.3000000000002 2574.1999999999998 6220.8999999999996
vn 0.54644577931872207 -0.82864057664477508 -0.12145700886556213
v 6193.9094770607098 2562.6552826652137 6219.9819657583566
vn 0.44693228867268697 -0.88969938093679568 -0.093201614269691938
v 5926.0172172387611 2804.3742641774879 6582.6899919183516
vn 0.64966734332817844 -0.48949960015637861 0.58165495309474669
v 5942.7741342408854 2853.8865077896107 6569.7043859043215
vn 0.98256148328888993 -0.00027759761389646251 0.18593777049513419
v 5941.2451938002159 2851.611190796184 6582.6903922597039
vn 0.73919371529642952 -0.090633600219144517 0.66736661721843515
v 6181.3000000000002 2556.1999999999998 6220.8999999999996
vn 0.75664104204932348 -0.12838889675446841 -0.64110110331887926
v 6181.3000000000002 2529.1999999999998 6220.8999999999996
vn 0.90080326309712533 -0.10011678932257899 0.42252823537523454
v 5933.5489059723059 2880.1742057840574 6561.396831769468
vn 0.70575392234007606 0.70780610750119732 0.030363057909266071
v 5914.5102779452318 2894.310523762615 6571.4407438306425
vn 0.42816839223114567 0.88915925008874985 -0.16145481063073835
v 6263.6748069714467 2441.8037792174764 6219.521872647776
vn 0.75801990778671491 0.5935635924878041 -0.27034807391951626
v 5929.9585390545835 2885.7401586903725 6582.5244108013721
vn 0.69172757308807187 0.5784564987169899 0.43232053354168531
v 6280.3000000000002 2421.1999999999998 6220.8999999999996
vn 0.80070307440528465 0.52058760034145013 -0.29641716719626043
v 6291.3487890859778 2395.3162482975845 6220.0738880659765
vn 0.92542190403683311 0.31031415328790563 -0.21748431161362605
v 5908.4367201944697 2911.3413335020305 6582.7049934429479
vn 0.38869059455451499 0.8370661939222227 0.38501923159424328
v 6292.3000000000002 2379.1999999999998 6220.8999999999996
vn 0.89416948132583696 -0.14151762674155335 -0.42477488153953025
v 5899.6995135637362 2892.0608334801718 6554.4967525781922
vn 0.063337895875604733 0.82039258112533153 -0.56828190520248589
v 5884 2904 6568.8000000000002
vn 0.026424110643266035 0.70334683382658403 -0.71035554317738114
v 6271.3000000000002 2352.1999999999998 6220.8999999999996
vn 0.058427363903612139 -0.99816900290020316 0.015648795368621994
v 6253.1422527405039 2351.9962297356669 6217.7031508463206
vn -0.12218686330919044 -0.96792930524034404 0.21950678916973401
v 6215.2960831804357 2363.0316017680816 6220.5527004320356
vn -0.34963482731792189 -0.9357842663726198 0.045423499819199589
v 5876 2908 6568.8000000000002
vn -0.16877505368393295 0.80384791777270459 -0.57038890797987352
v 5880.59287979894 2914.6353102603462 6582.6848356374339
vn 0.0047582819070584497 0.91514322886269128 0.40310076831985941
v 5864 2896 6568.8000000000002
vn -0.70274953551170061 0.36682607338287926 -0.60957503412179503
v 6175.3000000000002 2376.1999999999998 6220.8999999999996
vn -0.4127874437003019 -0.90416335303773387 -0.10997798573774767
v 6165.0287126691273 2378.0860641398185 6219.9226610892019
vn -0.27971528271808621 -0.92852092646569084 -0.24414800783384683
v 5856 2872 6568.8000000000002
vn -0.92940603156508361 0.13206935976774928 -0.34461879330788026
v 6145.3741460894671 2380.981191754785 6221.0602100474343
vn -0.20431077849154863 -0.92093736428803941 -0.33186062865362048
v 5861.8565380283053 2901.1859877502066 6582.9114735740468
vn -0.6231532611567776 0.5793741475183064 0.52536236094443289
v 6108.3780997282229 2383.8462525697441 6221.5277556950987
vn -0.21976251463329863 -0.95163017899602487 -0.21471944389375389
v 5856 2848 6568.8000000000002
vn -0.98356341544512016 -0.035293043482186419 -0.17708023288807409
v 5860 2858 6582.6999999999998
vn -0.67136865813363211 0.0017314038031603063 0.74112153329714858
v 6058.3000000000002 2400.1999999999998 6220.8999999999996
vn 0.1624760776072689 -0.96401923203223849 0.21040067603819554
v 5870.1567560868498 2823.1024810808012 6582.4171162435778
vn -0.59276974352505751 -0.23469615605631441 0.7704166051518021
v 5868.5576087366517 2811.5310405494947 6568.1726466660257
vn -0.86405014351550424 -0.40179783913970246 0.30327519838177108
v 5903.0082170160231 2779.1851105070191 6553.3285473118794
vn 0.35938063545272425 -0.93303608120750769 -0.017006764140580284
v 6020.0065762778522 2414.4369488631482 6219.4338742391246
vn -0.54256642097079777 -0.76184347714896838 0.35385900463391956
v 5930 2806 6554.8999999999996
vn 0.89757079799131645 -0.4398603131096564 0.029825618925789769
v 5996.8154117732583 2432.2720876768049 6222.9298163514695
vn -0.64294492826970084 -0.68461484787329963 0.34340112009672891
v 5936.8447564200342 2819.8207862633471 6552.739504724811
vn 0.93492224201280472 -0.35417743909747623 -0.021880197076448657
v 5944 2844 6554.8999999999996
vn 0.96226010821135066 -0.26414849373947952 -0.065429789853275563
v 5983.3000000000002 2439.1999999999998 6220.8999999999996
vn -0.69608510537381008 -0.70315967242826749 0.14502413987782686
v 6186.3233352840234 2669.9033409499048 6235.230531194662
vn 0.3605733253965388 0.92039939536157889 0.1511682176600681
v 5944 2868 6554.8999999999996
vn 0.93118159995985617 0.35482131248971199 -0.083681922177256826
v 5938.3522403297666 2872.4639707531614 6544.69438118375
vn 0.85270517698853165 0.49456737520383481 -0.16821709937145621
v 5921.5859669002166 2893.9807117830651 6555.3647804955326
vn 0.36516274484679567 0.91741059840108352 -0.15815803399549438
v 5885.2930679709852 2880.33218078969 6553.204779078902
vn -0.20858602600742768 0.48959825072825436 -0.84663181055182557
v 5887.0972538329397 2858.5148496586899 6541.4082486812176
vn -0.86308946547298993 0.31240878857473348 -0.39683412581432082
v 6244.3000000000002 2649.1999999999998 6234.8000000000002
vn 0.67730676655379896 0.73200246102628441 0.073674561633583519
v 6252.62488740346 2633.5044652338247 6234.5357547515941
vn 0.83773375106320136 0.52699963274198491 -0.14308581138390766
v 5879.159993795497 2837.9645335456371 6540.7347288840374
vn -0.93674969283803633 0.24270280341537423 -0.2521812090187584
v 6251.5813002396717 2617.409074208379 6234.5429345083976
vn 0.90210515009145653 -0.39975604803069958 -0.16248507698046555
v 5868 2818 6554.8999999999996
vn -0.91421202719418504 -0.19941505891921898 -0.3527747207634685
v 6212.6495706523783 2576.8218426788358 6235.6298944622686
vn 0.52367963436941545 -0.8438258014754515 0.11712240311326959
v 5878.4688039242974 2791.1423487324078 6546.835854975674
vn -0.92140306692837326 -0.38614131455814321 0.043718113480535593
v 5886 2782 6541
vn -0.48658554216987693 -0.87004986264400297 0.079042688873789388
v 6205.3000000000002 2574.1999999999998 6234.8000000000002
vn 0.46819735500589971 -0.80735695314035638 0.35911834676245641
v 6179.2294553963866 2551.5058531857339 6236.9946834748225
vn 0.78268716245632464 -0.61344961497557371 0.10526336310600819
v 5903.5404732152329 2783.8047705486524 6527.3890935999534
vn 0.58007773109317418 -0.73343527215689786 -0.35437625124425642
v 6172.3000000000002 2547.1999999999998 6234.8000000000002
vn 0.62112323394292379 -0.73549142443358928 0.27066269200045667
v 6162.5202479491181 2547.0456459704237 6234.8105949046785
vn 0.90496400200663052 -0.39875824302164542 0.14843186549536308
v 5935.8139890061211 2860.3829549473494 6527.2999811569598
vn 0.85816451201270072 0.037166867879838229 -0.51202763036188381
v 5920.1094166521161 2884.1487353775101 6540.2897344726189
vn 0.1667878837673244 0.87315068172450361 -0.45802804371834271
v 6179.6251105419087 2510.9903188273729 6234.7816693817576
vn 0.75688542444245366 0.65091820491738328 0.058565730369376484
v 5895.4272038422687 2875.1736847804095 6541.5368059083858
vn -0.66518843226158753 0.61687554473198836 -0.42070050142231125
v 5875.794566259081 2814.2829725439697 6541.1215213474661
vn -0.99626686134176723 0.055041738015243702 -0.066503744770389506
v 5870 2790 6527.1000000000004
vn -0.89707578766365725 -0.36457189703512011 0.24968452711340142
v 6220.9978031029605 2482.1974292522282 6238.0797019471265
vn 0.44871136003554229 0.74997336329860631 0.48600212933446152
v 5884.1871690395383 2777.0283866314999 6523.4484916368428
vn -0.16169606400370387 -0.95825131516206763 -0.23581518160601511
v 6235.9637988425293 2474.9170075764323 6220.5876386791751
vn 0.78712210886202927 0.55886858405465056 -0.26096875578762635
v 6249.0999822671911 2460.8100522779096 6224.3608502336365
vn 0.56650989461480983 0.7260257319041955 -0.38981171854690833
v 6256.3000000000002 2460.1999999999998 6234.8000000000002
vn 0.63803138939288895 0.76537295958924212 -0.084381152391894712
v 6293.9792022432011 2422.2878602187338 6235.1745152276453
vn 0.78833171336865493 0.574506045338535 -0.22017246323443374
v 5914 2798 6527.1000000000004
vn 0.7441619033203366 -0.50366216669586628 -0.43880232848730338
v 5921.7548159909347 2837.4323469556057 6513.3163818036501
vn 0.7844301494961663 -0.10845950844152039 -0.61066019650051362
v 5935.1219584040655 2873.7286690977635 6526.0013993495559
vn 0.64774494978835928 0.45424290772188075 -0.61162885871093997
v 6308.7364058292833 2363.883784682112 6236.9164560178488
vn 0.72032671613510058 -0.36620312487131235 -0.58908801834404012
v 5918 2876 6527.1000000000004
vn -0.20300382112564203 0.65156271473266958 -0.73092781954074104
v 6282.2960288790991 2356.4026572679722 6219.7894066207937
vn 0.61561222692678996 -0.71747697512484421 -0.32595762949184415
v 5882.8977700158994 2850.0749220658936 6533.2372069656503
vn -0.80204538641558876 0.4837874338761643 -0.35024693710721422
v 5868 2790 6513.1999999999998
vn -0.85662763246160989 -0.45758676263716203 0.23833475189837239
v 6254.5740515616371 2352.5322086370661 6236.1861981592165
vn -0.34750190008074094 -0.93714473477538174 -0.031657155953340739
v 5879.0141635334057 2781.8069187054966 6515.1571747814278
vn -0.21382569341778968 -0.96778102054493576 0.13296040428414815
v 5897.8619835614991 2793.5407532600616 6513.4392156516169
vn 0.77636600635811892 -0.62429627611519334 -0.086660162706097832
v 6232.3000000000002 2355.1999999999998 6234.8000000000002
vn -0.19798819218513686 -0.97492031802386492 0.10164176926592385
v 6142.3000000000002 2385.1999999999998 6234.8000000000002
vn -0.10568953297536285 -0.99361728427130247 -0.03942607026792392
v 6133.3000000000002 2385.1999999999998 6234.8000000000002
vn -0.31978264324256384 -0.9441545403818562 -0.079443470198153676
v 6070.3000000000002 2406.1999999999998 6234.8000000000002
vn -0.17711531916824039 -0.97544358936244002 -0.13091969938726497
v 6061.3074417813987 2406.1978411488581 6234.7995190149632
vn -0.28001247305005367 -0.95757726143214394 -0.068108760996721626
v 6007.3000000000002 2424.1999999999998 6234.8000000000002
vn -0.5124411063615546 -0.84861530787670381 -0.13136274870857803
v 5914.1442590235865 2819.5085441257979 6514.191523127367
vn 0.85678058618785935 -0.45884529957882259 -0.2353465916175731
v 5918.8893002147261 2848.2884038071643 6512.4208045555952
vn 0.47341149916300418 0.3648357102136946 -0.80173340769429458
v 5908.3927857234303 2857.2517596751968 6515.8599039114497
vn 0.060052756109816391 0.79786255530082451 -0.59984081999514982
v 5883.007897993888 2842.8862587275116 6514.3680810075784
vn -0.59655754123124116 0.7554769646220385 0.27087572044317187
v 5870.7838672073522 2819.1035704579208 6516.5673241857085
vn -0.15982083532473551 0.96621941457938498 0.20218146177623322
v 5956.3000000000002 2457.1999999999998 6234.8000000000002
vn -0.48798978873070487 -0.70255936455841383 -0.51795396066237398
v 5905.3000000000002 2850.1999999999998 6499.1999999999998
vn 0.24277773070606681 0.91334599436256192 -0.32689152337598992
v 5927.2610259097419 2493.7876007293617 6233.135856077738
vn -0.75290315656654649 -0.25241047383694298 -0.60780407166252215
v 5863.3000000000002 2829.1999999999998 6499.1999999999998
vn 0.0051694698893806866 0.97769097393341353 0.20998484723950031
v 5917.3000000000002 2514.1999999999998 6234.8000000000002
vn -0.58407792662991298 -0.15489645240808358 -0.79678106444310803
v 5917.3000000000002 2559.1999999999998 6234.8000000000002
vn -0.3523749823622202 0.042700814763380709 -0.93488422396774273
v 5920.3000000000002 2568.1999999999998 6234.8000000000002
vn -0.32780273569076152 -0.34676663099692889 -0.8788050239391515
v 5956.9122369419492 2577.3349481410914 6234.373436858943
vn 0.05359400750534693 0.64074297714411033 -0.76588257559499229
v 5860.3000000000002 2835.1999999999998 6499.1999999999998
vn 0.019751233531647438 0.77859991456208033 0.62720974308272637
v 5860.3000000000002 2799.1999999999998 6499.1999999999998
vn -0.71343900930127757 -0.35041082581070282 0.60680889344329247
v 5858.0119728439076 2787.1741467817701 6485.3885740400719
vn -0.58894356610266807 -0.78998416308237107 0.17050072734542213
v 5981.6819420936372 2572.1321346491895 6235.0716928673901
vn 0.45298437353839277 0.80106598298024756 -0.39127796799962988
v 5863.3000000000002 2781.1999999999998 6499.1999999999998
vn -0.76545199012041087 -0.63257084237136452 -0.11805668215854757
v 5869.1495788528719 2766.7283558766949 6499.2351097752862
vn -0.55819165976876761 -0.82337473234495895 -0.10235292423988432
v 5998.9878195490437 2559.4105263154634 6235.3016541350808
vn 0.33546893440728931 0.86955365691108188 -0.36240451404501334
v 5881.3000000000002 2766.1999999999998 6499.1999999999998
vn 0.25402508471514029 -0.96116540810391149 -0.10785320857492897
v 6012.516373689461 2556.236512148047 6235.5783806726777
vn 0.30523781519989551 0.94895247769736102 -0.079492586094765574
v 5905.3000000000002 2790.1999999999998 6499.1999999999998
vn 0.70846880368080534 -0.70447435918968382 -0.042282756004934564
v 6033.4249200678951 2549.4353542458311 6234.6739362396565
vn 0.69254635185265845 0.72095021581513608 -0.024704996492262963
v 5911.3000000000002 2808.1999999999998 6499.1999999999998
vn 0.96475735744986457 -0.22750583621724724 0.13222834693606864
v 5884.1583283970249 2787.7842633841346 6485.1275120551436
vn 0.098911297364209505 -0.99107384976889734 -0.089382210523045902
v 6046.3000000000002 2535.1999999999998 6234.8000000000002
vn 0.46788031514835632 0.87468691583742431 0.12653382930856599
v 6055.3000000000002 2535.1999999999998 6234.8000000000002
vn -0.3081787968833547 0.92453639065006421 0.22418361116566887
v 6082.3000000000002 2544.1999999999998 6234.8000000000002
vn -0.77727203083832608 0.53936521073924204 0.32393419010761659
v 6079.3000000000002 2553.1999999999998 6234.8000000000002
vn -0.75046862146923921 -0.41066073052375546 0.51783647283264556
v 6063.6631982335311 2567.4005468342602 6235.2640599897913
vn -0.5706112394755144 -0.68998910835573424 0.44532891634686816
v 5905.0057366523461 2799.7134618175187 6486.1844008399512
vn 0.79064062306092853 -0.61227058969599424 -0.0034828378007235234
v 6040.3000000000002 2589.1999999999998 6234.8000000000002
vn -0.46395579265119408 -0.81396032974482435 0.34959062354001857
v 6031.3000000000002 2592.1999999999998 6234.8000000000002
vn -0.75305016349763843 -0.6461304328180747 0.12422123426575414
v 5989.3000000000002 2634.1999999999998 6234.8000000000002
vn -0.73799859207385732 -0.4685139715163254 -0.485646719942598
v 5914.0241104870438 2827.7519506379549 6485.9246709398067
vn 0.90238363354082651 0.2961918680940569 -0.31300823502363023
v 5848.3000000000002 2820.1999999999998 6485.3000000000002
vn -0.86918994959238216 0.40251916908052593 0.28720576256460317
v 5848.3000000000002 2802.1999999999998 6485.3000000000002
vn -0.9431309064502581 -0.078004864178974634 0.32313980637292944
v 5966.0637551343016 2671.0872329259955 6234.1058387750709
vn -0.62281706749039312 -0.16393950185357517 -0.76499852298855375
v 5848.0051895549468 2781.6958522702303 6472.9512230388782
vn -0.57010351399678139 -0.49184632190402711 0.65807991836706414
v 5968.3000000000002 2688.1999999999998 6234.8000000000002
vn -0.42290419877297708 0.17664865614423939 -0.88878979007559522
v 5982.6652141305449 2696.0639557810623 6234.4926612632871
vn -0.24423890335223961 0.24390527669248063 -0.93854012918514018
v 5869.3000000000002 2772.1999999999998 6471.3999999999996
vn 0.035884159625833481 -0.80010536422206957 0.59878521460622025
v 6010.3000000000002 2706.1999999999998 6234.8000000000002
vn -0.23058119359350582 0.6283054274610278 -0.74301049991504786
v 6033.6363794505214 2708.5414571107176 6236.0416223249449
vn -0.022797153976103553 0.92000290845357902 -0.39124792422138843
v 5896.9671618433622 2776.0624639051207 6472.7175543994936
vn 0.56880086866281854 -0.6991354637807119 0.43321492944328682
v 6055.3000000000002 2709.1999999999998 6234.8000000000002
vn 0.14800267099195374 0.9383594347152544 -0.3123728231778744
v 6082.3000000000002 2700.1999999999998 6234.8000000000002
vn 0.23449756577882755 0.92874704238186445 0.28712335835097719
v 6127.3000000001593 2694.1999999998525 6234.8000000003394
vn 0.1528110846690787 0.89109341652360219 0.42731872815329985
v 5905.3000000000002 2790.1999999999998 6471.3999999999996
vn 0.83507487023562799 -0.4248051367210457 0.34955765892962892
v 5905.3000000000002 2826.1999999999998 6471.3999999999996
vn 0.91034171275837172 0.27714093059069733 -0.30736114036012507
v 5898.3265980784063 2838.6048340972943 6483.8387983333605
vn 0.32960623364006442 0.9293432014151829 -0.16637591390880527
v 5860.1898371430543 2835.9733907424393 6474.3448141994868
vn -0.78012264730496139 0.50332513946672763 0.3715810263491639
v 5930.6039593368505 2481.9502423464346 6236.5401704678143
vn -0.80496379576826482 -0.58248506162761293 -0.1128912772672146
v 5929.3000000000002 2478.1999999999998 6248.6999999999998
vn -0.71370114522608452 -0.70042809194288713 -0.0055824116851055311
v 5884.9440481067068 2523.3955304678093 6248.8208248263054
vn -0.80843054348130328 -0.51826795362036149 -0.27899531289376062
v 5849.3145889149137 2820.2988953282229 6471.5959910769034
vn -0.86147468698327923 0.34066240673704845 0.37657733378840391
v 5876.3329371581167 2537.8880918572104 6248.6487723008149
vn -0.86736465535319773 -0.42050052231672652 -0.26619140740337327
v 5841.4210805028251 2799.1571997918409 6471.3597435479869
vn -0.78739848195292683 0.065915137665437648 0.61291012819562107
v 5875.3000000000002 2553.1999999999998 6248.6999999999998
vn -0.93241556421522431 -0.11921037967691576 -0.34115993461496963
v 5884.3000000000002 2580.1999999999998 6248.6999999999998
vn -0.52776627198926995 0.14415017619099851 -0.83706838959230334
v 5904.8632334958111 2595.0398026048601 6248.7792130668395
vn -0.019721977456495964 0.59475132725746682 -0.80366778107044157
v 5846.5729817402962 2765.7895226840292 6458.3123937895198
vn -0.43077384960164061 -0.79159583913876175 0.43337041656945474
v 5860.3000000000002 2760.1999999999998 6457.5
vn -0.19224829861191423 -0.88918604091195963 0.41519727398929207
v 5867.6777673849956 2751.7353891498014 6444.875719327898
vn 0.12006453197810958 -0.88022603825358103 0.45911505065863661
v 5880.3054947658975 2767.9433405854907 6458.4051917657716
vn 0.35518216146324311 -0.79913735175447942 0.48500012908156659
v 5893.3000000000002 2775.1999999999998 6457.5
vn 0.75543528871500487 -0.55530500673096217 0.34778423492677651
v 5998.0977997801019 2554.5537829925797 6248.6701970024842
vn 0.71777873582314389 0.6953774793727221 -0.035268223393993603
v 5908.7616526099027 2791.5866691345668 6454.1970363549972
vn 0.96023003650987171 -0.18422374947317313 -0.20980916832754412
v 5902.3000000000002 2823.1999999999998 6457.5
vn 0.76847120457130558 0.40249738705687699 -0.49744131428452254
v 6013.3000000000002 2538.1999999999998 6248.6999999999998
vn 0.82453895666547006 0.53879795648540707 0.17272021024815712
v 6016.3000000000002 2529.1999999999998 6248.6999999999998
vn 0.7669773298521203 0.63798557913539 0.068703539269772074
v 6034.3000000000002 2511.1999999999998 6248.6999999999998
vn 0.3138880154202674 0.94166404626080202 -0.12142132331374092
v 6061.3000000000002 2502.1999999999998 6248.6999999999998
vn 0 0.99109929045939138 -0.13312474019088627
v 6088.3000000000002 2502.1999999999998 6248.6999999999998
vn -0.31429165513561724 0.94287496540685167 -0.11048780530512196
v 6097.3000000000002 2505.1999999999998 6248.6999999999998
vn -0.31429165513561724 0.94287496540685167 -0.11048780530512196
v 6131.1191343741957 2507.4033794304414 6248.700000000008
vn -0.78817930177388507 0.61069345491008631 -0.076334084033367569
v 5884.3000000000002 2841.1999999999998 6457.5
vn 0.49127105459794085 0.78571425439677933 -0.37590671895024713
v 6137.3645161295335 2525.4258064489986 6248.6999999999753
vn -0.94758206106501786 0.30919825022401393 -0.080527508381799492
v 5861.8465672714683 2850.2349880863198 6458.5050178667534
vn -0.48301821192475569 0.86749336762842899 -0.11894815706726641
v 6130.3000000000002 2547.1999999999998 6248.6999999999998
vn -0.94690455184274491 -0.30721792124933556 -0.09480990751354762
v 6112.0181292607776 2560.6806329461979 6248.9113562689708
vn -0.85463563624488736 -0.51286407412421575 -0.0810454855806748
v 5845.3000000000002 2841.1999999999998 6457.5
vn 0.47794660042656145 0.58502949997089249 0.6552156372557818
v 5828.8006021655601 2825.5420960867973 6456.7095863196146
vn -0.73805753666750551 0.36424339190978305 0.56797695729523201
v 6081.6004687624772 2571.6374533052094 6248.6123476872635
vn -0.41448276815461538 -0.90545456564931193 -0.091411511571045836
v 5823.9919788637599 2793.3505259655285 6458.5908855049756
vn -0.88888242439132625 -0.13440635701482548 0.43797598884208433
v 5842.3000000000002 2766.1999999999998 6443.6000000000004
vn -0.42733626171999134 -0.79266372373972716 0.43481943434746867
v 6061.3000000000002 2583.1999999999998 6248.6999999999998
vn -0.48802470645688167 -0.85551815305396373 -0.1729756505488835
v 6015.9061786396005 2598.8190868337842 6248.7700139600374
vn -0.43817466864526233 -0.57675437806758567 -0.68946163572564856
v 5881.3000000000002 2748.1999999999998 6443.6000000000004
vn 0.33938807959439571 -0.92134395643492939 0.18958123686182407
v 5891.8248618788693 2748.4320441989053 6443.6000000001286
vn 0.51311504629092941 -0.8540849579983496 0.08515769953923491
v 5986.3000000000002 2628.1999999999998 6248.6999999999998
vn -0.76906017349485201 -0.21919390741541425 -0.60041692222657339
v 5978.5539166106482 2656.0054538564686 6234.6731115076645
vn -0.65473351404336144 -0.23202587619940929 -0.71936640063484181
v 5964.7672021031412 2656.0184164296206 6249.4100119140849
vn -0.66349299328527467 -0.35827752172007715 -0.65682133437599766
v 5904.0808110167727 2765.6921768142347 6443.9746474652766
vn 0.89080455604498665 -0.45421987339373954 0.012310546034581142
v 5905.3000000000002 2781.1999999999998 6443.6000000000004
vn 0.9951996167801006 -0.079615228095431742 -0.056913427379250502
v 5950.3000000000002 2688.1999999999998 6248.6999999999998
vn -0.63690648412982986 -0.20385868293906489 -0.74349967576571852
v 5950.3000000000002 2724.1999999999998 6248.6999999999998
vn -0.15475283459794603 0.15475283459797048 -0.97575771601755412
v 5955.5400860754635 2734.189808651493 6248.212592574524
vn -0.21485885767061069 0.7686079863730626 -0.6025590714311968
v 5889.0116954808473 2809.6257468308522 6442.6554191090563
vn 0.7860068541350016 0.33808539498855944 -0.51758235185159462
v 5998.2999999997828 2727.2000000000862 6248.7000000002008
vn 0.13301117305392984 0.77019393702072136 -0.62378628328886676
v 5881.3000000000002 2829.1999999999998 6443.6000000000004
vn 0.63537566356195596 0.45346173593336514 -0.62503617511109155
v 5869.3000000000002 2841.1999999999998 6443.6000000000004
vn 0.31058440042916807 0.85816192897229282 -0.40877308359603115
v 6013.8574642127496 2725.0646216768946 6248.6200931608109
vn 0.097068894785310444 0.99517710928847702 -0.014147466677432519
v 5842.3000000000002 2841.1999999999998 6443.6000000000004
vn 0.31676291147292285 0.85492180545698582 -0.41081621738846297
v 6025.3000000000002 2724.1999999999998 6248.6999999999998
vn -0.054999410168669043 0.99784810514205347 0.035696273552177464
v 6115.3000000000002 2694.1999999999998 6248.6999999999998
vn 0.17462950279201137 0.96556322013979734 0.19285280570393615
v 6124.3000000000002 2694.1999999999998 6248.6999999999998
vn 0.083461631581615639 0.93399861705302967 0.34739133465986527
v 6187.3000000000002 2673.1999999999998 6248.6999999999998
vn 0.27165574656129088 0.96233477967587833 -0.010720409805901077
v 5842.3000000000002 2850.1999999999998 6443.6000000000004
vn 0.3071351817497589 0.94929191681437108 -0.067177651063727847
v 6231.1115554864309 2661.9364638850566 6249.3013067095098
vn 0.31460420604779638 0.94527793442596553 -0.086451259241353218
v 5824.9904989755159 2828.7263269644509 6444.788858522621
vn -0.87651947939022479 0.48063615775382795 0.026504454514796164
v 5822.7135021693603 2797.7645236439403 6430.9554254226532
vn -0.98673993618297051 0.1561236164180082 0.04438146840957178
v 5830.3000000000002 2778.1999999999998 6443.6000000000004
vn -0.84376696906966575 -0.36684994608832172 0.39176321797992358
v 5857.165225863112 2742.2722037723315 6432.3835144927907
vn -0.0099300905480201873 -0.93815034419100585 0.34608571914484609
v 6256.5588163759112 2647.1689906770343 6251.4683556275686
vn 0.5536391590297095 0.73018772689719313 -0.40038676935881151
v 5865.5291149455825 2747.713504480093 6420.0570440603415
vn 0.25382462199570799 -0.95880924738471096 0.12750642492949163
v 5872.4677934127267 2751.7280861250456 6416.8616881470998
vn 0.37279962782109538 -0.92205932250617473 -0.1040530791274657
v 5881.3000000000002 2757.1999999999998 6429.6999999999998
vn 0.69896579574601758 -0.67599113831426205 -0.23341550355048096
v 5891.3502605668527 2789.4530896460369 6429.5939179722145
vn 0.91383694986304853 0.34767941574703448 -0.20981194658741625
v 5869.4772781801257 2824.7022926653117 6421.3509578182784
vn 0.57330647488034892 0.58164648675215513 -0.57706763061979394
v 5842.9306278456716 2838.5855883523895 6424.151665921142
vn -0.28452403431000239 0.79318999943886648 -0.53841963066936127
v 5833.3000000000002 2829.1999999999998 6429.6999999999998
vn -0.036592038489750942 0.93385562833615565 -0.35577336626572914
v 5821.3000000000002 2775.1999999999998 6429.6999999999998
vn -0.80168231701141468 -0.31142344047613874 0.51021652591151379
v 5824.0457485991128 2759.0435043267416 6415.1269546679405
vn -0.73971269656325911 -0.63431582744816961 -0.22465208120971303
v 6180.6571378949875 2566.6017556836823 6249.845812962817
vn 0.81606176940722208 -0.57465989856538857 0.061718631650187289
v 5854.3000000000002 2748.1999999999998 6415.6999999999998
vn -0.51863154454151383 -0.82521030879998236 -0.22371693556081432
v 6178.3000000000002 2544.1999999999998 6248.6999999999998
vn 0.84067714643421088 -0.48805285857581593 -0.23466218847357337
v 6187.3000000000002 2517.1999999999998 6248.6999999999998
vn 0.70218717189143542 0.56331535133539645 -0.43544114479569618
v 6195.1394338470373 2502.2978583415352 6234.0455898154232
vn 0.46513180251093905 0.86954383532174284 0.16596965007759315
v 6201.709882168725 2494.0479046484652 6249.5318948935965
vn 0.51485246331329937 0.77360761890150997 -0.36940248103899292
v 5892.442045146533 2771.3715604876397 6414.5596358063467
vn 0.90720802161954994 -0.4056041246793371 0.11161944074510873
v 6228.5128214693832 2475.3073425261973 6246.8763697349568
vn 0.45208611292538309 0.83258099931556762 -0.32004222546206085
v 5893.3000000000002 2796.1999999999998 6415.6999999999998
vn 0.83956096716538353 0.54141859300019446 -0.044758122905409793
v 6244.3000000000002 2466.1999999999998 6248.6999999999998
vn 0.54187662156176353 0.84045774804558981 0.00070764040677404299
v 6298.3000000000002 2412.1999999999998 6248.6999999999998
vn 0.71211354918457626 0.67763345807167286 -0.18359517850306559
v 6308.8513392134446 2391.2782887367603 6237.2713306541727
vn 0.89282646352476247 0.24562079742867518 -0.3775332169496714
v 5884.3000000000002 2802.1999999999998 6415.6999999999998
vn 0.65152061643842962 0.74881470960895968 -0.12164463419706605
v 5836.3000000000002 2826.1999999999998 6415.6999999999998
vn -0.34739162169299009 0.64829880562075592 -0.67751584469163217
v 5819.6556748887751 2809.5287571231615 6416.5156839356914
vn -0.84935040204500989 0.45558200033597368 -0.2665500619318128
v 6311.1390394635237 2357.3980919483738 6248.3942896875051
vn 0.63880806968711878 -0.55145588226777476 -0.53648919841399156
v 5814.6332815762617 2784.3893183720629 6415.5163436196317
vn -0.96842684305321536 -0.11408099019085333 -0.22166410925329691
v 6286.6814227832692 2347.1597375321189 6243.8180706471439
vn 0.23217140695456398 -0.91140614688945087 -0.33975766835328808
v 5865.1638813192785 2803.521386130375 6400.319941104126
vn 0.11630941080496525 0.88703920065276909 -0.44680373483611169
v 6267.9943807228146 2346.5608956732185 6243.8692056035052
vn -0.1199015543663183 -0.98828889051757429 0.094385836543852047
v 5840.9862443393267 2799.7655193084629 6401.2570965429559
vn -0.39308002949860349 0.80691471186031583 -0.4408817734866804
v 6258.666348398343 2355.202275889988 6248.5645521106089
vn -0.34047205772445038 -0.92517015192236673 0.16774673737758194
v 5831.2025821930965 2788.7284506087035 6401.8984982985858
vn -0.95540416661349237 0.041524373320018522 -0.29236724310010831
v 5848.0775526688958 2763.4618339971103 6401.6174781642139
vn -0.85264663838464616 -0.47449880316869014 -0.2187340756325887
v 6204.9644866780964 2375.0971979900019 6249.2930595029893
vn -0.16583902222923838 -0.98569827831677181 0.029938651095229703
v 5853.8948123305427 2749.5225289736773 6401.6392948790508
vn -0.51110090802242059 -0.80733700307174872 0.29492850877760923
v 5873.958450157601 2744.4990790520601 6401.8996413907826
vn 0.12932232319391329 -0.84896727415967321 0.5123771112468074
v 5889.9732499463889 2759.9367053346587 6400.963119963264
vn 0.89519762985939699 -0.26770531113126744 0.3563075495779302
v 6163.3000000000002 2376.1999999999998 6248.6999999999998
vn 0.12199588014919986 -0.98925628279569944 -0.080554405067984863
v 6142.7588352367338 2373.6678213742503 6248.6880346717244
vn 0.02609688131138661 -0.99105169110717606 0.13090262923037818
v 5878.3000000000002 2796.1999999999998 6401.8000000000002
vn 0.57821854393329997 0.67688416610298896 -0.45551195498111324
v 5849.0905016053712 2801.7563192039283 6392.1874457667
vn 0.14988145469392092 0.98657134873741348 -0.064903955112727882
v 6118.3000000000002 2376.1999999999998 6248.6999999999998
vn -0.32936525562528579 -0.93850444562996949 0.10357574001509212
v 6077.4055097894379 2390.712380241428 6248.1848390323903
vn -0.35908207821350308 -0.90645083355892109 0.22227673617859472
v 5836.3000000000002 2799.1999999999998 6387.8999999999996
vn -0.69561970321716915 0.47675689462109566 -0.53741612548127637
v 6067.3000000000002 2394.1999999999998 6248.6999999999998
vn -0.23910022697115529 -0.72839916236032709 0.64207923322212801
v 6013.3000000000002 2412.1999999999998 6248.6999999999998
vn 0.087010537559839202 -0.99024692856210039 0.10881262255305726
v 5830.7113857455888 2781.9476520813114 6388.134231872782
vn -0.9847818710026216 0.026097896107033492 -0.17182423101344724
v 5850.9968932279899 2731.3299113347766 6388.0807758822757
vn -0.56847190608307463 -0.80207897300307118 0.18305467232664263
v 5969.3915015942621 2449.8294374168399 6236.8599464789049
vn -0.3932682441723791 -0.84579436096347349 -0.36051627853394275
v 5883.0532209339981 2730.5527141603475 6388.0397992399803
vn 0.4168914161802319 -0.89192335480638041 0.17514073274419154
v 5895.9449072862481 2742.4894315335569 6388.00926088703
vn 0.88417861835913991 -0.44720106495481665 0.13505324261120241
v 5887.6995132677084 2775.4594330455302 6390.2333499183032
vn 0.85498330956126034 0.44285557788509311 -0.2699675489901231
v 5947.3000000000002 2466.1999999999998 6262.6000000000004
vn -0.82935950930808122 -0.53033797886649792 -0.17579656564352053
v 5923.3000000000002 2490.1999999999998 6262.6000000000004
vn -0.70172945899683226 -0.70172945899683226 -0.12309156247292607
v 5919.2526715257009 2500.1368444431118 6262.5883251830564
vn -0.7723955499973284 -0.63487725924233274 0.018329758352703094
v 5855.7087804485254 2736.8704843350415 6373.3913688265184
vn -0.53083095545293979 -0.84382348679969288 -0.078615646395152797
v 5895.1064735006294 2529.5125220779992 6262.5628912036782
vn -0.83106769671097935 -0.55502017543993443 0.035764344508628622
v 5879.1027775631055 2736.7795214936623 6374.7963504335457
vn 0.60319471840311878 -0.79689217356604636 -0.03345138860742175
v 5891.1255993892501 2751.0578802086393 6375.9526168032598
vn 0.99145774101791062 -0.020183836489357645 -0.12885713220552658
v 5884.3000000000002 2772.1999999999998 6374
vn 0.69549156514148336 0.66227903324144122 -0.27870766933443325
v 5865.0949646934914 2791.2737094648478 6374.1378603774538
vn 0.45121475154727064 0.77768345087909496 -0.43773701947050003
v 5884.3000000000002 2550.1999999999998 6262.6000000000004
vn -0.88361325476193697 -0.46171069514252189 0.077787209745725602
v 5872.3000000000002 2562.1999999999998 6262.6000000000004
vn -0.91092425631739904 -0.3455847169495645 -0.22536238076370022
v 5851.3000000000002 2799.1999999999998 6374
vn -0.74061790663975768 0.66307467825219712 -0.1087064277091674
v 5857.3000000000002 2790.1999999999998 6374
vn -0.82687950357261275 0.073561620485638676 -0.55754728459838832
v 5839.3000000000002 2772.1999999999998 6374
vn -0.91516793908169125 0.16719734240543085 -0.36675971966606574
v 5843.702342427433 2762.4558082341018 6374.9701275068992
vn -0.89313057635490667 -0.17501789992190861 0.41435070687387149
v 5866.3000000000002 2610.1999999999998 6262.6000000000004
vn -0.090396015235290117 0.44707732192658717 -0.8899159671837179
v 5859.4158507024713 2733.9523404494803 6359.6642337841449
vn -0.78640681331644291 -0.59835345619784541 0.15341924724613468
v 5884.3000000000002 2733.1999999999998 6360.1000000000004
vn 0.50454944199355556 -0.60706377377797471 0.61392461683046706
v 5892.7149939894271 2743.6643254241476 6348.6047290022707
vn 0.95883119016739993 0.23370029589413177 0.16132861017551245
v 5895.6855226236548 2752.5558661128216 6359.1825143151118
vn 0.97666963115806027 0.08210140514191816 -0.19843334106772736
v 5941.722161896073 2609.9308746189199 6276.7865851567503
vn 0.95534616851001941 0.28183578109650037 -0.088782266286411143
v 5971.3000000000002 2613.1999999999998 6262.6000000000004
vn -0.71875346788479477 0.20413106801784328 -0.66462317103263546
v 5977.3000000000002 2631.1999999999998 6262.6000000000004
vn -0.90901372602067965 -0.16344593526901965 -0.3833790189225752
v 5941.3000000000002 2667.1999999999998 6262.6000000000004
vn -0.94214209450517539 -0.31404736483505846 -0.11722852213329724
v 5938.3000000000002 2676.1999999999998 6262.6000000000004
vn -0.92516950799983233 -0.36104452121746111 -0.11708217270875496
v 5914.3000000000002 2700.1999999999998 6262.6000000000004
vn -0.42161084609203425 -0.33880547898983221 -0.84110352624634099
v 5905.3000000000002 2703.1999999999998 6262.6000000000004
vn -0.4068996086982386 -0.50788042853757409 -0.75926950337130639
v 5881.3000000000002 2727.1999999999998 6262.6000000000004
vn -0.48044508524162061 -0.36765506341874143 -0.79624259771110784
v 5881.3000000000002 2736.1999999999998 6262.6000000000004
vn -0.49810430213855694 -0.12795816089255477 -0.85762393463105735
v 5887.3000000000002 2742.1999999999998 6262.6000000000004
vn -0.23487729399950577 0.69090413616971336 -0.68372811218133478
v 5941.3000000000002 2742.1999999999998 6262.6000000000004
vn -0.21966481348155661 0.89770921202490073 -0.38192347448637509
v 5968.3000000000002 2733.1999999999998 6262.6000000000004
vn 0.2319378149613695 0.97261968339313465 0.01469018268042511
v 5977.3000000000002 2733.1999999999998 6262.6000000000004
vn 0.22591526177128926 0.97384997497921721 0.024052457915724156
v 6067.3000000000002 2703.1999999999998 6262.6000000000004
vn 0.18115323964341859 0.85964697565128945 0.47769297777996017
v 6076.3000000000002 2703.1999999999998 6262.6000000000004
vn 0.18115323964341859 0.85964697565128945 0.47769297777996017
v 6139.3000000000002 2682.1999999999998 6262.6000000000004
vn 0.15036843328215457 0.92661203720913932 0.34464397103590644
v 6148.3000000000002 2682.1999999999998 6262.6000000000004
vn 0.15036843328215457 0.92661203720913932 0.34464397103590644
v 6184.3000000000002 2670.1999999999998 6262.6000000000004
vn 0.13073737333194832 0.98639196490912306 0.09969268166210718
v 6197.6309336046615 2672.5119264329278 6249.1458525636326
vn 0.23102670324334923 0.97187438886684174 -0.045681885394677164
v 6238.3000000000002 2655.1999999999998 6262.6000000000004
vn 0.49843279042179045 0.81225617838545827 0.30299282847453318
v 6244.2635918819478 2652.2122873433837 6255.2197665014346
vn 0.47493525813522142 0.88000591386074312 0.0051080475867991259
v 6270.5219763467012 2643.4495538173414 6252.5405073173424
vn 0.87366527934033578 0.46731245660957038 -0.13538111970544983
v 5887.3000000000002 2763.1999999999998 6360.1000000000004
vn 0.68541209673241099 0.68419795889238422 -0.2491654283811765
v 5866.9925922203929 2767.2289418371402 6356.59449131162
vn -0.68755517219376383 0.70564331146673409 -0.17127580731634459
v 5842.3000000000002 2772.1999999999998 6360.1000000000004
vn -0.78550447842951499 0.45927658621426587 -0.41478636877619973
v 6266.3344079702401 2622.4207400312052 6247.6499574362351
vn 0.94741226851991289 -0.2221169814692936 -0.23037803714964208
v 6244.9732539762463 2603.3340603175011 6253.4874414560509
vn 0.51105059052228907 -0.85558014932129811 -0.082522130450956716
v 5830.3000000000002 2760.1999999999998 6360.1000000000004
vn -0.97806831230965874 0.050492867150931153 -0.2020713904109499
v 5835.5122181354654 2747.3137054210492 6359.9695879313149
vn -0.64047150652840601 -0.75269707796598773 -0.15245772576913857
v 6226.0795316979638 2586.3027717880386 6248.0552087128299
vn 0.52434279428661801 -0.85083676716877066 -0.033785051627847666
v 6211.3000000000002 2583.1999999999998 6262.6000000000004
vn 0.48381248039059987 -0.87177636064225283 0.077015977846445871
v 6200.9938491118028 2575.2294150782272 6263.9200947299842
vn 0.19472671237556463 -0.9712992767654226 -0.13659876442476071
v 5878.3000000000002 2757.1999999999998 6346.1999999999998
vn -0.51468656279619884 0.84996998776391031 -0.11246671497671137
v 5863.3000000000002 2757.1999999999998 6346.1999999999998
vn -0.79956406951178072 0.44602840456875131 -0.40218896188684039
v 6178.7181899676098 2544.4704021188782 6262.3417199957994
vn 0.86348378813707194 0.25343556009717416 0.43608045645578281
v 5863.3000000000002 2748.1999999999998 6346.1999999999998
vn -0.94840697298317223 -0.31441219466893544 -0.040855665951735697
v 6142 2533.0999999999999 6266.1000000000004
vn -0.1764932577643932 -0.043738480497770307 0.98332958629721789
v 6166.8517178400944 2519.9806524021424 6277.4678825676037
vn 0.1631942728389959 0.30812641556788217 0.93724369367941873
v 5848.3000000000002 2742.1999999999998 6360.1000000000004
vn -0.7588384925489714 -0.64954259396191849 -0.047524318566677971
v 6185.2342988412674 2531.432000018588 6261.3977377496167
vn 0.7101630755745646 0.58199021914365068 0.3961764643584984
v 5857.3014042730892 2730.2036671450282 6346.2005003030763
vn -0.96460235407625705 -0.25029021679722319 0.083048816283812305
v 6190.3000000000002 2520.1999999999998 6262.6000000000004
vn 0.45203415325056523 0.87715679600068819 -0.16205270600903812
v 6250.3000000000002 2460.1999999999998 6262.6000000000004
vn 0.30186326791928847 0.90558980375786524 -0.29796925145202297
v 6259.3000000000002 2457.1999999999998 6262.6000000000004
vn 0.4173796667480178 0.85928969122165266 -0.29566102270253763
v 6277.3000000000002 2439.1999999999998 6262.6000000000004
vn 0.57708477156184279 0.61786439770034596 -0.53405688132052431
v 5857.3000000000002 2721.1999999999998 6346.1999999999998
vn -0.72489801429512002 -0.68729246309954795 0.046388996944841422
v 5884.3000000000002 2721.1999999999998 6346.1999999999998
vn 0.22957711376242187 -0.87452712574380198 0.42719627242615321
v 5896.3000000000002 2733.1999999999998 6346.1999999999998
vn 0.43731961049782736 -0.25931486166209328 0.86110821665758019
v 6301.3000000000002 2415.1999999999998 6262.6000000000004
vn 0.81610631171188264 0.4890738209005171 -0.30785919783855126
v 5848.3000000000002 2763.1999999999998 6332.1999999999998
vn -0.65414136546601775 0.74389478070698123 0.13681969603520586
v 5848.3000000000002 2736.1999999999998 6332.1999999999998
vn -0.97000091191763749 -0.13392556572458694 0.20288463156262232
v 5867.8649538525751 2722.0683702429806 6332.2013573978238
vn -0.75380253307349465 -0.65102268923662265 -0.089169497201110767
v 6323.2438108422148 2369.4202851713394 6259.7479612737616
vn 0.77028494835332162 -0.1272186812867496 -0.62488119308551859
v 5896.3000000000002 2712.1999999999998 6332.1999999999998
vn 0.099770421299821943 -0.7958915345911477 0.59716206192272803
v 5905.3000000000002 2712.1999999999998 6332.1999999999998
vn 0.43208641462984299 -0.75675171879900383 0.49053864922866264
v 5921.1391768384883 2728.8502050742818 6332.1891471325389
vn 0.90277497233171577 -0.19016925325102418 0.38578880809248173
v 6280.3000000000002 2346.1999999999998 6262.6000000000004
vn -0.29815525206284799 -0.93780959686101029 0.17781058939987004
v 6234.3786533103303 2361.1632784554458 6260.5277865624457
vn -0.27882622839805987 -0.95099917085946206 -0.13362825817142412
v 5917.3000000000002 2742.1999999999998 6332.1999999999998
vn 0.75518852960508187 0.60911568609198541 0.24221553564873588
v 5850.0218444931834 2731.221900375192 6318.2871541525656
vn -0.9137329284873057 -0.34439501804733935 -0.2156019641426882
v 5873.2838575274936 2709.9218321635931 6318.340047258258
vn -0.47269405432380579 -0.88080886620855536 -0.027130650845904037
v 6175.1479776880115 2372.2741573605749 6266.0398001845133
vn -0.27517941002838692 -0.92194731184242018 -0.27256090417182754
v 5902.5624584505849 2709.6221570380012 6316.9491340290961
vn 0.15848944900097181 -0.9655126455869435 0.20655852867182567
v 6142.3000000000002 2379.1999999999998 6276.6000000000004
vn -0.4967214725816938 -0.78261721763470093 0.37520403694255844
v 6145.3000000000002 2382.1999999999998 6262.6000000000004
vn -0.24468494878947789 -0.96854086111404869 0.045363820257422104
v 6126.2314656194685 2394.9132823772361 6262.5157099960752
vn -0.55581496929711083 -0.68959776054874455 0.46424632314258341
v 5917.3000000000002 2724.1999999999998 6318.3000000000002
vn 0.74176999334513938 -0.33920445408180799 0.57854785048759316
v 5917.926728964725 2737.5697869190026 6321.7801703811047
vn 0.80688199930214366 0.56654254542837157 0.16724527922102017
v 6115.0238668865686 2414.1869735268083 6263.1918170466961
vn -0.70917921696104247 -0.42146106424507068 0.56518617247411052
v 5905.3000000000002 2739.1999999999998 6318.3000000000002
vn 0.50140984916454656 0.84732389112301054 -0.17501538987456897
v 5865.3714549652786 2741.2419969047464 6303.2221900685463
vn -0.97529640195122791 0.16272145240945637 -0.14939430131951426
v 6100.3000000000002 2448.1999999999998 6262.6000000000004
vn -0.36423484768785463 -0.24300189354155519 0.89904563591901387
v 6100.8604061650876 2486.2593109561203 6262.5886594525209
vn -0.94048228170754622 0.33169551538465031 0.073967309454101626
v 5854.3000000000002 2748.1999999999998 6318.3000000000002
vn -0.85184376228729997 0.25688299816212062 -0.45647927653668774
v 5940.6913407423108 2454.2888650823224 6302.5361276836966
vn -0.71663339426639949 -0.44336392426038296 -0.53839113002226613
v 5974.3000000000002 2403.1999999999998 6304.3999999999996
vn -0.59620038582005164 -0.65425675916860415 -0.46528829023543733
v 6115.3000000000002 2508.1999999999998 6262.6000000000004
vn -0.62538189198973781 0.34098465319667531 0.70187388856950561
v 5991.3892199944166 2399.2823298259104 6302.7579478837943
vn 0.29142157887819414 -0.95554619709598954 0.04477642883854039
v 6132.0195503456689 2526.1856481500945 6262.7492598275785
vn -0.95283404688320961 -0.30237008138424648 0.026069387868716504
v 6010.3000000000002 2439.1999999999998 6304.3999999999996
vn 0.72396810015027058 -0.1639629482994045 0.67006443089435397
v 6115.3000000000002 2541.1999999999998 6262.6000000000004
vn 0.34224289993386858 -0.76828271261069625 0.5409357364312386
v 6106.7179488673173 2544.9391491003516 6262.5564103545694
vn -0.26793118117306125 -0.93738578379046711 0.2225326369383597
v 6010.3000000000002 2475.1999999999998 6304.3999999999996
vn 0.65050905380736301 0.23448893606824095 0.7223938744038696
v 6088.5816231917997 2556.4351021428884 6262.5869294322265
vn -0.50644891843988793 -0.82472344331236602 0.25167585315652019
v 5998.3000000000002 2511.1999999999998 6304.3999999999996
vn 0.8995164556080063 0.11919401199847017 0.4203128996285006
v 6053.9428603720444 2573.2821359604131 6262.6054621250723
vn -0.036580535420282223 -0.7791220692279035 0.62580401538372654
v 5998.6343673983883 2551.1022431280435 6302.7795919287382
vn 0.97423173395489726 -0.22142363883744282 0.04294299383159389
v 6007.3000000000002 2562.1999999999998 6304.3999999999996
vn 0.76984060953615407 -0.61703665106089067 -0.16312941842771156
v 6034.3000000000002 2574.1999999999998 6262.6000000000004
vn 0.010950253000301729 -0.8006883828882001 0.59898097254178972
v 6007.902023847877 2564.8145439699583 6262.6664121136055
vn 0.6126332204490772 -0.53894658944948437 0.57811513638976908
v 6021.5101121479292 2568.9188074107569 6304.632490149048
vn 0.35061767762306073 -0.93446149313809035 -0.062040003065297264
v 6049.3000000000002 2574.1999999999998 6304.3999999999996
vn -0.0052404982781742533 -0.98008498545333433 -0.1985093410062454
v 6007.4535371892198 2528.4978135720594 6262.6236886406195
vn 0.79618729451574755 0.0070993173685284751 0.60500858815771807
v 6148.3000000000002 2574.1999999999998 6304.3999999999996
vn 0 -0.99980502692597284 0.019746091602005352
v 6147.8609962662485 2571.1817775234322 6290.2849128186899
vn 0.026620266846145744 -0.80210656099873412 0.59658731648923269
v 6175.3000000000002 2577.1999999999998 6304.3999999999996
vn 0.3796722516231924 -0.70024360356463 0.60457247457537844
v 6188.0279438823691 2599.8349674950905 6303.9573018451383
vn 0.81031658243872007 -0.055278730281796806 0.5833792061800499
v 6022.3000000000002 2463.1999999999998 6262.6000000000004
vn 0.9123111199804983 0 0.40949776600114529
v 6022.3000000000002 2445.1999999999998 6262.6000000000004
vn 0.78490353625052067 -0.35494180265991865 0.50788065084816425
v 6011.690696712988 2413.5209988851111 6262.0085794528022
vn 0.14251886331930791 -0.83530101451064453 -0.53099961276413432
v 6207.915529299321 2622.7021515266083 6290.5907377309832
vn 0.34901817540129254 0.17335280353561405 0.92094251652635495
v 5986.4864666917165 2421.226282470433 6262.4868051658468
vn -0.48753895736615649 -0.68644097726115727 -0.53954105477439662
v 5950.3000000000002 2457.1999999999998 6262.6000000000004
vn -0.85174330967002576 -0.49296661198922476 -0.17753099418472201
v 6172.9708039054449 2630.772787066815 6305.2482599266896
vn 0.50366365910986688 0.71992529970535601 0.47752537245282911
v 5872.3000000000002 2553.1999999999998 6276.6000000000004
vn -0.72027034192069284 -0.69305445446826164 -0.029768400883295958
v 6160.3000000000002 2640.1999999999998 6304.3999999999996
vn 0.50167611000884471 0.72039593302696248 0.47890581571391033
v 5869.0857455348987 2572.1849727766066 6262.3023763673636
vn -0.62173579602985241 -0.39985404132418961 -0.67346963225659917
v 5855.9868070493249 2587.7598761134632 6261.0995499866012
vn -0.55093684034995871 -0.30146335684222947 -0.77819563249006929
v 5851.5463824539911 2600.8753990147034 6263.1307902770322
vn -0.48241862882122294 0.16346340519248248 -0.86055329976075812
v 6094.3000000000002 2667.1999999999998 6304.3999999999996
vn 0.18292438622985455 0.54820252512497192 0.81609598722762733
v 5841.3796535835145 2619.3111043829181 6275.1115176845169
vn -0.47270319607856809 0.32067036447651026 -0.82080582707703109
v 6070.3000000000002 2679.1999999999998 6304.3999999999996
vn 0.26548019942949758 0.79644059828849278 0.54332553511568182
v 5854.3000000000002 2631.1999999999998 6276.6000000000004
vn -0.1184335945713431 0.6324014990145963 -0.7655336881685888
v 5872.8846323074567 2629.2564747809829 6276.3780737402221
vn 0.47928188940851191 0.74431372079643754 -0.46506553895033931
v 5980.3000000000002 2709.1999999999998 6304.3999999999996
vn 0.48148683526295422 0.67396328981155162 0.5603069796592357
v 5892.3846723139613 2607.1360266797274 6261.0715493519874
vn -0.14352085332095163 0.98320725512941498 -0.11271760342957601
v 5905.3000000000002 2619.1999999999998 6276.6000000000004
vn -0.42430556696401894 0.87894032131459088 -0.21778130638497453
v 5923.2801166784575 2613.1228029460372 6277.1284985300299
vn 0.25730887329244551 0.92658209409952197 -0.27429503571723063
v 5970.7729294514193 2616.2967569112034 6277.9569694205366
vn -0.81582729738588122 0.53210755747570804 -0.22646714577899613
v 5974.3000000000002 2715.1999999999998 6304.3999999999996
vn 0.40300747193304698 0.72637383383404297 0.55674593046323073
v 5929.3000000000002 2730.1999999999998 6304.3999999999996
vn 0.56811128890586438 0.66782475442159261 0.48089464625784389
v 5965.3000000000002 2634.1999999999998 6276.6000000000004
vn -0.80555966084985953 -0.51245693696396521 -0.29742481498518242
v 5869.3000000000002 2730.1999999999998 6276.6000000000004
vn -0.57866225014723427 -0.67309280075640698 -0.46053890370351502
v 5856.2345731625064 2739.2006148122346 6276.7101983061848
vn -0.81312353745263133 -0.32993834304631003 -0.47955271100096492
v 5911.1559771771363 2740.7520749461537 6300.6705867251603
vn 0.47481027123384084 0.87983668644869895 -0.021038334292914202
v 5865.7578003741673 2732.0732113341573 6301.8159063455751
vn -0.8661974077282345 -0.34182786642831242 -0.36449384161869508
v 5896.3000000000002 2748.1999999999998 6276.6000000000004
vn 0.31622736331192608 0.94868208993577829 0.0015959097314717557
v 5905.3000000000002 2745.1999999999998 6276.6000000000004
vn 0.20449397731051294 0.97849336976839874 0.027072838104107922
v 5924.6189451385162 2744.4862545953138 6275.2131953021953
vn 0.24521922223906278 0.91442357110823469 0.32202028763127988
v 5884.3000000000002 2715.1999999999998 6304.3999999999996
vn -0.58532591618216034 -0.81040884235791188 -0.025121307163917816
v 5904.0616361960647 2704.1282754661734 6305.7615167236709
vn 0.046778719618230651 -0.75706785025787982 0.6516594367434505
v 5959.6481840652941 2733.9421663895787 6277.4408882996613
vn 0.036225533754965185 0.88910038536493929 0.45627646821645762
v 5936.2482309457564 2690.1471285043472 6304.378710455263
vn -0.16588407370980021 -0.33901725971078472 0.92603983267872003
v 5965.3000000000002 2664.1999999999998 6304.3999999999996
vn -0.43675682124518161 -0.096361367399330447 0.89440369295343136
v 5977.3000000000002 2733.1999999999998 6276.6000000000004
vn 0.15894267455276756 0.86420443839121741 0.47737607278846056
v 6076.3000000000002 2700.1999999999998 6276.6000000000004
vn 0.27724362753031045 0.83173088259093142 0.48099865897769911
v 6085.3000000000002 2700.1999999999998 6276.6000000000004
vn 0.20481068333337285 0.89326520516856234 0.40016228861261166
v 6139.3000000000002 2682.1999999999998 6276.6000000000004
vn 0.23058628432547584 0.85162640943320811 0.47070417911558055
v 6148.3000000000002 2682.1999999999998 6276.6000000000004
vn 0.24032632937650417 0.81305471535893292 0.53026906871985335
v 6189.694869423096 2670.0331558661164 6276.4944554138974
vn 0.24032632937650417 0.81305471535893292 0.53026906871985335
v 5967.6000000000004 2694.0999999999999 6307.8999999999996
vn 0.26095174088761086 0.10449171908756252 0.95967998289526235
v 6210.3819550980697 2660.1967508864964 6276.4133094054441
vn 0.32636458135248769 0.69474536280699561 0.64094854777648991
v 5972.0967391433796 2649.4108148793894 6303.746761287448
vn -0.53614048415690985 -0.014400575930354483 0.84400592691098353
v 5968.1119908945147 2631.4183897059875 6296.2337133252886
vn -0.8838015729316776 0.16738643602956982 0.43689422142757994
v 6245.0409502886505 2642.2262974056284 6277.2522513809654
vn 0.47610373594703559 0.51502122853279486 0.71279616074853136
v 5962.3000000000002 2622.1999999999998 6304.3999999999996
vn -0.53837188435558625 0.8393543646086522 -0.075099698719908833
v 6257.3640965174745 2624.5206404138776 6275.7582399002904
vn 0.7109863199347487 -0.00050423765239217212 0.70320565882964359
v 5944.0631451101235 2620.8579052874206 6304.4002994060711
vn -0.86298685237915529 0.50423824660311067 -0.031582958748961526
v 6259.7290764849113 2611.0421179261321 6276.6189514592243
vn 0.69610992954150974 -0.40837158144030394 0.59047744873590191
v 5947.3000000000002 2613.1999999999998 6304.3999999999996
vn -0.48597793360095598 0.65015328250882698 -0.58406006308935576
v 6244.3000000000002 2595.1999999999998 6276.6000000000004
vn 0.51728764325782028 -0.70321160887653078 0.48775703713432073
v 6217.3000000000002 2586.1999999999998 6276.6000000000004
vn 0.57393567236518783 -0.76071841196552092 0.30315893799024951
v 6205.3000000000002 2574.1999999999998 6276.6000000000004
vn 0.25615443983857034 -0.96473469066949613 0.060596035924968678
v 5935.3000000000002 2619.1999999999998 6304.3999999999996
vn 0.52798087968732599 0.84921438679705452 0.0084330268290793275
v 6189.5068928253504 2566.9658290980428 6263.3119432468338
vn 0.66086891065383979 -0.75037944972867932 -0.013526431757539181
v 6181.3000000000002 2568.1999999999998 6276.6000000000004
vn 0.52839387514469327 -0.79259081271703991 0.30430201495572856
v 6172.3000000000002 2562.1999999999998 6276.6000000000004
vn 0.44298065580709339 -0.83999913952819205 0.31332025815866799
v 6136.3000000000002 2550.1999999999998 6276.6000000000004
vn -0.083235399730941781 -0.60547715466860486 0.79149812596495817
v 6118.3000000000002 2550.1999999999998 6276.6000000000004
vn 0.58156258602924793 -0.51592089504596272 0.62897582512044625
v 6115.3000000000002 2541.1999999999998 6276.6000000000004
vn 0.42160612312467516 -0.85180736752062103 0.31092199275923049
v 6097.8000024741032 2524.6997416998111 6276.5998114361319
vn -0.13831781894671183 -0.98027145599174259 0.14119509031709865
v 5929.3000000000002 2625.1999999999998 6304.3999999999996
vn 0.51119502393993344 0.85867440042553844 0.036849987149158561
v 6088.3000000000002 2532.1999999999998 6276.6000000000004
vn -0.61196976171624384 -0.77513915177386727 0.15701052873057084
v 6082.3000000000002 2550.1999999999998 6276.6000000000004
vn -0.72250767599120247 -0.58053659520356915 0.37544629411307107
v 6066.63555181622 2570.7115296284128 6276.5666314943974
vn -0.6394241278392272 -0.71158936862619127 0.29116551168574534
v 5893.3000000000002 2637.1999999999998 6304.3999999999996
vn 0.50873026410016819 0.84812231251491388 -0.14792586455021206
v 5851.3000000000002 2655.1999999999998 6304.3999999999996
vn 0.12423648232908213 0.97700504918298736 0.17328136174858566
v 6031.3000000000002 2571.1999999999998 6276.6000000000004
vn 0.04242918846309552 -0.94955533024376526 0.31071600984181197
v 6007.5976790435907 2564.4533838165826 6275.7877214001137
vn 0.7440963292684234 -0.53958877549888207 0.39390938821621779
v 5836.5320441988706 2649.0176795578382 6304.3999999996622
vn -0.78429320342991071 0.59327327049838796 0.18141388471061215
v 5836.3000000000002 2628.1999999999998 6304.3999999999996
vn -0.96417341580739202 0.1370237823080391 0.22714336295015303
v 6008.0326203062768 2524.8015993954914 6272.8817659680826
vn 0.98157019216077224 -0.0074682151487754445 -0.19095597299889899
v 5842.3000000000002 2610.1999999999998 6304.3999999999996
vn -0.62014915546530025 -0.24475265597954982 0.74532621204854377
v 6010.3000000000002 2508.1999999999998 6276.6000000000004
vn 0.96049649538464221 0.07090937674139236 -0.2691065637325985
v 6013.1306930438823 2492.8866558733716 6262.6204662848577
vn 0.87471722546824449 0.069476471922348376 0.47962776745968277
v 6016.3000000000002 2481.1999999999998 6276.6000000000004
vn 0.87644309202422921 0.35464506576949445 -0.32569062585275543
v 6028.8662135297172 2440.3369524886548 6277.0161849697142
vn 0.89132582610873157 0.39756238006899458 -0.2179046251584931
v 5848.3000000000002 2604.1999999999998 6304.3999999999996
vn -0.65458039935379364 -0.34682658825375184 0.67174088640047114
v 6034.3000000000002 2430.1999999999998 6276.6000000000004
vn 0.96699768308862244 0.24211471414676586 -0.079346998020504309
v 6034.3000000000002 2403.1999999999998 6276.6000000000004
vn 0.94710153090289773 -0.31570051030096591 0.057722421614977606
v 6028.3000000000002 2385.1999999999998 6276.6000000000004
vn 0.48986123996102521 -0.87074964363191465 0.042790462707718212
v 5992.3000000000002 2397.1999999999998 6276.6000000000004
vn -0.34396980345957845 -0.91476921027978375 -0.21185387943599163
v 5956.3000000000002 2433.1999999999998 6276.6000000000004
vn -0.84792483372307248 -0.5296632308570185 0.021916620036052131
v 5953.3000000000002 2442.1999999999998 6276.6000000000004
vn -0.83285436271917779 -0.54017293966507507 0.12069302280257717
v 5935.3000000000002 2460.1999999999998 6276.6000000000004
vn -0.89829728306836254 -0.43467369562148706 0.064193220566948914
v 5925.2874746137622 2476.1160050468934 6276.771147698023
vn -0.8607895923916683 -0.50392312566579245 0.071433612882195102
v 5858.3137519178727 2577.4501547480704 6305.137265811496
vn -0.73393901784426696 -0.3617921202754702 0.574839090348223
v 5917.3000000000002 2490.1999999999998 6276.6000000000004
vn -0.56732380348441591 -0.78323558729747167 0.25433386874492442
v 5893.3000000000002 2514.1999999999998 6276.6000000000004
vn -0.85212052247611914 -0.52173262338551252 -0.041057092813502741
v 5887.0748000237299 2526.3758916011839 6275.4885680663956
vn -0.89467076580939331 -0.4467205585008035 0.0022278731480933466
v 5864.2109189748026 2552.9064231741268 6290.4429750822273
vn -0.62821089239704819 -0.76305374810648319 0.15198701317662686
v 6122.3689102730714 2400.310372729974 6276.9491648536841
vn -0.80441272152031051 -0.32354772094786044 0.49823392671087025
v 5874.1165127958875 2550.5746241774432 6293.7708288222466
vn -0.71310949723604089 -0.70054268912751805 0.026735475715733519
v 6120.6366435074815 2432.8511300310247 6275.3565228524549
vn -0.71613059462421358 0.023349323678353243 0.69757564502133673
v 5906.4465274855302 2511.6053594559799 6293.0111482718312
vn -0.41891425107677505 -0.87055695692181723 0.25815002421036098
v 5918.843466617056 2485.1932037844308 6307.823147101346
vn -0.80954201537626436 -0.34221358625431481 -0.47700271144249978
v 6127.9732751094134 2467.6534704865371 6276.5310301260097
vn 0.23049110883249418 0.33507888467098712 0.91356225283054171
v 6136.3000000000002 2664.1999999999998 6290.5
vn 0.42021867069115854 0.77964458765585054 0.46429579552424799
v 6136.1340174972502 2482.9697550978053 6276.5992026353306
vn -0.76753516665625154 -0.35730255691673807 0.53218854813564087
v 6105.8624301496066 2678.9434040781216 6294.8102947862644
vn 0.23958217208408014 0.60275336303631222 0.76111021946094648
v 6125.6041498752111 2496.3025075753994 6276.5983124558979
vn -0.74905971586754894 -0.19166977947548089 0.63417051153475079
v 6075.3635108731814 2691.6180814623567 6285.3866511883652
vn 0.34544168136924758 0.70737263753022717 0.61667981679824524
v 6144.4441405645948 2515.2855809217017 6276.6346093583197
vn -0.30189429282833141 0.45030688893163828 0.8402877731696391
v 6172.9247672664014 2482.1842877247836 6290.4999999994598
vn -0.16965435379247432 0.60672071263550509 0.77659988224202225
v 6043.3000000000002 2688.1999999999998 6290.5
vn 0.27724362753031045 0.83173088259093142 0.48099865897769911
v 6192.6565965251702 2506.3612244321703 6279.1456758873464
vn 0.51469694129073784 0.59425047798882014 0.61802380863201156
v 5973.9296655846993 2711.7766048072517 6290.6258715217682
vn 0.46499165087729338 0.78832873238045753 0.40289027577968467
v 5942.8859468229566 2726.0253377857057 6290.6863802200778
vn 0.26890428285661011 0.91538996229467162 0.29958588683636617
v 5923.3120946841063 2727.7845928535148 6290.4505944493112
vn 0.35592805046843973 0.90483556002733623 0.23364039077127191
v 6220.0912622845099 2493.6102557955091 6278.1759910029214
vn 0.43093486662634706 0.9016375141645615 -0.036673338774681305
v 5913.2844323134996 2734.6822399778175 6290.8686738798015
vn 0.43974292739743953 0.89357192405202601 0.090307111291916403
v 6252.4394524722366 2476.072323476058 6275.8302689984484
vn 0.42182979127466319 0.88875334919693416 -0.179379796756509
v 5869.3000000000002 2748.1999999999998 6290.5
vn -0.18219975864381618 0.98325803301875403 -0.0026245864866695366
v 5899.3000000000002 2748.1999999999998 6304.3999999999996
vn 0.29580659993160979 0.93381556050645709 -0.20121370329307106
v 6268.3000000000002 2463.1999999999998 6276.6000000000004
vn 0.56123523596478786 0.74297443108803185 -0.36469714101013218
v 6283.4923216541156 2457.4422034668451 6278.9963383094819
vn 0.51852363096777787 0.72396357424049373 -0.45498350222938949
v 5855.3288427184016 2748.7563605396563 6278.8288858646019
vn -0.78583719015100695 0.59444487418647729 -0.17057315770364745
v 5873.7260562656838 2722.4958570168715 6283.6918056890254
vn -0.91337110217694595 -0.37955518189828408 -0.14727896524022543
v 6298.9440174737983 2429.1984315872696 6268.4202507361697
vn 0.73408219489270632 0.41837779687966936 -0.53486760064488947
v 6313.3000000000002 2409.1999999999998 6276.6000000000004
vn 0.71539214070492696 0.47886467494340135 -0.50882483047604188
v 6338.7277641959345 2385.1775987369374 6277.4384887152128
vn 0.80877405839655481 0.3304612075523316 -0.48649759790549951
v 6343.0924989591349 2365.0953902252668 6275.7961190921978
vn 0.73999695365522389 -0.098368220855144989 -0.66537823958015185
v 5881.3000000000002 2709.1999999999998 6290.5
vn -0.70126609431985276 -0.70126609431985276 0.12826429711637827
v 5911.3000000000002 2679.1999999999998 6290.5
vn -0.45128817209971783 -0.88857890993871591 -0.08225877785998939
v 6328.43130546876 2350.6926807849641 6272.6631505599244
vn 0.66616818361125696 -0.7275433959592611 -0.16401389618000167
v 6321.2126130829229 2345.2736960996781 6272.4740972725012
vn 0.51653316937008031 -0.85607129864598386 -0.018314381646086116
v 5923.2882000685495 2673.0433226455352 6291.2362224232929
vn -0.51256777089513439 -0.85469544056650482 -0.082279913189194961
v 5962.2626790880877 2640.5277739450721 6290.8968721367191
vn -0.67578394028507205 -0.52772443463676344 0.51460954824030458
v 5957.5573427205773 2609.6572336679064 6289.2939512726571
vn -0.82259259266861773 0.52379552183236111 -0.22131352826948048
v 5900.8251381911905 2598.2688439395447 6290.6566595757349
vn 0.96498094874404516 0.26096067400707057 -0.026670117787850094
v 5933.1717032846764 2609.5569120037799 6291.3225764770959
vn 0.99522775163041433 0.075022680964127481 0.062396472060728486
v 5914.3000000000002 2625.1999999999998 6290.5
vn -0.26067182223143787 0.94289151318768771 -0.20737838714093243
v 6199.179242686283 2362.578897119603 6276.7249843786813
vn -0.16921343949147577 -0.97060047094831636 0.17117691926884035
v 5860.3000000000002 2643.1999999999998 6290.5
vn 0.46240842106018659 0.79336316399248552 -0.39592087865185605
v 6165.8524257955505 2368.2776126163499 6276.0930687623559
vn -0.30392154468020105 -0.93139975069018666 0.2003152492783779
v 5842.3000000000002 2643.1999999999998 6290.5
vn -0.624672854425942 0.70416135758113585 -0.33755089606285688
v 5824.3000000000002 2625.1999999999998 6290.5
vn -0.9127882548703532 0.40283978462655862 0.067362524394226006
v 5817.4897573624376 2603.3192053649018 6290.7233438850899
vn -0.9756947938168834 -0.20370468411045908 0.080771721475326352
v 5840.1236838098539 2577.7931422279908 6290.3710069976596
vn -0.86643517871853526 -0.47502474158465102 0.15375817364099889
v 6145.3000000000002 2409.1999999999998 6290.5
vn -0.074412726507812735 0.10360908590891352 0.99183058203041541
v 5875.3000000000002 2541.1999999999998 6290.5
vn -0.87983049855411355 -0.45968248881528512 0.120790327802375
v 5914.3000000000002 2508.1999999999998 6290.5
vn -0.44472508351842266 -0.88358074175322787 0.1466447165510838
v 6137.679683555014 2446.2451758873826 6278.0467348625443
vn -0.012954090985255554 0.39130753435545118 0.92016879162651621
v 5944.1058650957866 2478.1562804941696 6290.4947733656591
vn -0.87328028706170213 -0.48711910139987635 0.0098245244570947
v 6181.3000000000002 2490.1999999999998 6290.5
vn -0.12244608839937925 0.55397958378183565 0.82347651829824253
v 6199.6871622706303 2488.1117054362608 6292.2529455600807
vn -0.087998086230811304 0.81767440181050399 0.56891555563505991
v 5959.2927113314508 2451.2114875752077 6290.5400110914852
vn -0.87112363537227444 -0.49100286511776814 -0.0077329387644959457
v 6217.3000000000002 2487.1999999999998 6290.5
vn 0.27075567030294817 0.90343904153607568 0.33239925575605334
v 6258.7568468927257 2472.9237933055929 6290.8071992418672
vn 0.44439758940751378 0.8918466073371315 0.084382530834522365
v 5973.9500359398626 2424.6975189348668 6290.7937930192038
vn -0.96195838336711803 -0.27312781439148259 -0.0061045618559185163
v 5992.3000000000002 2406.1999999999998 6290.5
vn -0.7462968121405531 -0.62812561785870313 -0.22022551255127212
v 6001.3000000000002 2403.1999999999998 6290.5
vn 0.10347405237216019 -0.90854768880844117 0.40476439770133366
v 6292.3000000000002 2454.1999999999998 6290.5
vn 0.60478027942704948 0.79633007425664615 -0.0099612474391678005
v 6322.7260209777814 2423.6262450939539 6290.4408162757081
vn 0.77244180601980328 0.50683543183008994 -0.38268982394946283
v 6013.7903248857183 2417.8481168880462 6291.6447428993924
vn 0.68745653472592627 -0.34262729794339258 0.64032026952661059
v 6020.6337592764185 2431.1965596896512 6291.8884970759664
vn 0.77186354867432561 -0.0063118810710735534 0.63575688937299102
v 6025.3000000000002 2448.1999999999998 6290.5
vn 0.99226987300056779 0 0.12409874751760031
v 6025.3000000000002 2484.1999999999998 6290.5
vn 0.92230128267027889 0.35473835102149726 0.15336572726429906
v 6353.1594157055188 2366.2342389278078 6289.9839877191089
vn 0.97395195784069055 0.0099962806327996458 -0.226534011114879
v 6019.3000000000002 2490.1999999999998 6290.5
vn 0.92800589090768892 0.34002179404236632 0.15228343973274666
v 6004.4951167198997 2535.403550234314 6290.4435596729036
vn 0.8795114549629538 0.29019249751577547 0.37715767919333781
v 6001.3000000000002 2553.1999999999998 6290.5
vn 0.98425794496794206 -0.1506559323770324 0.092407184823964955
v 6303.8460392419111 2346.0843209512173 6290.3862007631296
vn 0.14540060629996074 -0.95481564917890616 0.2592021214625137
v 6001.5326382456096 2572.8662665024203 6290.8136820601321
vn 0.80850382201437176 -0.57970450875619906 -0.10131264637688051
v 6016.3000000000002 2583.1999999999998 6290.5
vn 0.35039933345510915 -0.93621389776570763 0.026904362927906909
v 6264.3526394358023 2357.0020650764318 6283.4078310617388
vn -0.052814840884652652 -0.98343033478820918 0.17342251641779224
v 6035.5200126256777 2585.9753824708014 6290.4959869129052
vn 0.14286958135244443 -0.98935714275143483 0.027581276455127885
v 6088.3000000000002 2586.1999999999998 6290.5
vn -0.3161514141467347 -0.94845424244020415 -0.021973468779379019
v 6239.7023861173111 2359.7479506792151 6285.0155383035526
vn -0.097591945838459579 -0.97944782275366893 0.1765156497610359
v 6097.3000000000002 2583.1999999999998 6290.5
vn -0.41819186064991282 -0.90447953561868044 0.083859032508013479
v 6106.3000000000002 2583.1999999999998 6290.5
vn -0.0095761943058642034 -0.89913696664465237 0.43756258034213719
v 6224.2485682548049 2358.4704731250631 6280.4970415744392
vn -0.27963267851111961 -0.92570529560329862 0.25470624413372051
v 6193.3000000000002 2571.1999999999998 6290.5
vn 0.56413839972444002 -0.73495657973500528 0.37628007103827671
v 6199.3000000000002 2577.1999999999998 6290.5
vn 0.21478060537469235 -0.81496716732228791 0.53823582911356482
v 6178.3000000000002 2382.1999999999998 6290.5
vn -0.26925411702724733 -0.68973440765645211 0.67213738726444938
v 6164.5887983182693 2392.3581324495608 6291.3921031759701
vn -0.41913895086312675 -0.52429161771075061 0.74124276689057922
v 6208.3000000000002 2604.1999999999998 6290.5
vn 0.38846363018103153 -0.28381442637850979 0.87666719991454689
v 6154.785047435279 2422.5615314889592 6304.1173465352877
vn -0.72995856170964157 -0.060806125154520475 0.68078125218787
v 6159.1465231955754 2443.1652927879172 6305.0914045193995
vn -0.64529896986465796 0.35826213239724752 0.67471289003678336
v 6190.9297851698157 2636.3447128092976 6290.7730679635624
vn 0.16843608571716473 0.67932830500922914 0.71424249316430877
v 6175.3000000000002 2460.1999999999998 6304.3999999999996
vn -0.32119057214598762 0.44522370243262505 0.83583040813117015
v 6162.9369124755249 2637.398468228108 6290.955944987164
vn 0.41300296085903904 0.72462254365387746 0.55167991041024089
v 6183.3398382509004 2459.0691028906585 6305.378433428571
vn -0.62522358020594315 0.39830151815848008 0.67115674427596461
v 6209.0002806960365 2485.4027382066834 6305.0340420565353
vn -0.066625301323899835 0.82169914556331503 0.56601376609055876
v 6272.4655802074358 2374.6354662615104 6360.6958028760837
vn -0.47067934959484281 -0.63191875128523323 0.61574316207253754
v 6242.9464352396917 2475.0147135924949 6304.3839248832119
vn 0.3913729561392647 0.86059614173042964 0.32588570088531255
v 6292.3810481721184 2364.9730261739701 6361.8809784600699
vn -0.31499907476448824 -0.78548656187870558 0.53271610075676012
v 6325.3000000000002 2364.1999999999998 6360.1000000000004
vn 0.54630785637406232 -0.82505796108184015 0.14431592746281902
v 6270.6178999903805 2459.2739147903158 6301.630202424004
vn 0.58439471074370175 0.81146825852698268 -0.0014448037829427032
v 6334.3000000000002 2391.1999999999998 6360.1000000000004
vn 0.91893930039080551 -0.05669129703348507 0.39030329109286033
v 6333.393015236009 2409.3703162307552 6359.5409163603608
vn 0.88629811304285222 0.46187085078433959 0.033925978429958793
v 6298.3000000000002 2448.1999999999998 6304.3999999999996
vn 0.52295848158196157 0.83876441804761692 -0.15162017530240396
v 6340.3000000000002 2406.1999999999998 6304.3999999999996
vn 0.87107080813670756 0.41647931253742798 -0.26034713257574882
v 6339.3928571427969 2398.2642857142941 6294.9347619052187
vn 0.74570419410663258 0.54829557526247363 -0.37854618877934926
v 6348.9380298905153 2390.3500084137181 6296.1156053976201
vn 0.82550885056355305 0.50901622843042249 -0.24379831179831671
v 6353.5264699255167 2376.3055027807522 6303.2294478158128
vn 0.98093302450305764 0.038603178700282605 0.1904736098085974
v 6325.3000000000002 2424.1999999999998 6360.1000000000004
vn 0.87781701509275878 0.47775009458424456 0.034527310036907941
v 6347.0819885091469 2345.9222620086684 6292.8474725598135
vn 0.63345019086106791 -0.77151705772680657 -0.059180109282155481
v 6332.9760902842227 2342.7484550583149 6305.1445709871732
vn 0.18016355801041672 -0.9286441486214958 0.32428558030859855
v 6301.3000000000002 2448.1999999999998 6360.1000000000004
vn 0.60307487048928976 0.78388211647002026 0.14774819140283321
v 6301.939677783259 2345.7447253199598 6302.4315644872358
vn -0.20513721430401374 -0.93509778161906831 0.28898245988067578
v 6275.8808983586259 2463.2165973713882 6357.4874657042265
vn 0.50943233327769732 0.86044205082749081 -0.01087083156997287
v 6280.3000000000002 2352.1999999999998 6304.3999999999996
vn -0.11235571560800631 -0.97387530706006209 0.19734000980258054
v 6244.4931961916336 2472.2596394317243 6362.7653144092992
vn -0.32973936263376991 0.89114122476987889 0.31167173475552035
v 6232.3000000000002 2445.1999999999998 6360.1000000000004
vn 0.37934578785731188 0.55138515799148258 0.74301492635183519
v 6253.0824824443407 2355.3503636088071 6304.4507634759339
vn -0.19362258566215429 -0.91355393434891741 0.35767234077730359
v 6230.2150025106012 2420.6979638974958 6357.7417999219069
vn -0.64932126132983081 -0.28410655751718877 0.7054540123642149
v 6265.3000000000002 2388.1999999999998 6360.1000000000004
vn -0.60459732200729965 -0.42118557162676723 0.6760656717176482
v 6289.8625433852476 2358.6127861529749 6346.0308449918321
vn -0.30503675932264385 -0.89269326690414341 0.33173981775775313
v 6190.3000000000002 2388.1999999999998 6304.3999999999996
vn -0.51552560626889365 -0.78167265035830624 0.35102879791109848
v 6192.4537006111659 2395.413604953088 6316.5900223972967
vn -0.27943272551837284 -0.63981238288726539 0.7159311884626155
v 6345.3480206951463 2393.3568576719063 6315.2058517982905
vn 0.94893009957462771 0.29672123895467728 0.10718289263911765
v 6326.6082349990165 2347.790218443899 6347.1105110511535
vn 0.34632207923650277 -0.90016720255572635 0.2641212314000963
v 6342.714071692586 2365.1919190652898 6318.3577574823312
vn 0.716674007267045 -0.66743012617898334 0.20227553973850071
v 6337.3927338419326 2355.0567723102649 6332.7961887665533
vn 0.57035772288317732 -0.82129689153937246 0.012786082092688451
v 6319.3000000000002 2355.1999999999998 6318.3000000000002
vn 0.38247463780948998 -0.89752175411174695 0.21947175747387693
v 6292.3000000000002 2355.1999999999998 6318.3000000000002
vn -0.086731544336963284 -0.96178304269340087 0.25971333813331415
v 6274.3000000000002 2361.1999999999998 6318.3000000000002
vn -0.43854044726354963 -0.80539504754174296 0.39877448954154471
v 6341.3627723222835 2367.0782927998134 6342.1428482814908
vn 0.89253848352948906 -0.34101619480691214 0.29509830615964938
v 6342.7520887036726 2395.6954759146083 6337.3501392337657
vn 0.96397972216615069 0.13586392437234324 0.22865714357224232
v 6337.3000000000002 2400.1999999999998 6346.1999999999998
vn 0.80501942225914658 0.55064912895324358 0.22074706468848912
v 6301.3000000000002 2436.1999999999998 6346.1999999999998
vn 0.72954329752853897 0.68070389785689744 0.066398648130907262
v 6292.3000000000002 2439.1999999999998 6346.1999999999998
vn 0.57931091518218969 0.81069072436048384 0.084731416762897416
v 6229.3000000000002 2385.1999999999998 6318.3000000000002
vn -0.28737078066515725 -0.73433541395101043 0.61495490423062416
v 6212.7946866807069 2368.702306882522 6303.5512186088617
vn -0.37438155264031131 -0.79261098263136509 0.48125490465528925
v 6214.3000000000002 2391.1999999999998 6318.3000000000002
vn -0.37394811509952208 -0.63436339605347825 0.67656920485713246
v 6202.9641442472366 2392.8521151115601 6317.7076130170235
vn -0.26495125457998675 -0.63589955338752269 0.72486729178384113
v 6267.5558633980972 2463.1830183503339 6346.3416906603825
vn 0.68177509193624286 0.70219952161265686 0.20517932610836639
v 6253.3000000000002 2472.1999999999998 6346.1999999999998
vn 0.28600963813582558 0.94481341056817858 0.15976891469851173
v 6170.4695028566584 2419.9178705227291 6317.8144115457917
vn -0.72765564711154818 -0.25896157936573705 0.63518198938499293
v 6201.1530584006123 2464.6870493807983 6346.122923306858
vn -0.57773880773102682 0.6330188703925701 0.51527175331900943
v 6179.2532019335567 2445.9727811607427 6318.9342897439437
vn -0.82252605967932735 0.4355663678066809 0.3656949827166005
v 6199.3000000000002 2451.1999999999998 6346.1999999999998
vn -0.55466876000536325 -0.11260448137396592 0.82441664069123011
v 6187.3000000000002 2460.1999999999998 6318.3000000000002
vn -0.5524036870583825 0.82464564656727157 0.12169520993840037
v 6200.3425441491618 2456.9318051974324 6317.9447606017302
vn -0.22439024689899734 0.96560933223642076 0.13133025011222821
v 6186.9837419165451 2432.4273046588469 6333.2643306650471
vn -0.33704692193590952 -0.42081140881107298 0.84220967141678493
v 6216.8445984569044 2469.190109468399 6318.6261685409099
vn -0.31323510498451884 0.94523486786358968 0.09173229300654985
v 6211.3000000000002 2427.1999999999998 6346.1999999999998
vn -0.45373973416228536 -0.35027118886070224 0.81940853540614822
v 6316.2585462834941 2447.9047476873038 6332.4310951650941
vn 0.51116936658982137 0.82720359430927515 0.23332400695594288
v 6241.3000000000002 2478.1999999999998 6332.1999999999998
vn 0.10157507520343195 0.98425281592385672 -0.14466823577888657
v 6256.3000000000002 2469.1999999999998 6318.3000000000002
vn -0.036456888508364933 0.98836478841424569 -0.14766834563694398
v 6306.8117523073024 2449.662335058742 6332.0229485800346
vn 0.45440296552144399 0.87070479730119299 0.18812522659655675
v 6295.3000000000002 2460.1999999999998 6332.1999999999998
vn 0.66586835243628206 0.72442266267132249 0.17841284435819693
v 6195.4946683405924 2470.5422670530415 6333.2125149719886
vn -0.55298102062151155 0.83151695940159498 -0.052834998437757748
v 6174.0876766587344 2449.7735975991654 6332.2911821042017
vn -0.9207999637613008 0.22134680600608236 0.32114329855703527
v 6319.1297842045124 2439.2472916359366 6318.2232726900256
vn 0.56101056136015492 0.78867741623435961 -0.25150563247024593
v 6178.3000000000002 2433.1999999999998 6332.1999999999998
vn -0.79163619984361633 -0.42297814204129575 0.44090998905950352
v 6217.3000000000002 2400.1999999999998 6332.1999999999998
vn -0.28732732758879292 -0.64864173644970446 0.70477436428703522
v 6226.3000000000002 2397.1999999999998 6332.1999999999998
vn -0.25595346890727744 -0.64441077520161238 0.72057100591016587
v 6327.6738171783554 2427.3814107125195 6332.1808235686221
vn 0.80409695203758269 0.4424034822644019 0.39712372203659718
v 6240.2242622173289 2381.1620056267875 6321.3183623040568
vn -0.41842221855580297 -0.69423141482271944 0.58563264056239628
v 6263.0773305411767 2366.6516056727337 6322.8038119765351
vn -0.37951233065325402 -0.8054048674929527 0.45529483886905042
v 6346.2560806220836 2412.3720403116195 6318.441231716426
vn 0.89364319646994284 0.44239281133714914 -0.075434991086343509
v 6257.1139557587258 2379.7162039207833 6344.7429851309389
vn -0.6004244605948359 -0.67017317909542939 0.43630078746264694
v 6308.0553311612821 2356.5393822841929 6329.6342994987745
vn -0.036665379273649663 -0.99151386364604244 -0.12472332644865

# 3394 facets
# ------------------------------------------

f  17 106 40
f  264 262 2
f  40 67 17
f  1043 86 33
f  99 105 1544
f  85 118 14
f  262 273 2
f  2 273 4
f  273 272 4
f  3 118 85
f  4 272 7
f  3 85 159
f  272 6 7
f  7 6 9
f  295 306 303
f  9 6 10
f  6 196 10
f  10 196 198
f  306 295 31
f  196 197 198
f  60 1 44
f  133 139 535
f  12 97 839
f  12 26 97
f  26 11 97
f  198 200 18
f  200 204 18
f  11 26 27
f  63 82 45
f  18 204 21
f  851 830 89
f  204 205 21
f  830 851 957
f  978 1 60
f  209 21 205
f  13 12 839
f  5 838 16
f  212 23 209
f  23 212 24
f  24 212 25
f  212 213 25
f  837 838 5
f  85 754 738
f  216 25 213
f  978 60 8
f  28 25 216
f  428 435 434
f  219 28 216
f  100 99 1623
f  978 79 935
f  11 769 97
f  29 28 219
f  219 221 29
f  29 221 30
f  221 222 30
f  30 222 32
f  222 223 32
f  12 13 26
f  754 85 14
f  32 223 34
f  223 225 34
f  22 20 326
f  5 16 101
f  35 34 225
f  225 227 35
f  35 227 36
f  36 227 37
f  227 228 37
f  228 229 37
f  37 229 38
f  229 230 38
f  38 230 41
f  106 17 19
f  437 435 428
f  41 230 42
f  230 231 42
f  50 96 1341
f  162 42 231
f  162 163 42
f  769 11 27
f  165 42 163
f  165 166 42
f  166 167 42
f  167 168 42
f  20 236 326
f  39 1043 33
f  267 42 168
f  68 67 40
f  1378 99 1544
f  174 42 267
f  174 175 42
f  42 175 43
f  175 176 43
f  44 62 60
f  181 43 176
f  96 50 56
f  1671 63 45
f  1458 96 58
f  181 185 46
f  1554 19 17
f  185 188 46
f  46 188 47
f  188 191 47
f  47 191 48
f  17 67 1554
f  68 1554 67
f  49 48 191
f  191 194 49
f  831 89 70
f  196 49 194
f  196 6 49
f  49 6 51
f  19 114 106
f  51 6 53
f  78 1204 129
f  6 272 53
f  272 271 53
f  53 271 54
f  271 269 54
f  82 1680 45
f  55 54 269
f  269 266 55
f  55 266 2
f  266 264 2
f  714 94 86
f  89 830 70
f  139 551 535
f  4 57 2
f  1232 90 129
f  1458 1341 96
f  837 5 774
f  7 59 4
f  59 7 61
f  1621 1623 99
f  7 9 61
f  1621 99 1583
f  5 710 774
f  64 61 9
f  9 10 64
f  100 105 99
f  710 5 101
f  10 198 64
f  86 104 714
f  40 106 108
f  738 159 85
f  65 64 198
f  114 116 106
f  18 65 198
f  65 18 66
f  108 106 116
f  118 15 14
f  21 66 18
f  66 21 69
f  90 126 129
f  139 133 127
f  1024 137 935
f  209 69 21
f  1024 935 134
f  128 551 139
f  142 148 140
f  209 23 71
f  71 23 72
f  23 24 72
f  24 25 72
f  72 25 73
f  73 25 74
f  25 28 74
f  74 28 75
f  520 461 459
f  489 484 459
f  29 75 28
f  29 30 75
f  75 30 76
f  76 30 77
f  77 30 80
f  489 459 457
f  30 32 80
f  149 562 152
f  149 593 562
f  81 80 32
f  32 34 81
f  81 34 112
f  593 149 586
f  35 112 34
f  112 35 83
f  586 149 585
f  35 36 83
f  83 36 84
f  36 37 84
f  37 38 84
f  84 38 41
f  585 149 577
f  577 149 564
f  564 149 152
f  158 3 156
f  41 42 87
f  118 3 158
f  87 42 88
f  88 42 91
f  161 3 159
f  161 153 3
f  91 42 92
f  42 43 92
f  92 43 93
f  93 43 95
f  1091 164 1085
f  95 43 181
f  95 181 98
f  181 46 98
f  1085 164 1077
f  1077 164 1074
f  98 46 102
f  1074 164 1068
f  1068 164 1066
f  46 47 102
f  164 1061 1066
f  1061 164 1057
f  102 47 103
f  47 48 103
f  103 48 107
f  48 49 107
f  1057 164 1096
f  164 1094 1096
f  49 51 107
f  1094 164 1091
f  107 51 110
f  173 203 169
f  51 53 110
f  170 173 169
f  171 173 170
f  110 53 111
f  172 173 171
f  54 111 53
f  111 54 57
f  54 55 57
f  55 2 57
f  144 112 113
f  112 83 113
f  177 173 172
f  84 113 83
f  84 41 113
f  41 87 113
f  113 87 115
f  203 173 177
f  88 115 87
f  178 203 177
f  115 88 117
f  88 91 117
f  183 203 178
f  195 203 183
f  187 195 183
f  92 117 91
f  92 93 117
f  117 93 119
f  93 95 119
f  189 195 187
f  192 195 189
f  98 119 95
f  119 98 120
f  193 195 192
f  203 195 193
f  102 120 98
f  193 202 203
f  854 224 89
f  131 120 102
f  131 102 130
f  206 224 854
f  103 130 102
f  103 107 130
f  208 224 206
f  121 130 107
f  211 224 208
f  214 224 211
f  110 121 107
f  121 110 122
f  122 110 123
f  215 224 214
f  217 224 215
f  111 123 110
f  123 111 124
f  124 111 125
f  218 224 217
f  111 57 125
f  125 57 127
f  220 224 218
f  57 4 127
f  127 4 139
f  4 128 139
f  4 59 128
f  59 61 128
f  89 224 220
f  128 61 121
f  617 542 226
f  542 617 544
f  64 121 61
f  544 617 607
f  607 617 610
f  130 121 64
f  64 65 130
f  65 66 130
f  130 66 131
f  66 69 131
f  617 614 610
f  617 615 614
f  131 69 209
f  209 71 131
f  71 72 131
f  131 72 132
f  132 72 135
f  618 617 226
f  233 252 232
f  72 73 135
f  135 73 136
f  136 73 138
f  73 74 138
f  74 75 138
f  234 252 233
f  239 252 234
f  241 252 239
f  242 252 241
f  76 141 75
f  76 77 141
f  141 77 143
f  77 80 143
f  243 252 242
f  246 252 243
f  247 252 246
f  144 143 80
f  80 81 144
f  81 112 144
f  144 113 145
f  113 115 145
f  145 115 146
f  250 252 247
f  117 146 115
f  146 117 147
f  232 252 250
f  147 117 150
f  254 207 256
f  254 210 207
f  117 119 150
f  254 182 210
f  120 150 119
f  120 131 150
f  131 132 150
f  150 132 151
f  132 135 151
f  254 184 182
f  281 151 135
f  184 254 186
f  136 281 135
f  281 136 154
f  254 190 186
f  254 199 190
f  136 138 154
f  154 138 155
f  199 254 201
f  155 138 75
f  201 254 256
f  157 155 75
f  75 141 157
f  264 277 262
f  157 141 160
f  266 277 264
f  141 143 160
f  269 277 266
f  160 143 145
f  271 277 269
f  144 145 143
f  253 231 251
f  272 277 271
f  255 231 253
f  273 277 272
f  262 277 273
f  162 231 255
f  255 257 162
f  162 257 163
f  257 258 163
f  151 281 279
f  163 258 165
f  258 259 165
f  259 260 165
f  165 260 166
f  260 261 166
f  166 261 167
f  151 279 150
f  263 167 261
f  167 263 168
f  147 150 279
f  146 147 279
f  145 146 279
f  265 168 263
f  168 265 267
f  145 279 160
f  160 279 157
f  155 157 279
f  155 279 154
f  281 154 279
f  267 268 174
f  283 301 148
f  270 174 268
f  286 283 148
f  288 286 148
f  288 148 142
f  175 174 270
f  270 274 175
f  274 275 175
f  275 276 175
f  288 142 289
f  278 175 276
f  175 278 176
f  290 289 142
f  280 176 278
f  291 290 142
f  280 282 176
f  293 291 142
f  293 142 295
f  140 295 142
f  181 176 282
f  282 179 181
f  296 295 140
f  179 180 181
f  299 296 140
f  180 210 181
f  210 182 181
f  182 185 181
f  182 184 185
f  185 184 188
f  184 186 188
f  301 299 140
f  191 188 186
f  301 140 148
f  186 190 191
f  345 343 301
f  283 345 301
f  191 190 194
f  345 283 310
f  194 190 196
f  196 190 197
f  197 190 198
f  190 200 198
f  190 199 200
f  200 199 204
f  199 201 204
f  283 286 310
f  315 310 286
f  256 204 201
f  204 256 205
f  286 288 315
f  289 315 288
f  207 205 256
f  205 207 209
f  209 207 212
f  207 210 212
f  210 180 212
f  180 179 212
f  315 289 317
f  290 317 289
f  317 290 318
f  235 212 179
f  212 235 213
f  235 236 213
f  322 318 290
f  291 322 290
f  213 236 216
f  322 291 324
f  293 324 291
f  236 52 216
f  216 52 219
f  303 324 293
f  219 52 221
f  52 237 221
f  221 237 222
f  222 237 223
f  293 295 303
f  237 238 223
f  223 238 225
f  296 31 295
f  238 240 225
f  31 296 309
f  225 240 227
f  240 335 227
f  342 309 296
f  299 342 296
f  228 227 335
f  335 244 228
f  228 244 229
f  229 244 230
f  244 245 230
f  299 301 342
f  339 338 324
f  248 230 245
f  248 249 230
f  230 249 231
f  303 339 324
f  251 231 249
f  339 303 340
f  306 340 303
f  179 282 321
f  321 323 179
f  309 306 31
f  341 306 309
f  342 341 309
f  341 342 371
f  235 179 323
f  235 323 236
f  323 325 236
f  325 326 236
f  342 301 343
f  52 236 20
f  328 52 20
f  52 328 237
f  328 329 237
f  329 330 237
f  345 377 343
f  238 237 330
f  330 332 238
f  345 310 350
f  327 350 310
f  405 238 332
f  238 405 240
f  240 405 335
f  331 327 310
f  310 315 331
f  333 331 315
f  317 333 315
f  334 333 317
f  317 318 334
f  244 335 407
f  407 408 244
f  244 408 452
f  244 452 245
f  336 334 318
f  452 410 245
f  318 322 336
f  337 336 322
f  245 410 411
f  245 411 248
f  411 344 248
f  248 344 249
f  324 337 322
f  337 324 338
f  251 249 344
f  344 346 251
f  350 347 345
f  251 346 253
f  351 379 350
f  327 351 350
f  348 253 346
f  253 348 255
f  348 349 255
f  351 327 354
f  327 331 354
f  355 354 331
f  333 355 331
f  304 255 349
f  255 304 257
f  304 305 257
f  257 305 258
f  355 333 359
f  307 258 305
f  258 307 259
f  307 308 259
f  259 308 260
f  333 334 359
f  260 308 383
f  383 311 260
f  260 311 261
f  336 359 334
f  261 311 263
f  311 312 263
f  361 359 336
f  263 312 265
f  386 361 336
f  312 313 265
f  313 267 265
f  313 268 267
f  337 386 336
f  313 314 268
f  268 314 270
f  338 386 337
f  338 362 386
f  339 362 338
f  364 362 339
f  316 270 314
f  270 316 274
f  316 397 274
f  274 397 275
f  275 397 276
f  340 364 339
f  306 389 340
f  319 276 397
f  276 319 278
f  306 367 389
f  319 320 278
f  278 320 280
f  341 367 306
f  280 320 282
f  367 341 371
f  320 321 282
f  375 371 342
f  284 436 285
f  436 366 285
f  377 375 342
f  368 285 366
f  285 368 287
f  342 343 377
f  368 369 287
f  287 369 292
f  347 377 345
f  347 350 379
f  379 351 382
f  354 382 351
f  369 370 292
f  382 354 384
f  292 370 294
f  355 384 354
f  370 372 294
f  294 372 297
f  372 373 297
f  385 384 355
f  373 374 297
f  355 359 385
f  297 374 298
f  386 385 359
f  300 298 374
f  374 376 300
f  359 361 386
f  376 378 300
f  386 362 388
f  364 388 362
f  378 380 300
f  300 380 302
f  389 388 364
f  380 381 302
f  302 381 353
f  353 381 352
f  352 381 349
f  364 340 389
f  349 381 304
f  304 381 305
f  389 367 391
f  305 381 307
f  381 502 307
f  307 502 308
f  367 371 391
f  502 383 308
f  393 391 371
f  375 393 371
f  504 311 383
f  393 375 394
f  377 394 375
f  387 311 504
f  311 387 312
f  395 394 377
f  347 395 377
f  313 312 387
f  387 390 313
f  313 390 314
f  395 347 379
f  392 314 390
f  398 429 379
f  400 398 379
f  403 400 379
f  316 314 392
f  392 396 316
f  316 396 397
f  382 403 379
f  384 403 382
f  403 384 451
f  385 451 384
f  397 399 319
f  319 399 320
f  320 399 321
f  409 451 385
f  321 399 323
f  416 409 385
f  323 399 325
f  325 399 326
f  385 386 416
f  399 22 326
f  328 20 22
f  328 22 442
f  328 442 329
f  442 401 329
f  329 401 330
f  416 386 418
f  401 402 330
f  330 402 332
f  386 388 418
f  419 418 388
f  404 332 402
f  404 405 332
f  389 419 388
f  389 391 419
f  406 335 405
f  406 407 335
f  420 419 391
f  422 420 391
f  422 391 424
f  393 424 391
f  394 424 393
f  424 394 425
f  395 425 394
f  425 395 429
f  379 429 395
f  398 438 429
f  438 398 467
f  400 467 398
f  440 467 400
f  441 440 400
f  346 344 411
f  411 412 346
f  403 441 400
f  412 413 346
f  346 413 348
f  413 414 348
f  348 414 349
f  448 441 403
f  414 415 349
f  448 403 449
f  451 449 403
f  417 349 415
f  349 417 352
f  409 453 451
f  455 453 409
f  416 455 409
f  421 352 417
f  352 421 353
f  431 455 416
f  423 353 421
f  418 431 416
f  356 353 423
f  418 419 431
f  420 431 419
f  422 431 420
f  426 356 423
f  356 426 357
f  426 427 357
f  431 422 434
f  358 357 427
f  422 424 434
f  360 358 427
f  428 434 424
f  360 427 363
f  425 428 424
f  427 430 363
f  425 437 428
f  432 363 430
f  438 437 425
f  363 432 519
f  425 429 438
f  432 433 519
f  435 456 455
f  365 519 433
f  431 435 455
f  284 365 433
f  433 436 284
f  436 569 366
f  434 435 431
f  366 569 368
f  569 571 368
f  368 571 369
f  571 479 369
f  435 437 477
f  481 369 479
f  481 482 369
f  369 482 370
f  478 477 437
f  437 438 478
f  480 478 438
f  485 370 482
f  370 485 372
f  485 486 372
f  372 486 373
f  373 486 374
f  486 487 374
f  487 488 374
f  467 480 438
f  483 480 467
f  491 374 488
f  491 492 374
f  440 469 467
f  494 374 492
f  470 469 440
f  494 496 374
f  440 441 470
f  374 496 376
f  496 497 376
f  474 470 441
f  376 497 378
f  448 474 441
f  497 498 378
f  378 498 380
f  380 498 598
f  598 500 380
f  380 500 381
f  500 501 381
f  381 501 502
f  474 448 475
f  448 449 475
f  502 602 383
f  383 602 504
f  475 449 451
f  456 475 451
f  453 456 451
f  455 456 453
f  539 489 457
f  457 490 539
f  508 504 505
f  504 508 387
f  493 490 457
f  493 457 459
f  495 493 459
f  461 495 459
f  463 495 461
f  499 495 463
f  513 387 508
f  387 513 390
f  483 499 463
f  390 513 392
f  499 483 467
f  515 392 513
f  499 467 503
f  469 503 467
f  515 516 392
f  503 469 506
f  396 392 516
f  516 518 396
f  470 506 469
f  396 518 397
f  507 506 470
f  474 507 470
f  509 507 474
f  399 397 518
f  518 439 399
f  399 439 22
f  475 509 474
f  510 509 475
f  22 439 522
f  522 442 22
f  475 456 510
f  435 510 456
f  443 401 442
f  401 443 402
f  443 444 402
f  477 510 435
f  402 444 404
f  444 445 404
f  404 445 405
f  445 446 405
f  446 447 405
f  405 447 406
f  511 510 477
f  407 406 447
f  478 511 477
f  447 408 407
f  447 450 408
f  512 511 478
f  452 408 450
f  478 480 512
f  483 512 480
f  514 512 483
f  454 410 452
f  410 454 411
f  411 454 412
f  454 550 412
f  463 514 483
f  517 514 463
f  458 412 550
f  412 458 413
f  461 517 463
f  460 413 458
f  413 460 414
f  414 460 415
f  517 461 520
f  415 460 417
f  520 459 484
f  520 484 536
f  536 484 523
f  462 417 460
f  489 523 484
f  417 462 421
f  489 537 523
f  553 539 490
f  462 464 421
f  421 464 423
f  540 553 490
f  464 465 423
f  493 540 490
f  423 465 426
f  465 466 426
f  493 545 540
f  427 426 466
f  545 493 525
f  466 468 427
f  495 525 493
f  525 495 526
f  499 526 495
f  430 427 468
f  503 526 499
f  468 471 430
f  471 472 430
f  430 472 432
f  472 473 432
f  528 526 503
f  432 473 433
f  506 528 503
f  507 528 506
f  473 476 433
f  509 528 507
f  433 476 436
f  476 569 436
f  510 528 509
f  619 521 518
f  511 528 510
f  518 521 439
f  521 522 439
f  512 528 511
f  514 528 512
f  533 528 514
f  517 533 514
f  524 442 522
f  533 517 535
f  443 442 524
f  443 524 702
f  702 527 443
f  443 527 444
f  517 520 535
f  445 444 527
f  527 529 445
f  445 529 446
f  529 531 446
f  446 531 447
f  535 520 536
f  523 552 536
f  531 532 447
f  447 532 450
f  532 694 450
f  537 552 523
f  694 534 450
f  539 537 489
f  538 450 534
f  450 538 452
f  549 545 525
f  538 541 452
f  541 543 452
f  452 543 454
f  543 548 454
f  454 548 550
f  526 549 525
f  528 549 526
f  533 549 528
f  551 549 533
f  533 535 551
f  536 133 535
f  127 133 536
f  552 127 536
f  537 553 552
f  554 458 550
f  458 554 460
f  537 539 553
f  554 555 460
f  460 555 462
f  125 553 540
f  462 555 464
f  555 556 464
f  464 556 465
f  465 556 466
f  124 125 540
f  545 124 540
f  558 466 556
f  466 558 468
f  123 124 545
f  549 123 545
f  558 559 468
f  551 123 549
f  561 468 559
f  468 561 471
f  471 561 472
f  561 686 472
f  472 686 473
f  122 123 551
f  122 551 121
f  121 551 128
f  476 473 686
f  125 127 552
f  565 476 686
f  565 567 476
f  476 567 569
f  553 125 552
f  557 562 597
f  560 562 557
f  563 562 560
f  152 562 563
f  568 152 563
f  572 479 571
f  572 573 479
f  152 568 564
f  577 564 568
f  576 479 573
f  568 570 577
f  479 576 481
f  481 576 632
f  632 578 481
f  481 578 482
f  574 577 570
f  578 579 482
f  575 577 574
f  579 580 482
f  482 580 485
f  581 577 575
f  486 485 580
f  580 582 486
f  582 583 486
f  486 583 487
f  487 583 488
f  583 584 488
f  577 581 585
f  590 585 581
f  585 590 586
f  491 488 584
f  491 584 492
f  584 724 492
f  593 586 590
f  724 587 492
f  492 587 494
f  587 588 494
f  588 589 494
f  592 593 590
f  562 593 592
f  589 591 494
f  494 591 496
f  595 562 592
f  596 562 595
f  497 496 591
f  591 594 497
f  597 562 596
f  498 497 594
f  557 597 603
f  560 557 603
f  598 498 594
f  604 560 603
f  563 560 604
f  599 500 598
f  500 599 501
f  599 600 501
f  501 600 502
f  600 601 502
f  502 601 602
f  604 606 563
f  568 563 606
f  608 568 606
f  505 504 602
f  570 568 608
f  602 605 505
f  574 570 608
f  575 574 608
f  605 609 505
f  505 609 508
f  609 611 508
f  581 575 608
f  608 613 581
f  590 581 613
f  611 612 508
f  590 613 616
f  616 620 590
f  513 508 612
f  592 590 620
f  513 612 515
f  612 619 515
f  515 619 516
f  621 592 620
f  516 619 518
f  595 592 621
f  519 365 234
f  234 365 239
f  365 284 239
f  284 285 239
f  285 287 239
f  596 595 621
f  292 239 287
f  621 623 596
f  596 623 597
f  603 597 623
f  241 239 292
f  241 292 242
f  608 624 613
f  294 242 292
f  616 613 624
f  297 242 294
f  626 620 616
f  620 626 621
f  627 621 626
f  243 242 297
f  297 298 243
f  298 300 243
f  621 627 623
f  302 243 300
f  243 302 246
f  628 623 627
f  353 246 302
f  353 356 246
f  623 628 603
f  628 631 603
f  357 246 356
f  246 357 247
f  635 603 631
f  357 358 247
f  247 358 250
f  358 360 250
f  636 603 635
f  363 250 360
f  250 363 232
f  604 603 636
f  636 642 604
f  363 519 232
f  643 604 642
f  604 643 606
f  643 624 606
f  606 624 608
f  233 232 519
f  233 519 234
f  647 635 645
f  521 619 698
f  698 700 521
f  649 635 647
f  522 521 700
f  635 649 650
f  522 700 524
f  700 702 524
f  636 635 650
f  652 636 650
f  642 636 652
f  652 657 642
f  702 704 527
f  643 642 657
f  704 749 527
f  527 749 529
f  529 749 750
f  658 643 657
f  708 529 750
f  643 658 663
f  531 529 708
f  708 530 531
f  531 530 532
f  663 664 643
f  693 532 530
f  532 693 694
f  643 664 624
f  624 664 616
f  694 695 534
f  664 666 616
f  616 666 626
f  627 626 666
f  618 226 534
f  534 226 538
f  667 627 666
f  541 538 226
f  628 627 667
f  669 628 667
f  543 541 226
f  226 542 543
f  543 542 548
f  542 544 548
f  631 628 669
f  546 548 544
f  546 671 548
f  671 547 548
f  669 670 631
f  548 547 550
f  672 631 670
f  547 674 550
f  631 672 635
f  645 635 672
f  675 645 673
f  647 645 675
f  674 677 550
f  676 647 675
f  550 677 554
f  677 678 554
f  678 679 554
f  554 679 555
f  680 647 676
f  681 555 679
f  555 681 556
f  647 680 649
f  681 682 556
f  556 682 558
f  682 683 558
f  684 650 649
f  559 558 683
f  652 650 684
f  559 683 561
f  683 685 561
f  561 685 686
f  652 684 657
f  684 688 657
f  658 657 688
f  689 658 688
f  94 658 689
f  690 658 94
f  663 658 690
f  565 686 687
f  687 691 565
f  565 691 567
f  691 566 567
f  567 566 569
f  666 664 663
f  692 666 663
f  666 692 667
f  696 667 692
f  622 569 566
f  622 571 569
f  667 696 669
f  669 699 670
f  572 571 622
f  622 625 572
f  572 625 573
f  673 670 699
f  672 670 673
f  645 672 673
f  675 673 701
f  676 675 701
f  576 573 625
f  625 629 576
f  629 630 576
f  703 680 676
f  632 576 630
f  705 680 703
f  649 680 705
f  633 578 632
f  578 633 579
f  633 634 579
f  684 649 705
f  706 684 705
f  637 579 634
f  579 637 580
f  637 638 580
f  688 684 706
f  638 639 580
f  639 640 580
f  640 641 580
f  707 688 706
f  689 688 707
f  644 580 641
f  580 644 582
f  707 709 689
f  646 582 644
f  582 646 583
f  712 689 709
f  648 583 646
f  583 648 584
f  94 689 712
f  648 724 584
f  86 94 712
f  716 94 714
f  998 94 716
f  651 587 724
f  587 651 588
f  719 94 998
f  589 588 651
f  651 653 589
f  720 94 719
f  653 654 589
f  589 654 591
f  690 94 720
f  722 690 720
f  654 655 591
f  591 655 594
f  655 656 594
f  663 690 722
f  692 663 722
f  728 692 722
f  692 728 696
f  699 669 696
f  656 659 594
f  594 659 598
f  598 659 599
f  659 660 599
f  660 661 599
f  599 661 600
f  661 662 600
f  730 699 696
f  673 699 730
f  601 600 662
f  662 665 601
f  731 673 730
f  733 673 731
f  602 601 665
f  665 668 602
f  733 701 673
f  118 158 15
f  161 159 738
f  161 738 153
f  605 602 668
f  668 671 605
f  605 671 609
f  3 153 738
f  738 742 3
f  546 609 671
f  546 544 609
f  544 607 609
f  743 3 742
f  611 609 607
f  607 610 611
f  611 610 612
f  743 156 3
f  156 743 745
f  614 612 610
f  614 615 612
f  612 615 619
f  619 615 617
f  617 618 619
f  619 618 534
f  534 695 619
f  747 156 745
f  697 619 695
f  697 698 619
f  747 15 156
f  156 15 158
f  566 771 622
f  751 15 797
f  753 15 751
f  622 771 625
f  753 14 15
f  742 738 754
f  757 742 754
f  625 771 629
f  629 771 630
f  743 742 757
f  630 771 632
f  632 771 633
f  633 771 634
f  745 743 757
f  762 747 745
f  634 771 637
f  771 772 637
f  637 772 638
f  638 772 836
f  836 774 638
f  774 711 638
f  638 711 639
f  766 747 762
f  713 639 711
f  639 713 640
f  767 747 766
f  715 640 713
f  640 715 641
f  773 747 767
f  715 717 641
f  775 747 773
f  797 747 775
f  15 747 797
f  777 762 812
f  721 641 717
f  641 721 644
f  785 762 777
f  723 644 721
f  786 762 785
f  644 723 646
f  766 762 786
f  646 723 648
f  648 723 724
f  788 766 786
f  789 766 788
f  767 766 789
f  724 725 651
f  725 726 651
f  791 767 789
f  651 726 653
f  726 727 653
f  773 767 791
f  654 653 727
f  727 729 654
f  792 773 791
f  775 773 792
f  732 654 729
f  654 732 655
f  655 732 656
f  792 794 775
f  775 794 797
f  656 732 659
f  796 797 794
f  734 659 732
f  659 734 660
f  660 734 661
f  734 735 661
f  661 735 662
f  799 797 796
f  797 799 751
f  735 736 662
f  662 736 665
f  753 751 799
f  736 737 665
f  799 801 753
f  753 801 14
f  665 737 668
f  802 14 801
f  754 14 802
f  668 737 671
f  806 754 802
f  671 737 547
f  809 754 806
f  547 737 674
f  737 758 674
f  758 759 674
f  757 754 809
f  745 757 809
f  759 760 674
f  674 760 677
f  677 760 678
f  760 761 678
f  809 811 745
f  763 678 761
f  678 763 679
f  763 764 679
f  762 745 811
f  679 764 681
f  764 765 681
f  812 762 811
f  777 812 814
f  768 681 765
f  681 768 682
f  768 101 682
f  682 101 683
f  101 97 683
f  777 814 816
f  683 97 685
f  97 770 685
f  770 771 685
f  685 771 686
f  771 687 686
f  785 777 816
f  816 817 785
f  786 785 817
f  687 771 691
f  691 771 566
f  817 818 786
f  788 786 818
f  693 530 752
f  752 755 693
f  755 756 693
f  693 756 694
f  694 756 695
f  756 739 695
f  788 818 820
f  695 739 697
f  739 740 697
f  697 740 698
f  740 741 698
f  789 788 820
f  829 789 820
f  789 829 791
f  700 698 741
f  741 744 700
f  832 791 829
f  792 791 832
f  744 746 700
f  700 746 702
f  841 792 832
f  792 841 794
f  702 746 704
f  746 748 704
f  704 748 749
f  843 794 841
f  796 794 843
f  796 843 799
f  845 799 843
f  801 799 845
f  750 813 708
f  846 801 845
f  813 752 708
f  708 752 530
f  710 824 774
f  824 825 774
f  774 825 711
f  802 801 846
f  711 825 713
f  825 826 713
f  847 806 802
f  826 827 713
f  713 827 715
f  806 847 849
f  827 828 715
f  715 828 717
f  806 849 809
f  809 850 811
f  828 718 717
f  814 811 850
f  717 718 721
f  811 814 812
f  776 721 718
f  817 852 818
f  776 778 721
f  820 818 852
f  721 778 723
f  778 779 723
f  779 780 723
f  723 780 724
f  780 725 724
f  725 780 726
f  726 780 727
f  780 781 727
f  855 820 853
f  727 781 729
f  820 855 829
f  781 782 729
f  859 829 855
f  782 783 729
f  729 783 732
f  783 784 732
f  784 1005 732
f  829 859 832
f  732 1005 734
f  864 832 859
f  787 734 1005
f  841 832 864
f  735 734 787
f  843 841 864
f  790 735 787
f  867 843 864
f  736 735 790
f  845 843 867
f  737 736 790
f  790 793 737
f  846 845 867
f  737 793 758
f  867 869 846
f  795 758 793
f  758 795 798
f  870 846 869
f  802 846 870
f  847 802 870
f  871 847 870
f  798 1013 800
f  798 800 756
f  849 847 871
f  872 809 849
f  803 756 800
f  756 803 739
f  803 804 739
f  739 804 740
f  804 805 740
f  740 805 741
f  872 850 809
f  875 850 872
f  814 850 875
f  805 807 741
f  741 807 744
f  816 814 875
f  744 807 746
f  879 816 876
f  807 808 746
f  746 808 748
f  879 817 816
f  810 748 808
f  879 852 817
f  749 748 810
f  749 810 750
f  750 810 974
f  750 974 813
f  852 880 820
f  880 853 820
f  883 853 880
f  855 853 883
f  8 752 813
f  859 855 883
f  755 752 8
f  8 815 755
f  755 815 756
f  756 815 798
f  890 859 883
f  864 859 890
f  891 864 890
f  62 798 815
f  62 819 798
f  798 819 758
f  758 819 759
f  893 864 891
f  821 759 819
f  759 821 760
f  821 822 760
f  760 822 761
f  864 893 867
f  761 822 763
f  763 822 764
f  822 823 764
f  764 823 765
f  867 896 869
f  870 869 896
f  823 824 765
f  765 824 768
f  824 710 768
f  768 710 101
f  16 839 101
f  101 839 97
f  896 898 870
f  833 97 769
f  833 834 97
f  97 834 770
f  834 835 770
f  770 835 771
f  771 835 772
f  835 836 772
f  871 870 898
f  899 871 898
f  836 837 774
f  849 871 899
f  991 992 718
f  718 992 776
f  872 849 899
f  901 872 899
f  778 776 992
f  904 872 901
f  779 778 992
f  992 995 779
f  779 995 780
f  995 996 780
f  780 996 781
f  875 872 904
f  907 875 904
f  999 781 996
f  781 999 782
f  999 900 782
f  875 907 816
f  783 782 900
f  900 1002 783
f  783 1002 784
f  1002 1003 784
f  907 876 816
f  1005 784 1003
f  945 908 876
f  879 876 908
f  909 879 908
f  1005 906 787
f  879 909 852
f  906 1007 787
f  910 852 909
f  787 1007 790
f  852 910 880
f  880 910 883
f  1007 1008 790
f  790 1008 793
f  1008 916 793
f  890 883 910
f  916 1010 793
f  793 1010 795
f  911 890 910
f  890 911 891
f  1010 1011 795
f  913 891 911
f  1011 798 795
f  1011 1013 798
f  893 891 913
f  915 893 913
f  867 893 915
f  896 867 915
f  1013 1015 800
f  919 896 915
f  896 919 898
f  1017 800 1015
f  1017 969 800
f  800 969 803
f  899 898 921
f  971 803 969
f  803 971 804
f  804 971 805
f  925 899 921
f  971 972 805
f  805 972 807
f  807 972 808
f  927 899 925
f  901 899 927
f  808 972 810
f  972 974 810
f  927 928 901
f  904 901 928
f  928 945 904
f  907 904 945
f  876 907 945
f  974 79 813
f  915 930 919
f  79 978 813
f  813 978 8
f  8 60 815
f  919 930 898
f  930 921 898
f  936 921 934
f  815 60 62
f  819 62 44
f  925 921 936
f  44 980 819
f  943 925 936
f  927 925 943
f  821 819 980
f  980 982 821
f  821 982 822
f  822 982 823
f  982 983 823
f  983 984 823
f  823 984 824
f  824 984 825
f  984 985 825
f  825 985 826
f  985 888 826
f  928 927 943
f  826 888 988
f  826 988 827
f  944 928 943
f  990 827 988
f  827 990 828
f  990 991 828
f  945 928 944
f  828 991 718
f  945 944 908
f  215 873 217
f  909 908 944
f  842 217 873
f  909 944 910
f  218 217 842
f  910 944 911
f  842 844 218
f  944 949 911
f  913 911 949
f  952 913 949
f  915 913 952
f  848 218 844
f  954 915 952
f  954 955 915
f  930 915 955
f  851 218 848
f  218 851 220
f  959 943 973
f  89 220 851
f  944 943 959
f  949 944 959
f  89 831 854
f  959 960 949
f  952 949 960
f  961 856 854
f  854 856 206
f  856 857 206
f  206 857 208
f  857 858 208
f  208 858 964
f  964 860 208
f  208 860 211
f  954 952 960
f  954 960 987
f  211 860 840
f  860 27 840
f  840 27 26
f  27 861 769
f  955 954 987
f  861 862 769
f  769 862 833
f  833 862 834
f  862 863 834
f  834 863 835
f  835 863 836
f  863 837 836
f  837 863 878
f  878 838 837
f  838 865 16
f  865 866 16
f  16 866 839
f  866 13 839
f  26 13 840
f  840 13 211
f  211 13 214
f  962 955 987
f  214 13 215
f  955 962 930
f  868 215 13
f  963 921 930
f  963 934 921
f  966 934 963
f  968 934 966
f  934 968 936
f  970 936 968
f  943 936 970
f  970 973 943
f  873 215 868
f  997 998 975
f  873 948 842
f  948 950 842
f  976 997 975
f  842 950 844
f  950 951 844
f  966 997 976
f  968 966 976
f  976 977 968
f  968 977 979
f  951 953 844
f  844 953 848
f  970 968 979
f  970 979 981
f  970 981 973
f  959 973 981
f  956 848 953
f  848 956 851
f  956 957 851
f  960 959 981
f  981 986 960
f  957 70 830
f  70 958 831
f  987 960 986
f  854 831 958
f  989 962 987
f  958 961 854
f  930 962 989
f  963 930 989
f  989 993 963
f  857 856 961
f  966 963 993
f  858 857 961
f  961 964 858
f  997 966 993
f  994 997 993
f  965 860 964
f  998 997 994
f  967 860 965
f  860 967 27
f  27 967 861
f  967 874 861
f  998 994 719
f  862 861 874
f  1000 719 994
f  877 862 874
f  862 877 863
f  877 878 863
f  719 1000 720
f  722 720 1000
f  1001 722 1000
f  865 838 878
f  728 722 1001
f  881 865 878
f  881 882 865
f  1004 728 1001
f  866 865 882
f  882 941 866
f  866 941 13
f  941 942 13
f  1004 1006 728
f  728 1006 696
f  696 1006 730
f  1009 730 1006
f  868 13 942
f  942 946 868
f  730 1009 731
f  733 731 1012
f  1014 733 1012
f  946 947 868
f  733 1014 701
f  947 948 868
f  868 948 873
f  676 701 1016
f  1020 676 1016
f  1060 967 1058
f  703 676 1020
f  874 967 1060
f  1020 1023 703
f  705 703 1023
f  1030 705 1023
f  1064 874 1060
f  1030 1031 705
f  874 1064 877
f  877 1064 878
f  1064 1065 878
f  706 705 1031
f  707 706 1031
f  1031 1032 707
f  707 1032 709
f  1032 1035 709
f  881 878 1065
f  881 1065 882
f  712 709 1035
f  1065 1069 882
f  882 1069 941
f  941 1069 940
f  940 1069 884
f  1069 1070 884
f  884 1070 885
f  885 1070 886
f  886 1070 887
f  1070 1132 887
f  887 1132 888
f  888 1132 1133
f  888 1133 889
f  1133 1073 889
f  889 1073 892
f  109 712 1035
f  86 712 109
f  1075 892 1073
f  1036 86 109
f  1075 1076 892
f  892 1076 894
f  1037 86 1036
f  1037 33 86
f  895 894 1076
f  1076 1078 895
f  895 1078 897
f  1078 1141 897
f  1044 86 1043
f  1047 86 1044
f  104 86 1047
f  104 1049 714
f  1141 1081 900
f  716 714 1049
f  1081 1082 900
f  1051 716 1049
f  975 716 1051
f  1082 1083 902
f  998 716 975
f  903 902 1083
f  1053 1055 1057
f  1061 1057 1055
f  905 903 1083
f  1059 1061 1055
f  1083 1087 905
f  905 1087 906
f  906 1087 1088
f  1062 1061 1059
f  1061 1062 1066
f  1063 1066 1062
f  1068 1066 1063
f  1063 1067 1068
f  1074 1068 1067
f  1072 1074 1071
f  1077 1074 1072
f  1077 1072 1079
f  1092 912 1090
f  1077 1079 1085
f  914 912 1092
f  1080 1085 1079
f  914 1092 916
f  1080 1084 1085
f  1091 1085 1084
f  917 916 1092
f  1092 1095 917
f  917 1095 918
f  918 1095 920
f  1084 1086 1091
f  1089 1091 1086
f  1094 1091 1089
f  1093 1094 1089
f  922 920 1151
f  1151 1099 922
f  1094 1093 1096
f  1093 1097 1096
f  923 922 1099
f  1099 1101 923
f  923 1101 924
f  1057 1096 1097
f  1097 1053 1057
f  1055 1053 1117
f  926 924 1101
f  1101 1104 926
f  1059 1055 1098
f  926 1104 929
f  1062 1059 1098
f  1104 1018 929
f  1098 1100 1062
f  929 1018 931
f  1062 1100 1102
f  1018 1019 931
f  931 1019 932
f  1063 1062 1102
f  1021 932 1019
f  1021 1022 932
f  932 1022 933
f  1067 1063 1102
f  134 933 1022
f  933 134 935
f  1102 1103 1067
f  935 137 1
f  137 1025 1
f  1 1025 937
f  1025 1026 937
f  1106 1067 1103
f  1026 1027 937
f  937 1027 938
f  1027 1028 938
f  938 1028 939
f  939 1028 884
f  884 1028 940
f  940 1028 941
f  941 1028 942
f  1074 1067 1106
f  1074 1106 1107
f  1107 1071 1074
f  942 1028 946
f  946 1028 947
f  1028 1029 947
f  947 1029 948
f  1108 1072 1071
f  1079 1072 1108
f  1109 1080 1079
f  950 948 1029
f  1084 1080 1109
f  1033 950 1029
f  1033 1034 950
f  1086 1084 1109
f  950 1034 951
f  1089 1086 1109
f  1089 1109 1110
f  1093 1089 1110
f  953 951 1034
f  1034 1038 953
f  1093 1110 1113
f  1115 1093 1113
f  953 1038 956
f  956 1038 957
f  1038 1039 957
f  1039 1040 957
f  1093 1115 1097
f  1040 1041 957
f  1041 1042 957
f  957 1042 70
f  1053 1097 1115
f  1117 1053 1115
f  958 70 1042
f  1118 1055 1117
f  1055 1118 1098
f  1042 1045 958
f  958 1045 961
f  1045 1046 961
f  1100 1098 1121
f  1102 1100 1121
f  1103 1102 1124
f  1106 1103 1124
f  1046 1050 961
f  1107 1106 1124
f  964 961 1050
f  1050 1052 964
f  1108 1071 1107
f  1054 964 1052
f  964 1054 965
f  1125 1108 1107
f  1056 965 1054
f  1079 1108 1125
f  1125 1127 1079
f  967 965 1056
f  1056 1058 967
f  1017 924 969
f  1079 1127 1109
f  924 926 969
f  1110 1109 1127
f  1128 1115 1113
f  929 969 926
f  969 929 971
f  1115 1128 1117
f  1118 1117 1129
f  931 971 929
f  971 931 972
f  1131 1118 1129
f  1098 1118 1131
f  931 932 972
f  972 932 974
f  1121 1098 1131
f  932 933 974
f  1102 1121 1136
f  974 933 79
f  933 935 79
f  1136 1124 1102
f  1 978 935
f  1124 1136 1137
f  44 1 980
f  1 937 980
f  1124 1138 1107
f  937 938 980
f  1125 1107 1138
f  980 938 982
f  982 938 983
f  938 939 983
f  983 939 984
f  939 884 984
f  884 885 984
f  885 886 984
f  984 886 985
f  886 887 985
f  985 887 888
f  1138 1140 1125
f  1127 1125 1140
f  1142 1127 1140
f  1110 1127 1142
f  888 889 988
f  988 889 990
f  889 892 990
f  990 892 991
f  1113 1110 1142
f  992 991 892
f  1157 1113 1142
f  1113 1157 1128
f  892 894 992
f  1129 1117 1128
f  1131 1129 1143
f  995 992 894
f  995 894 996
f  894 895 996
f  1143 1145 1131
f  895 897 996
f  1121 1131 1145
f  1145 1146 1121
f  999 996 897
f  999 897 1141
f  999 1141 900
f  1146 1136 1121
f  1153 1136 1146
f  1137 1136 1153
f  1124 1137 1154
f  1002 900 1082
f  1082 902 1002
f  1002 902 1003
f  902 903 1003
f  1124 1154 1138
f  1003 903 1005
f  903 905 1005
f  1005 905 906
f  1140 1138 1154
f  1155 1140 1154
f  1140 1155 1142
f  906 1088 1007
f  1155 1156 1142
f  1090 1007 1088
f  1090 912 1007
f  1007 912 1008
f  1157 1142 1156
f  1129 1128 1157
f  914 1008 912
f  1008 914 916
f  1143 1129 1157
f  1155 1154 78
f  78 1159 1155
f  1156 1155 1159
f  917 1010 916
f  1010 917 1011
f  917 918 1011
f  918 920 1011
f  1159 126 1156
f  1011 920 1013
f  1161 1156 126
f  922 1013 920
f  1156 1161 1157
f  1013 922 1015
f  1166 1157 1161
f  923 1015 922
f  1143 1157 1166
f  1015 923 1017
f  923 924 1017
f  1167 1143 1166
f  1143 1167 1168
f  1018 1104 1317
f  1170 1143 1168
f  1158 1018 1317
f  1018 1158 1206
f  1018 1206 1019
f  1206 1160 1019
f  1145 1143 1170
f  1160 1162 1019
f  1170 1171 1145
f  1019 1162 1021
f  1162 1163 1021
f  1021 1163 1022
f  1163 1164 1022
f  1171 1173 1145
f  1022 1164 134
f  134 1164 1024
f  1164 1165 1024
f  1175 1145 1173
f  1145 1175 1146
f  1175 1177 1146
f  1169 1024 1165
f  1146 1177 1153
f  78 1153 1177
f  1172 1024 1169
f  1153 78 1137
f  1174 1024 1172
f  78 1154 1137
f  137 1024 1174
f  1174 1176 137
f  1178 1170 1168
f  1170 1178 1171
f  1179 137 1176
f  137 1179 1025
f  1179 1180 1025
f  1025 1180 1026
f  1180 1181 1026
f  1026 1181 1027
f  1181 1182 1027
f  1027 1182 1028
f  1182 1183 1028
f  1173 1171 1178
f  1029 1028 1183
f  1175 1173 1178
f  1183 1185 1029
f  1184 1175 1178
f  1177 1175 1184
f  1029 1185 1033
f  1185 1186 1033
f  1033 1186 1034
f  1188 1177 1184
f  78 1177 1188
f  1204 78 1188
f  1186 1187 1034
f  1034 1187 1038
f  1038 1187 1245
f  1159 78 129
f  1159 129 126
f  1039 1038 1245
f  1245 1191 1039
f  1161 126 90
f  1193 1039 1191
f  1193 1194 1039
f  1039 1194 1040
f  1166 1161 90
f  1196 1040 1194
f  1040 1196 1041
f  1196 1197 1041
f  1041 1197 1042
f  1189 1166 90
f  1167 1166 1189
f  1199 1042 1197
f  1199 1200 1042
f  1190 1167 1189
f  1042 1200 1045
f  1200 1201 1045
f  1192 1167 1190
f  1168 1167 1192
f  1195 1168 1192
f  1178 1168 1195
f  1045 1201 1046
f  1195 1198 1178
f  1202 1178 1198
f  1201 1048 1046
f  1046 1048 1050
f  1048 1105 1050
f  1178 1202 1184
f  1203 1184 1202
f  1184 1203 1188
f  1052 1050 1105
f  1188 1203 1204
f  1232 129 1204
f  1054 1052 1105
f  1205 90 1232
f  1209 90 1205
f  1189 90 1209
f  1056 1054 1105
f  1105 1111 1056
f  1190 1189 1209
f  1056 1111 1058
f  1211 1190 1209
f  1111 1112 1058
f  1192 1190 1211
f  1060 1058 1112
f  1112 1114 1060
f  1195 1192 1215
f  1216 1195 1215
f  1195 1216 1217
f  1218 1195 1217
f  1060 1114 1064
f  1114 1116 1064
f  1198 1195 1218
f  1218 1219 1198
f  1065 1064 1116
f  1116 1119 1065
f  1221 1198 1219
f  1202 1198 1221
f  1203 1202 1221
f  1119 1120 1065
f  1065 1120 1069
f  1222 1203 1221
f  1122 1069 1120
f  1069 1122 1070
f  1122 1123 1070
f  1204 1203 1222
f  1230 1204 1222
f  1126 1070 1123
f  1204 1230 1232
f  1070 1126 1282
f  1235 1205 1232
f  1130 1070 1282
f  1070 1130 1132
f  1205 1235 1209
f  1236 1209 1235
f  1211 1209 1236
f  1236 1238 1211
f  1192 1211 1238
f  1133 1134 1073
f  1134 1135 1073
f  1215 1192 1238
f  1073 1135 1075
f  1216 1215 1239
f  1075 1135 1076
f  1217 1216 1239
f  1217 1242 1218
f  1076 1135 1289
f  1076 1289 1078
f  1289 1139 1078
f  1243 1218 1242
f  1141 1078 1139
f  1247 1218 1243
f  1219 1218 1247
f  1248 1219 1247
f  1297 1141 1295
f  1141 1297 1081
f  1297 1144 1081
f  1081 1144 1082
f  1219 1248 1221
f  1082 1144 1083
f  1222 1221 1252
f  1254 1222 1252
f  1144 1147 1083
f  1230 1222 1254
f  1255 1230 1254
f  1147 1148 1083
f  1083 1148 1087
f  1087 1148 1088
f  1230 1255 1232
f  1088 1148 1090
f  1257 1232 1255
f  1090 1148 1092
f  1148 1149 1092
f  1235 1232 1257
f  1262 1235 1257
f  1092 1149 1095
f  1149 1150 1095
f  1095 1150 920
f  1150 1151 920
f  1264 1235 1262
f  1236 1235 1264
f  1238 1236 1264
f  1238 1264 1265
f  1152 1099 1151
f  1099 1152 1101
f  1266 1238 1265
f  1215 1238 1266
f  1101 1152 1317
f  1101 1317 1104
f  1266 1239 1215
f  1260 1261 1048
f  1048 1261 1105
f  1239 1267 1217
f  1267 1269 1217
f  1261 1359 1105
f  1270 1217 1269
f  1359 1263 1105
f  1242 1217 1270
f  1271 1242 1270
f  1242 1271 1243
f  1243 1271 1247
f  1111 1105 1263
f  1272 1247 1271
f  1361 1111 1263
f  1361 1268 1111
f  1111 1268 1112
f  1248 1247 1272
f  1221 1248 1272
f  1112 1268 1362
f  1112 1362 1114
f  1362 1366 1114
f  1221 1272 1252
f  1254 1252 1273
f  1255 1254 1273
f  1367 1114 1366
f  1114 1367 1116
f  1367 1370 1116
f  1255 1273 1274
f  1257 1255 1274
f  1275 1257 1274
f  1262 1257 1275
f  1264 1262 1275
f  1278 1119 1116
f  1119 1278 1120
f  1275 1265 1264
f  1276 1266 1265
f  1280 1120 1278
f  1120 1280 1122
f  1122 1280 1123
f  1239 1266 1276
f  1267 1239 1276
f  1123 1280 1126
f  1280 1281 1126
f  1279 1267 1277
f  1281 1282 1126
f  1269 1267 1279
f  1284 1271 1270
f  1271 1284 1272
f  1286 1272 1284
f  1130 1282 1283
f  1283 1285 1130
f  1290 1272 1286
f  1252 1272 1290
f  1287 1130 1285
f  1130 1287 1132
f  1287 1133 1132
f  1287 1134 1133
f  1134 1287 1135
f  1287 1288 1135
f  1290 1273 1252
f  1275 1274 1291
f  1288 1289 1135
f  1292 1275 1291
f  1265 1275 1292
f  1294 1265 1292
f  1276 1265 1294
f  1393 1139 1289
f  1393 1293 1139
f  1277 1276 1294
f  1276 1277 1267
f  1141 1139 1293
f  1293 1295 1141
f  1296 1290 1308
f  1273 1290 1296
f  1296 1274 1273
f  1298 1274 1296
f  1298 1291 1274
f  1291 1298 1292
f  1297 1299 1144
f  1300 1292 1298
f  1292 1300 1294
f  1277 1294 1300
f  1300 1301 1277
f  1147 1144 1299
f  1299 1302 1147
f  1279 1277 1301
f  1303 1279 1301
f  1148 1147 1302
f  1269 1279 1303
f  1306 1148 1302
f  1306 1307 1148
f  1304 1269 1303
f  1304 1270 1269
f  1149 1148 1307
f  1307 1310 1149
f  1310 1311 1149
f  1149 1311 1150
f  1284 1270 1304
f  1151 1150 1311
f  1311 1313 1151
f  1151 1313 1152
f  1313 1314 1152
f  1152 1314 1440
f  1440 1442 1152
f  1152 1442 1317
f  1304 1305 1284
f  1286 1284 1305
f  1286 1305 1320
f  1308 1286 1320
f  1290 1286 1308
f  1308 1329 1296
f  1296 1309 1298
f  1312 1298 1309
f  1317 1442 1158
f  1442 1206 1158
f  1300 1298 1312
f  1312 1315 1300
f  1206 1207 1160
f  1301 1300 1315
f  1207 1208 1160
f  1160 1208 1162
f  1303 1301 1315
f  1163 1162 1208
f  1208 1210 1163
f  1315 1316 1303
f  1212 1163 1210
f  1163 1212 1164
f  1212 1213 1164
f  1213 1214 1164
f  1304 1303 1316
f  1318 1304 1316
f  58 1164 1214
f  1319 1304 1318
f  1165 1164 58
f  1305 1304 1319
f  1320 1305 1319
f  1329 1308 1320
f  58 56 1165
f  1318 1316 1324
f  1324 1326 1318
f  1165 56 1169
f  1319 1318 1326
f  1326 1327 1319
f  56 1220 1169
f  1169 1220 1172
f  1320 1319 1327
f  1328 1320 1327
f  1328 1329 1320
f  1172 1220 1174
f  1309 1296 1329
f  1220 1223 1174
f  1174 1223 1176
f  1329 1332 1309
f  1223 1224 1176
f  1312 1309 1332
f  1176 1224 1179
f  1224 1225 1179
f  1179 1225 1180
f  1225 1226 1180
f  1226 1227 1180
f  1180 1227 1181
f  1227 1228 1181
f  1228 1229 1181
f  1333 1312 1332
f  1231 1181 1229
f  1315 1312 1333
f  1233 1181 1231
f  1233 1234 1181
f  1333 1334 1315
f  1335 1315 1334
f  1182 1181 1234
f  1234 1237 1182
f  1315 1335 1316
f  1183 1182 1237
f  1335 1324 1316
f  1379 1337 1324
f  1240 1183 1237
f  1183 1240 1185
f  1185 1240 1186
f  1240 1241 1186
f  1326 1324 1337
f  1337 1338 1326
f  1187 1186 1241
f  1241 1244 1187
f  1244 1245 1187
f  1339 1326 1338
f  1327 1326 1339
f  1339 1340 1327
f  1363 1327 1340
f  1328 1327 1363
f  1191 1245 1246
f  1364 1328 1363
f  1328 1364 1329
f  1249 1191 1246
f  1191 1249 1193
f  1249 1250 1193
f  1193 1250 1194
f  1332 1329 1364
f  1250 1251 1194
f  1333 1332 1364
f  1253 1194 1251
f  1365 1333 1364
f  1334 1333 1365
f  1196 1194 1253
f  1253 1256 1196
f  1335 1334 1365
f  1197 1196 1256
f  1256 1258 1197
f  1368 1335 1365
f  1197 1258 1199
f  1258 1259 1199
f  1199 1259 1200
f  1200 1259 1201
f  1368 1369 1335
f  1379 1335 1369
f  1324 1335 1379
f  1373 1363 1339
f  1259 1260 1201
f  1201 1260 1048
f  1442 1443 1206
f  1443 1321 1206
f  1321 1207 1206
f  1321 1322 1207
f  1322 1323 1207
f  1363 1373 1364
f  1208 1207 1323
f  1323 1325 1208
f  1365 1364 1374
f  1368 1365 1374
f  1368 1374 1369
f  1210 1208 1325
f  1379 1369 1374
f  1376 1379 1374
f  1330 1210 1325
f  1210 1330 1212
f  1330 1331 1212
f  1212 1331 1213
f  1331 1447 1213
f  1213 1447 1448
f  1448 1449 1213
f  1337 1379 1376
f  1336 1213 1449
f  1336 1456 1213
f  1213 1456 1214
f  1376 1381 1337
f  1386 1337 1381
f  1338 1337 1386
f  1387 1338 1386
f  1388 1338 1387
f  1214 1458 58
f  1338 1388 1339
f  1363 1340 1339
f  108 1339 40
f  58 96 56
f  1373 1339 108
f  56 50 1220
f  116 1373 108
f  114 1373 116
f  1220 50 1223
f  1223 50 1224
f  1224 50 1225
f  1225 50 1226
f  1226 50 1227
f  1227 50 1228
f  1228 50 1229
f  1364 1373 114
f  1229 50 1231
f  114 1374 1364
f  1231 50 1233
f  1233 50 1234
f  1390 1374 114
f  1376 1374 1390
f  1234 50 1237
f  1391 1376 1390
f  1376 1391 1381
f  1237 50 1240
f  1240 50 1241
f  1386 1381 1392
f  1387 1386 1392
f  50 1342 1241
f  1241 1342 1244
f  1342 1343 1244
f  1244 1343 1245
f  1343 1246 1245
f  1343 1344 1246
f  1394 1387 1392
f  1388 1387 1394
f  1344 1345 1246
f  1246 1345 1249
f  1345 1346 1249
f  1249 1346 1250
f  1346 1347 1250
f  1347 1348 1250
f  1348 1349 1250
f  1349 1350 1250
f  1350 1351 1250
f  1250 1351 1251
f  1351 1352 1251
f  1395 1388 1394
f  1352 1353 1251
f  1251 1353 1253
f  1396 1388 1395
f  1399 1388 1396
f  1253 1353 1256
f  1353 1354 1256
f  1339 1388 1399
f  1256 1354 1258
f  1354 1355 1258
f  1355 1356 1258
f  1258 1356 1259
f  1259 1356 1260
f  1356 1357 1260
f  1260 1357 1261
f  1357 1358 1261
f  1261 1358 1359
f  1399 40 1339
f  1381 1391 1400
f  1360 1263 1359
f  1400 1392 1381
f  1400 1401 1392
f  1394 1392 1401
f  1263 1360 1361
f  1403 1394 1401
f  1395 1394 1403
f  1362 1268 1361
f  1396 1395 1403
f  1403 1407 1396
f  1408 1396 1407
f  1399 1396 1408
f  1410 1399 1408
f  1487 1366 1362
f  40 1399 1410
f  68 40 1410
f  1390 114 19
f  1390 19 1411
f  1414 1390 1411
f  1391 1390 1414
f  1400 1391 1414
f  977 976 1415
f  986 981 1416
f  1418 986 1416
f  1370 1371 1116
f  987 986 1418
f  1371 1372 1116
f  1116 1372 1278
f  1418 1595 987
f  1495 1278 1372
f  1495 1375 1278
f  1420 987 1595
f  989 987 1420
f  1280 1278 1375
f  993 989 1420
f  1380 1280 1375
f  1420 1423 993
f  1382 1280 1380
f  1280 1382 1281
f  1281 1382 1282
f  1282 1382 1283
f  994 993 1423
f  1283 1382 1285
f  1425 994 1423
f  1382 1383 1285
f  1285 1383 1287
f  1383 1384 1287
f  1384 1385 1287
f  1287 1385 1288
f  1385 1559 1288
f  994 1425 1000
f  1425 1427 1000
f  1389 1288 1559
f  1288 1389 1289
f  1389 1561 1289
f  1001 1000 1427
f  1428 1001 1427
f  1431 1001 1428
f  1393 1289 1561
f  1004 1001 1431
f  1006 1004 1431
f  1432 1006 1431
f  1393 1565 1293
f  1009 1006 1432
f  1293 1565 1566
f  1293 1566 1295
f  1434 1009 1432
f  1009 1434 1435
f  1295 1566 1297
f  1566 1397 1297
f  1436 1009 1435
f  1297 1397 1299
f  1397 1398 1299
f  1437 1009 1436
f  731 1009 1437
f  1299 1398 1302
f  1437 1012 731
f  1441 1012 1437
f  1441 1444 1012
f  1446 1012 1444
f  1012 1446 1014
f  1402 1302 1398
f  1016 1014 1446
f  1302 1402 1306
f  1014 1016 701
f  1405 1306 1402
f  1306 1405 1307
f  1450 1020 1016
f  1452 1023 1020
f  1405 1406 1307
f  1030 1023 1452
f  1310 1307 1406
f  1455 1030 1452
f  1311 1310 1406
f  1406 1409 1311
f  1481 1030 1455
f  1460 1481 1455
f  1461 1481 1460
f  1412 1311 1409
f  1311 1412 1313
f  1412 1413 1313
f  1407 1481 1461
f  1407 1461 1408
f  1465 1408 1461
f  1417 1313 1413
f  1417 1419 1313
f  1410 1408 1465
f  1421 1313 1419
f  1421 1422 1313
f  68 1410 1465
f  1424 1313 1422
f  1554 68 1465
f  1426 1313 1424
f  1466 1414 1411
f  1414 1466 1400
f  1429 1313 1426
f  1429 1430 1313
f  1400 1466 1401
f  1470 1401 1466
f  1433 1313 1430
f  1403 1401 1470
f  1515 1313 1433
f  1470 1471 1403
f  1407 1403 1471
f  1438 1313 1515
f  1438 1439 1313
f  1313 1439 1314
f  1439 1440 1314
f  1473 1407 1471
f  1481 1407 1473
f  1474 1481 1473
f  1030 1481 1474
f  1031 1030 1474
f  1474 1483 1031
f  1032 1031 1483
f  1483 1484 1032
f  1032 1484 1035
f  1523 1524 1443
f  1524 1525 1443
f  1443 1525 1321
f  1525 1526 1321
f  1486 1035 1484
f  1322 1321 1526
f  1322 1526 1323
f  1526 1528 1323
f  1035 1486 109
f  1528 1529 1323
f  1323 1529 1325
f  1488 109 1486
f  1490 109 1488
f  1529 1530 1325
f  1494 109 1490
f  109 1494 1036
f  1330 1325 1530
f  1502 1036 1494
f  1037 1036 1502
f  1445 1330 1530
f  1330 1445 1331
f  1445 1579 1331
f  1331 1579 1447
f  1506 1037 1502
f  39 1037 1506
f  1037 39 33
f  1507 1043 39
f  1510 1043 1507
f  1510 1511 1043
f  1513 1043 1511
f  1044 1043 1513
f  1518 1044 1513
f  1336 1449 1451
f  1451 1453 1336
f  1453 1454 1336
f  1047 1044 1518
f  1336 1454 1456
f  1518 1527 1047
f  1047 1527 1531
f  1047 1531 1533
f  1457 1214 1456
f  1214 1457 1458
f  1047 1533 104
f  104 1535 1049
f  1049 1535 1051
f  1459 50 1341
f  1051 1536 975
f  1342 50 1459
f  1415 975 1536
f  1343 1342 1459
f  1459 1462 1343
f  1343 1462 1344
f  1344 1462 1345
f  1345 1462 1346
f  1346 1462 1347
f  1347 1462 1348
f  1462 1463 1348
f  1348 1463 1349
f  1463 1464 1349
f  1349 1464 1350
f  975 1415 976
f  1557 1350 1464
f  1557 1467 1350
f  1467 1468 1350
f  1350 1468 1351
f  1468 1469 1351
f  1446 1538 1016
f  1450 1016 1540
f  1352 1351 1469
f  1469 1472 1352
f  1542 1450 1540
f  1020 1450 1542
f  1353 1352 1472
f  1472 1475 1353
f  1353 1475 1354
f  1475 1476 1354
f  1354 1476 1355
f  1476 1477 1355
f  1355 1477 1356
f  1477 1478 1356
f  1356 1478 1357
f  1478 1479 1357
f  1357 1479 1358
f  1479 1480 1358
f  1358 1480 1359
f  1452 1020 1542
f  1482 1359 1480
f  1359 1482 1360
f  1545 1452 1542
f  1455 1452 1545
f  1485 1360 1482
f  1360 1485 1361
f  1547 1455 1545
f  1361 1485 1362
f  1460 1455 1547
f  1485 1487 1362
f  1548 1460 1547
f  1461 1460 1548
f  1549 1461 1548
f  1487 1489 1366
f  1465 1461 1549
f  1549 1551 1465
f  1489 1491 1366
f  1366 1491 1367
f  1554 1465 1551
f  1553 1554 1551
f  1491 1492 1367
f  1492 1370 1367
f  1370 1492 1371
f  1371 1492 1372
f  1492 1493 1372
f  19 1554 1553
f  1553 1411 19
f  1553 1557 1411
f  1558 1466 1411
f  1470 1466 1558
f  1495 1496 1375
f  1563 1470 1558
f  1496 1497 1375
f  1471 1470 1563
f  1497 1498 1375
f  1498 1377 1375
f  1377 1543 1375
f  1543 1378 1375
f  1563 1564 1471
f  1380 1375 1378
f  1473 1471 1564
f  1378 1546 1380
f  1380 1546 1382
f  1564 1567 1473
f  1568 1473 1567
f  1474 1473 1568
f  1550 1382 1546
f  1483 1474 1568
f  1383 1382 1550
f  1550 1552 1383
f  1483 1568 1484
f  1384 1383 1552
f  1459 1486 1484
f  1555 1384 1552
f  1555 1556 1384
f  1384 1556 1385
f  1486 1459 1569
f  1559 1385 1556
f  1486 1569 1488
f  1490 1488 1569
f  1570 1490 1569
f  1571 1490 1570
f  1494 1490 1571
f  1560 1389 1559
f  1389 1560 1561
f  1502 1494 1571
f  1572 1502 1571
f  1506 1502 1572
f  1562 1393 1561
f  1574 1506 1572
f  39 1506 1574
f  1565 1393 1562
f  1507 39 1574
f  1576 1507 1574
f  1507 1576 1510
f  1511 1510 1576
f  1577 1511 1576
f  1513 1511 1577
f  1578 1513 1577
f  1566 1603 1397
f  1518 1513 1578
f  1398 1397 1603
f  1603 1606 1398
f  1579 1518 1578
f  1606 1612 1398
f  1527 1518 1579
f  1531 1527 1579
f  1581 104 1533
f  1612 1573 1398
f  104 1581 1535
f  1398 1573 1402
f  1582 1051 1535
f  1573 1575 1402
f  1051 1582 1536
f  1584 1536 1582
f  1405 1402 1575
f  1536 1584 1415
f  1404 1405 1575
f  1405 1404 1406
f  1587 1415 1584
f  977 1415 1587
f  1404 1532 1406
f  1406 1532 1409
f  1590 977 1587
f  1590 979 977
f  1532 1534 1409
f  1591 979 1590
f  981 979 1591
f  1412 1409 1534
f  1591 1416 981
f  1537 1412 1534
f  1412 1537 1413
f  1416 1591 1418
f  1592 1418 1591
f  1418 1592 1595
f  1596 1420 1595
f  1417 1413 1537
f  1537 1583 1417
f  1583 1539 1417
f  1597 1420 1596
f  1541 1417 1539
f  1423 1420 1597
f  1543 1417 1541
f  1417 1543 1419
f  1598 1423 1597
f  1543 1377 1419
f  1600 1423 1598
f  1377 1498 1419
f  1419 1498 1421
f  1498 1499 1421
f  1499 1500 1421
f  1421 1500 1422
f  1500 1501 1422
f  1601 1423 1600
f  1425 1423 1601
f  1503 1422 1501
f  1422 1503 1424
f  1503 1504 1424
f  1427 1425 1601
f  1504 1505 1424
f  1602 1427 1601
f  1424 1505 1426
f  1428 1427 1602
f  1604 1428 1602
f  1428 1604 1431
f  1429 1426 1505
f  1505 1508 1429
f  1429 1508 1430
f  1508 1509 1430
f  1604 1605 1431
f  1607 1431 1605
f  1432 1431 1607
f  1608 1432 1607
f  1433 1430 1509
f  1509 1512 1433
f  1610 1432 1608
f  1434 1432 1610
f  1515 1433 1512
f  1512 1514 1515
f  1611 1434 1610
f  1435 1434 1611
f  1613 1436 1435
f  1436 1613 1437
f  1515 1516 1438
f  1516 1517 1438
f  1438 1517 1439
f  1613 1614 1437
f  1440 1439 1517
f  1517 1519 1440
f  1519 1520 1440
f  1520 1521 1440
f  1617 1437 1614
f  1521 1442 1440
f  1521 1522 1442
f  1522 1443 1442
f  1522 1523 1443
f  1437 1617 1441
f  1530 1581 1445
f  1581 1533 1445
f  1445 1533 1531
f  1445 1531 1579
f  1444 1441 1620
f  1620 1622 1444
f  1446 1444 1622
f  1448 1447 1579
f  1579 1578 1448
f  1578 1449 1448
f  1538 1446 1622
f  183 178 1625
f  1451 1449 1578
f  1578 1577 1451
f  1627 183 1625
f  1577 1576 1451
f  1451 1576 1453
f  1453 1576 1454
f  1576 1574 1454
f  187 183 1627
f  1454 1574 1456
f  1574 1572 1456
f  1456 1572 1457
f  1457 1572 1458
f  1572 1571 1458
f  1628 187 1627
f  1341 1458 1571
f  1571 1570 1341
f  187 1628 189
f  1569 1341 1570
f  192 189 1628
f  1630 192 1628
f  193 192 1630
f  1630 1631 193
f  1459 1341 1569
f  202 193 1631
f  1637 202 1631
f  1637 1640 202
f  202 1640 203
f  1640 169 203
f  1459 1484 1462
f  1484 1568 1462
f  1642 169 1640
f  170 169 1642
f  1567 1462 1568
f  1462 1567 1463
f  1642 1644 170
f  1564 1463 1567
f  1564 1563 1463
f  1563 1558 1463
f  171 170 1644
f  1411 1463 1558
f  1463 1411 1464
f  1645 171 1644
f  172 171 1645
f  1557 1464 1411
f  1647 172 1645
f  172 1647 177
f  1553 1467 1557
f  1467 1553 1468
f  1553 1551 1468
f  1468 1551 1469
f  1648 177 1647
f  178 177 1648
f  1549 1469 1551
f  1625 178 1648
f  1628 1627 1649
f  1549 1548 1469
f  1469 1548 1472
f  1653 1628 1649
f  1655 1628 1653
f  1548 1547 1472
f  1628 1655 1659
f  1630 1628 1659
f  1475 1472 1547
f  1660 1630 1659
f  1661 1630 1660
f  1545 1475 1547
f  1475 1545 1476
f  1545 1542 1476
f  1631 1630 1661
f  1477 1476 1542
f  1542 1540 1477
f  1477 1540 1478
f  1661 1662 1631
f  1478 1540 1016
f  1016 1538 1478
f  1478 1538 1479
f  1538 1622 1479
f  1637 1631 1662
f  1479 1622 1480
f  1640 1637 1662
f  1622 1620 1480
f  1480 1620 1482
f  1663 1640 1662
f  1640 1663 1642
f  1663 1668 1642
f  1482 1620 1441
f  1482 1441 1485
f  1642 1668 1644
f  1485 1441 1487
f  1668 1669 1644
f  1487 1441 1489
f  1669 82 1644
f  1489 1441 1491
f  1441 1617 1491
f  1491 1617 1492
f  1617 1614 1492
f  1492 1614 1493
f  1493 1614 1372
f  1372 1614 1495
f  1614 1613 1495
f  1613 1496 1495
f  1496 1613 1497
f  1613 1435 1497
f  1497 1435 1498
f  1645 1644 82
f  1499 1498 1435
f  1645 82 63
f  1671 1645 63
f  1673 1645 1671
f  1611 1499 1435
f  1499 1611 1500
f  1500 1611 1501
f  1645 1673 1676
f  1501 1611 1503
f  1503 1611 1504
f  1611 1610 1504
f  1504 1610 1505
f  1678 1645 1676
f  1610 1608 1505
f  1645 1678 1647
f  1505 1608 1508
f  1608 1607 1508
f  1508 1607 1509
f  1648 1647 1678
f  1648 1678 1694
f  1605 1509 1607
f  1605 1604 1509
f  1648 1694 1625
f  1663 1662 1679
f  1602 1509 1604
f  1602 1601 1509
f  1509 1601 1512
f  1682 1663 1679
f  1668 1663 1682
f  1601 1600 1512
f  1512 1600 1514
f  1514 1600 1515
f  1600 1516 1515
f  1600 1598 1516
f  1598 1597 1516
f  1516 1597 1517
f  1597 1596 1517
f  1682 1683 1668
f  1680 1668 1683
f  1519 1517 1596
f  1596 1595 1519
f  1519 1595 1520
f  1669 1668 1680
f  1592 1520 1595
f  1520 1592 1521
f  1592 1591 1521
f  1521 1591 1522
f  1591 1590 1522
f  1522 1590 1523
f  82 1669 1680
f  1684 1671 45
f  1524 1523 1590
f  1590 1587 1524
f  1524 1587 1525
f  1673 1671 1684
f  1584 1525 1587
f  1685 1673 1684
f  1525 1584 1526
f  1687 1673 1685
f  1676 1673 1687
f  1526 1584 1528
f  1584 1582 1528
f  1528 1582 1535
f  1528 1535 1529
f  1529 1535 1530
f  1535 1581 1530
f  1688 1678 1676
f  1689 1678 1688
f  1404 1616 1532
f  1616 1580 1532
f  1694 1678 1689
f  1532 1580 1534
f  1692 1694 1691
f  1625 1694 1692
f  1534 1580 1537
f  1692 1627 1625
f  1537 1580 1583
f  1580 1618 1583
f  1653 1649 1695
f  1655 1653 1695
f  1693 1661 1660
f  1539 1583 99
f  1661 1693 1690
f  1539 99 1541
f  1662 1661 1690
f  1541 99 1543
f  99 1378 1543
f  1679 1662 1690
f  1544 1585 1378
f  1686 1690 1693
f  1378 1585 1546
f  1690 1686 1679
f  1585 1586 1546
f  1679 1686 1682
f  1629 1683 1682
f  1546 1586 1550
f  1681 1683 1629
f  1586 1588 1550
f  1680 1683 1681
f  1550 1588 1552
f  1680 1681 45
f  1677 45 1681
f  1588 1589 1552
f  1552 1589 1555
f  1684 45 1677
f  1556 1555 1589
f  1677 1675 1684
f  1674 1684 1675
f  1589 1593 1556
f  1685 1684 1674
f  1556 1593 1559
f  1672 1685 1674
f  1593 1594 1559
f  1687 1685 1672
f  1560 1559 1594
f  1670 1687 1672
f  1634 1560 1594
f  1560 1634 1635
f  1560 1635 1561
f  1561 1635 1562
f  1635 1599 1562
f  1676 1687 1670
f  1651 1676 1670
f  1599 1638 1562
f  1562 1638 1565
f  1667 1676 1651
f  1688 1676 1667
f  1638 1603 1565
f  1565 1603 1566
f  1666 1688 1667
f  1689 1688 1666
f  1689 1666 1665
f  1664 1689 1665
f  1694 1689 1664
f  1664 1691 1694
f  1627 1692 1658
f  1649 1627 1658
f  1657 1649 1658
f  1609 1606 1646
f  1657 1695 1649
f  1606 1609 1612
f  1655 1695 1657
f  1656 1655 1657
f  1654 1655 1656
f  1659 1655 1654
f  1660 1659 1654
f  1652 1660 1654
f  1615 1573 1612
f  1693 1660 1652
f  1573 1615 1575
f  1650 1667 1651
f  1615 1616 1575
f  1650 1665 1667
f  1666 1667 1665
f  1691 1664 1665
f  1575 1616 1404
f  1616 1651 1580
f  1651 1670 1580
f  1670 1618 1580
f  1665 1646 1691
f  1691 1646 1692
f  1658 1692 1646
f  1618 1619 1583
f  1643 1658 1646
f  1657 1658 1643
f  1621 1583 1619
f  1641 1657 1643
f  1544 105 1585
f  1585 105 1586
f  105 1624 1586
f  1656 1657 1641
f  1586 1624 1588
f  1639 1656 1641
f  1589 1588 1624
f  1624 1626 1589
f  1656 1639 1654
f  1654 1639 1638
f  1636 1654 1638
f  1626 1629 1589
f  1652 1654 1636
f  1636 1635 1652
f  1634 1652 1635
f  1633 1652 1634
f  1593 1589 1629
f  1629 1632 1593
f  1593 1632 1594
f  1632 1633 1594
f  1693 1652 1633
f  1686 1693 1633
f  1594 1633 1634
f  1633 1632 1686
f  1686 1632 1682
f  1629 1682 1632
f  1626 1681 1629
f  1636 1599 1635
f  1677 1681 1626
f  1626 1624 1677
f  1599 1636 1638
f  1675 1677 1624
f  1624 105 1675
f  1674 1675 105
f  1638 1639 1603
f  100 1674 105
f  1641 1603 1639
f  1623 1674 100
f  1672 1674 1623
f  1621 1672 1623
f  1641 1606 1603
f  1641 1643 1606
f  1643 1646 1606
f  1621 1619 1672
f  1670 1672 1619
f  1619 1618 1670
f  1615 1651 1616
f  1650 1651 1615
f  1612 1650 1615
f  1665 1609 1646
f  1609 1665 1612
f  1650 1612 1665

# End of Wavefront obj format #
