# file written from a CGAL tool in Wavefront obj format
# 1513 vertices
# 9066 halfedges
# 3022 facets


# 1513 vertices
# ------------------------------------------

v 11878 3684.1999999999998 459.25999999999999
vn -0.61253795554295232 -0.28757572507130963 0.73627267732068591
v 11889.363226961466 3729.5493559720821 426.58441231340271
vn -0.85665186785700875 0.51570613165795387 -0.013955753920416755
v 11788.823472193922 3885.3788465724833 843.58038948096737
vn -0.21338475234028723 0.36357075585088816 -0.90679835297528422
v 11873.014447176838 3700.3339606184454 460.38603084187525
vn -0.72637301026229373 0.056279920562343176 0.68499256967064248
v 11768 3901 862.85000000000002
vn -0.82344234687675677 0.37433430941931584 -0.42639949127744375
v 11876.959183620984 3709.6182166790877 459.68237073548426
vn -0.80143712420346025 0.25686775621547986 0.54010877771548238
v 11877 3721.6999999999998 459.25999999999999
vn -0.84223683240553893 0.52589410420844274 0.11862760765641162
v 11951.950000000001 3793.9350000000004 487.10000000000002
vn 0.29374576566949423 0.6661511225955955 -0.68553344704388453
v 11880.696052733496 3736.0196823907845 459.48236658613223
vn -0.80797515512243845 0.57891921337103136 -0.10967539876716946
v 11880.245851070127 3801.659184098723 556.49687130299753
vn -0.42800265171143559 0.36207084210564588 -0.82808117683285609
v 11889.727526102546 3745.3266434268553 460.02528071492088
vn -0.61589693042457394 0.74457167333257757 -0.2574567815465596
v 11929 3801.3000000000002 514.92999999999995
vn -0.42425694864038527 -0.90553768625674558 0.0027459605112447891
v 11902.461695881428 3748.2242873754221 458.95567154255696
vn -0.60739982140687354 0.65496673297675023 -0.44953757979579467
v 11899.018467301423 3604.392955092444 361.84476173886026
vn 0.17580420537407579 -0.45767992860979073 -0.87156294340714524
v 11951.187644973623 3796.4025321574286 486.95883825274541
vn -0.70482608787382317 0.70899523180599766 0.023365511525351899
v 11906.159753153752 3762.7327125278889 459.93051778108111
vn -0.66850397999616606 0.64524667612383979 -0.3698096208597364
v 11913 3766.6999999999998 459.25999999999999
vn -0.66397643506628057 0.65734389671232019 -0.35641870760628702
v 11885 3723.1999999999998 445.33999999999997
vn -0.52814953493728312 0.81013630140620263 -0.25443514279558532
v 11600.000000000473 3800.899999999514 765.43000000018037
vn 0.85527496880874398 0.24994875652090714 0.45390565852702724
v 11947.504952664163 3778.7656915453281 459.37206195939984
vn -0.44169058546853895 0.80817200187692528 -0.38957341040001991
v 11956 3786.1999999999998 459.25999999999999
vn -0.31647995216748576 0.81219761401678303 -0.49007700992957298
v 11983 3786.1999999999998 459.25999999999999
vn 0.13337389399588392 0.89706077828417075 -0.42129961365348123
v 12028 3747.1999999999998 459.25999999999999
vn 0.96639117914542294 0.2188584612111964 0.13486683367747002
v 12028 3738.1999999999998 459.25999999999999
vn 0.9396444338319424 -0.12988923354998075 0.31653929452193907
v 12022 3720.1999999999998 459.25999999999999
vn 0.72242916033739812 -0.63105139108523878 0.28261325181878322
v 11998 3696.1999999999998 459.25999999999999
vn 0.51551865384615014 -0.77639958289205968 0.36255234825013755
v 11989 3693.1999999999998 459.25999999999999
vn 0.46578752961911535 -0.76914650182274047 0.43755643748568362
v 11977 3681.1999999999998 459.25999999999999
vn 0.33474947442329311 -0.79175022060851497 0.51095437911783959
v 11968 3681.1999999999998 459.25999999999999
vn 0.41855562023814941 -0.77148963623928379 0.47918152504289613
v 11962 3675.1999999999998 459.25999999999999
vn 0.424259067704778 -0.77331081688481151 0.47116305453549545
v 11944 3669.1999999999998 459.25999999999999
vn 0.12415881489764456 -0.84588000522823825 0.51872112492001698
v 11917 3669.1999999999998 459.25999999999999
vn -0.27427224925169091 -0.82281674775507274 0.497742235403209
v 11908 3672.1999999999998 459.25999999999999
vn -0.29916022662167252 -0.81115397136104705 0.50252601281214382
v 11888.494136986681 3690.5938800145177 473.85472250924431
vn -0.77479801812466553 -0.10522462504698536 0.62339057531680075
v 11890 3672.1999999999998 459.25999999999999
vn -0.21888819992700922 -0.78960717425680349 0.57324381051599627
v 11886.111111111109 3724.4466666666667 431.73911111111124
vn 0.50758783250797279 0.85324803274436234 0.11967617518843815
v 11886.173076923078 3724.5355769230773 431.43000000000001
vn 0.47677849318355514 0.81475767097005158 0.32992757695148134
v 11931 3806.0999999999999 501.00999999999999
vn 0.6888094608091031 0.6888094608091031 0.22601560432798695
v 11888 3714.9000000000001 473.18000000000001
vn -0.92155575221041386 -0.23706573143567161 0.30746517615295615
v 11884.756353765537 3721.9609211285424 471.34460695843154
vn -0.95224828018098029 -0.14432225532292942 0.26906188788245083
v 11588.751650919468 3877.1989557831475 737.68580783415621
vn 0.077359946012477421 0.99339036925654856 0.084799840927238343
v 11906.985409128451 3650.073518194411 348.02006653080934
vn 0.13393538978739786 -0.28050367461041209 -0.95046251893094336
v 11921.027384101366 3807.0026700174158 528.84146609916775
vn -0.57436593191934149 0.49732984651191292 -0.65020519839421731
v 11886.101908061752 3734.6872352654373 473.0049724484561
vn -0.91552153873171915 0.37782611496645596 0.13808598396527991
v 11908.244374541617 3604.4307695104872 362.03797249717263
vn 0.38161954450942581 -0.58846949207867294 -0.71279041810414856
v 11896.278843576409 3749.7960480927286 473.67940048124638
vn -0.67803209722342017 0.68329281384320939 -0.27089371658464045
v 11960 3804.6999999999998 501.00999999999999
vn -0.35625811514962519 0.91149393631821951 -0.20556984079663543
v 11900.725586700188 3757.5408129627976 473.20091222528288
vn -0.76692610587902166 0.63168213750562086 -0.11314603518272091
v 11756.000229804938 3788.8999014724141 640.17968720756289
vn -0.3119846689164994 0.40320342727004005 -0.86028632593965815
v 11929 3801.3000000000002 514.92999999999995
vn 0.58623238567224401 0.79475923816641192 -0.15712842943965863
v 11941.669182883286 3791.1702388653162 472.78702304743865
vn -0.35625811514962519 0.91149393631821951 -0.20556984079663543
v 11883.235256528777 3799.4711275498776 542.6076083349983
vn -0.66936315983674111 0.55437966221434354 -0.49458684816368054
v 11962.953788562154 3791.6489073683915 474.7616883721148
vn 0.075628826566927501 0.85663299833626505 -0.5103530021010263
v 11891 3726.5 445.33999999999997
vn -0.46161395616869 0.81979058935942906 -0.33890403518991991
v 11990 3790.6999999999998 473.18000000000001
vn 0.26664275428151041 0.95462034599543188 -0.13267115964192108
v 12003 3786.1999999999998 473.18000000000001
vn 0.43347036661700128 0.89950900124698241 0.054653434847031286
v 12017.326364194734 3777.0059129811139 473.14297333228546
vn 0.71202006385923033 0.65486646623437417 0.25333246942230031
v 11886.111111111109 3724.4466666666667 431.73911111111124
vn -0.37208050359017164 0.88709562697345801 0.27316194363902868
v 12021 3769 473.18000000000001
vn 0.82256797255087721 0.4719967807103399 0.31717655892675073
v 12029.63250927065 3758.2724195787159 473.55443522571113
vn 0.93952285636159061 0.1864035002148566 0.28731609332198588
v 11856.289855072464 3706.2753623188401 417.50999999999999
vn -0.84398646118302634 0.52594828278007555 -0.10519152618173103
v 11859.703901221676 3861.0892728897961 598.74229391152767
vn 0.54152377877111757 0.83894610024285232 0.05405032759160508
v 11753 3846 862.85000000000002
vn 0.0097555245507164358 -0.99993835542468668 -0.005302366576662298
v 12029.733643365842 3733.7301869697458 473.44014503371773
vn 0.91917085914703811 -0.18547418929855258 0.34745396356775171
v 11933 3812 528.85000000000002
vn -0.074964999346424074 0.89249410942409635 -0.4447859187477497
v 11745.783665904599 3531.2572396088412 502.53242631940407
vn -0.6918469827906597 0.70519487532833858 0.15507398303425857
v 12018.506377794036 3712.3326935175064 473.09088426275707
vn 0.67433209673589489 -0.68472292030378934 0.27646111068723972
v 11735.582796320661 3515.8503215312962 514.89900014470049
vn -0.90257274670104448 0.42829900182982134 -0.043845204345639821
v 11751 3847.5999999999999 876.76999999999998
vn -0.8536868765548532 -0.46145884611173793 0.24140101520756355
v 12004.903466466874 3703.3498123678105 472.95969424245538
vn 0.5382224752594752 -0.81800232225601843 0.20295016114633849
v 11597.111066639602 3876.4712184876589 737.6774316735291
vn 0.32426576701365051 0.94168720303632991 0.089871708455235566
v 11975 3688.5 473.18000000000001
vn 0.34952670915498674 -0.84675641060538198 0.40104196873391573
v 11965 3681.3000000000002 473.18000000000001
vn 0.5643690895928789 -0.81382097516500995 0.13850253100061888
v 11944.455838380138 3670.6287765534939 474.21102530723874
vn 0.24140164721671786 -0.94421625940691623 0.22401093766302232
v 11868 3879.9000000000001 626.26999999999998
vn 0.20776859237457179 0.90795699247612949 -0.36393174062781469
v 11783 3892.5999999999999 890.69000000000005
vn -0.66511201848444723 -0.33948785800833686 0.66511201848444723
v 11644.989432439754 3744.8978800910058 654.10393178741356
vn -0.61173571779878932 -0.081238304714880735 -0.7868797553732414
v 11925 3670.1999999999998 473.18000000000001
vn -0.12212049381431006 -0.93633059340654656 0.32919842776279101
v 11908.779043713745 3670.9997554720471 473.16151583242794
vn -0.35141694014167985 -0.87004772428691668 0.34572111830869756
v 11861 3700 403.58999999999997
vn -0.88944406143020494 0.45398506777452913 -0.052790338361276661
v 11903 3674.3000000000002 473.18000000000001
vn -0.36449778021228685 -0.84112792800532488 0.399556225016936
v 12008.967699022156 3772.0938100668773 487.32422890041789
vn 0.78786995552891059 0.59465077462585858 0.16016051139946685
v 11776.215510182434 3767.8868602510734 626.27000600236875
vn -0.72302268301292061 0.1860503155919766 -0.66529954149760517
v 12012 3765.1999999999998 487.10000000000002
vn 0.99688234951639099 -0.075386024064376084 -0.023292243310706708
v 12011.987202075234 3734.6136394646892 487.11680151623796
vn 0.83554525969735904 -0.25104849222894549 0.4887113396953725
v 11605 3835 751.51999999999998
vn -0.13240672552426186 0.80151215332438097 0.58313525627358254
v 12008.696403454916 3714.8028034198105 481.36048934206337
vn 0.53135072202839606 -0.47668122701586163 0.70031522760150999
v 11613.54369576239 3724.6796863408545 667.97522546947494
vn -0.71164678418690508 -0.26777299635235402 -0.64950479365507285
v 11611.298043231092 3733.4888252532014 667.99586290157004
vn -0.79299712194248695 0.048922815673761333 -0.60725787166366474
v 11999 3711.5 487.10000000000002
vn 0.56312725146078124 -0.45979973369080457 0.68663811688551879
v 11981.525989003942 3696.116931758967 487.56791035990273
vn 0.49790414188821747 -0.67029334943747809 0.55027110699222126
v 11751 3848.6999999999998 876.76999999999998
vn -0.78071713725563863 -0.44806560071928464 0.43556626252204955
v 11751 3847.5999999999999 876.76999999999998
vn -0.35072360477785713 -0.9158089210400403 0.19567057314553646
v 11856.16697588126 3706.0500927643789 417.76825602968438
vn 0.10614151063068901 0.64586312111615563 0.756038893512188
v 11856.289855072464 3706.2753623188401 417.50999999999999
vn 0.33369785966117727 0.94159027018974384 -0.045315577250592404
v 11955.82266505487 3676.7398949397452 487.22170381776164
vn 0.31871286778314845 -0.7964769701249268 0.51385459418989132
v 11856 3705.8000000000002 417.50999999999999
vn -0.68938212691057466 0.68894933631002309 -0.22383273910272994
v 11775.551775528755 3758.7568098437109 626.1126458167555
vn -0.5965635891156279 0.42028557540048828 -0.68371918157366396
v 11892.618785715067 3803.5587987311828 541.72532803341232
vn -0.5173245366155742 0.5446366978395647 -0.66011074160469196
v 11934.85791365942 3676.4979667282223 487.11107408082239
vn 0.0050579489498330903 -0.75231293211976946 0.65878651270178257
v 11848 3691.4000000000001 431.43000000000001
vn -0.40159754554915272 -0.51405195263123227 0.75793799311349586
v 11923.179393346438 3682.0404984481338 489.63665106280132
vn -0.16984942906733827 -0.70052302397221722 0.69312240212701215
v 11879.580461392754 3794.327672365509 556.81628895202857
vn -0.63725949781714986 0.55740862844834949 -0.53216158577368566
v 11816 3584.4000000000001 389.68000000000001
vn -0.29376779182342649 0.86076211849730466 -0.41567903464959605
v 11910 3685.4000000000001 487.10000000000002
vn -0.47030210864955246 -0.79902166452469681 0.3746735995769751
v 11890.670758249569 3704.8012894238555 486.8478063766276
vn -0.84183639286193845 -0.50696163670759942 -0.18520633509670256
v 11807.969224322353 3595.087273725052 417.48602976460279
vn -0.65383968039341456 0.68594477366673456 0.31933280417509557
v 11816.197305403133 3587.6993553105876 405.09613888313834
vn -0.25796926609479254 0.87945039007527814 -0.40002358573833507
v 11888 3712.5 487.10000000000002
vn -0.958746550005105 -0.22806847281409032 0.16967564516322695
v 11889 3744.3000000000002 487.10000000000002
vn -0.96945601413511628 0.24497960507692754 0.011833416818729578
v 11891.640249889468 3754.977676540113 487.10383105525113
vn -0.92188163793544453 0.3492626354078186 -0.167779191634264
v 11593.326948292208 3816.2743649443946 751.112481003928
vn -0.82129470348269884 -0.18580729965310477 0.53939842178753838
v 11770 3887.6999999999998 848.94000000000005
vn -0.2795122149747995 0.70823109842103127 -0.64829131793447692
v 11897.956669554513 3766.5679916562394 486.98386372842879
vn -0.77962331680643193 0.57641922297621451 -0.24480270275312546
v 11818 3886.9000000000001 835.01999999999998
vn -0.48053437250274078 -0.72227373741172551 -0.49740060825123122
v 11907 3775.5 487.10000000000002
vn -0.68291271460040748 0.53247451124299405 -0.50010110889062931
v 11911.680056916462 3783.2028426048855 486.44845273525061
vn -0.68868372815116741 0.48552953812101896 -0.53849400200169262
v 11766 3893.8000000000002 862.85000000000002
vn 0.2840375771163241 0.90545536649306435 -0.31539377621443121
v 11932.090321562011 3788.5480910211954 473.33880315474562
vn -0.50878572295639257 0.66140699160318994 -0.55106975926297996
v 11596.122859503168 3814.1529633788341 765.43762163026236
vn -0.82811821509485772 -0.017737388095896749 0.56027279685135756
v 11929 3679.8000000000002 340.97000000000003
vn -0.01482039832012997 -0.011934441709027523 -0.99981894605709809
v 11933.437812412754 3797.233428815809 487.56071065051447
vn 0.59379379479675054 0.15038737442228264 -0.79043821192756525
v 11903 3652.0999999999999 347.92000000000002
vn -0.0694441016564014 -0.093642271300791821 -0.99318107199581906
v 11867.97047240577 3493.5135472931288 556.66507113660896
vn 0.71267117617473308 -0.069444308818558162 0.69805249274136616
v 11867.606779656355 3520.3200976366697 556.71588228601877
vn 0.73251728996092391 0.22578310282359351 0.64221523680745407
v 11857.514731424599 3537.0860813330019 556.69442473780873
vn 0.52285662386604737 0.59341429579874028 0.61194805696323906
v 11848.372339167061 3542.5194569138248 556.68576935914803
vn 0.14840010505612752 0.79158043296157221 0.59277131085411028
v 11833.952832156636 3540.5011403588487 556.6560753093346
vn -0.11180074818233411 0.7898692610619712 0.60299846030921678
v 11981.818362809605 3793.7447619027857 487.49340613450227
vn 0.27738213656514393 0.95639939510152028 -0.091429466606790535
v 11811.541311979794 3525.1420211757568 556.85477304513734
vn -0.32597648105832633 0.4861433404967167 0.81080453025838728
v 11994.345655997671 3787.0210737227244 486.93075428341012
vn 0.61045247996937979 0.78827032391266305 0.077315368057451539
v 11797.68292726286 3518.1561951120134 556.74620239786964
vn -0.15987833570037793 0.33499518850359428 0.92855648264018842
v 11794 3506.4000000000001 556.67999999999995
vn -0.22882812962029184 -0.1292081214609884 0.96485384822935827
v 11796.872664891896 3497.0045058804553 556.73141517012391
vn -0.39837690145642829 -0.35609042908847349 0.8452783273558846
v 12008.741676014213 3776.7248237167896 501.2173776919542
vn 0.84759491810531418 0.52920673515870653 0.039026737817915727
v 11810.146664425376 3484.611516001979 556.6633085707814
vn -0.24651364698976805 -0.54096014717752927 0.80411015477574321
v 12016.476090051152 3765.5471535908537 500.97150510369806
vn 0.98196459327176822 0.12601290965727355 0.14094780651119967
v 11829.971935466427 3477.1726180046462 556.64845005316965
vn -0.17733144859966565 -0.58056798913369656 0.79466619868395072
v 11853.032224706274 3475.8283719780484 556.68886108897414
vn 0.15304498879971445 -0.50201229221939747 0.85121142489038637
v 12013.390856532917 3753.3524387048856 500.91472742251028
vn 0.77848176494515575 -0.62648861257238597 0.038446845969498704
v 11835 3507.6999999999998 563.63999999999999
vn -0.023169931755838803 0.0092797634953117672 0.99968847160097873
v 12010 3750.4000000000001 501.00999999999999
vn 0.76978656713115834 -0.63644359113150617 0.048664117911033179
v 11999.282454337023 3739.2275519742916 500.60401575015908
vn 0.60737281180273106 -0.48411339956925747 0.62986703663578114
v 11860 3482.3000000000002 556.67999999999995
vn 0.45646913390865979 -0.31789820971522631 0.83100942115509868
v 11836.183809576001 3938.9826111661623 904.59739960386696
vn 0.20141135799320495 0.84540131812272734 0.49470200746276383
v 11986.138773062128 3723.8044049231266 501.17403313486011
vn 0.52370893281114639 -0.47218901893715876 0.70906028240832519
v 11798.577844250753 3943.779766739734 904.62276500371865
vn -0.047476560899441973 0.88884622145163228 0.45573936715662122
v 11789.238440097641 3941.5008834329633 904.535911109881
vn -0.062906490162340664 0.89927169035676791 0.43284315914466842
v 11775.23495196662 3941.3254891727702 904.68624914856832
vn -0.54454021446156098 0.74957496550691827 0.37631546064367238
v 11971.382665293157 3711.7157885389602 500.9898883988231
vn 0.37459896380123248 -0.63052503269837612 0.67978952585322672
v 11766.248500588172 3930.0608841993671 904.6035332002582
vn -0.83694371126375855 0.39280294558144851 0.38109194444199929
v 11952.720257744522 3702.8129285767068 500.8920947919778
vn 0.17956695320546157 -0.66028680619124036 0.72923044566603146
v 11765.996039537677 3910.5532160899093 904.60027448078461
vn -0.88078408794041629 -0.28623075586085295 0.3772152499969928
v 11770 3900.5999999999999 904.60000000000002
vn -0.85465728624436965 -0.36313241462654605 0.37107381006600793
v 11942 3698.5 501.00999999999999
vn 0.1558534672358122 -0.58300182891274344 0.79738231999146558
v 11929.452013844204 3694.1339780440876 500.69033628251361
vn -0.049983234439776737 -0.67043838028339808 0.74027971370145762
v 11780.527766986253 3891.0775604240462 904.66066723092717
vn -0.62479066414810425 -0.62466395335678826 0.46843523711398904
v 11900 3694.3000000000002 501.00999999999999
vn -0.099335470401513457 -0.97077960039739786 0.21844777813559635
v 11891.434539673684 3695.1764648028866 501.01000055110831
vn -0.62923866321227617 -0.70867198524161601 0.31912806528497994
v 11794 3886.5999999999999 904.60000000000002
vn -0.31786730193999951 -0.53237692707118967 0.78456050491955198
v 11894 3703.5999999999999 501.00999999999999
vn -0.70765326073471435 -0.14444409174389891 0.69163774255878097
v 11894 3731.1999999999998 501.00999999999999
vn -0.9146940799454979 -0.37029410605115032 0.16191669196361005
v 11894.009304925692 3757.6559877634572 500.9375056585535
vn -0.97098557966686094 0.23600329404354317 -0.038593383883859057
v 11812 3886 904.60000000000002
vn -0.01058528518712624 -0.50709011401425186 0.86182803853583245
v 11900.895665192256 3772.9786862296187 503.2081243281641
vn -0.83385394730631235 0.51732325947789315 -0.19252075151746598
v 11830.89179545068 3886.4078279045902 904.61416807072169
vn 0.15092835625554471 -0.41486196544197551 0.8972793215647068
v 11912.109219318818 3792.3746419513154 500.74956686625774
vn -0.69061607563201022 0.61919837625373797 -0.37368811450643669
v 11847.195617622383 3902.7407164892588 904.70177506996652
vn 0.38479655209782032 -0.17472802798929157 0.9063121590978479
v 11923.03227317603 3803.7461006036001 500.67822634155891
vn -0.43803533504461656 0.8345151499803295 -0.33422972594558165
v 11847.756524168277 3926.0931932409708 904.63967355056172
vn 0.37926484393258775 0.32388163606564047 0.86675190451260853
v 11937.113018807238 3807.6025366725198 513.50313940919114
vn -0.313713727129178 0.9401147879267685 -0.1332962224975891
v 11944.402293909998 3804.1000213419375 499.6473509286061
vn 0.85992758947624326 0.25896394217509677 -0.43984340112216169
v 11806 3914.9000000000001 911.55999999999995
vn -0.00038088890058042172 0.01229188593171294 0.99992437937270395
v 11957.23436024852 3708.730227678197 348.00697057575888
vn 0.14799396973299739 0.56196013610418039 -0.81381729543702841
v 11940 3800.3000000000002 501.00999999999999
vn 0.7746953952611525 0.5853057928249602 -0.23929933858394048
v 11950.031188231025 3806.4723411487275 500.99786220740867
vn -0.21386479414488602 0.94230297483614067 -0.25754019771741488
v 11938.955707878071 3709.9589202136444 347.91655810545541
vn -0.16579016787168471 0.69046313513017532 -0.70411240527581087
v 11923 3704.9000000000001 347.92000000000002
vn -0.22046294712095499 0.69486890959966152 -0.68450952324896142
v 11972 3803.0999999999999 501.00999999999999
vn 0.31865742719030105 0.92594918116022973 -0.20267105862741744
v 11973 3802 514.92999999999995
vn 0.4543625258945076 0.87550317806968736 0.16446543786656251
v 11978.733501135304 3797.8983719165635 499.62179749489496
vn 0.40266769372317929 0.8918072066062479 -0.20624896285028227
v 11908.008993799647 3697.3995452309659 347.88824397150091
vn -0.54816273763479395 0.4916457600491973 -0.67661071503071479
v 11999.712463230378 3786.046537283104 500.93073561656456
vn 0.62058827072264056 0.77961900058239042 -0.084050057539523604
v 11988 3793.9000000000001 514.92999999999995
vn 0.62921612415470674 0.70763108916570383 0.32147365483020274
v 12002.113859369956 3782.4978650827352 515.40957310399563
vn 0.67407155833548327 0.54192203951115669 0.50194425719918501
v 11904.962712453253 3689.4076702122934 347.95133584311992
vn -0.62236591426233834 0.35711295608094595 -0.69651346387814494
v 11895 3677.5 347.92000000000002
vn -0.36140489149816729 0.24094209502090111 -0.90074047941021107
v 12005.926981208657 3772.3048228505249 515.02906435832665
vn 0.71502207310552113 0.28603203705668051 0.63790995348018253
v 11893.946314255852 3662.4204668453185 347.77396256348976
vn -0.37351271307491596 -0.071540095837796538 -0.92486229670093822
v 12005.981790988566 3762.883194730538 514.9261568109996
vn 0.65460676320550848 -0.27571031847677557 0.70389900259273164
v 11900 3654.5 347.92000000000002
vn -0.33258233645565766 -0.11031492671047118 -0.93660002478248905
v 11998 3750 514.92999999999995
vn 0.57296945557213641 -0.47652789666547285 0.66680369426162445
v 11985 3738.6999999999998 514.92999999999995
vn 0.5424670166706701 -0.57531787135162138 0.61215919720924084
v 11969 3723.1999999999998 514.92999999999995
vn 0.34044772666379564 -0.6256792028994399 0.70186956086481966
v 11959 3715.1999999999998 514.92999999999995
vn 0.21399053096458323 -0.62492047747960722 0.75078788581340039
v 11952.166019521495 3712.2245012695685 515.0546531922854
vn 0.16546999547933219 -0.66900298172457418 0.72460657672953732
v 11923.484200180417 3649.5376562503338 348.00793591371075
vn 0.19275865538004147 -0.41828461271117856 -0.88762722104785508
v 11951.696925891309 3663.7394418955882 347.94050591077576
vn 0.44010895785990328 -0.43714152233103631 -0.7843541258038832
v 11939 3712.0999999999999 514.92999999999995
vn 0.011932266677722179 -0.65780284946022538 0.75309563287403269
v 11927 3714.9000000000001 514.92999999999995
vn -0.2283682330929655 -0.23913091782137122 0.94375015457265254
v 11907 3722 514.92999999999995
vn -0.53555685258506003 -0.63185017131307419 0.5603072537999334
v 11899 3726.9000000000001 514.92999999999995
vn -0.47116307709810579 -0.67349118438125477 0.56957438437852781
v 11888.09605754529 3738.5824999439351 514.90657967770096
vn -0.88386668624996556 -0.15560739317786873 0.44109638416778368
v 11957.661938656993 3670.8871140716874 347.89901213296844
vn 0.46520923079831816 -0.33833291164645585 -0.81799218362822301
v 11964 3687.1999999999998 347.92000000000002
vn 0.51025922033281823 -0.15258505268673875 -0.84637658861875997
v 11963.514008473825 3699.2513662655256 347.9349229075782
vn 0.34432763366295638 -0.068187087664741061 -0.93637012007638831
v 11888 3754.5 514.92999999999995
vn -0.91050650673030942 -0.006102977534521054 0.41344970052834945
v 11893.465097642418 3770.1455002829125 514.96086806704807
vn -0.90749348221311998 0.1791758030212699 0.37993632539201749
v 11958 3706.1999999999998 347.92000000000002
vn -0.19048541297692695 -0.13565583873415937 -0.97227197885177252
v 11905 3789.3000000000002 514.92999999999995
vn -0.96794519770838139 0.12502247342933992 0.2178335955974022
v 11914 3797.0999999999999 514.92999999999995
vn -0.82823463491446769 0.55289687375209795 0.091282180754268791
v 11874 3593.3000000000002 361.83999999999997
vn 0.088362616366881641 -0.26702447870420942 -0.95963012447585472
v 11881 3592 361.83999999999997
vn 0.2247988699860923 -0.32273659741388971 -0.91940554530777152
v 11931 3804.9000000000001 514.92999999999995
vn 0.77129755564233871 0.51526511322814728 -0.37363343500031954
v 11888.175437912183 3592.4866328612425 362.00822225148431
vn 0.28751058990265893 -0.37975460669985989 -0.87927475761792451
v 11914.14746084764 3609.7282984524791 361.80464253572319
vn 0.47702650498613935 -0.56134148088066615 -0.6762702532149476
v 11923 3623.3000000000002 361.83999999999997
vn 0.43438107124940484 -0.55354725903855939 -0.71056211336597286
v 11953.171540774827 3806.6952943773417 513.42495580659306
vn 0.46608984114766799 0.48125098752326628 -0.7423999912357373
v 11939.280342613551 3641.8909527179057 361.51881559471167
vn 0.55505243546656702 -0.59481643105325366 -0.58147244752584992
v 11964.340366070146 3804.2130197713182 504.11619697144079
vn 0.17963313384529578 0.96093324857069573 -0.21056882251721737
v 11978.279886891347 3791.4326455329219 529.15103941324253
vn 0.83251562009442093 0.54195499905782429 0.11490222493509658
v 11985.305758726545 3685.2400920063878 361.02413362788866
vn 0.43554789994979731 -0.29993655801519947 -0.84872615608057955
v 11984.054299275356 3779.8463329841325 528.82976841059303
vn 0.73003456150783896 0.11731798455105627 0.6732651999806134
v 11999.530483593775 3691.5026769515489 361.74338169032671
vn 0.3245787722383166 -0.16932796984807558 -0.93057866902234343
v 11984 3759.8000000000002 528.85000000000002
vn 0.63485124442879504 -0.15410690789708656 0.75710960790734205
v 11978.114406948218 3751.8130294959346 530.12969281399182
vn 0.46766260736892218 -0.41390420351791923 0.78100896024251731
v 12022.496149845538 3698.0269873768666 361.69408913844381
vn 0.070455503289584234 -0.67765506893965932 -0.73199701474568668
v 12079.595704898617 3698.4264504017738 361.78633395647194
vn 0.074826174007421281 -0.54861400700529095 -0.83272067045378995
v 12088.779316087448 3704.4697921969537 361.87455656280775
vn 0.34080156415808022 -0.30681285046797963 -0.88866201035889858
v 11965.131626499871 3737.5114573076444 528.77986977640739
vn 0.30817365836953214 -0.54605356953334605 0.77900866201026953
v 12092 3711.9000000000001 361.83999999999997
vn 0.48050146928583304 0.020719265455327103 -0.87674913746929195
v 12091.814574410142 3721.1346947829243 361.7892075994464
vn 0.50537325961759649 0.33982500269591348 -0.79316885718377006
v 11957 3736 528.85000000000002
vn 0.15209375317861804 -0.53956189847969871 0.82809446801257225
v 11948.838970713825 3739.9060393468462 530.57412111615122
vn -0.083624171992980653 -0.42694927720662368 0.90040064002155729
v 12082.457635707568 3733.2945557618696 361.81046199684886
vn 0.49357189061775192 0.38116694671195284 -0.78172792423342874
v 12074.114457759766 3738.1298286341021 361.83683289871931
vn 0.29603032790289624 0.46535685132176108 -0.8341516923735155
v 11941 3744 528.85000000000002
vn -0.58481841264802048 -0.72802110106587581 0.35773272233705355
v 11931.317256101722 3761.1185636719083 528.90632647165307
vn -0.58427666729951599 -0.7680790612910724 0.26205978641446653
v 12064.014198348941 3749.3792024813092 361.78818605919048
vn 0.20705946767340061 0.52812567139569411 -0.82353485175774765
v 11920.28070698848 3782.354705627994 528.73079109058176
vn -0.92826358458624747 -0.33846164047868044 -0.1541766371911493
v 12041.969753642887 3749.572873132709 361.88482661222702
vn -0.00052263823461539804 0.6229886268324043 -0.78223071896132468
v 11915.464472375907 3788.379963683768 529.174023248396
vn -0.91730847707914565 0.074976041441709815 -0.39105466508976677
v 11975.954837083978 3727.2090974997477 361.88726820003035
vn 0.11619916385097424 0.51857540116499523 -0.84709934932503561
v 11917 3801.5 528.85000000000002
vn -0.840460903987438 0.3244468068446914 -0.43400430688750319
v 11924.441287917642 3804.5727367294967 518.92795876437071
vn -0.42689883567634557 0.88723991731106966 -0.17482194721494954
v 11955.137500866431 3818.1410055763063 543.90770255762618
vn 0.29450915594795463 0.89285586329574207 -0.34069453244987447
v 11951 3811.5 528.85000000000002
vn 0.23933281545762869 0.89855376449374391 -0.36785994041108389
v 11962.917656209524 3807.2299337298064 528.87767520595094
vn 0.53395199699978035 0.83587080025092442 -0.12733919344736702
v 11946 3716.3000000000002 361.83999999999997
vn -0.24093199204596155 0.79161160045458911 -0.56151834274090173
v 11916.219818747002 3705.7819424883 362.11904357769441
vn -0.31005735690863334 0.78188581288259462 -0.54085026674649661
v 11970.909249042692 3809.2737507153361 543.15793696860783
vn 0.72829357228806635 0.68214776344404315 -0.065290898233804073
v 11905 3699.3000000000002 361.83999999999997
vn -0.63612028075557903 0.55908322000575272 -0.53176775148502797
v 11977.917643749652 3800.6358669015376 542.33809926845424
vn 0.93430901850845371 0.35407577386386102 -0.04119471199653893
v 11886.197251217862 3691.5088882890741 361.74190635173181
vn -0.42164928909477434 0.61393899971044708 -0.66730111766758415
v 11977.961206508222 3783.4530456532111 542.69887564586327
vn 0.94939604299205971 0.0096144511759674017 0.31393425407177827
v 11874.751363077641 3680.0996551822609 361.50316522779963
vn -0.57086700810453528 0.31248419593117149 -0.75925258402657114
v 11971.111806337351 3768.7758212554654 543.06603554370542
vn 0.7616588008488836 -0.54122906392341286 0.35629618501189031
v 11871.882838506974 3673.8236520800565 362.00732742493983
vn -0.65219053062167864 0.18507891771671334 -0.73511448495062548
v 11872 3651.3000000000002 361.83999999999997
vn -0.48257130807953275 -0.066986794032844521 -0.87329130422992873
v 11958 3759.5 542.75999999999999
vn 0.036794991941781478 -0.93699719523710878 0.34739370271465192
v 11929.69505546145 3750.1792441569178 542.77270977625221
vn -0.33656310462636224 -0.94132531009296505 0.025138360778847835
v 11868.726203558221 3633.9045992431747 361.98671039379315
vn -0.37984387114615692 -0.076231493398889488 -0.92190422114603476
v 11918.998216562781 3747.9478176738839 542.76645218755345
vn -0.24148033442815686 -0.86334154110659711 -0.44308986840611853
v 11863.775812793145 3615.1020584352955 361.84156130638439
vn -0.41091703858204287 0.055312135863221881 -0.90999327196920099
v 11887.319761289198 3748.457231227454 542.76664016255222
vn -0.35818137289521207 -0.8339655327572284 -0.41977088308248967
v 11865 3602.5 361.83999999999997
vn -0.37727606313438744 -0.013053531138994504 -0.92600884310605858
v 11875.529278365573 3750.7632277803277 542.68269244770022
vn -0.53185229096915654 -0.80390266749065431 -0.26622103934939123
v 11869 3597 361.83999999999997
vn 0.2563617278541816 0.11794590564859804 -0.95935782054056906
v 11867.883850385288 3755.7957486839005 542.76000192038612
vn -0.74425178065646658 -0.61549818149952462 -0.25932850896200543
v 11792.044827217049 3484.6122431624854 375.73976970214301
vn -0.071647205880609285 -0.51281143465210355 -0.85550634736368436
v 11829.536417678051 3483.1699845392441 375.79384197394882
vn -0.025000359090599649 -0.50881686639876511 -0.86051169574473674
v 11863.98616326374 3766.500729176445 542.71881821071747
vn -0.90302213580089774 -0.32984951739727508 -0.27522775682399808
v 11852.743274939192 3480.1709228085538 375.7894153427294
vn -0.035793048781687244 -0.44681827980787808 -0.89390843070665826
v 11865 3778.9000000000001 542.75999999999999
vn -0.91280137263900618 0.22455640661228016 -0.3411276511186489
v 11870.101547045901 3787.9018167684244 542.74639484761587
vn -0.82242375401399515 0.46559339150807727 -0.3268668882244482
v 11878.702857139659 3480.141938526041 375.7568741448182
vn 0.41075583573654767 -0.43495626753546296 -0.80130686303063015
v 11923.752917758546 3819.831285195487 542.663867482559
vn -0.36264167017012583 0.82349065369188423 -0.43629595727938492
v 11887.794775765613 3485.4910732391872 375.76767808994384
vn 0.69690689326892186 -0.34691431874752793 -0.62767128145407314
v 11892.129800071159 3494.4836812205722 375.76051723010664
vn 0.87960565338411056 0.0065423803278047811 -0.4756585874283763
v 11944 3819.3000000000002 542.75999999999999
vn 0.24480437701798896 0.89282165868898378 -0.37807446722661164
v 11890.035387617456 3514.8470736530508 375.52632415870903
vn 0.976374109019572 0.098208218460082958 -0.19248050567040204
v 11887.717509721078 3530.702730982548 375.77185187669926
vn 0.8908315645828766 -0.16096818534497284 -0.42486276237106346
v 11957 3830.6999999999998 570.60000000000002
vn 0.42271191410376757 0.71899094753873916 -0.55169434928416228
v 11954 3822.6999999999998 556.67999999999995
vn 0.43923647437603036 0.79438923318094357 -0.41954387825817119
v 11964.82612539163 3815.6904488994405 556.44332345557632
vn 0.76054859492439342 0.64672148439458632 -0.057594760013337278
v 11891 3548.9000000000001 375.75999999999999
vn 0.62503363161339565 -0.52118141874914525 -0.58112209397234071
v 11971.940248004144 3799.4073328786071 556.79176846791506
vn 0.93928110247712293 0.30429824114852311 0.15859883657604723
v 11894 3561.4000000000001 375.75999999999999
vn 0.67528802958851497 -0.52180864126086246 -0.52125024604306291
v 11972 3779.0999999999999 556.67999999999995
vn 0.96679297044775125 -0.16432174118551596 0.1957286838114787
v 11898 3573.4000000000001 375.75999999999999
vn 0.67267481843033516 -0.59359338478557522 -0.441764057148745
v 11907 3591.1999999999998 375.75999999999999
vn 0.5464457805120948 -0.70447745871634104 -0.45288908037299086
v 11921.291670881965 3610.8663127959262 375.46839080712198
vn 0.69173324620706156 -0.63409581443719498 -0.34558300624462307
v 11968.300877550959 3763.5886342155691 556.44952568393239
vn 0.80340567278476827 -0.59297958459160283 -0.053986453808562838
v 11930 3622.9000000000001 375.75999999999999
vn 0.67786721424376584 -0.56155586643275535 -0.47450084165189188
v 11951.726164582118 3748.9881908653192 557.13933248309786
vn 0.43686258418244839 -0.89273694536425774 -0.11032601199684243
v 11945.379624748297 3639.5170213340134 378.06549131942666
vn 0.56682119360798267 -0.64501153767603814 -0.51251717116757634
v 11968.079949406421 3669.5293327311892 361.9047524109086
vn 0.60813563299760276 -0.53797234718495879 -0.58374378415783679
v 11913 3748.5 556.67999999999995
vn 0.024163972183164587 -0.98725023190423111 -0.15733112232922353
v 11899.587566690614 3750.8257773478376 556.7477125944406
vn -0.37364534712687425 -0.92631262063246678 -0.048312352741811053
v 11993 3670.3000000000002 375.75999999999999
vn 0.32013148731707247 -0.64314714056186728 -0.69561310109517971
v 11889 3755.0999999999999 556.67999999999995
vn -0.70801526023648231 -0.70100520815493939 -0.085475665612594134
v 11879 3765.1999999999998 556.67999999999995
vn -0.76974616676286745 -0.63272236580613861 -0.084576867774555739
v 11874.241251501693 3777.2254019094607 556.5138551022311
vn -0.98882462343345756 -0.11235872130080074 -0.097986641126888624
v 12033.770840635943 3684.7399765170999 374.72233444383193
vn 0.19631603798020611 -0.7155237273670807 -0.67043702821851503
v 11874.462399462556 3791.9514075208572 557.07316936254574
vn -0.83992890317090962 0.28793426433443975 -0.46001445307761551
v 12058.899255215514 3689.6153286482236 374.8273331450805
vn 0.092574233247528115 -0.77869153452156747 -0.62053968882181787
v 12092 3690.3000000000002 375.75999999999999
vn 0.24737441968543056 -0.78814270502881956 -0.56359291425207914
v 12103.337775044927 3696.6780243346366 375.31632539793463
vn 0.69218637555633955 -0.4469646127642472 -0.56665744187355771
v 11889 3815 556.67999999999995
vn -0.53977130598684042 0.43717233712481002 -0.71939369255373098
v 11898.830062871399 3823.9461235375584 556.71215680835257
vn -0.35430578590046707 0.54642821313960077 -0.75886996116760053
v 12105.938935480008 3711.3709207536085 374.93748638884097
vn 0.86183372847942008 0.054212267505954252 -0.50428529078996953
v 11905 3825.8000000000002 556.67999999999995
vn -0.080837829106711084 0.72874806743307607 -0.67999374967559145
v 11923 3826 556.67999999999995
vn 0.042328763043415742 0.74515693459980947 -0.66554445278811358
v 11941.802313870594 3824.492629891567 556.38626152926327
vn 0.26123619332748149 0.75628613542622647 -0.59982241760193522
v 11964.694992187615 3821.7146608147668 571.05061167959502
vn 0.71859217499570349 0.59876428786864588 -0.35370413286827401
v 12102.738054976398 3719.2612784618482 375.60835909428977
vn 0.81784786038747515 0.38656326923011647 -0.42625545878235238
v 12082.571708240008 3740.8907716293579 373.30874281857905
vn 0.6127744677852841 0.63793462984595983 -0.46641918879239974
v 11971.934278095094 3807.0197627269881 570.56225984675757
vn 0.93433598295837772 0.2082429238190959 -0.28922509508767769
v 12063.992569102447 3757.7159625817776 375.49449789053597
vn 0.18487585696231257 0.81065263363643814 -0.55557468003028843
v 11972.025631204515 3778.2974358561678 570.56414062592194
vn 0.96608348394310151 -0.24590484562224274 -0.078825813994275518
v 12019 3757.9000000000001 375.75999999999999
vn -0.10425909950822596 0.76711689949015949 -0.6329784377736245
v 11965 3765.0999999999999 570.60000000000002
vn 0.78020253775015658 -0.6236113555741235 0.048917044955920086
v 11949.74421040133 3751.5141976697564 572.32223985674591
vn 0.44587835563005196 -0.89308493362972796 0.059931571848444241
v 12004.710804786726 3737.3182465029413 361.44859700632196
vn -0.21548941615895117 0.63763980709655244 -0.73958081906533091
v 11934.140617368696 3747.2111094434636 562.2707230380729
vn 0.17248942747864443 -0.98396511766039618 -0.045387714589436537
v 11986.542001594044 3749.5370972490582 375.70873276520393
vn -0.13116679130170336 0.54438308849159744 -0.8285181505700191
v 11888 3746.3000000000002 570.60000000000002
vn -0.17287509533435372 -0.92887621371575324 -0.32757164255506671
v 11867.051547034098 3751.6337163995422 570.84564052076621
vn -0.39848062303551041 -0.78396073613200778 -0.47604491097856733
v 11960 3741.5999999999999 375.75999999999999
vn -0.16982963595736353 0.48841405869798676 -0.85592616621806172
v 11858.865383655409 3760.1169078983157 570.83562686837445
vn -0.62773737637631366 -0.49049313053669341 -0.60445204540682662
v 11941 3733.5 375.75999999999999
vn -0.18220433892033541 0.4771560585519653 -0.85972302206336026
v 11928 3729.4000000000001 375.75999999999999
vn -0.18675409532540196 0.47525485506316834 -0.85979982008492972
v 11858 3772 570.60000000000002
vn -0.65588194199348704 -0.19377985928141131 -0.72956716229811813
v 11898.508194755355 3718.1987740950863 376.28933610195963
vn -0.26364162260566643 0.45592463854352666 -0.85007400783626241
v 11860.51320057842 3824.5781144826069 570.10912713943799
vn -0.54442065329513689 0.27397534073651875 -0.79280745766800442
v 11886 3707.1999999999998 375.75999999999999
vn -0.3998728624511641 0.49055347995827231 -0.77424736174942255
v 11865 3835 570.60000000000002
vn 0.31258474701329497 0.29629375013963533 -0.9024969748219801
v 11873.5227657793 3839.3759114517002 570.26343110902462
vn -0.13954117521182205 0.6357725751349973 -0.75915841108869875
v 11873 3694.5999999999999 375.75999999999999
vn -0.50879038812260702 0.44642074107521579 -0.7360984057121045
v 11876.951665967877 3838.2258669503099 571.55514909274461
vn -0.026904785732045137 0.55444649609041041 -0.8317843563555275
v 11867 3687 375.75999999999999
vn -0.63473456485720881 0.348297598369465 -0.68978316531036965
v 11857 3669.3000000000002 375.75999999999999
vn -0.70847134722948757 0.22159387526650226 -0.67004813603144109
v 11848.942379693668 3645.3213689774275 375.57787504973521
vn -0.72320083982843941 0.19534789945284264 -0.66243470882102928
v 11886 3844.5 570.60000000000002
vn -0.35547124866783653 0.53766787645750025 -0.76456094982428413
v 11896.529336516127 3849.9040089758246 570.62277941187631
vn -0.16335494949592982 0.62779339893873098 -0.76104573366134676
v 11836 3606.6999999999998 375.75999999999999
vn -0.69660388591734534 0.22946003747534907 -0.67977284244566982
v 11831 3597.6999999999998 375.75999999999999
vn -0.66015975363870549 0.17155516405389801 -0.73127144437761538
v 11819 3575.5 375.75999999999999
vn -0.60071287428210951 0.32470966177411592 -0.73055299480753999
v 11808 3559.1999999999998 375.75999999999999
vn -0.5091722479977584 0.41671989238335289 -0.75305255670564997
v 11799 3549.1999999999998 375.75999999999999
vn -0.56325456548145292 0.45233071626043936 -0.6914775611627737
v 11778.85837556194 3524.0380548568501 375.70698490563427
vn -0.53354271621604688 0.31753623359088279 -0.78390236020165116
v 11846.571732556371 3765.3025563143528 584.79723292700976
vn -0.66328463459168152 -0.41777074040051176 -0.62090345624725563
v 11775.504667504532 3511.4705656817459 375.77590940722143
vn -0.55915883550191203 0.1081406487037949 -0.82197749164929568
v 11778.440677494385 3503.8237791061583 375.74989586518274
vn -0.42851692736593505 -0.12938155272952831 -0.89422237546046357
v 11782.890130823931 3490.4956921939174 375.74188363466521
vn -0.28165566883266291 -0.3406755228989502 -0.89700070920370634
v 11860.349721978753 3786.5872503504652 570.2256644912195
vn -0.6612997241130556 0.12650679838627038 -0.73937724123078874
v 11771 3481 389.68000000000001
vn -0.52014990223254864 -0.73346727458096073 -0.43757266405278067
v 11847.685924957532 3806.4371665620183 582.82714540245979
vn -0.77028276591994815 0.1088361084056655 -0.62834637106760205
v 12065.633167899356 3763.4524278994841 389.66121854194614
vn 0.23497441362732244 0.96390073187925784 -0.12522940558481904
v 11854.592313679535 3836.3267262632617 584.00769275557832
vn 0.39052695223443584 -0.31739942961157913 -0.86414483835797284
v 12029 3769.5 389.68000000000001
vn 0.097446791341459241 0.95654636614937516 -0.27481479629685063
v 12005.096343936104 3769.9984054752404 389.67936149670345
vn 0.0044433312995001521 0.91951493911548932 -0.3930299397633733
v 11958 3770 389.68000000000001
vn -0.080455945740549498 0.87893847661059032 -0.4700999841825656
v 11868.830798505123 3847.4361789051054 584.20536024257308
vn 0.3825750235513542 0.23834482793256473 -0.89265228076361114
v 11941.603944124578 3768.0041942953521 389.85501658060542
vn -0.2078578311977681 0.84040970770471324 -0.50050638877584619
v 11867.941724155951 3841.7013526937217 583.29637304334756
vn 0.39046287628930121 0.62517998726796453 -0.67578748564878999
v 11919.590774063105 3760.274453805453 389.61847384914472
vn -0.37455500560985971 0.76612906730842778 -0.52225932255701901
v 11904.352943740678 3751.7470483121388 389.56312076411132
vn -0.46700984317440536 0.75296003200361505 -0.46363023691658878
v 11879 3853.8000000000002 584.50999999999999
vn -0.12785063577794353 0.72110029550107224 -0.68093213961410426
v 11895.13724541701 3861.8676746931742 584.46515430223735
vn -0.15989797707593686 0.70741189845607211 -0.68847733648232678
v 11885.471444877918 3739.4232568571888 389.74506230530744
vn -0.59255083201316505 0.74965827087085202 -0.29478125516292575
v 11871.141967473621 3727.1492185423813 389.7052161749632
vn -0.62168088799437626 0.72673752499870736 -0.2921736525788679
v 11925.321507903465 3850.138433009784 570.85243613171986
vn 0.072725281293186186 0.66164421913475269 -0.74628276192498944
v 11865 3718.6999999999998 389.68000000000001
vn -0.8010586179317768 0.52986397760805271 -0.27847667024475287
v 11933.376086518561 3857.5232826395513 582.59163991527748
vn 0.27997152780454021 0.78119191358866669 -0.55799205887043668
v 11856.10314996928 3702.3715162892267 389.75173416240557
vn -0.85397130731495485 0.46949069561795015 -0.22430223585813919
v 11941.29871861332 3845.5933607500328 569.60764141847721
vn 0.29836714910212253 0.63115596093705051 -0.71597429933643586
v 11849.38691123932 3678.043543889562 389.41939275932896
vn -0.93092608261422705 0.26049804034052121 -0.25596366868615866
v 11959 3842.9000000000001 584.50999999999999
vn 0.60153442069838636 0.61736354046239716 -0.50697001846538325
v 11969.589653771211 3832.6374112293443 585.46177442650605
vn 0.70344545268629299 0.5080842109738759 -0.49700596541090969
v 11847.475051125519 3664.4235266638643 389.2619541475442
vn -0.97207500464584529 0.13864010627878995 -0.18933860217553594
v 11977.995437871808 3815.1307767107137 584.76763108277373
vn 0.91167776355250674 0.20142673400175318 -0.35814930723552513
v 11844 3650.6999999999998 389.68000000000001
vn -0.91991663931877854 0.31304675912584123 -0.23612518566483309
v 11977.881594688899 3787.2650049701915 584.33500628955517
vn 0.95795051486436433 -0.23482896152023136 -0.16488229105161378
v 11826.356127365609 3599.4628886656719 389.68625926200389
vn -0.88758646914790207 0.39081654064698856 -0.24382922577550273
v 11807 3575.0999999999999 389.68000000000001
vn -0.70447094335745464 0.54759637078143331 -0.4515073694548748
v 11966.097691528414 3763.7984997191816 584.53123963437884
vn 0.7823597712462812 -0.61443617770208692 0.10188901739793176
v 11793 3556 389.68000000000001
vn -0.7550931079217178 0.48727194024973453 -0.43863476220470732
v 11952.783096254172 3751.707644472061 584.16856572648646
vn 0.54798157154657279 -0.83204835438857827 0.086091423525268732
v 11787 3545.5999999999999 389.68000000000001
vn -0.76585680739116913 0.50311961300492025 -0.40041728931501552
v 11936.509688199007 3744.175947917639 584.76413753568568
vn 0.21748946496477134 -0.97062186625585345 0.10291513676491798
v 11772.113060323618 3525.1666869128421 389.42806601400252
vn -0.82933390743166602 0.41210674634556038 -0.37732386566529402
v 11763 3506.9000000000001 389.68000000000001
vn -0.76839916061710756 0.13285714076985414 -0.62602852180182966
v 11924 3744 584.50999999999999
vn 0.063691386616431839 -0.99586281543931265 0.064812499536444912
v 11894.876103006312 3744.4435895837969 586.210120244064
vn 0.10123241580919738 -0.96114337851954257 -0.25681784189863632
v 11762.164721096058 3497.6586869330113 389.43405305594206
vn -0.78157092394006755 -0.12789177625215489 -0.61056579040963121
v 11882 3746.3000000000002 584.50999999999999
vn 0.033122920100847254 -0.91216841502529555 -0.40847479089196337
v 11874.466334515484 3748.7637928415634 584.47685552599478
vn -0.11725939581844291 -0.87089064413001782 -0.47728368928667197
v 11764.888662522075 3489.2180228900183 389.64673295552006
vn -0.59084444010266901 -0.37943927326832583 -0.71198924535513042
v 11863 3751.9000000000001 584.50999999999999
vn -0.27679611490564221 -0.7344881234588756 -0.61960560622948047
v 11857 3755 584.50999999999999
vn -0.36516282461557226 -0.29779032639124803 -0.88203006356165137
v 11779.789834259096 3476.4988239806607 389.9020938296452
vn -0.28776903230660272 -0.87196533178750002 -0.39606242463283031
v 11809.65540852 3473.9809138206892 389.72610922391408
vn -0.10947600689460796 -0.91627138553191667 -0.3853073474122099
v 11980 3828 598.42999999999995
vn 0.9225434929770302 0.20403128940745888 -0.32754348796529276
v 11979.900762868654 3792.0043282710139 598.36539439296939
vn 0.94778623874507317 -0.25668883259044034 -0.18924082241636969
v 11852.248796879099 3467.1306865215834 389.46704365639164
vn -0.060806986653476378 -0.89107834141234354 -0.44975760120308245
v 11970.29112118271 3774.5997899774939 597.92670183733094
vn 0.79519674330673551 -0.60135342572131234 0.077692964981417909
v 11876.524999912162 3467.0651540519689 388.77170024548468
vn 0.20767880080180229 -0.85817239113223687 -0.46947807488306043
v 11951.033114396923 3756.2216835783947 598.48092315114911
vn 0.56033561040063007 -0.82194530958152634 0.10212693951099336
v 11887.871084187271 3478.8534283891149 389.58525093999333
vn 0.84683347023489997 -0.41782118173036181 -0.32908742575091005
v 11934 3748.3000000000002 598.42999999999995
vn 0.2430156481409782 -0.9671902279864929 0.074070626067666748
v 11913.947366545075 3742.1588034800452 599.10966172917506
vn 0.18732465858565278 -0.96319345276687496 -0.19278963881078864
v 11888 3489.3000000000002 389.68000000000001
vn 0.98390936622947067 0.039603363022413227 -0.1742238005647806
v 11893 3741 598.42999999999995
vn 0.2499422634667873 -0.9026949346271943 -0.35024380070388766
v 11886 3737.9000000000001 598.42999999999995
vn 0.21286735609279531 -0.88627243156148372 -0.41134980948598759
v 11877.91084665203 3732.3371510262305 599.8343595002234
vn 0.059739558932779303 -0.95953711214424531 -0.27517215614302054
v 11886 3498 389.68000000000001
vn 0.98199528866023422 0.12689626177267388 -0.1399378140361798
v 11885.796691316202 3540.976416594287 389.62132304821432
vn 0.98471010870245779 -0.033095202281597083 -0.17102838771716802
v 11867 3730.9000000000001 598.42999999999995
vn 0.14872374311775696 -0.97174445407538723 -0.18328656308297983
v 11857 3726.0999999999999 598.42999999999995
vn 0.25014411387973196 -0.95508587654222854 -0.15886752569636955
v 11842 3712.5 598.42999999999995
vn 0.4652881819896022 -0.88308387496450647 -0.06057868831926555
v 11833.944861578917 3708.1133422569892 598.43000000001314
vn 0.10147073475593874 -0.98150192491531185 -0.16235042770386313
v 11893 3566.0999999999999 389.68000000000001
vn 0.94582237934835744 -0.32388373035490431 -0.022789382071555873
v 11919.029628274762 3603.3116417822803 389.72867420768125
vn 0.67261582338517911 -0.73984164750248549 0.014909418254424144
v 11821.669564092537 3718.0637852262043 598.42999999999381
vn -0.72385366353759217 -0.65265999715148448 -0.22376505960813137
v 11932.285879343475 3612.9893241810933 389.05431613472706
vn 0.7127557016336421 -0.70123278583441517 -0.015871038391982943
v 11948.543184590428 3629.4926930650236 389.98580338006735
vn 0.6145779685980205 -0.78398693091424243 -0.087512357239406188
v 11823 3731.3000000000002 598.42999999999995
vn -0.73416640414830137 -0.55650865652443837 -0.38897018681811291
v 11833.683230310682 3746.5537838131222 598.33531394591046
vn -0.64278687603477369 0.087536103290407535 -0.76102724170570102
v 11977 3649.0999999999999 389.68000000000001
vn 0.44484442120459949 -0.88333369520815419 -0.1477667886673199
v 12007.951112634539 3664.6936408781576 389.6396754239845
vn 0.39650654387889211 -0.90610604951941398 -0.14749368693451748
v 11828.845361036249 3763.5897169514546 598.46502511416566
vn -0.26780819163459629 -0.270377762252621 -0.92475652913222117
v 12037.336551387336 3675.5490968693271 390.12616214405875
vn 0.30009596535636324 -0.95384958208375614 -0.010648301999668552
v 11828.313075717148 3767.9167986616726 598.37312463925014
vn -0.47177538250183909 -0.10054298519559811 -0.87596752028440028
v 11828.452629804882 3797.1771033715622 598.35986853654583
vn -0.55184328103038749 0.18510494909727832 -0.81314522134813716
v 12061.778141020504 3681.8015578494615 390.02044745595185
vn 0.17561219744112061 -0.98001705891225099 0.09341798729839107
v 11832.925658609662 3806.2862968845748 598.12426306587167
vn -0.74470535939370763 0.21823766757356003 -0.63070297933523423
v 11847.828147435837 3848.5036812455 597.41498776521848
vn -0.69178175043300472 0.46222893903481677 -0.55478141433054118
v 12098.462973791235 3685.0515979703291 389.63500108110929
vn 0.45000470072158849 -0.86526379927061758 0.22093964560542356
v 12108.248359432284 3694.8985754659316 389.5685677512588
vn 0.86563231345311931 -0.42007423616662276 0.27243042050187588
v 12110.274150687774 3706.3629882668574 389.66598484800306
vn 0.96005620857405838 0.0218154497266865 0.2789554848566822
v 12108.381408632124 3713.3103238278068 389.36510945685103
vn 0.90636295185465976 0.26026986887896569 0.33281495588244481
v 12100.331204919228 3724.7203092784512 388.8213512100865
vn 0.92785685866229495 0.36185017180778906 0.090255764336753794
v 11856.986281027715 3855.7535070527993 598.51999066419739
vn 0.49781007627788204 0.86711689593212748 -0.017129411701548896
v 11862.905288703641 3865.5738636272827 598.42855708190064
vn -0.64912031647696011 0.59898622745119623 -0.46889051393756609
v 12093.9496308618 3729.2956119172122 380.36788916020032
vn 0.72699823323016843 0.61343677989190171 -0.3084945476926102
v 11877 3873 598.42999999999995
vn 0.42026132623982171 0.5706399851959022 -0.7055142981986734
v 11883 3874 598.42999999999995
vn -0.17230810167786173 0.76277157678490104 -0.6232892103552311
v 11906.159949285586 3872.6764341872868 597.67885353868451
vn 0.080213423247217877 0.69528468321986714 -0.71424436715371564
v 12080.401482987596 3758.761650427442 390.12203302220405
vn 0.59041229772150172 0.76481253966764884 -0.25782765147737358
v 11922 3871.4000000000001 598.42999999999995
vn 0.29523589932093497 0.66259778129097635 -0.68833127488182178
v 12083.055953426232 3759.0061331107063 403.57650065482051
vn 0.59548551359070634 0.76279471925394282 0.25207383716266801
v 11954.710586861165 3854.6797272855229 595.73169160027146
vn 0.52607696042270902 0.72426047682376038 -0.44574633304540234
v 11963 3856.5999999999999 612.35000000000002
vn 0.60358273232999238 0.68215068541981083 -0.41274486988252562
v 11980.80693469492 3834.6866442277096 605.00577779620653
vn 0.78167198071763833 0.47693232176995604 -0.40190107615193449
v 11985.997375811598 3828.3865314372961 612.35439067330049
vn 0.93875726159029216 0.2212752891995507 -0.26414399520176657
v 12070.366886075211 3763.7014246755766 403.05097624580316
vn 0.29106175981011523 0.93375451505326656 0.20829200079186366
v 12028.272478527793 3767.4852507903984 403.81343600156151
vn 0.091284879944498049 0.98078227874302037 0.17243315341652535
v 11986.01534391828 3797.2751898933711 612.82621050782473
vn 0.95003280472084717 -0.25966305814833718 -0.17324192964549343
v 11949.598317404059 3768.0833869211715 403.80555154802732
vn -0.10149573345075222 0.97490179721108339 0.19815423761780537
v 11977 3781 612.35000000000002
vn 0.8108366106815984 -0.58501115323084307 0.017491179888648425
v 11967 3769.5 612.35000000000002
vn 0.66049622361105842 -0.71566791564512267 0.22707746059813227
v 11947.959674340742 3752.5523027076088 612.38527100531155
vn 0.42377570721564972 -0.86088398782162845 0.28158996694876454
v 11926.244455569466 3762.6912018521334 406.50614692556428
vn -0.37223654272008494 0.90908251518686445 0.18710675253801706
v 11900.81119280006 3746.2526223955847 403.6265522534643
vn -0.68853042410393439 0.70609066576112789 0.16541410704127862
v 11930 3743.6999999999998 612.35000000000002
vn 0.31772992763183244 -0.90779979323380688 0.2737649146470893
v 11910 3736.6999999999998 612.35000000000002
vn 0.24434029134805224 -0.93686856961162412 0.25015016549628377
v 11898 3734.3000000000002 612.35000000000002
vn 0.38192768287863521 -0.91285387311344801 0.14432273345780849
v 11851 3733.6999999999998 612.35000000000002
vn 0.30224243843203652 -0.88380618749628703 0.35712201185860087
v 11842 3732.1999999999998 612.35000000000002
vn 0.23024687742106117 -0.84517536232092094 0.48235358645246007
v 11830 3731.5999999999999 612.35000000000002
vn -0.51206789893254545 -0.73723950169077346 0.44075433523624974
v 11812 3728 612.35000000000002
vn -0.75522929616761314 -0.64913342058650825 -0.090854347655083961
v 11805 3726.0999999999999 612.35000000000002
vn 0.16884158967871662 -0.95330361300101041 -0.25040914327153452
v 11781.689498163976 3726.5763432648255 612.36879824766561
vn -0.27631378005821622 -0.90712499766258559 -0.31745067894964984
v 11873.822844986098 3719.9246658633319 403.67265345917866
vn -0.77234641766507783 0.63489783884984885 0.019640400803256065
v 11858 3707.9000000000001 417.50999999999999
vn -0.70057681599605381 0.70568793637592619 -0.10581427759200601
v 11856.522382951764 3687.6764124395472 403.79678119595002
vn -0.89045929243122446 0.3157625416829829 -0.32768317898968424
v 11851 3669.5999999999999 403.58999999999997
vn -0.87921484498114155 0.29413004504535956 -0.37479163940301841
v 11774.015901312718 3739.9605072926115 612.32173330203852
vn -0.84081126834218256 -0.3440157688248332 -0.41795880398511681
v 11842 3647 403.58999999999997
vn -0.80320590803947578 0.35606674334611865 -0.47757380955551826
v 11775 3752 612.35000000000002
vn -0.74722618134274132 0.16168195285787598 -0.64460218742725983
v 11781 3765 612.35000000000002
vn -0.70525643718600972 0.21512159288402272 -0.67552650435252104
v 11801 3785.5 612.35000000000002
vn -0.56344442603110645 0.31403456700843613 -0.76414178625324569
v 11818 3809 612.35000000000002
vn -0.63358174973613623 0.39483137126267687 -0.66534378682612672
v 11836 3835.6999999999998 612.35000000000002
vn -0.74226191236029082 0.40305420762866362 -0.53534527099067009
v 11829.905618833676 3611.3915985620843 403.63900497995701
vn -0.77339881241002073 0.3286546027309894 -0.5420705019335631
v 11851.473685723378 3864.9550425234138 612.66847205542763
vn -0.61198161786383753 0.77340844399433317 -0.16528120932224685
v 11823 3600.4000000000001 403.58999999999997
vn -0.66972659694255732 0.40615438385049019 -0.62169518401445745
v 11863.174073402704 3875.734928465783 613.12362867381307
vn 0.20776859237457179 0.90795699247612949 -0.36393174062781469
v 11811 3586.9000000000001 403.58999999999997
vn -0.95889016606798594 0.28144073807782855 0.036342266967227518
v 11869.745526265755 3877.5607528771343 612.05570514033934
vn 0.19291899364193793 0.43350085108192793 -0.88026091245915605
v 11795 3567.3000000000002 403.58999999999997
vn -0.89232010685364316 0.30478357305080428 0.33297417392808126
v 11773 3533 403.58999999999997
vn -0.8087027976733453 0.31331253258170877 0.49783033451421982
v 11890.724801665623 3891.625602682248 612.52229604330341
vn -0.21406411408100603 0.83992624229288393 -0.4986987693693154
v 11760 3515.1999999999998 403.58999999999997
vn -0.75513545102040269 0.51473337773095362 0.40598029565718668
v 11753.106872056298 3505.0841318534622 403.59426055416492
vn -0.94601304354652738 0.098321794678826221 0.30885619004800718
v 11911 3891.9000000000001 612.35000000000002
vn 0.034264031778493687 0.86223040980611976 -0.50535600969203209
v 11923.198550415662 3890.043943951011 611.88440166196665
vn 0.29026540938151346 0.79935267558761547 -0.52610007807213155
v 11751.898695671907 3493.4729170418236 403.59000245638595
vn -0.9456751324113446 0.019638580359305061 0.32451944487234818
v 11756.290899581938 3482.3566956755503 403.58999560322604
vn -0.70528648336785116 -0.61284705642895765 0.35635580787321491
v 11940.631081704538 3873.7561848051146 612.46764640048514
vn 0.46474112561555736 0.67474255063889166 -0.57335693640079688
v 11962 3866.4000000000001 626.26999999999998
vn 0.5881645596574494 0.75154360400674092 -0.29873845088893003
v 11980.210163215215 3846.6798854778754 625.48436111828778
vn 0.84004645757252194 0.46555031622307347 -0.27854057547232375
v 11765 3478.5 403.58999999999997
vn -0.37495523159499777 -0.84671474736660124 0.37746882108520458
v 11987.99999999996 3831.0000000002801 626.26999999976942
vn 0.96933863936848297 0.24363487536390258 0.032010150478776721
v 11780.972988853675 3475.4964332524778 403.45554610698173
vn -0.15614373507575524 -0.83951935408651168 0.52040982706974181
v 11987.913778956838 3803.9102425946694 626.08346277179771
vn 0.96450492706745106 -0.20600768571585609 0.16520011830688253
v 11803.833390827649 3472.1994809038811 403.57568196029513
vn -0.23205968438394178 -0.79813670355852628 0.55599110183199363
v 11835.60529435121 3466.8892043258666 403.4852655823845
vn -0.13993612256607443 -0.83760881311408175 0.52804295071025442
v 11980.523164421891 3789.1203430383193 626.61666464660721
vn 0.76969122672163603 -0.56262707964554004 0.30170546027089773
v 11847.425970865301 3465.5248361134081 403.77281608177321
vn -0.18013184871924243 -0.825512475005029 0.53486603059837279
v 11969.132988398969 3777.2784949902707 626.34444146286569
vn 0.60013534068715346 -0.69384546287377813 0.3980151335160349
v 11869.749303752862 3463.44606177491 403.57939288885052
vn -0.07518356390228105 -0.88581491501628262 0.457907597724309
v 11948.523693296382 3764.2235765507612 625.77399372252512
vn 0.41450597497204478 -0.74216730405013165 0.52666164613671462
v 11886.895749835112 3461.8885102119611 403.59884252617894
vn 0.38041888355394865 -0.88012157452170947 0.2840202230422933
v 11932 3758.8000000000002 626.26999999999998
vn 0.24527410063070712 -0.77001161062170898 0.58900147289082339
v 11900.859284690829 3749.9716869244812 626.35603294602697
vn 0.28368425997220748 -0.77981397860411139 0.55804426295558995
v 11895.589813339397 3468.0640853214609 403.84617104183189
vn 0.76597408408089696 -0.60211765067331946 0.22525105385785252
v 11900 3476.4000000000001 403.58999999999997
vn 0.76421894495127496 -0.6316147109981145 0.13050770486192984
v 11900 3489.0999999999999 403.58999999999997
vn 0.84121808167244938 -0.52990689914721889 -0.10747472867378401
v 11883 3747.1999999999998 626.26999999999998
vn 0.21796954268554181 -0.86783134583820587 0.44649527840964243
v 11870.684902401248 3744.1422831069603 626.33883303527546
vn 0.21796954268554181 -0.86783134583820587 0.44649527840964243
v 11897 3498.6999999999998 403.58999999999997
vn 0.95948511135023473 -0.23939703204610446 -0.1485845959201158
v 11896 3509.6999999999998 403.58999999999997
vn 0.88558663504910651 -0.1196954788306728 -0.44878647948651085
v 11849.206634323726 3733.8223599585936 624.16975408154758
vn 0.29372347286493133 -0.9478074663703504 0.12404647589021273
v 11896 3521.5999999999999 403.58999999999997
vn 0.88727674539977452 0.1537259407620982 -0.43486585541933703
v 11894 3527.8000000000002 403.58999999999997
vn 0.94909506152440437 0.1104149297424615 -0.29500357197829696
v 11894 3558.6999999999998 403.58999999999997
vn 0.98438378552058947 -0.11890523269092187 -0.12980796756313531
v 11818 3735.5999999999999 626.26999999999998
vn -0.13477356576303226 -0.99087553017051266 0.0013302935101099766
v 11801.917828861417 3737.7872703429607 626.16559533319059
vn 0.046997189361752484 -0.99449160695878147 0.093689422458653485
v 11898.507205683036 3577.5925202238268 403.14391339997496
vn 0.93716069421040615 -0.3463573355922786 0.042028910389007718
v 11782.66635366757 3738.9319940470227 625.94045587310961
vn -0.40285453131855309 -0.9099313140506905 0.098657135099762219
v 11906.012085360901 3586.9545960268829 393.07467868046683
vn 0.83942779617076713 -0.53665110351112266 0.085828713821093167
v 11777 3743 626.26999999999998
vn -0.63305861492383808 -0.64581078367073719 -0.42680817912183894
v 11773 3748.5 626.26999999999998
vn -0.78892009588759771 -0.43981456344393033 -0.42914826352593871
v 11650.827733200304 3750.5365844509215 640.1755183926598
vn -0.48282860239383846 -0.3239692702911528 -0.81358493878477789
v 11772 3755 626.26999999999998
vn -0.5716534881981985 0.13596266852179437 -0.80915168058854381
v 11917.480160510962 3608.6961117199471 403.34032943467838
vn 0.73870902406728201 -0.63756386030857126 0.21868082172425743
v 11927.620894995667 3620.5994218582155 403.78878342762368
vn 0.67308685166176685 -0.73917520537948422 -0.023960506510673413
v 11783 3779.9000000000001 626.26999999999998
vn -0.55053170304418342 0.49945851273126546 -0.66892154846704066
v 11792.930661877233 3795.930331218764 626.23884802180237
vn -0.65339556742418792 0.59656987325574251 -0.4660242684603999
v 11952 3639.5 403.58999999999997
vn 0.53927773385228883 -0.83437988268671071 -0.11397252800061435
v 11805.382029011969 3813.2165084662338 625.84046078402162
vn -0.73827371579358414 0.49821498641907258 -0.45467983007362173
v 11973.861977209002 3653.6433429963545 403.4913504088027
vn 0.53927773385228883 -0.83437988268671071 -0.11397252800061435
v 11824 3835.5 626.26999999999998
vn -0.67016726149737538 0.50511001681348977 -0.5438195587984902
v 11836.262949441681 3846.9719567620396 624.29703880526904
vn -0.7258207364802407 0.58793852005509872 -0.35708900169383712
v 11844.799111789202 3858.6679135708619 625.15134290240439
vn -0.63763440191222542 0.73807008158054599 -0.22062394288409548
v 11997.854504043657 3666.2705041648451 403.54061105385495
vn 0.45700253810507091 -0.88638410585034277 -0.073972272247184501
v 11849 3860.6999999999998 626.26999999999998
vn -0.55082970003089116 0.79658405260639764 -0.24907928195063991
v 11878 3887.5 626.26999999999998
vn -0.41447671220588506 0.81160013562212929 -0.41172111300872261
v 11890.522657954767 3893.7793975186241 626.24802528230566
vn -0.20047125306272248 0.89350631705716976 -0.40181804100163832
v 12025 3677.1999999999998 403.58999999999997
vn 0.35627397547567374 -0.93250587647637972 -0.059174696752732431
v 11918 3893.6999999999998 626.26999999999998
vn 0.33794207196117271 0.8761977972217222 -0.34361690316745408
v 12078.236633937173 3694.8501040564597 403.94968515609713
vn 0.41334738992613684 -0.87741473946768345 0.24348985647477686
v 11939 3884.4000000000001 626.26999999999998
vn 0.56592577355135398 0.78241376514104588 -0.2599167538811491
v 12092.729583853927 3704.3961605291242 403.48166029332697
vn 0.77455964991008874 -0.43341274606544089 0.46066336980399736
v 11645.386365113291 3763.7015905894932 640.15985051902248
vn -0.64433763197189475 0.17458107277460211 -0.74454715435203978
v 12094 3720.6999999999998 403.58999999999997
vn 0.80808439290498058 0.21150824362306361 0.5497853006609722
v 12093.51842614925 3747.1795813623767 404.34021949636292
vn 0.84484949020525879 0.49843914019754182 0.19439074674235296
v 11650.590226105287 3773.6644881919237 640.06417342290251
vn -0.5286094440906719 0.40073974171446097 -0.74831792376554618
v 12075 3750.6999999999998 417.50999999999999
vn 0.46361637674078082 0.41033175536043576 0.78529466174205842
v 12035.462625461794 3761.2709045315769 416.9229270373703
vn 0.22074986034492924 0.93567106194729521 0.27529831636265939
v 12018 3763.8000000000002 417.50999999999999
vn 0.0846187693184033 0.98700471099751452 -0.13660660433431379
v 11665 3783.9000000000001 640.17999999999995
vn -0.35412070634098158 0.47177293117219588 -0.80748301948323276
v 11673.945109545677 3792.9694743062096 640.10299739085303
vn 0.35208589747716951 0.44608425224914205 -0.82282705393844457
v 11948 3764 417.50999999999999
vn -0.022489090926899109 0.96873669920698491 -0.24706972375998904
v 11929.498438380797 3760.0879823799232 418.59520590547618
vn -0.3738343159815577 0.92476829776940783 -0.071073902631505828
v 11919 3755.8000000000002 417.50999999999999
vn -0.58399982492594671 0.78540758693646362 0.20513197427291824
v 11694 3794 640.17999999999995
vn -0.036761399131539335 0.76357820207304139 -0.64466807649579894
v 11720.634598530884 3792.6691165182128 640.06636764628615
vn 0.032238845743242879 0.70562424547239599 -0.70785244297569194
v 11901.082016263612 3744.7287296871459 417.28250393882752
vn -0.58867734623863721 0.7581897841981754 0.28036981499968894
v 11884 3731.0999999999999 417.50999999999999
vn -0.59853248927058678 0.78914361858612092 0.13788113914657796
v 11872.253156041636 3722.0352009716171 417.24770493802771
vn -0.64898451860514761 0.74905169841350072 0.13319402281894971
v 11740.173600968916 3788.6713936552533 640.90034462907579
vn -0.029871746478784184 0.53077737510790501 -0.84698468512474867
v 11829.011841525151 3678.7963457287242 417.51448729106494
vn -0.87540163157510076 0.47725631262374524 -0.076801012339927463
v 11821 3664.0999999999999 417.50999999999999
vn -0.99938392761173545 -0.01391211882063092 -0.032221393223478473
v 11785 3797.5999999999999 640.17999999999995
vn -0.48887159475331449 0.60118683196266698 -0.63212258061078874
v 11794.188050368939 3803.1026840824288 640.1870043598941
vn -0.58964025231451167 0.57790481040194253 -0.56422548946744133
v 11813 3642.0999999999999 417.50999999999999
vn -0.9705122131656051 -0.23210650196346927 0.065058557028888755
v 11808 3628.5 417.50999999999999
vn -0.99159228230505125 -0.045686945679804671 0.12106795062075709
v 11806 3819.4000000000001 640.17999999999995
vn -0.69511382576272063 0.4585452095321888 -0.55367233997066823
v 11816 3835.4000000000001 640.17999999999995
vn -0.61129778145696145 0.58461760871962709 -0.53342035390556852
v 11823 3848.5 640.17999999999995
vn -0.65352392764406853 0.46144275840370008 -0.5999808802899097
v 11831 3857.4000000000001 640.17999999999995
vn -0.6147082903409985 0.60792365378629365 -0.50255601573672293
v 11835 3863.3000000000002 640.17999999999995
vn -0.53488976778096686 0.6931832339805627 -0.48310448192029026
v 11814 3577.6999999999998 417.50999999999999
vn -0.71652169752647799 0.026326230541710304 0.69706784932260302
v 11817 3562.6999999999998 417.50999999999999
vn -0.63294920769029483 -0.11381367677307314 0.76578178841209243
v 11832 3531.9000000000001 417.50999999999999
vn -0.9083475569630548 0.30212511034706929 0.28918010556921281
v 11833 3529.1999999999998 417.50999999999999
vn -0.99530683579206047 -0.048746230031792702 0.083594902256560161
v 11841 3520.6999999999998 417.50999999999999
vn -0.59526255921995386 -0.79831966540589838 0.091368470585455969
v 11854 3511.5999999999999 417.50999999999999
vn -0.44563759248096052 -0.88494442658354511 0.1352053920022927
v 11866 3502.9000000000001 417.50999999999999
vn -0.42356088773084288 -0.87668957594877617 0.22806043455061531
v 11881.425080126081 3494.1111940647215 417.56849975737714
vn 0.055784411285201251 -0.95589637816034145 0.28835778761376479
v 11912.947340310991 3903.5759977820253 640.16205014672107
vn 0.15621014081441539 0.91151599516923998 -0.38044313958510362
v 11888 3494 417.50999999999999
vn 0.56381564494527214 -0.824479985956174 0.048421805755815672
v 11893 3495.0999999999999 417.50999999999999
vn 0.81248139701044375 -0.53254832010818731 -0.23720511432493405
v 11927.078033061211 3892.9803093211594 639.38975992493215
vn 0.48130852459960483 0.80244091705549614 -0.3527473299443753
v 11940.933202298511 3883.7076731154266 640.83333121622536
vn 0.56832941073083265 0.74710695569382923 -0.34472144936490878
v 11900.939940155635 3500.5450675407174 417.73425229182067
vn 0.81011519014354172 -0.44378804545111988 -0.38309992092581807
v 11953 3875.5 640.17999999999995
vn 0.67443581297250221 0.70094333949253884 -0.23198010475290212
v 11973.790347037142 3860.3973036938 640.06541930438198
vn 0.67361046389357049 0.71640359508305906 -0.1816998400801636
v 11904 3517 417.50999999999999
vn 0.92217015798549595 0.26894919049093918 -0.27797217964262894
v 11982.107196587971 3849.3209959054111 639.88812718387635
vn 0.78188312074399269 0.45472892786946034 -0.42647436928181975
v 11901 3529.5999999999999 417.50999999999999
vn 0.96254044907915781 0.27071642131928081 -0.015116319478456243
v 11984 3841.9000000000001 640.17999999999995
vn 0.95234975712867276 0.047263209998643599 -0.30132396034431452
v 11984 3814.9000000000001 640.17999999999995
vn 0.96435509636974814 -0.18097877118909422 -0.19304386155632933
v 11981 3805.9000000000001 640.17999999999995
vn 0.93130636528785848 -0.35962697565182872 -0.057765840752445272
v 11976.305011632598 3796.1326902181099 640.31904746816269
vn 0.78463585947577963 -0.59385285090068884 0.17800381878439772
v 11895 3553.3000000000002 417.50999999999999
vn 0.77001488557402464 0.56564177312874819 0.29517191683184812
v 11965 3785.0999999999999 640.17999999999995
vn 0.58324852898071189 -0.73523944924732443 0.34531739850799115
v 11936.952427715391 3768.4587096346086 640.98966276067699
vn 0.42326544023477708 -0.83428967749065863 0.3532804850758009
v 11893 3571.5999999999999 417.50999999999999
vn 0.80621626329502527 0.0071642165357302589 0.59157756110254522
v 11870 3541.9000000000001 431.43000000000001
vn 0.3967860737590419 0.88929496934107533 0.22740991441786376
v 11898.86265105072 3588.050070583191 417.52073653028856
vn 0.62882103208387274 -0.42552480041321683 0.65077857512541459
v 11905 3758.1999999999998 640.17999999999995
vn 0.36386191067676893 -0.85875723845246377 0.36074993466963995
v 11900 3755.4000000000001 640.17999999999995
vn 0.31220809549974388 -0.88298371890774985 0.35052226355577265
v 11913 3606 417.50999999999999
vn 0.51809416234137984 -0.61351843124162375 0.59596440621449953
v 11887 3589.0999999999999 420.99000000000001
vn 0.17721334982199088 -0.00071058755877749134 0.9841722022645174
v 11923.040232011785 3613.3979405669979 417.6140358006046
vn 0.42674990644174471 -0.81397108708857546 0.39412635884422281
v 11832.236943562792 3736.2737844827902 640.17727846950788
vn 0.21386824216657968 -0.92893874532929721 0.30221380249520102
v 11797 3730 640.17999999999995
vn 0.026528667671372533 -0.99928108537342464 -0.027083984317156463
v 11744 3730.0999999999999 640.17999999999995
vn -0.38823791800740709 -0.85746292391210477 -0.33768128929121594
v 11730.827686569035 3732.2211284193672 640.07437557409594
vn -0.091738249854551479 -0.93157203349425999 -0.35179204073570702
v 11947.013549431253 3624.2265942493295 417.52144101370959
vn 0.50834402185527405 -0.84856512752988544 0.14670916734885261
v 11713 3733.6999999999998 640.17999999999995
vn -0.07820027246914768 -0.91431676930251926 -0.39737836221660944
v 11699 3735 640.17999999999995
vn -0.10889203309443193 -0.81695625148238216 -0.56632588523959948
v 11681.420935788909 3739.604377461354 640.11610093188619
vn -0.19072565088136542 -0.70632356807059271 -0.68171162765784354
v 11970.670563250005 3638.3758587463058 417.3896897555635
vn 0.5513574592770315 -0.81984100597735732 0.15448519999537585
v 11662.558342435983 3744.938420084085 640.20696614494705
vn -0.1784135835821796 -0.54906883875165069 -0.81651209636188404
v 11990.838427938896 3652.802512024331 417.53833985356198
vn 0.57462068308736791 -0.80482652806050337 0.14854403487950113
v 12003.184878297583 3660.5962195915813 417.60876694996153
vn 0.45563301098350839 -0.85695208283683466 0.24089766919526825
v 11651 3739.5999999999999 654.10000000000002
vn -0.28186791952216311 -0.43115537612107446 -0.8571204802045872
v 12046.005719180004 3676.9985571666166 417.58494855758101
vn 0.36024314835250948 -0.88956867408218054 0.28087799514512157
v 11642.586628602015 3754.1004563740075 652.45621552639102
vn -0.82650587085576899 0.13120457297100363 -0.5474243376690916
v 12071.365524429917 3687.0946588764555 417.47357006235836
vn 0.47160198831202632 -0.76549783882080591 0.43772665372446645
v 12086.349621212485 3698.4494165150645 417.60365338072324
vn 0.63223242393369583 -0.55186941226325292 0.54380356190000734
v 12088 3720.1999999999998 417.50999999999999
vn 0.68285048579069929 -0.051096505111175132 0.72876907262920376
v 11647 3774.5 654.10000000000002
vn -0.81466857648212021 0.5766391442405786 -0.061663666952987681
v 11656 3785.6999999999998 654.10000000000002
vn -0.7072841654385621 0.70660172519092324 -0.021520020378424022
v 11666.57528654726 3796.2818268745077 653.97938697974359
vn -0.47932799501880025 0.87651589049306855 0.04432343516019565
v 12087.681647012956 3736.4929571276762 417.43179212005248
vn 0.69201370938996121 0.16009085164039208 0.70390904613976957
v 11679.055897247834 3798.5614099152681 654.14465367102082
vn 0.7061153122375079 0.68864945317492399 0.16481230677836237
v 12059.271469796156 3756.8470241092191 419.72569732504144
vn 0.41811014952976738 0.72900249005265461 0.54197718804136485
v 11871.653423226249 3488.7936226234169 430.43362258209254
vn -0.23059923930711465 -0.84287481508582307 -0.48619547192977836
v 11678.189254976674 3795.2444290111785 653.73826229264819
vn 0.70109622032117447 0.69383898612804085 0.16447355769294819
v 11888 3482.8000000000002 431.43000000000001
vn -0.077809653931365838 -0.88130646408273405 -0.46609502692162424
v 11701.159457883314 3799.0596682692549 654.0419099770088
vn -0.10648849093097529 0.98947714311785484 -0.097955012871072555
v 11898.247459163689 3482.1079371626201 431.26828372795808
vn 0.15071355945471349 -0.80649130130433189 -0.57171426772202916
v 11910.233999426016 3490.2963032981315 430.09255716578446
vn 0.70527774762069795 -0.38124555636069735 -0.59769149606322614
v 11733 3800.4000000000001 654.10000000000002
vn -0.070668150623052803 0.89458525255863708 -0.44127456123383879
v 11750 3803.3000000000002 654.10000000000002
vn -0.15459706244913188 0.72716500454843069 -0.66882793335967961
v 11764.676681424195 3807.3555506585058 653.42686904740276
vn -0.34384636606978891 0.6325196824602074 -0.69403784323409856
v 11911.745738811336 3504.9067449575505 431.07094074059933
vn 0.94591947970836754 0.084251964823835901 -0.31326976287470576
v 11902 3521.1999999999998 431.43000000000001
vn 0.88402850206663786 0.45822291129711717 -0.092332936139876864
v 11779.831401618947 3817.4987517413401 653.80707695608226
vn -0.47561940735651165 0.52478652424030647 -0.70596408075880102
v 11892.897796481531 3535.6843931473522 430.72350969014724
vn 0.64626505109200583 0.76260371281450889 -0.027875812787672049
v 11886.350758345399 3540.839487895109 431.47048293114278
vn 0.41555771209681291 0.9089332299351166 -0.033943650902320197
v 11786.497273214438 3828.1962649387278 654.133555495991
vn -0.63202740501104082 0.47240293364412916 -0.61431004191648231
v 11835 3541.9000000000001 431.43000000000001
vn -0.7080115072928499 0.70136499380590045 0.082503642371450303
v 11801.435956663907 3847.7834874597538 654.08082479866198
vn -0.50927531749664146 0.6132581849051878 -0.60378228661951461
v 11820.755994267707 3534.8318993236635 431.50686256765221
vn -0.63197203038499217 0.3475705608265181 -0.69268034334591178
v 11807 3850.6999999999998 654.10000000000002
vn -0.56409211983474228 0.65938561371848792 -0.49700170297639812
v 11814.944419918189 3857.8373814291881 654.39999189850596
vn -0.57942960016963807 0.70955274792320777 -0.40099406025760309
v 11806.885047884669 3531.7992553915465 432.28787148645824
vn -0.35236011132634243 0.54313842417609548 -0.76213056895101339
v 11830 3867.4000000000001 654.10000000000002
vn -0.61582815359257859 0.71647795563669192 -0.32774231391357139
v 11853.382850585853 3879.3657568959875 639.41574626076726
vn -0.60231254935485301 0.70743337260111772 -0.36980753943080424
v 11845 3878.5999999999999 654.10000000000002
vn -0.54936827503378949 0.78018034941999226 -0.2991874341701159
v 11878.30523381519 3900.7599639653777 655.11423675860988
vn -0.39093927318611793 0.90821835163314513 -0.14935163352800235
v 11802.863065712907 3518.67189793851 430.56107036428057
vn -0.49331197378941488 -0.16651663384947013 -0.85376548721966561
v 11884.036887845623 3904.0193895376851 640.48490313829416
vn -0.33652502267176115 0.87201614958616758 -0.35544161823945891
v 11803 3510.5 431.43000000000001
vn -0.53807931311170065 -0.55584784434026291 -0.63364329614028381
v 11807 3505 431.43000000000001
vn -0.39329559358691707 -0.75811376386679108 -0.52017506389757096
v 11817.962558427957 3498.4933243618534 431.52638912756561
vn -0.22885268217071003 -0.88379252638288397 -0.40808972073924044
v 11834 3498.0999999999999 431.43000000000001
vn -0.21684085106384762 -0.91813671772916605 -0.3316700361314236
v 11841 3494.5999999999999 445.33999999999997
vn -0.26571137589000549 -0.94460360556686918 -0.19266938800107997
v 11930 3902.4000000000001 654.10000000000002
vn 0.46424722111919592 0.87337492560738761 -0.14727782251036556
v 11943.472637251292 3895.2572362249161 654.2108355900848
vn 0.57900490538307903 0.79464140189165944 -0.18247838760245014
v 11853 3495.1999999999998 431.43000000000001
vn -0.26123705290799093 -0.83095516462861063 -0.49119112020168515
v 11955 3881.6999999999998 654.10000000000002
vn 0.74826471845544651 0.63772416492179773 -0.18277800904262825
v 11960.215390237603 3872.9559058253481 653.54063905118892
vn 0.69940541773415255 0.69877072298983889 -0.15017169618930709
v 11813 3503.9000000000001 445.33999999999997
vn -0.15482734223949718 -0.98720886011128062 -0.03804156427960502
v 11864.442356181718 3488.0646982948256 441.38770978769207
vn -0.31099441104970882 -0.9282650379080668 -0.20397670380065497
v 11973 3864.6999999999998 654.10000000000002
vn 0.56729119792611782 0.80784308099612534 -0.15990701436221608
v 11995 3849 654.10000000000002
vn 0.62244042296512259 0.26717440220687799 -0.73565328699353794
v 12000.66785502916 3838.2405725297258 653.89310323261236
vn 0.86036942558612217 -0.17466403451977763 -0.47880781798324923
v 11892 3476.6999999999998 445.33999999999997
vn -0.20426288885758831 -0.93332106148724547 -0.29527693513018227
v 11916.683820590893 3492.8631474583653 445.43954866066787
vn 0.84215508524034233 -0.0039809709743459038 -0.53922070089522078
v 11999.97957718311 3822.9009893708717 654.06823410276775
vn 0.90160287342217471 -0.37516123459933098 -0.21532836945182979
v 11911.018714603779 3513.6819070505153 445.34756581618421
vn 0.82198719063594772 0.23903554364355539 -0.51691301715612847
v 11907 3526 445.33999999999997
vn 0.71208916591706972 0.28210573646948423 -0.64291941426164889
v 11903 3541.9000000000001 445.33999999999997
vn 0.63957904152202327 0.21285321923160494 -0.73866917947651789
v 11992 3809.5999999999999 654.10000000000002
vn 0.83922559952010123 -0.54173307169866025 0.047177029771498721
v 11979.700299108194 3798.6277702615944 654.09707997671637
vn 0.66079142936638546 -0.72715310785054932 0.1860189361845096
v 11897.788646262372 3552.9295601240156 445.25678166226498
vn 0.47800759167034951 0.40546444204816395 -0.77917092382870878
v 11888 3557.6999999999998 445.33999999999997
vn 0.066622087332907365 0.40025299123583719 -0.91397978122394552
v 11969 3791.5999999999999 654.10000000000002
vn 0.53124937202981104 -0.75985788013973043 0.37468667804912209
v 11959 3784 654.10000000000002
vn 0.46026582704891195 -0.76942857820075805 0.44287134869953054
v 11942.945547621035 3774.9881173095473 653.72460814028489
vn 0.42353813787665989 -0.77412098582671873 0.47048075950737928
v 11802 3558 445.33999999999997
vn -0.34623241027922119 0.66578170025461014 -0.6609522264720209
v 11892.223683381391 3758.5496378676944 654.15967535426762
vn 0.26957622539202442 -0.84812947416405315 0.45607571055428403
v 11789.67365163158 3554.1478494785933 445.09027585036597
vn -0.42488625293343052 0.58688363919861952 -0.68923092364545957
v 11872.032303369186 3753.1983510265122 653.71033893544973
vn 0.18422969780403917 -0.84570057835738965 0.50084922902307538
v 11783.487442190446 3541.5582695413686 445.74119155989831
vn -0.58257596134915957 0.24414186354655321 -0.77524189755334993
v 11858.186280295595 3741.9769195176304 640.49247995662699
vn 0.34012699307908684 -0.86248103224737471 0.37475338236296374
v 11821.288068053404 3744.5145578918041 652.19061584010842
vn 0.1009859696749897 -0.70749445879279382 0.69946652865329728
v 11780 3525 445.33999999999997
vn 0.29401183466212588 0.53036276136546734 -0.79515557121572567
v 11778.667614460259 3516.8576708942987 447.18686051469604
vn -0.42376625608068841 -0.43594050671442452 -0.79396349715394798
v 11807.208733903444 3742.8874293348417 654.92826679824555
vn 0.10563259174671605 -0.70864891497614269 0.69760911036482831
v 11793 3507.8000000000002 445.33999999999997
vn -0.69745508503735365 -0.4122704474960826 -0.58616506419004333
v 11798 3741.6999999999998 654.10000000000002
vn -0.065442767272994209 -0.62530809216649852 0.77762911087660969
v 11787 3740.0999999999999 654.10000000000002
vn 0.12340926280322288 -0.64505657854205056 0.75410355014015718
v 11769 3739.5999999999999 654.10000000000002
vn 0.09487855679302272 -0.80194264499640311 0.58981866162155816
v 11760 3738 654.10000000000002
vn 0.091004399811543804 -0.84744611779511581 0.52302320851844375
v 11732 3738 654.10000000000002
vn 0.0063897167015289792 -0.93872581385369858 0.34460559764052828
v 11717 3737.3000000000002 654.10000000000002
vn 0.13542831507882694 -0.98646279253504354 0.092467996727915808
v 11705 3734.5999999999999 654.10000000000002
vn 0.14437334179493644 -0.98850074995310977 -0.044973386809335131
v 11690.302201359891 3734.2406464285218 651.28336572824264
vn 0.089048206856629578 -0.9291637415659062 -0.35878288450658419
v 11784.038210790413 3504.6730229873028 458.55845192912648
vn -0.37669013371896237 -0.810039203098602 -0.44937849592762219
v 11674 3732.0999999999999 654.10000000000002
vn 0.024255462637542052 -0.77352768981624453 -0.6332981806540916
v 11664 3732.9000000000001 654.10000000000002
vn 0.027202660042944193 -0.67047003651052806 -0.74143775559932157
v 11658 3735.5999999999999 654.10000000000002
vn -0.090211407965861051 -0.61344410529221505 -0.7845688188776373
v 11611.603696833135 3711.936502587288 667.87250274373685
vn -0.63021244067271764 -0.013057218595940206 -0.77631294505751613
v 11805.65938476556 3502.0130594087091 452.33947530141398
vn -0.39100413491679387 -0.90729847800465813 -0.15467785325766736
v 11834.848374811139 3492.0110297999308 459.15016970869874
vn -0.22785565737810715 -0.90667705843086976 -0.35499086060902452
v 11847.741498142594 3488.9718088429249 459.22033182414589
vn -0.21839756996538093 -0.92916251516421322 -0.29826082854932479
v 11865.132264978145 3484.9294489826175 459.07920715175237
vn -0.31053757786446828 -0.87992135218318057 -0.35958980339574742
v 11617 3743.3000000000002 668.01999999999998
vn -0.68967294336624596 0.40229819725626337 -0.60208586735855185
v 11886 3475.9000000000001 459.25999999999999
vn -0.36773988818985542 -0.85709793264530343 -0.36076378489152672
v 11638.359810663575 3762.8564706662792 667.45157480768285
vn -0.88072235869682913 0.37153155967962465 -0.29375572684378293
v 11643 3768.6999999999998 668.01999999999998
vn -0.69956182764777974 0.66842157734519558 -0.25263777278439353
v 11654 3779.5 668.01999999999998
vn -0.60655883328890958 0.78838610440133228 0.10263397169596651
v 11667 3786.9000000000001 668.01999999999998
vn 0.41554338860735246 0.73516082246264192 0.53559523644331541
v 11681 3791.5 668.01999999999998
vn -0.24356911571008422 0.96947720748485877 0.028071872747782358
v 11690 3793.0999999999999 668.01999999999998
vn -0.200144831989261 0.97956666423318239 0.019778689316185562
v 11708 3801.3000000000002 668.01999999999998
vn -0.32063340036806032 0.91868801915443721 -0.23066544177772164
v 11741 3811.5 668.01999999999998
vn -0.27063302229979763 0.81378407482396442 -0.51430851325229066
v 11764.764690292559 3819.0102675912294 668.38996526940173
vn -0.4437142656203657 0.61733306046292402 -0.64962877318085244
v 11903.823691131787 3470.3010367489842 459.24637670123593
vn -0.041545689907550698 -0.91583539417327242 -0.39939890639508835
v 11910.296018210845 3478.9016801595135 446.08952534925629
vn 0.40442007009399178 -0.72673796134878932 -0.55524439883692323
v 11798 3851.4000000000001 668.01999999999998
vn -0.52779112283323926 0.71832158451123873 -0.4532666233947652
v 11814.611556109234 3859.5050106509389 668.99741701417315
vn -0.56085862491703653 0.80704698467608937 -0.18469641951430155
v 11921.974800186945 3471.298596922883 457.39673419029714
vn 0.21640611201454121 -0.53519642874214646 -0.81653730921765133
v 11829 3872.9000000000001 668.01999999999998
vn -0.6341829309942415 0.75128736695247245 -0.18270003364305704
v 11931.737610062872 3479.2465733785248 459.01478857478742
vn 0.73305295937969217 -0.13707933059623195 -0.66621514232863566
v 11858 3893.5999999999999 668.01999999999998
vn -0.50022048195027402 0.84729652068415839 -0.17851631710842306
v 11872.195900612909 3901.2230119922938 667.76412933108895
vn -0.32864450475981821 0.93668126775691929 -0.12091729456311992
v 11932 3508.1999999999998 459.25999999999999
vn 0.85283009752633532 0.20728509314876073 -0.4792845865574345
v 11925 3537 459.25999999999999
vn 0.89548759685944301 0.24560247287189244 -0.37118915553947834
v 11889 3905.5999999999999 668.01999999999998
vn -0.27921664532929646 0.95428468734417249 -0.10667146043571717
v 11911.527830735393 3908.5668431531894 670.08533573323803
vn 0.0045655032605451864 0.9923201323756754 -0.12361193737620961
v 11920.077576373056 3556.9556441429977 459.35865682939226
vn 0.89351557543306037 0.3967303030464146 -0.21032114278699404
v 11913.121725020121 3572.5019845896918 459.13301537967186
vn 0.64373839028712054 0.74183922600154084 -0.18781759139117379
v 11894 3581.5999999999999 459.25999999999999
vn 0.38521833075724116 0.89805939289600456 -0.21235857524447843
v 11924.143969718114 3903.3586138277692 650.2188763434342
vn 0.4367348208306161 0.87284538293046809 -0.21772375564236041
v 11925 3902.9000000000001 668.01999999999998
vn 0.42638465510950724 0.89699494955289505 -0.1166026859199475
v 11942.239964182207 3891.2382428113924 668.23004615392256
vn 0.60031709169455838 0.79868216895776101 -0.04154735139950224
v 11870.736786199925 3589.6808829869033 459.2615090420847
vn 0.21589909779865102 0.93861728335946426 -0.26904493109632743
v 11835.161993425381 3589.7712876271066 459.23163131150068
vn -0.12568113271934506 0.87728088924097158 -0.46323049797153065
v 11960 3874.4000000000001 668.01999999999998
vn 0.55426718151078913 0.82992338728448423 0.063364522710534096
v 11975 3862.5999999999999 668.01999999999998
vn 0.20563734019453492 0.92923816588575037 -0.30696859021568318
v 11981.570212747058 3859.7039722940244 667.9561919568805
vn 0.20538234673052669 0.90572519532450801 -0.37078290441421835
v 11785.635137590112 3558.3362332009397 459.38444405232894
vn -0.45539648159880358 0.87099669611752539 -0.18433339333876986
v 11769.302864820687 3537.1510521837772 460.45992063043377
vn -0.075447462168875823 0.9580581839429273 -0.27646373475061092
v 11996 3861.6999999999998 668.01999999999998
vn -0.081548175931277514 0.69817981926584127 -0.71126284520716998
v 12014.52991380976 3860.6855356442029 666.99909729940191
vn 0.36373482972755122 0.52937047670513027 -0.76646191819036424
v 11766 3542.6999999999998 459.25999999999999
vn -0.15833958684050542 0.98664391790646611 -0.038240743943555269
v 11757.813798031873 3536.3221045975133 459.06809715378222
vn -0.57917629702113094 0.69261727655662941 -0.42992572054270972
v 11756.015956667887 3520.6925305798313 459.22296574045174
vn -0.78898727130476332 -0.12977910651906022 -0.60054680852551212
v 12021 3857 668.01999999999998
vn 0.72147321356122462 0.30510293646454428 -0.62160164114515648
v 12023.337171466712 3851.5457293040331 667.80114954199644
vn 0.77586726366025482 -0.30185534348716286 -0.55399759998450848
v 11764.32020216198 3508.8069430841974 458.86565673952236
vn -0.47166106208211223 -0.59594465876322111 -0.64991215268462399
v 11858.828801294876 3583.5097591774079 473.27495964432819
vn 0.33411695305873301 0.94162940655344474 -0.041230115116937881
v 11828.250390532266 3583.8564926634772 472.75179386816762
vn -0.28516431191161473 0.95682223997463323 0.056325094779333146
v 12010 3841.9000000000001 668.01999999999998
vn 0.74944128550178013 -0.53154450144043941 -0.39471281024800042
v 11999 3831.5 668.01999999999998
vn 0.76740034864075635 -0.556059132893304 0.31920987709028148
v 11990.86989747074 3822.3291411615446 668.05428811065303
vn 0.60817250856630356 -0.52632354946926285 0.5942303602966158
v 11817.556371582614 3573.7124370220135 459.35620414709126
vn -0.5256994454936752 0.57144600449981453 -0.63015042406463573
v 11972 3806.8000000000002 668.01999999999998
vn 0.45693489719153491 -0.58131762499228368 0.673260958768509
v 11953.154871901967 3796.7142142323382 668.71429225701786
vn 0.48552624607708467 -0.66494908257322527 0.56754469599787494
v 11804.717123169161 3565.3980105391893 459.5684230876077
vn -0.42988413105060069 0.87327894678464135 -0.22931095694182962
v 11930.821226752654 3783.2819209635977 667.34901904068477
vn 0.3523104654187717 -0.78961889895357162 0.50237369593934522
v 11799.444987993476 3563.6301353245153 472.51727435160865
vn -0.47712801123995352 0.86957878451390369 -0.12720691181507621
v 11784 3557.5 473.18000000000001
vn -0.43744163949662651 0.89349060742204478 -0.10158418421727368
v 11773.577321423778 3550.7841567838514 460.616981516343
vn -0.70778646397740819 0.60641504178419847 -0.36235220229526099
v 11770.681782666676 3549.5938482254742 475.17461856457521
vn -0.76194918139689427 0.62961593561422724 -0.15171426626795431
v 11907 3774.5999999999999 668.01999999999998
vn 0.31111239476648428 -0.81596518771822424 0.48724725782155637
v 11886.763057516539 3767.5860178986527 667.44593879387071
vn 0.20588916785746544 -0.80513609015529619 0.55620637077293822
v 11767 3543.4000000000001 473.18000000000001
vn -0.15833958684050542 0.98664391790646611 -0.038240743943555269
v 11765.384109570337 3535.82642845808 472.85387026433
vn -0.64630824666104691 0.74481903876299982 -0.16592242101079779
v 11855.526613637772 3762.5705158408264 667.80214038153304
vn 0.18670919470805356 -0.81969699237539173 0.54151317371067453
v 11759.368702405898 3535.3285503376592 473.70429673461808
vn -0.46414747533213069 0.83281049619227188 -0.30165178364264855
v 11831 3758 668.01999999999998
vn 0.07385135255067872 -0.83399040609654929 0.54681439288422928
v 11809.399576284557 3758.5734015367616 667.8843707603869
vn -0.11819880645734072 -0.73174180791249388 0.67125477183034976
v 11753 3527.5 473.18000000000001
vn -0.82925752423490251 0.40708973189011705 -0.38289673371476141
v 11794 3767.9000000000001 668.01999999999998
vn -0.023614478603106132 -0.81024672756373894 0.58561300948028439
v 11784.413083923893 3765.6278669122385 668.02577687937162
vn 0.18163331502845317 -0.7648022400406459 0.61813175982195334
v 11751.511115199701 3518.5778413679141 473.60585822459473
vn -0.79875018290698019 -0.28390672432840275 -0.53046688604208081
v 11768 3757.6999999999998 668.01999999999998
vn 0.28304550256778077 -0.67237964505355463 0.68395237874709403
v 11734 3740.8000000000002 668.01999999999998
vn 0.32984673952577076 -0.881140689812969 0.33880999569101183
v 11698.354923680819 3730.5147011651848 666.40109507490524
vn 0.29806088509077466 -0.91928472159159214 -0.25705118055977311
v 11762.029938480522 3504.9858900896156 471.86287552664658
vn -0.8773321521907933 -0.26958991376755814 0.39700072182185159
v 11686 3723.4000000000001 668.01999999999998
vn 0.28192897442905068 -0.85422920295406746 -0.43681634836375161
v 11671.279299293545 3718.0301698649932 667.48120398460196
vn 0.29099522653277721 -0.75907851817311289 -0.58234146459208014
v 11788.398950184477 3500.2672292709503 473.23116630862387
vn -0.18717357396219733 -0.85175666886654278 -0.48936349501325566
v 11664 3711.8000000000002 668.01999999999998
vn 0.19353561157279914 -0.73198391160095333 -0.65325609083307468
v 11655.003806220042 3707.1959435319914 668.01633802039214
vn 0.14800895907245115 -0.73077884505949342 -0.66637499026284164
v 11808.55314169361 3495.3429113403804 472.97950937706838
vn -0.22382172815982954 -0.83437367401847051 -0.50371063727944687
v 11639.977615778407 3698.5328287222928 667.85959119378447
vn 0.27597208195188161 -0.6655879244626578 -0.69342059732361216
v 11851.619923287326 3481.5038103348779 472.64067617558294
vn -0.2801642209513473 -0.81634064745093582 -0.50507024919125021
v 11868 3473.4000000000001 473.18000000000001
vn -0.27632590442155835 -0.78279841219686197 -0.55755774625385623
v 11629 3698.3000000000002 668.01999999999998
vn -0.015397210536726597 -0.66868558001708722 -0.7433858493305473
v 11619.831201680836 3699.4234528577522 668.06782968332436
vn -0.23352197482306325 -0.53134072370040453 -0.81433686064936728
v 11891 3466.0999999999999 473.18000000000001
vn -0.27041085038677315 -0.77243588687759479 -0.57464839045865768
v 12026.826674858341 3872.498910825183 681.92269272914314
vn 0.70788831642772221 0.65753170961455576 0.25796546729452868
v 11915 3456.3000000000002 473.18000000000001
vn -0.092335482074927158 -0.78897650735426983 -0.60744565978616438
v 12030.382697774859 3862.0238868883571 681.91801749742046
vn 0.91684102358696828 0.27303971336146066 0.29129341289409866
v 11925.907390388278 3453.9199477774155 472.8993031492073
vn 0.16096875832829607 -0.75175500021527697 -0.6394947056024588
v 12028.97111985262 3852.1929537442793 681.84735564564301
vn 0.90338161296944253 -0.18967833262511891 0.38460862117389277
v 11935.506039706881 3457.3035691264367 472.64205419376049
vn 0.63219064535350378 -0.58226666248297643 -0.51117562704852826
v 11942 3468.0999999999999 473.18000000000001
vn 0.9153997108403944 -0.29490773386119901 -0.27399415669348587
v 12016.830756920677 3844.6776639196605 682.288290835407
vn 0.46136109542581621 -0.71442793166795193 0.52605956894646722
v 11942.072803552101 3488.8949668096475 473.15223133427918
vn 0.94208201396484637 0.27775358166409675 -0.18797453773504819
v 12005 3843.1999999999998 681.92999999999995
vn 0.25325334822015177 -0.78765827014758305 0.56165575852420446
v 11990.172598857302 3838.1473555312264 681.7563990744693
vn 0.33848718169073272 -0.49054097815138498 0.80299189073448762
v 11937 3501.9000000000001 473.18000000000001
vn 0.9148014588422273 0.35723413121846748 -0.18847298584338099
v 11929 3524 473.18000000000001
vn 0.94707418851245018 0.32051005559337736 -0.017994046710346406
v 11980 3830.6999999999998 681.92999999999995
vn 0.44096602765697546 -0.37790824407493323 0.81408495964034877
v 11964 3819.4000000000001 681.92999999999995
vn 0.46620974551394723 -0.44411370761035268 0.76512187780797825
v 11948.420135697088 3811.0481126473014 687.69137029614103
vn 0.49778548456716187 -0.57025548544460603 0.65346636690389237
v 11918.23652276065 3551.3449549762536 473.70126147777773
vn 0.83775572545843047 0.54604475310950362 0.00068706855554558066
v 11907.360407284174 3562.7180847372711 473.37560978318481
vn 0.65841422112885706 0.75259328236061718 0.0096986989309296116
v 11942 3797.5 681.92999999999995
vn 0.47922414184639567 -0.66796923518453766 0.56935166875892218
v 11924.955761619924 3785.8173341390088 682.19030375198554
vn 0.38046939000501195 -0.75220813065145076 0.53798324458208169
v 11889.127546826017 3585.3339441016351 487.4498034899209
vn 0.44177921794888259 0.89519946646352611 0.058728509532353451
v 11889 3572.8000000000002 473.18000000000001
vn 0.40530790145980272 0.91411995279892577 -0.010498424126532227
v 11898.346097258689 3779.5194674741338 682.53190097943548
vn 0.22935105352530091 -0.89549887025583397 0.38141823188903745
v 11771 3494.1999999999998 487.10000000000002
vn -0.22925685891104294 -0.82967037666805676 -0.50900722855547642
v 11815.243594711137 3479.0117867421759 487.05034860543128
vn -0.24025527676631739 -0.78621201349452696 -0.5693400318112386
v 11841.69325592817 3471.4672053967115 487.41561376630585
vn -0.21682294679645014 -0.78802996188611907 -0.57619145161332064
v 11874 3459.9000000000001 487.10000000000002
vn -0.28863632911963755 -0.81992574727290257 -0.4943792455911884
v 11859 3771.3000000000002 681.92999999999995
vn 0.1820796381092514 -0.90136853261652217 0.39291446116774803
v 11850 3768.1999999999998 681.92999999999995
vn 0.086655665707342636 -0.83747186063583046 0.53956619449700283
v 11829.94877213793 3769.9312376193047 684.25243338423388
vn -0.13012685718354147 -0.71482391599971795 0.68709080197188077
v 11898.946126043535 3449.8072693365748 487.44343278299903
vn -0.17381646993306787 -0.91716425891073849 -0.35860501524201077
v 11812 3773.0999999999999 681.92999999999995
vn -0.076104428971245003 -0.64988887160553488 0.75620934300909393
v 11803 3772.4000000000001 681.92999999999995
vn -0.068048665632850808 -0.8786854919101752 0.47252638594279767
v 11764.601020186614 3764.4568195115903 681.64157858285421
vn 0.28113330719005175 -0.83953538002682304 0.46491333522668682
v 11908 3447.5 487.10000000000002
vn 0.080132971188047089 -0.99493811392721099 -0.060637087525208647
v 11918 3444.3000000000002 487.10000000000002
vn 0.30473944767984656 -0.95238219428668025 0.010100744203773543
v 11926.768449662763 3444.4530332859472 487.21550862651429
vn 0.26793018954093895 -0.94717473330166269 0.17627659551818223
v 11746 3754.5 681.92999999999995
vn 0.37757789745485559 -0.72415998692558692 0.57708512776669652
v 11736 3749.9000000000001 681.92999999999995
vn 0.44604479330782665 -0.72657665194175691 0.52261880105492298
v 11711.839938219688 3733.8473654436898 681.99658594569064
vn 0.50239254566114289 -0.8372030127616743 0.21608527364652175
v 11934.458086117527 3449.6767138013201 487.02059512995743
vn 0.62821730250957841 -0.73300608020298286 0.26085457100278503
v 11938 3457.8000000000002 487.10000000000002
vn 0.83321114979946587 -0.3286099005492874 0.44471868986005003
v 11673.641489279178 3712.8151143725499 682.26164063266378
vn 0.48606524435674636 -0.8699553322882706 0.083176307032839028
v 11937.769585884387 3485.0159925435651 487.12675340345334
vn 0.77830269700848009 0.15677197776183005 0.60800284441601937
v 11929 3518 487.10000000000002
vn 0.81386641858390008 0.16196346638485648 0.55802265926933237
v 11636.77207694937 3692.5706175436048 681.46365188737195
vn 0.31238766964812903 -0.93952373335528327 0.14038909613628131
v 11925 3538.0999999999999 487.10000000000002
vn 0.87484911088913631 0.23054393668454909 0.42601470213418496
v 11624.279257957602 3688.5529427078009 682.37470377496356
vn 0.27439859255893634 -0.9607675352211994 0.040387568219145756
v 11919.887625068422 3557.004041934073 487.36840486048641
vn 0.88363099937502565 0.37564243143203152 0.27944412796000018
v 11913.428137868843 3568.7398129397443 487.04057876322747
vn 0.72450726834025359 0.65540862867824379 0.21337466479469258
v 11905 3575.0999999999999 487.10000000000002
vn 0.61652403641431686 0.76646097538376512 0.18009909976778166
v 11610.544215168673 3689.3048248399546 682.21733262946873
vn -0.1718519560140363 -0.92988629259690692 -0.325235896011694
v 11872 3587.9000000000001 487.10000000000002
vn 0.091576360631082307 0.96715279819916333 0.23712704423809236
v 11602.746250141472 3699.0929480512086 682.69538494673338
vn -0.5865395638880383 -0.55346803874617234 -0.5913074243407529
v 11586.289814184298 3702.1154255888418 695.78607370726127
vn -0.93016068638396776 -0.33660730827133672 -0.14661724838514464
v 11831.325021417213 3587.9962824595996 487.0260886825223
vn -0.10161060917907391 0.92961464957958706 0.35424834140653177
v 11603.854211000662 3715.0178061036659 680.07613096762179
vn -0.33232560124948762 0.45823331209415191 -0.82436759181895924
v 11812.759472763661 3577.5140857999213 487.1334824302063
vn -0.4918356146460991 0.81511237061992836 0.30608748982611889
v 11791.215663613624 3563.8571830448127 487.1630444419568
vn -0.50996097184914957 0.80512067925646635 0.30285392357418323
v 11775.741733589879 3553.9616304119809 487.04709605367475
vn -0.45813949850241931 0.84458798774914901 0.27709083503752918
v 11608.13809318705 3736.1160027824503 683.28851456913412
vn -0.93206503926404616 0.1080272695834993 -0.34581045618668921
v 11762.80386532036 3546.9756965767074 487.38075687632909
vn -0.59916165567028035 0.79923366332095658 -0.047231999629620117
v 11616 3752.8000000000002 681.92999999999995
vn -0.71260577049599483 0.50090181205875584 -0.49121318236796563
v 11628.102312133864 3751.932062499422 668.00968662594232
vn -0.69858430958853235 0.22225079791722771 -0.68013568147970993
v 11625 3762.9000000000001 681.92999999999995
vn -0.49024254664803235 0.71425339978569058 -0.49950408041439898
v 11651 3778.6999999999998 681.92999999999995
vn -0.34085914154779151 0.88370888549423465 -0.32073922635349766
v 11672 3786.8000000000002 681.92999999999995
vn -0.3565006548966439 0.87215265236290385 -0.33504780858053079
v 11696 3797.6999999999998 681.92999999999995
vn -0.38276928920345765 0.84279476521865049 -0.37839748276477664
v 11729.653854898444 3814.2021980411264 682.09812368949497
vn -0.40050520816436158 0.82091962679878494 -0.40704612093688503
v 11744 3539.5999999999999 487.10000000000002
vn -0.53968540383794505 0.82615775118144652 -0.16187351558265828
v 11749 3824.0999999999999 681.92999999999995
vn -0.38102441820481653 0.69984662505317763 -0.60418134209304919
v 11761.097095989811 3833.0354008096915 681.9456641130555
vn -0.63101817650636916 0.72751187891990543 -0.26933719934128264
v 11736.640168173908 3531.6491259038298 486.89926912490557
vn -0.88039616952341926 0.41667583602265001 -0.22645933931572898
v 11776.879376293535 3848.3982091335361 681.98595459801641
vn -0.57090516815822046 0.80964656000319757 -0.13616070227941163
v 11736.252040398269 3520.2408999686113 486.98540852363635
vn -0.92003235752183254 -0.23662249491877041 -0.31233036357555016
v 11788 3854.3000000000002 681.92999999999995
vn -0.46878503640974756 0.88331159529001146 -0.0011023903693971571
v 11820.535979375345 3865.6931982105348 681.60396688646324
vn -0.52432106187165362 0.84751578431322461 -0.082488904815867764
v 11743.687199958767 3510.459980950779 486.9223201023874
vn -0.74696985106917979 -0.56258151041068249 -0.35431354156696077
v 11752.422970430618 3510.0573192615466 481.45319151796866
vn -0.49083940825486777 -0.79781704581739576 -0.35009232597589823
v 11844.738750460197 3887.9554922858279 683.11215635565713
vn -0.60676051612439885 0.79488162868967582 -0.0022073613436744154
v 11760 3508.3000000000002 487.10000000000002
vn -0.016184721656541733 -0.99985533996053988 0.0052300991666993334
v 11865 3897.0999999999999 681.92999999999995
vn -0.49848766348864532 0.8660826972936041 -0.037560761417555204
v 11878 3903.4000000000001 681.92999999999995
vn -0.31430347563073335 0.94422446488593381 -0.098252150700699689
v 11896.74070867585 3909.7817804474967 681.67073156873016
vn -0.15636539001382485 0.96840860779641458 -0.19425404281927974
v 11772 3511.5 487.10000000000002
vn -0.92946626743473792 -0.36647874969927852 -0.042258534283499544
v 11916 3909.6999999999998 681.92999999999995
vn 0.31960977931008427 0.9353224885779301 -0.15172814943097043
v 11938.923121313604 3901.4356175471448 683.611644890967
vn 0.52526870543153859 0.80555368552523021 -0.27418250642773312
v 11748.518256860558 3499.4036363720488 486.5570421760699
vn -0.82370657926315616 -0.02557205220966029 -0.56643935370379772
v 11789.057513564345 3481.3172092824789 501.1384113016893
vn -0.31563995649151905 -0.86952992168712839 -0.37985409456370006
v 11958 3879.5999999999999 681.92999999999995
vn 0.8166897333163623 0.56149473670985806 -0.13319737288241124
v 11807 3474.4000000000001 501.00999999999999
vn -0.30950916778230847 -0.86031999937875003 -0.40503527467079986
v 11963 3871.9000000000001 681.92999999999995
vn 0.67017669603961438 0.62627035396672137 0.39830721789571438
v 11970.377817901703 3871.2094966412787 682.2269851264582
vn 0.0228293404342617 0.99464901305005293 0.10075793792000826
v 11862 3456.3000000000002 501.00999999999999
vn -0.24286672939972617 -0.87208492028760998 -0.42483366575359011
v 11980.092059996154 3873.4876495722483 681.92138514687895
vn -0.083858359433840499 0.99496710420102097 -0.054847398396818063
v 11877.076731550964 3453.8378274989536 500.54840432319361
vn -0.28749982676124414 -0.88020048614282731 -0.37761217380559275
v 11997 3877.8000000000002 681.92999999999995
vn -0.014721031154318187 0.997796058255633 0.064701757095733239
v 12016.26642240221 3877.8815662200896 681.93430635442519
vn 0.14103708720945071 0.96731409506107224 0.21074150404619529
v 11895.0951020547 3447.6089991204876 501.34906539678923
vn -0.076647068800259968 -0.93966253952255896 -0.33340596674676304
v 11904.611316848543 3448.4721486727794 503.11020129857718
vn 0.3012665753594071 -0.95294563940635879 -0.033660940385269893
v 11587.117696300498 3715.9254538364221 696.16397912421553
vn -0.94534882877498116 0.25717994636224267 -0.20043469540697134
v 11912 3454.5 501.00999999999999
vn 0.32753373025651045 -0.87679416730420368 0.35207050959372255
v 11914.847535673516 3458.2928065875822 500.94122035110922
vn 0.58531605471070247 -0.4751282240617325 0.65700706754025273
v 11602.19022732733 3731.452015771325 694.15178429944945
vn -0.95057366143865918 0.14078396759225251 -0.27674824055101943
v 11916.235594180003 3479.76165444444 500.91229026600939
vn 0.80618414755591805 0.18935635772089793 0.56054552894498511
v 11600 3740.5999999999999 695.85000000000002
vn -0.28585995016079796 0.9582631362350722 -0.0039812845903795992
v 11602 3734.3000000000002 695.85000000000002
vn -0.12537542149100939 0.65625853839161374 -0.74404686308999013
v 11601.8029099126 3749.7606415866649 696.65718264787984
vn -0.88895239611887988 0.37147528534967528 -0.26789876783755334
v 11907.531537891189 3501.3669885307086 501.25039341528651
vn 0.78209039222141463 0.27893942978401043 0.55724986577542124
v 11607 3758.8000000000002 695.85000000000002
vn -0.9829035075384438 0.10514000623399518 0.15114983942346649
v 11615 3767.1999999999998 695.85000000000002
vn -0.89613600402499016 0.16207430192767011 -0.41312489993315726
v 11621 3772 695.85000000000002
vn -0.65162032649851787 0.2977968588123015 -0.69764459503065823
v 11639.075359155018 3786.2727856977899 695.7552482977228
vn -0.5913369266796259 -0.5911805384652411 -0.54847626209804401
v 11899 3528.6999999999998 501.00999999999999
vn 0.77586830708266197 0.21482054586572852 0.5931951644599226
v 11650.1302337948 3793.2786138870597 695.76562579801157
vn -0.054842888335774907 0.52753239967531884 -0.84776283528578289
v 11895.337444794048 3557.3325009877299 501.02007261919232
vn 0.68712356155189902 0.31037907624647565 0.65690641661397875
v 11672.166730589515 3803.1766412385323 695.88467580497127
vn -0.16921611757778557 0.65136671962078774 -0.73965350139261488
v 11891 3566.9000000000001 501.00999999999999
vn 0.54586304797924856 0.45075586421419772 0.7062950401406739
v 11881 3573.4000000000001 501.00999999999999
vn 0.18152692655777822 0.76938107486944363 0.6124546812354581
v 11867 3573.9000000000001 501.00999999999999
vn -0.070515266989181202 0.78392902011057952 0.61683295027901264
v 11694 3811.3000000000002 695.85000000000002
vn -0.20481728520818637 0.74323056180756053 -0.63691303305487978
v 11708.392497657962 3816.2533559400831 695.51735011209348
vn -0.31026181179585172 0.77378837859326177 -0.55225823062691104
v 11850.614834315591 3569.850199731512 501.08814715556127
vn -0.1262736006695746 0.79170813227373527 0.59770662625202198
v 11733.231022424643 3827.1901734171897 696.21921604553404
vn -0.37581451144895528 0.85483581781355011 -0.35779767686141006
v 11818.247937989598 3559.6110766869087 500.89889714018557
vn -0.24414544775533362 0.76065072017743418 0.60150102429995767
v 11750.413845790556 3835.0002285905716 695.63305668579596
vn -0.39916971920423983 0.86741219417059012 -0.29708520776802549
v 11800.161605392343 3553.1933749086925 500.96200280228851
vn -0.38430252243693663 0.80029459642444711 0.46026093705901128
v 11780.259601371014 3543.6598989841709 500.92115406215908
vn -0.353993941778183 0.8309684541266662 0.42916164487368047
v 11774 3840.9000000000001 695.85000000000002
vn -0.4214282556064623 0.90639938770149286 0.0289547120664835
v 11786.834221307961 3845.6386036129388 695.62486881634345
vn -0.47123879264020552 0.88106282710947126 0.040771252088539586
v 11756.622534306995 3537.2314552476519 500.8275615104501
vn -0.36439848895900584 0.8860673666759864 0.28652811896265334
v 11811.319877615048 3859.9544865192329 696.02786175336132
vn -0.50147068135266359 0.86136841955508592 -0.081065415171136981
v 11739.540119121752 3519.0527588387095 504.48307623649617
vn -0.99584889631944518 -0.0011236627363325723 0.091014905819858716
v 11833.970400535414 3873.1505482541888 696.3976014299318
vn -0.63932450940557439 0.73489675645869934 -0.22625412486804466
v 11743 3502.5 501.00999999999999
vn -0.35099912214509793 -0.2595266565889226 -0.89969190880720151
v 11751.967881400536 3493.2602339210207 499.75701215758909
vn -0.49340918889083235 -0.8168087353268868 -0.29894959811276334
v 11850 3888.1999999999998 695.85000000000002
vn -0.64446420884725475 0.73843348635265749 -0.19844865771262254
v 11866.524331110448 3901.6259483180474 695.87918204439984
vn -0.48022907224108441 0.77794915818284982 -0.40518532236133953
v 11752.184611823151 3488.2096273993011 514.72309529701795
vn -0.40450267173867127 -0.90871377309959334 0.10303818290021241
v 11895.472954564095 3913.520189473471 694.99040408867586
vn -0.17826937496714088 0.92608980621216097 -0.33253225524563329
v 11786.148650787727 3476.7461211305399 514.51503649243614
vn -0.32279375678596922 -0.94646781042250849 0.0016954096918179249
v 11817.537321794429 3465.8699067026246 514.46478397321698
vn -0.33401957602257382 -0.9367701456616917 -0.10436770108933567
v 11918.66222211459 3913.6036730505175 695.47850591773567
vn 0.25361518572063035 0.93444433909540714 -0.24998622902959647
v 11847.999814803508 3454.2897711067708 515.20344404031118
vn -0.30936772901296022 -0.94396598153984801 -0.11497753667945328
v 11868 3448.4000000000001 514.92999999999995
vn -0.3532762050074269 -0.93526885052624364 -0.021635623653354561
v 11883.353098006779 3442.5939378958878 515.2232585330903
vn 0.13113115468985675 -0.98595609226288361 0.10341762131962409
v 11947.790381886432 3898.5182448175492 696.7318347582368
vn 0.75414685568094619 0.65647786428173494 -0.017301265116581744
v 11900.916244525399 3442.9551139061459 515.31363037511437
vn 0.39756492249043224 -0.83735789604532518 0.37519846259776041
v 11953.783288508177 3891.9708283032487 695.9275229828072
vn 0.82306307143046586 0.56762648043973796 -0.019166615534404088
v 11960.028080400829 3877.1744031035196 695.77444434673816
vn 0.91159797582809377 0.33397567553540664 0.23968600004337179
v 11909.287375046295 3452.7550423311041 515.12579252096577
vn 0.77309097499894264 -0.4133562344642725 0.48111014103290484
v 11959.943684706399 3856.6998695868078 695.74420535714137
vn 0.43100481385200828 0.17404237484407148 0.88540617921665277
v 11910 3490.0999999999999 514.92999999999995
vn 0.82056715784984258 0.19237071428432564 0.53820353746883709
v 11957 3848.0999999999999 695.85000000000002
vn 0.64183077480613915 -0.32013793609144003 0.69682491228920918
v 11951 3831.9000000000001 695.85000000000002
vn 0.66271636145266954 -0.3307052460181038 0.6718936407788364
v 11942.689918374446 3818.4270205564708 695.92575577891705
vn 0.56601576077932003 -0.54471172689108482 0.61880149736142365
v 11901 3514.4000000000001 514.92999999999995
vn 0.81904969014250961 0.30335173708981611 0.48696542863128395
v 11914.102355333231 3796.1393164307901 695.44030686004578
vn 0.48725990810402614 -0.63797698320657847 0.59629116281652961
v 11891.490949342651 3541.4219397702145 514.92515072376455
vn 0.81076448518344391 0.2854006417215339 0.51108455589086421
v 11869.235115983043 3565.3489835774667 515.05502045560161
vn 0.12164022655693682 0.82565831672417211 0.55090107942114586
v 11851 3565.9000000000001 514.92999999999995
vn -0.090004377734446153 0.86558208506184375 0.4926122877158326
v 11905 3790.0999999999999 695.85000000000002
vn 0.34989264410137594 -0.69965346544776996 0.62294475348193912
v 11879.878167562194 3778.7950970181541 696.65294354148182
vn 0.10390014620733949 -0.86972522351024351 0.48247569390400424
v 11843 3563.5 514.92999999999995
vn -0.20725527694139842 0.8625885529919205 0.46150432113605289
v 11818 3554.9000000000001 514.92999999999995
vn -0.25733218263617313 0.96320681294918553 0.077542138660059268
v 11852.894624568475 3778.4956295470106 696.00693959976195
vn 0.078842861641748321 -0.81229835061213085 0.57788856431058744
v 11793 3546.9000000000001 514.92999999999995
vn -0.30429410286909803 0.95091907146593124 0.056196249709938188
v 11839.773952642134 3780.3588352017787 695.79448468706255
vn -0.20815805971822507 -0.76540103708706242 0.60895933739486507
v 11773.641074270203 3539.4249450112138 514.69841886505719
vn -0.27424054620325478 0.95547577167905384 -0.10889523659213554
v 11752.91591890683 3534.3446229115962 515.10263256751932
vn -0.51107365840956709 0.85836696707790761 -0.044831523611575705
v 11819.33303272259 3789.0721834267479 695.81420608568328
vn -0.057277662300861981 -0.84570031810474844 0.53057538706471841
v 11739 3497 514.92999999999995
vn -0.71748605804283982 -0.69419592599284097 0.057495850711931855
v 11802.331803490562 3787.3271384352561 695.73063312558986
vn 0.11536690703572133 -0.87478089912051316 0.47058352637434903
v 11772.437877176568 3487.4438403279369 529.05850103516332
vn -0.52504924699923938 -0.82554630338729884 0.20687336510314117
v 11776.288545477275 3781.3178918672015 695.85086670149735
vn 0.26663388211818995 -0.87231654058758668 0.40984170837518297
v 11856.893322663756 3536.6480768045085 542.8925624375529
vn 0.50151848767347895 0.76416379050089644 0.40562656201117897
v 11848.32296304521 3541.5924464999616 542.7337782435302
vn 0.17960404227689772 0.93775365417379741 0.29725489412537592
v 11751.176346534863 3772.3917172145011 695.55242943079043
vn 0.43850724559665871 -0.83425338906051505 0.33426438398410974
v 11819.940142328447 3542.1926474478109 541.98238804392349
vn -0.14972527121774984 0.88919875440569052 0.43232848428265713
v 11800 3539.8000000000002 542.75999999999999
vn -0.18795981379130056 0.71429409397096721 0.67413281756470989
v 11791 3536.9000000000001 542.75999999999999
vn -0.182560668026989 0.69010127878488214 0.70030838029328901
v 11723.786622210695 3755.0766175320136 696.05939510488054
vn 0.5031938798086576 -0.77530535424230929 0.38170345427611435
v 11775.129594510256 3535.062397635751 542.93100965052872
vn -0.16649183500288831 0.64722908509635713 0.74389177995371314
v 11761.571269838145 3527.6985393604118 542.85019778561218
vn -0.46277049506539458 0.36159815399654816 0.80937645377365541
v 11751.580766771636 3517.3532774409096 542.79466336512996
vn -0.48808167257221857 0.3107791917142354 0.81559338821287175
v 11694.268681149182 3733.314186581797 696.02553681467055
vn 0.55937914627922225 -0.75924344461026128 0.3326324736466264
v 11750 3509 542.75999999999999
vn -0.61716976134837298 -0.20441622200176579 0.75981280185300704
v 11752.047711873929 3498.8473042504811 542.56511459963804
vn -0.58944510186764054 -0.60580371009185452 0.5343747156473545
v 11671.407618768848 3718.5493621555397 695.48425091034142
vn 0.41364181096558367 -0.90554186740093967 0.094310013281365027
v 11760 3493.3000000000002 542.75999999999999
vn -0.51178214625131424 -0.71703567812438784 0.47322179902778949
v 11659 3714.5999999999999 695.85000000000002
vn 0.37601276614625018 -0.91710430767380124 0.13241634544573136
v 11639 3706.4000000000001 695.85000000000002
vn 0.17725589507965089 -0.97940262913026743 0.096699729638876714
v 11625.604732180011 3703.9807144680599 695.9010402323072
vn 0.46432551251268306 -0.88062634776560789 0.094334797666825204
v 11779.752119496716 3486.2203119121705 542.77722728194306
vn -0.5303025716045221 -0.65443000836633447 0.53898102628874611
v 11617 3694.9000000000001 695.85000000000002
vn 0.47298655350141594 -0.88025535220264428 0.037871296854623197
v 11607.992300913345 3691.6428353381807 695.9180451913553
vn -0.26816135829725357 -0.94752946185229214 0.17400403684419979
v 11801.490295227599 3480.1458727100876 543.1609098260983
vn -0.34146099520512752 -0.77004810145108249 0.53891586560900862
v 11843 3464.5999999999999 542.75999999999999
vn -0.17778555475269955 -0.84315912711117957 0.50741992756531396
v 11596 3693.3000000000002 695.85000000000002
vn -0.50510921368372796 -0.85855271413645773 -0.088044984529092235
v 11947 3898.1999999999998 709.76999999999998
vn 0.79647485137677609 0.55770428099230474 0.23365304638972456
v 11951.507415965287 3887.5317879581708 710.61780527455267
vn 0.85903834388812794 0.3256915652544079 0.39494066396368477
v 11863.97017863536 3452.7700879838694 529.19181284920523
vn 0.18811566158186957 -0.89470145403640189 0.40511949596725622
v 11952 3849.9000000000001 709.76999999999998
vn 0.80554455053740637 -0.22106243349485641 0.54975392458519101
v 11948 3839.5999999999999 709.76999999999998
vn 0.73079511145469234 -0.37337320599924878 0.57142887056550296
v 11940 3828.3000000000002 709.76999999999998
vn 0.61612075614570994 -0.49890048130934567 0.60950268547049224
v 11923 3811 709.76999999999998
vn 0.4761190001196357 -0.64193354431567085 0.60102580843704134
v 11891.994962440072 3795.285336776124 709.75949703019558
vn 0.29196331483363441 -0.68671682481143714 0.66571572409869817
v 11865.783442324351 3471.5583820126394 544.03342559853718
vn 0.4323405717528645 -0.49354378020092693 0.75464969823182559
v 11880 3792 709.76999999999998
vn 0.087669239115189243 -0.75662334223333017 0.64794692876857485
v 11830 3792 709.76999999999998
vn -0.05433809566319113 -0.88774151223893849 0.45712403000435303
v 11870 3480.6999999999998 542.75999999999999
vn 0.84143191406508278 -0.090277111925932754 0.53276859616073835
v 11870 3511.9000000000001 542.75999999999999
vn 0.88182615136559372 0.13831204368611283 0.45083524411819864
v 11782 3786.3000000000002 709.76999999999998
vn 0.31182143510316618 -0.94593185083941511 0.089332671390260895
v 11763 3777 709.76999999999998
vn 0.44074794306445986 -0.86989725604828638 0.22140463997872706
v 11733 3761.8000000000002 709.76999999999998
vn 0.39746669807993679 -0.87698052856986775 0.27004698929398879
v 11716 3751.6999999999998 709.76999999999998
vn 0.5437501103417629 -0.78159636594431547 0.30568437684310956
v 11866.761851246221 3524.5517699505972 542.82368134614512
vn 0.78137325634990817 0.47329647149949428 0.40675088730975034
v 11799 3475.9000000000001 528.85000000000002
vn -0.31633371054185949 -0.91642736011428483 0.24514052543139767
v 11824.719089424399 3465.5834561898391 528.42193586078747
vn -0.39140739715439538 -0.88662349797289364 0.24637171569628596
v 11680 3725.5999999999999 709.76999999999998
vn 0.60921172163275383 -0.76318727170887712 0.21542113760449949
v 11667 3713.5 709.76999999999998
vn 0.52849714842702566 -0.81979746016860622 0.22050598269798699
v 11656.157223944185 3706.5344181234227 709.86074536333115
vn 0.36384248553550641 -0.9085741068959754 0.20521144704310593
v 11850.936300043777 3454.0529719436545 528.57784618270489
vn -0.19026279947047225 -0.93906073870965301 0.2862952953713
v 11877.484424635455 3452.2125001563381 528.47308413031351
vn 0.070052829178707948 -0.75135207529188974 0.65617273646398122
v 11885 3458.8000000000002 528.85000000000002
vn 0.2851315460238365 -0.44594261705913241 0.84843101296010437
v 11629.540247305029 3696.0852094208581 709.7486240305202
vn 0.42445498705741302 -0.86924722832690238 0.25347035331195877
v 11887.547370503155 3466.7407595592667 529.08468858207198
vn 0.50201884508644901 -0.15453961515623929 0.85093747509757112
v 11601.368284095359 3696.621818813006 709.87476467815566
vn -0.24091014094234428 -0.78041803214479843 0.57698353450889761
v 11888 3498.9000000000001 528.85000000000002
vn 0.61904725599313859 0.10732619794416505 0.77798559246442056
v 11881 3521.5 528.85000000000002
vn 0.66018433465994319 0.16458527196657438 0.73284946102272397
v 11876.056774800369 3539.0557769682819 529.88294726291861
vn 0.57171624683379774 0.327720262777489 0.75215687357846406
v 11592.335755677752 3708.6195415663706 709.98486766837505
vn -0.73129275066351707 -0.16190395946168595 0.66256925731399252
v 11879.485799131035 3557.9228858120041 517.20355028602717
vn 0.42284473391429961 0.54757298371872243 0.72205689422809405
v 11592 3723.9000000000001 709.76999999999998
vn -0.95344864147653119 -0.041792565260406173 0.29864539098320597
v 11593 3734.5 709.76999999999998
vn -0.96334346530711767 -0.20603190586484788 -0.17181449768797935
v 11595 3740.4000000000001 709.76999999999998
vn -0.9127254326301335 -0.1053166569311134 -0.39476662270636514
v 11584.123742408932 3744.3671253136581 723.73170171410459
vn -0.97316510703608172 -0.1493305509131744 -0.17507158824726379
v 11600 3749.6999999999998 709.76999999999998
vn -0.12537542149100939 0.65625853839161374 -0.74404686308999013
v 11606.999999999069 3756.7999999997528 709.77000000037219
vn -0.61633979808145267 0.55060003377454236 -0.56299631980003839
v 11864.254875615708 3550.7740168214732 529.48555774314445
vn 0.19408307643781608 0.62940329596974054 0.75245149376080056
v 11613 3759.8000000000002 709.76999999999998
vn -0.97277897101880562 0.062837024897488672 -0.22305286782650002
v 11608.972008369239 3762.9789574054535 709.74682492238708
vn -0.95408098685979648 -0.15944197950286965 -0.25358967976801294
v 11851.910126983963 3554.6848772217172 527.26847340017321
vn 0.082050056739090493 0.72154107334586648 0.68749274008094596
v 11605 3769.5999999999999 709.76999999999998
vn -0.77129668321167122 0.12962277845945341 -0.62313671194299447
v 11600.522292538761 3789.8925651359714 709.90005591683234
vn -0.29202690411078586 -0.73930378785246675 -0.60675381872919842
v 11826 3554 528.85000000000002
vn -0.028391991968695705 0.91855190460194736 0.3942794609717637
v 11594.897605417736 3789.4381785364603 710.05258960352694
vn -0.37433792062911403 -0.83736501136551167 -0.39836033803568799
v 11806.77103158136 3553.5529605684824 528.71908374860368
vn -0.20237632413457562 0.93335166617927678 0.29647679617492018
v 11592.149830395181 3799.4648503318458 709.67207052349841
vn -0.30725069727195103 0.14676008307769006 -0.94024384445787768
v 11788.356074385729 3545.8495309977329 528.7825439791668
vn -0.23420239085641723 0.96090380137248366 0.14769266950342683
v 11592.445958042132 3806.9570538598355 709.78785739413934
vn -0.46870669960446815 0.11904655887742677 -0.87529534819130073
v 11768 3543.6999999999998 528.85000000000002
vn -0.29827148564905526 0.94631099124392537 0.12461793089136379
v 11755.784429651017 3539.8627006248671 528.75147693375902
vn -0.52955888540269636 0.83138252843846838 0.16843538315423293
v 11596.995138860893 3813.1932780934003 709.7700024953092
vn -0.44947261445156583 0.1499674245498184 -0.8806157734403629
v 11739.950421866542 3519.7375558992699 529.05245719914865
vn -0.87922341439707874 0.29474164981099704 0.37429072583038175
v 11733.99002965511 3504.6236939409737 515.35808500772987
vn -0.92736595389896137 -0.37357388893776439 -0.020855144520820129
v 11596 3832.4000000000001 709.76999999999998
vn -0.33681898787031767 0.11285456386781563 -0.93478169474172945
v 11597.3986439 3846.2917912169851 709.80084653827794
vn -0.52498408588334156 0.71557498320262902 -0.46080815203703746
v 11745 3503 528.85000000000002
vn -0.753947120429867 -0.60307897640750818 0.26049853706073667
v 11602.090728312911 3852.7105876565074 709.78282566494499
vn -0.44563710581560617 0.77960641955839516 -0.44002431808211417
v 11865 3651.0999999999999 431.43000000000001
vn -0.22302290170325706 -0.43313646922917354 0.87330039753772271
v 11611.361054641457 3856.3322780325279 709.78388351950537
vn 0.14043234076329261 0.93404670206947371 -0.32838318474136624
v 11874.082980240732 3649.2358902257752 431.50335940283151
vn -0.24281343190573065 -0.5568675752788278 0.7943174056315524
v 11903.935888418671 3636.0863839574777 431.41039079335019
vn -0.053584032563036864 -0.62662449710658041 0.7774770035700147
v 11621.117877044417 3853.7192458855361 709.6614486224214
vn 0.24307590894202702 0.92177647519758987 -0.30206329181864261
v 11929 3636.1999999999998 431.43000000000001
vn 0.13122802732031985 -0.67442865604705715 0.72658460811400194
v 11936.684608807889 3638.8694013632776 431.57716789964479
vn 0.40789815518011413 -0.69617689288586981 0.59072567983154056
v 11947.882661608608 3648.0457120062597 431.92376970519854
vn 0.52605633759504222 -0.70579120514126215 0.47447181625607199
v 11639 3839.0999999999999 709.76999999999998
vn 0.5762811831731055 0.70179203849786931 -0.41879342475928472
v 11649.312450915875 3828.9184670649165 709.71901702243258
vn 0.25966791615153317 0.60715354929543819 -0.75095748275083607
v 11959 3656 431.43000000000001
vn 0.48450839349083591 -0.73435578755979702 0.47536637861165548
v 11663 3817.8000000000002 709.76999999999998
vn 0.12046295344383366 0.62651587954038868 -0.77004319978253277
v 11676.933883191408 3819.8016543371896 710.58711935887368
vn 0.015917251194352632 0.84333047719124543 -0.53715951760608516
v 11977 3666.5999999999999 431.43000000000001
vn 0.44652496441597794 -0.75824993957430864 0.47504998188492442
v 11994.119673310539 3674.4460003687796 431.47762474430959
vn 0.3538744605667935 -0.77531589242691179 0.52312343964768226
v 11695 3822 709.76999999999998
vn -0.1369501395680176 0.97091032450800974 -0.19641232404320191
v 11722.940491806228 3828.7070537583813 709.02917876932338
vn -0.40451905135212046 0.91140684437476593 0.075510933777906908
v 12016 3687.6999999999998 431.43000000000001
vn 0.34549724409098825 -0.60758204512578873 0.71517530212270053
v 12026.687818089555 3693.1771570619057 431.45823250513308
vn 0.38743330624349276 -0.57014200392012326 0.7244539520074289
v 11747 3834.8000000000002 709.76999999999998
vn -0.24638739165625534 0.96848391642056153 0.036498724190276388
v 11761 3838.8000000000002 709.76999999999998
vn -0.41968873863169137 0.90719786794719892 -0.029212857747853819
v 11775.393567339268 3846.3974681968139 710.18767314303295
vn -0.41859590876415592 0.78563021409519707 -0.455590421175254
v 12038 3702.5 431.43000000000001
vn 0.52553749997797994 -0.42657005700194978 0.73610347274432009
v 12048.22790440348 3718.8659968329439 431.29538546475555
vn 0.56657887155682651 -0.30760480444293392 0.76443944599230196
v 11801.652978004378 3859.901057581943 708.67653018475301
vn -0.46334697718884943 0.735549331001638 -0.49424362453449877
v 12054 3735.9000000000001 431.43000000000001
vn 0.54905950113063873 0.042924809861120315 0.834680253100887
v 11817.366975524676 3874.9991569460981 709.97352711106873
vn -0.50421822551286988 0.68827753516012624 -0.52157263698794043
v 12056.312699784103 3746.0885051926439 429.13008694594373
vn 0.55347461761774408 0.30161451742113393 0.77633403283232949
v 11829.043871336662 3883.5774822776139 709.27052163864073
vn -0.58348312646480649 0.69330389007176396 -0.42293871558680252
v 12048.746723571927 3754.183903470891 431.42715807682362
vn 0.50686190286549515 0.6889105445407776 0.51816336520840489
v 11846.924992535995 3899.2072909497206 709.36481804227208
vn -0.55054754805291173 0.75307134387894614 -0.36025122950697175
v 12036 3759.0999999999999 431.43000000000001
vn 0.47683900760761472 0.80622445230452888 0.35018094369917913
v 12022.819385618965 3761.7402942669432 431.72510459519253
vn 0.33010238591377022 0.93785046337655009 0.10709305840448533
v 11862.07059130334 3908.2744924572312 709.81065986935391
vn -0.43347634907808913 0.86677485666183418 -0.24657575438146231
v 11990.650908095726 3773.2389043741969 430.11412055669825
vn 0.21399010710981797 0.90251360245232293 -0.37373443973984927
v 11879.766016734877 3915.9730951067404 710.0097863636438
vn -0.18311557767021375 0.96640796031929543 -0.18034505661648392
v 11976 3775.6999999999998 431.43000000000001
vn 0.11327277601027799 0.89970336751093238 -0.42154848914972226
v 11920 3915.8000000000002 709.76999999999998
vn 0.20598056886724611 0.97696935277929464 0.055703581385148332
v 11934.910092413225 3909.6543527569288 709.88276014748635
vn 0.52201984476389462 0.84877154746076089 0.084155462649461041
v 11953.624683232911 3775.8887441297211 431.260347718557
vn -0.17178066947175377 0.86458400395211255 -0.47221383048992693
v 11937 3767.9000000000001 431.43000000000001
vn -0.41473008075997686 0.8597899279695439 -0.29792656792395938
v 11576 3757.0999999999999 723.67999999999995
vn -0.95890645175912748 -0.017057904731716804 -0.28320918887084867
v 11574 3763.5 723.67999999999995
vn -0.82932378072251844 -0.19802666468337263 -0.52250120268042222
v 11570 3775.5 723.67999999999995
vn -0.90570692478512438 -0.27598779923970268 -0.32175410031124463
v 11570 3796.0999999999999 723.67999999999995
vn -0.93498556715955983 0 -0.35468576120746159
v 11565.36085118528 3813.081445322432 723.82699420133054
vn -0.8260139103864319 -0.46929334500263259 -0.31219349157910997
v 11928.013436896537 3761.7927291416327 433.96230656136322
vn -0.78935284977456988 0.60910213789525824 -0.076919855461324668
v 11920 3753.5999999999999 431.43000000000001
vn -0.62093697885346155 0.77562975542035373 0.11329497252260623
v 11912 3744.0999999999999 431.43000000000001
vn -0.6322255886627004 0.71967868635151999 0.28697280960302241
v 11559.371666465871 3820.5963788875215 723.68160505712694
vn -0.87006686957337553 0.46832237778645663 -0.15381089992333524
v 11900.3575016753 3734.5627543226001 431.06127695356884
vn -0.58380643599372262 0.76129538948791353 0.28213361238383744
v 11578 3816.6999999999998 723.67999999999995
vn -0.68318242483157465 0.17015099874289127 -0.71014816202539466
v 11565.146587571498 3823.1229358313531 723.89335628326012
vn -0.72549343812520517 -0.49380850718082997 -0.47938755665234895
v 11895.063257573223 3739.0683016775292 418.03052419561573
vn -0.58608863321166693 0.74052361146104251 0.32882350111993996
v 11883.859333497863 3722.0392739391564 431.68374095525689
vn -0.59638096152260245 0.79316799064649091 0.12334620929393962
v 11561.735648670656 3832.8536456162046 723.68000854262061
vn -0.8489398191129236 -0.14213838618319807 -0.50901656426657926
v 11865.057157758427 3708.6147591568842 431.91870941722414
vn -0.68543211453488739 0.72018185508524579 0.10733551122628016
v 11562.886432801863 3841.5664684652729 723.71488712484506
vn -0.82696190980739248 0.17657231657444583 -0.53381290425320715
v 11848.942839522217 3663.4558762374454 432.48287264625014
vn -0.50766736722950845 -0.21278931251724686 0.83486199621775625
v 11566 3846.0999999999999 723.67999999999995
vn -0.73408812364610043 0.22418780988004788 -0.64097929188308023
v 11570 3849.5999999999999 723.67999999999995
vn -0.47807370499037966 0.24665685465974724 -0.84297445313967345
v 11858 3654.5 431.43000000000001
vn -0.37137915708356234 -0.32743015786466406 0.86883083129261929
v 11574.921811357061 3852.2311593392296 723.93271361254119
vn -0.091399908101686633 0.33172132851652686 -0.93893930421845362
v 12016 3764.5999999999999 445.33999999999997
vn 0.45272687086978119 0.84908879844731489 -0.27218852426902895
v 11588.845306763891 3849.8704652890074 722.29459513829136
vn -0.31376931208363246 0.71208997820888953 -0.62807378685073878
v 11998.23675830615 3773.403585493179 445.76364363229459
vn 0.26541434284597865 0.89851153708846465 -0.34961728265427883
v 11604.111829542606 3846.1129237821333 723.39558290976038
vn -0.14052927453918107 0.98670203553665214 -0.081673839540691656
v 11970 3779.8000000000002 445.33999999999997
vn 0.17718003641951002 0.9088794407772427 -0.377551846541409
v 11615 3842.1999999999998 723.67999999999995
vn 0.31366015929741425 0.94681890810311553 -0.07177227687585902
v 11628.964099647072 3840.6537353169829 722.90200986187756
vn 0.11250005335749462 0.99365023977134814 -0.0017143502860110509
v 11955.474686699223 3780.4313382380442 446.26270086203613
vn -0.3247900097735778 0.89277140506152686 -0.31220292736575417
v 11944 3776.5999999999999 445.33999999999997
vn -0.44447696036891204 0.88505067829753581 -0.1382950778093141
v 11646.163361676032 3839.4024193044479 723.79669367796851
vn 0.39338025364267426 0.89263048525822219 -0.22014266472380151
v 11935 3770.5999999999999 445.33999999999997
vn -0.58056210344017434 0.73031187395106578 -0.35998918152522708
v 11667.622610907674 3830.8320817107306 724.8412854919211
vn 0.26963756189226679 0.86316777620457708 -0.42689222918535202
v 11927 3762.5999999999999 445.33999999999997
vn -0.75920003267319935 0.48211616344827957 -0.43724056917322413
v 11683 3823.9000000000001 723.67999999999995
vn 0.16745595790847215 0.96090231894304168 -0.22051130495020183
v 11700.708265942798 3819.7339109065047 723.69555176160145
vn -0.041639364508774049 0.99175296521723022 -0.12121146524209993
v 11923.260090146176 3752.5684334779062 445.53643537027421
vn -0.72741945996539037 0.590741585474577 -0.34912076485743854
v 11719 3820.5 723.67999999999995
vn -0.041639364508774049 0.99175296521723022 -0.12121146524209993
v 11737.645949296848 3823.7272813898808 723.59067953438193
vn -0.44569303556261985 0.8947964949962246 -0.02639982184502428
v 11918 3745.5999999999999 445.33999999999997
vn -0.72564360201874667 0.60056997070573814 -0.33579319995462653
v 11745 3828.6999999999998 723.67999999999995
vn -0.49961014075704413 0.86594867705388145 0.022860357857195673
v 11765.025395372721 3848.3890199758735 723.64399600841898
vn -0.60573903083656055 0.77806687129925778 -0.16640964607788977
v 11906.740278165049 3735.3774372784246 445.37454506969982
vn -0.55253168464271163 0.77461985781342546 -0.30768947552198728
v 11774 3856 723.67999999999995
vn -0.55506746795624518 0.8285989908538296 -0.072964500770291915
v 11793.403537728493 3869.0062649979582 723.77190079650973
vn -0.52465167642013022 0.84275682707929589 -0.12042237682750233
v 11873.962796381089 3718.774998491228 445.62322767975547
vn -0.82118264633559457 0.56737466465675324 0.06119682396094242
v 11811 3878.9000000000001 723.67999999999995
vn -0.47065475141298152 0.86543779195715609 -0.17176010370486758
v 11819 3883.0999999999999 723.67999999999995
vn -0.46411031471585928 0.88401964707786562 -0.055775257549131513
v 11836.297614028212 3892.8103922493988 723.12163794362777
vn -0.53198281969321282 0.82973213259460143 -0.16893450710637326
v 11866 3711.9000000000001 445.33999999999997
vn -0.75113830314874797 0.60834389330645555 0.25633758409480917
v 11860.393514682135 3908.1793904299202 722.87684904893831
vn -0.44643401151820944 0.89152584188143258 -0.076670376400289966
v 11861 3702.5999999999999 445.33999999999997
vn -0.8433073097883057 0.38416577321461187 0.37583166437652638
v 11875.977618293082 3913.9799891095709 723.73846773368496
vn -0.19422893093210536 0.97862375048755845 0.067606784945271961
v 11858.127494854692 3688.6275304026567 443.27254570706464
vn -0.69121220498423031 0.030365855585019207 0.72201357500771979
v 11914.304192195365 3913.625255468005 723.65458720515676
vn 0.27783219884202415 0.93237715579350045 0.23126199134537551
v 11841.470043341651 3667.030367672648 429.73446500620003
vn -0.5506081480923305 -0.10568153400537472 0.82804714879323449
v 11938.017529525823 3898.0717531663813 724.69262888876801
vn 0.68457453529788526 0.68376291627513697 0.25263804137264129
v 11870.24900662783 3660.6136891577153 445.1792218330429
vn -0.3503438311234951 -0.5752880981991435 0.73912299657372638
v 11897.24641370312 3646.2786605017072 445.2269497634004
vn -0.19225834319324414 -0.69085219616100646 0.69696482876261634
v 11943.87735874817 3889.0149267718007 723.87350135331235
vn 0.88523655577451332 0.26915272649971256 0.37935873541840043
v 11929 3646.0999999999999 445.33999999999997
vn 0.12082583958788927 -0.67861851137064033 0.72448466685843504
v 11944.000000000415 3866.9999999997599 723.6799999994837
vn 0.81581924982692589 -0.16649541730363102 0.55382147631589873
v 11941 3649.0999999999999 445.33999999999997
vn 0.31157068036348656 -0.76398354370268429 0.56502465086872333
v 11959 3656.0999999999999 445.33999999999997
vn 0.45021213355172518 -0.77611988823920242 0.44152797633034691
v 11938.277949397634 3852.0419814087672 723.03342769278356
vn 0.71202831234216302 -0.46244273198830427 0.52835821376634673
v 11982.326646555617 3671.8290770684043 445.38244686378039
vn 0.4131294999804721 -0.76697374395056606 0.49099418768080821
v 11928.305615076084 3838.8137835411071 723.62958259853326
vn 0.65699277984712323 -0.53478571090869331 0.53138002468726009
v 11995.460633351122 3681.4145747207813 443.92201155063003
vn 0.44583502635551397 -0.73110440728102599 0.51644697203956746
v 11914.830281196864 3824.989685886354 723.704513600675
vn 0.51648609043840588 -0.62104985511399158 0.58952455067328702
v 12013.521613924706 3699.5087541307539 449.50888030223905
vn 0.53900746983443337 -0.63790700510092857 0.55004145326133946
v 12026 3704 445.33999999999997
vn 0.48174106662294142 -0.59733391749122688 0.64118463467520392
v 12038.905708549852 3716.1587355186066 444.55931582731955
vn 0.72298139281355756 -0.33134193760124009 0.60622638183439714
v 11885.313011294313 3810.4726108862396 723.76848899576578
vn 0.31629630261351127 -0.82169649260069078 0.47410075195125484
v 12039.386549195171 3737.6264874280969 446.19703346708229
vn 0.65738890621615031 0.051273233735724323 0.7518050821098613
v 11849.166159164444 3800.3066582382253 723.73135806252219
vn 0.23366921313916508 -0.83268608200858529 0.50202847295757524
v 12037 3745.5999999999999 445.33999999999997
vn 0.62336985305449755 0.39338099252554798 0.67576728318440282
v 12028.898303734999 3757.1402575170632 444.87486385531338
vn 0.66861819631014729 0.74178845175574482 -0.051957678977992694
v 12019 3774.1999999999998 459.25999999999999
vn 0.72570363930657455 0.673304459539253 -0.14147555499713538
v 11826.359158561267 3795.7784817366328 722.26811085350528
vn 0.14289010379289091 -0.95886004597413543 0.24529539431578354
v 11789 3881 890.69000000000005
vn -0.51962142183998816 -0.7053943832146331 0.48209163246652226
v 11815.759626540881 3791.653149038968 710.40761084822816
vn 0.16569310116869357 -0.95545337513691153 0.24424300228376122
v 11799 3790.5999999999999 723.67999999999995
vn 0.19602254478271355 -0.95232141564221096 0.23379282120314201
v 11789 3789.1999999999998 723.67999999999995
vn 0.29370558725347912 -0.94258665057564717 0.15895733444126392
v 11748 3778.5999999999999 723.67999999999995
vn 0.34616966302278857 -0.88761452057123202 0.30382071567585861
v 11738 3774.6999999999998 723.67999999999995
vn 0.36542115930171126 -0.88304584868232538 0.29444423149300275
v 11711.214637267756 3758.7602176666674 723.88955858621466
vn 0.50436770882302473 -0.8029861925969547 0.31753171305439565
v 11795.45283446778 3872.4051111973126 889.18434383603972
vn -0.17606178343520051 -0.70958241652578402 0.68227197111639093
v 11703.238009359353 3740.9221587692537 709.49241565251509
vn 0.57379469674036543 -0.75366393808141019 0.32054689895279348
v 11688 3740.5 723.67999999999995
vn 0.46011556033377882 -0.59653793511461295 0.65759878581694975
v 11681 3735 723.67999999999995
vn 0.52462673363262413 -0.60438452948773547 0.59957162280569298
v 11649 3719 723.67999999999995
vn 0.25416684829864444 -0.66779327469867034 0.69960800130727485
v 11643 3718 723.67999999999995
vn 0.10395453089384923 -0.74034234296408252 0.6641435618306426
v 11625 3718.5999999999999 723.67999999999995
vn -0.048783813322559877 -0.82987594133623122 0.55581117436501204
v 11612.379236567691 3721.3252913431488 724.28468578593743
vn -0.44706202410738216 -0.65487246313655867 0.60932553173690895
v 11807 3870.5999999999999 890.69000000000005
vn -0.0089685346819897219 -0.88142674540180399 0.47223559573166585
v 11830.883552009604 3869.6855728651344 890.52984871257968
vn 0.57785680115746918 -0.81512891575228907 0.040575461310439168
v 11598.208708623337 3729.8627586796856 723.90628353803231
vn -0.85617550567818468 -0.47930905405340535 0.19294127132144195
v 11842 3873.8000000000002 890.69000000000005
vn 0.25684742260770832 -0.82053153342874352 0.51064410713221009
v 11593 3734.8000000000002 723.67999999999995
vn -0.96832220889204512 -0.24292019340182375 -0.0578089906852838
v 11565 3822.5999999999999 737.60000000000002
vn -0.92528323418698599 0.30144960097614298 -0.23017183712130246
v 11563 3834.3000000000002 737.60000000000002
vn -0.85840429729777257 -0.05220312400650827 0.51031058799977724
v 11560 3842.9000000000001 737.60000000000002
vn -0.93686290532375549 -0.020449590669667506 0.34909842576238403
v 11556 3856.5999999999999 737.60000000000002
vn -0.87853710037197152 0.42780740141624701 0.21249327180757155
v 11556.173545809139 3870.6517967437758 737.68117655725109
vn -0.74237732461726436 0.65956952133280977 0.11766033496009304
v 11853.121400375609 3882.671670033109 890.51593829188278
vn 0.2999768101513558 -0.58395290695634072 0.75432944780689615
v 11563.717824639771 3881.9960134957473 737.60004362026564
vn -0.44684625299197039 0.88957542403587364 0.094783918142434823
v 11860 3892.6999999999998 890.69000000000005
vn 0.50255156155308367 -0.34003290946276721 0.79487077469412759
v 11576.301005340963 3884.3712857604251 737.59908168493939
vn 0.060819092924788203 0.99469514118758751 0.082961521403669664
v 11865.811142817398 3906.8581111250987 890.78271799026152
vn 0.5827537967897668 -0.12650894400089899 0.80274124063417152
v 11865.379354046228 3921.5461018969345 890.94030708533137
vn 0.6137066444707483 0.473208044427324 0.63201131415641787
v 11611.161960895677 3861.7588908214602 737.53126183074073
vn 0.33436621037765957 0.94189741265042115 0.032070257250681661
v 11862.89771214645 3929.4528347034329 890.65045831836528
vn 0.58598352001873566 0.67658595712387382 0.44593133651855382
v 11626.740135712414 3853.6910515429527 737.43477426870481
vn 0.45856375081590584 0.88440028954966021 0.086921886093924497
v 11853.781086274947 3935.6730838723597 890.52896018610045
vn 0.3575241711295275 0.90397086792885328 0.23454879448443139
v 11645.210796146857 3842.4007085918693 737.43561265347853
vn 0.51383834658256067 0.8575898512443807 0.022578764889628594
v 11815 3936 890.69000000000005
vn -0.016400233542644957 0.95448841481390723 -0.29779673995156736
v 11799.741247969529 3938.2003653921192 890.54054476251622
vn -0.062983509279838451 0.87892934410907375 -0.47277508989242445
v 11658 3836.1999999999998 737.60000000000002
vn 0.36895379000390005 0.91784239012255431 0.14641874106778485
v 11674.665684827125 3828.4206722919653 737.35331498044843
vn 0.28340142232119819 0.95669302699832248 -0.066498766297646492
v 11784 3934.6999999999998 890.69000000000005
vn -0.23323723849488598 0.81429452698880078 -0.53153063307335824
v 11691.291825032542 3824.1358418691243 737.34366387817499
vn 0.0035871521573182341 0.94818905164215928 -0.3176864093494447
v 11775 3925.5 890.69000000000005
vn -0.75652208071202143 0.51110056339355459 -0.40798352355695072
v 11774.217775218636 3917.7057695288968 890.55315115021403
vn -0.97420895569849264 0.21899089574092162 -0.054404946644964432
v 11782 3897.6999999999998 890.69000000000005
vn -0.91295031144176064 -0.12151999956574901 0.3895569516051956
v 11725 3833.5999999999999 737.60000000000002
vn -0.18548699595223403 0.89474400517517616 -0.4062360638049019
v 11741 3838.8000000000002 737.60000000000002
vn -0.36507201388961302 0.88753086842821671 -0.28108963385660013
v 11755 3845.5 737.60000000000002
vn -0.41977472017200668 0.87714120632959014 -0.23326484617958382
v 11773 3851.1999999999998 737.60000000000002
vn -0.47341340166002999 0.87918743668700028 -0.053937021612443223
v 11789 3858.4000000000001 737.60000000000002
vn -0.54473450785608724 0.83860613261946337 -0.0020174944395073969
v 11804.841920265973 3870.7348388523624 736.59592059514989
vn -0.62211773108863933 0.78250557888017835 0.025584129583015661
v 11769.970136670672 3850.9496016045268 876.96048016739041
vn 0.042858372079250695 -0.86608287103910242 0.49805985627771876
v 11778 3853.4000000000001 876.76999999999998
vn 0.28055639591725079 -0.93106687492844686 0.23324361324782025
v 11824 3887.5999999999999 737.60000000000002
vn -0.57593746513333244 0.78734420858387433 -0.21996620982601869
v 11851.355177280657 3905.04860286852 740.08002147631623
vn -0.44593929429354656 0.86133907486221928 -0.24337860201848077
v 11786.105267286559 3854.0209653493534 877.38786361461507
vn -0.072807632768311925 -0.97883315266815174 0.1912712938430681
v 11800 3861.4000000000001 876.76999999999998
vn 0.23014964993782769 -0.96881088081458455 0.091851052518541573
v 11816.617549222952 3869.4153716874425 876.97266382385351
vn 0.49920923764365865 -0.80277523323207245 -0.32610130628445633
v 11818 3873.6999999999998 876.76999999999998
vn 0.37457169176266158 -0.86410628912066711 -0.336179072567237
v 11837.408090233572 3870.7137615794472 876.43577327852984
vn 0.069150334263266916 -0.99684536590226258 0.03895571524773795
v 11854 3870 876.76999999999998
vn 0.26931798751904779 -0.93139706530791111 0.24488227443916979
v 11888 3914 737.60000000000002
vn 0.031398656908907079 0.99547580847374317 0.089677416821984574
v 11913.083364971853 3912.7129078190665 737.21096584441784
vn 0.24764093931429484 0.94582869807846159 0.20995723151807869
v 11865.841121363494 3870.8707101926366 877.03355813331473
vn 0.35193011856526069 -0.82571269489715848 0.44084434569620351
v 11874 3877.8000000000002 876.76999999999998
vn 0.63467433685801655 -0.59273536336662647 0.49583593571711826
v 11886.995606725846 3897.000471632633 876.09239813852116
vn 0.77672882218344819 -0.27336452583844817 0.56741886891663518
v 11924.902209237776 3906.6291463387361 737.78481215171598
vn 0.60644987837392406 0.76332263958531554 0.22261422442593146
v 11888.206436836186 3916.9261885621418 876.38648470058615
vn 0.79679072740596157 0.20628312276694363 0.56795405622408979
v 11936.995838331874 3893.277420503453 739.28379553425839
vn 0.84995532688962183 0.32798220463391492 0.41231494726171736
v 11881.641834016511 3927.0158124753461 877.51913925207555
vn 0.5471583015817244 0.68195637683594001 0.48533832849157921
v 11866 3931.6999999999998 876.76999999999998
vn 0.63092907821455035 0.7163889455219361 0.29785126656992128
v 11938 3867.0999999999999 737.60000000000002
vn 0.87029960101722514 -0.16958938970527151 0.46240463164705892
v 11931.766351271792 3850.2120571309842 738.1215743038324
vn 0.74952004419242146 -0.46921920327094963 0.4669615001641631
v 11857.239672233631 3933.7016002931737 875.81578421436279
vn 0.29613401786161897 0.95385542080739194 -0.049643525876870043
v 11824 3934 876.76999999999998
vn -0.090392831030388518 0.98740875112064663 -0.12981946814201895
v 11914 3832.4000000000001 737.60000000000002
vn 0.58300116379698519 -0.67349618516747756 0.45443649894811039
v 11906.315911156729 3819.923362102732 723.75963101686057
vn 0.37079831822310366 -0.79827555650228188 0.47462063070824256
v 11895.981056455545 3817.0443814873524 737.21316486530122
vn 0.48118781865224991 -0.84583170711866296 0.23027593537627378
v 11811 3931.5999999999999 876.76999999999998
vn -0.17865878812458633 0.93024155476273407 -0.320517842277876
v 11784 3922.5 876.76999999999998
vn -0.45689555492443973 0.70451737633046041 -0.543048541420316
v 11779.243669789976 3919.1544000489048 874.87154352612936
vn -0.76592705396636462 0.53872429848522163 -0.35090152211697706
v 11767.921968020102 3912.4828456669966 876.91393255748153
vn -0.60673411501108121 0.79406715123949057 0.036483873206119351
v 11865.722804962115 3807.6383179228992 737.21427946222889
vn 0.22138092699264542 -0.95395202125518641 0.20240065787200751
v 11762 3909.6999999999998 876.76999999999998
vn -0.80137347440063822 0.59241014079234466 0.082769436469290997
v 11742 3904.5999999999999 876.76999999999998
vn -0.51004248208768099 0.85007080347948982 0.13128707300253256
v 11854 3806 737.60000000000002
vn 0.20093527750485568 -0.97240113638050818 0.11857927398977751
v 11824 3798.1999999999998 737.60000000000002
vn 0.178919848208867 -0.98324645322403559 0.034843939778251141
v 11801.545380706712 3795.8692209338005 737.03660781318513
vn 0.15446256019646512 -0.98693635034581506 0.045803469995577245
v 11730 3897.4000000000001 876.76999999999998
vn -0.69032600006003308 0.71501288901513305 0.11048340229802903
v 11779.878505700772 3790.2315756622984 736.90552458700313
vn 0.28739993529437513 -0.95311741068002198 0.094702051991491717
v 11720.514226815525 3888.2352944699801 876.81169601932436
vn -0.83192123634387338 0.52588143055106018 0.17707562656009912
v 11751 3780.5 737.60000000000002
vn 0.41157186267372609 -0.89660082745864011 0.16344894632808518
v 11745 3777.1999999999998 737.60000000000002
vn 0.38254503845953919 -0.88279624259893663 0.27263544817794538
v 11730 3770.6999999999998 737.60000000000002
vn 0.38254503845953919 -0.88279624259893663 0.27263544817794538
v 11718 3767.1999999999998 737.60000000000002
vn 0.29840963145812627 -0.84379712792000761 0.44604719343021482
v 11693 3756.9000000000001 737.60000000000002
vn 0.39643581009953266 -0.76121407509536021 0.51321708890823448
v 11664.15688667354 3742.7292622426103 737.70363795346202
vn 0.26366740110748127 -0.5457574227869243 0.79537936675915899
v 11720.002151878043 3871.052997049077 876.76563395993594
vn -0.96547051871781042 -0.11215039580318588 0.23513605892748785
v 11725.983988544816 3861.5894462813467 876.75235406852528
vn -0.85091486082189816 -0.4418412700865651 0.28411299104535992
v 11650.083801974357 3732.0029957980569 737.98525862590566
vn 0.32975901458351492 -0.55165819222489854 0.76611502481811844
v 11737.069652885353 3857.0532658038983 876.73112678516532
vn -0.56330423854000533 -0.74167851792588846 0.3641446290831738
v 11751.263071130814 3854.645936464924 876.60072952354835
vn -0.60514171235709568 -0.48704656462875262 0.62975324679500655
v 11637 3725 737.60000000000002
vn 0.17291590201330245 -0.73159403764737274 0.65944693107917385
v 11622.710527595103 3721.7872055979942 737.78260117049228
vn -0.082116469578683293 -0.76951391826996907 0.63332867850171826
v 11883.542793276576 3928.0140179049044 850.18272346979211
vn 0.30638320085155096 0.95187323310853722 0.0081659247766920698
v 11609 3723.0999999999999 737.60000000000002
vn -0.33320568634863368 -0.74806104739903434 0.57391518532723595
v 11599.059032910516 3728.5683998358609 737.67596028357866
vn -0.49226984109821725 -0.66079858455520035 0.56658241606581805
v 11868.334141778521 3933.7840748227359 862.81462581932783
vn 0.15066375284180042 0.98189522843049881 -0.11481373595978554
v 11823.523122241288 3933.7957654947299 863.04893611619082
vn -0.1546945678071705 0.93081323100439961 -0.33114395612498043
v 11593 3739.5 737.60000000000002
vn -0.67439695767511743 -0.36935381898222025 0.63934849642569358
v 11588.446943826377 3751.1788832590464 737.77348353300795
vn -0.5882220097715769 -0.34606352664233758 0.73091374508087814
v 11801.239285137946 3922.8534211613328 863.05010156045864
vn -0.39969246864656138 0.81391977743940613 -0.42164028080842225
v 11578.9582048718 3769.6896054852805 737.65379604715542
vn -0.64978063549649046 -0.25848951835924044 0.71482046321589376
v 11765 3909.5999999999999 862.85000000000002
vn -0.061780185927636663 0.99808977951513622 2.5576814168788659e-05
v 11575 3783.1999999999998 737.60000000000002
vn -0.78940761963636386 -0.22651906464275801 0.57054773981974549
v 11570 3805.6999999999998 737.60000000000002
vn -0.79901237649473689 -0.095626474752022086 0.59366219311552393
v 11600 3788.0999999999999 751.51999999999998
vn -0.73060778883406474 -0.52587366140517044 0.43551021932363282
v 11595.963916344464 3796.5585173004893 751.45927305451778
vn -0.89946340287319715 0.0088620704919576878 0.43690622632135168
v 11766.692534166759 3893.3632256666897 859.54855072830105
vn -0.72039390239263046 0.44768853225504573 -0.5297240824078514
v 11758.206172597042 3894.311244996476 862.87024772874406
vn -0.5097207347662388 0.62246941728944982 -0.59389948399430215
v 11598.608842707819 3808.3491765548752 751.78257073027237
vn -0.90486476556484396 -0.036855848824656458 0.42410069847465937
v 11740 3875.9000000000001 862.85000000000002
vn -0.47412297529601788 0.78037234399297639 -0.40770873062439955
v 11736.100565130526 3869.8636799975266 863.95371214155966
vn -0.90828139396287588 0.1440220282425714 -0.39278819325655767
v 11595.024347413037 3825.4566640735429 751.54009631928875
vn -0.73689710526404695 0.3199423830841423 0.5954993935848365
v 11736 3866.3000000000002 862.85000000000002
vn -0.83686646154152333 -0.4318775214614794 -0.33635744677836354
v 11743.190965234369 3848.3242519833002 858.50867043162646
vn -0.75340048718871366 -0.61187418309237018 0.24082709558696569
v 11598.986157869949 3830.7532841932607 751.52300130072263
vn -0.47134902171665832 0.5589126376058885 0.68223658891265715
v 11611 3836 751.51999999999998
vn 0.067487985084802055 0.92962505605646073 0.36227424283436971
v 11635.798812465038 3835.4158692549349 751.84664894665684
vn 0.066997327944967877 0.99743839479168528 0.025060060726597701
v 11762.151965207899 3848.4010007296365 863.11886387339291
vn 0.38803927256079235 -0.91975836534937938 0.05890731975169864
v 11775.087407215769 3858.7033808672363 861.76385309182774
vn 0.58119432424090411 -0.8013702907631125 0.14148786008843037
v 11652.497064728495 3833.0866409001455 751.6268482905316
vn 0.13415766207560931 0.97726825853314425 -0.16415989939690567
v 11779.235299316522 3864.9142023009967 862.57587450618621
vn 0.48398005128359733 -0.87477827327097601 0.022940849430134871
v 11799 3871.0999999999999 862.85000000000002
vn 0.29887241121877028 -0.95410105163311854 -0.019143277798104499
v 11663.970460843597 3830.5763928009428 751.51946868895084
vn 0.021861796614920246 0.93726863772218416 -0.34792177654060275
v 11808 3871.9000000000001 862.85000000000002
vn 0.5328446202194006 -0.84102109801988145 -0.093595530815716366
v 11868.73067847062 3872.0071640197784 862.88620308730879
vn 0.20598357479058929 -0.94045442343206032 0.27040015599766315
v 11688 3830.4000000000001 751.51999999999998
vn -0.076399847787493244 0.79942911821814322 -0.59588266311666571
v 11712.688774227052 3834.7186249242363 751.55368115788667
vn -0.11757761226100309 0.77268958957564049 -0.62379989039469164
v 11879 3877.4000000000001 862.85000000000002
vn 0.54508961098951569 -0.69257864757791954 0.47245331294260018
v 11885 3882.6999999999998 862.85000000000002
vn 0.69021794094025801 -0.49938056980107215 0.5236585151693296
v 11733 3837.4000000000001 751.51999999999998
vn -0.10977333405999026 0.83784194134987433 -0.53476228031194151
v 11748.496025741362 3839.3990956451562 751.56709076474544
vn -0.30472805513909434 0.8305940767177854 -0.4661054517300508
v 11891.904573211174 3896.7917867883207 862.92080267562915
vn 0.83280829254176669 -0.20810876396849154 0.51295330219540836
v 11765 3848.8000000000002 751.51999999999998
vn -0.47340800710643044 0.8296196185654513 -0.29600024881549203
v 11781 3861 751.51999999999998
vn -0.35262480070037061 0.83694815072023732 -0.41853738535165413
v 11796 3870.4000000000001 751.51999999999998
vn -0.49520857315318034 0.86436038531869208 -0.087461953827440875
v 11827.978726658112 3897.4450543245234 751.46777140049733
vn -0.50655270810304265 0.85914403164914177 -0.072635299924569255
v 11891.98758748129 3917.5372176550864 862.80253928998945
vn 0.75425756262118593 0.46313437307878103 0.46540528757382238
v 11744.337112091847 3848.3465030670477 848.8655043913119
vn -0.25381843415513333 -0.73438469206677182 -0.62948814646586404
v 11769.749350549546 3848.5841926224603 848.91264439910219
vn 0.27970150590079096 -0.9000668246443031 -0.33413586872940038
v 11787.88378771622 3856.8745727765704 848.93407243440083
vn 0.56529384052820675 -0.82211334104227674 -0.06762047279615413
v 11846 3906.5 751.51999999999998
vn -0.36036804229154945 0.93147541153722135 -0.049884183831354213
v 11864.192298294309 3911.6394480720865 751.58235888708396
vn -0.18101851769389121 0.98344718014540156 -0.0079962563718559056
v 11813 3864 848.94000000000005
vn -0.30622049732128226 -0.94796814411807862 -0.087094229186739341
v 11882.604313122147 3911.7404391282425 750.92402010886906
vn 0.10681006465348181 0.99427850217742486 0.0013675512917286335
v 11826 3865.8000000000002 848.94000000000005
vn -0.17533337362106219 -0.9824238382086361 -0.064043814799468954
v 11845 3866 848.94000000000005
vn -0.076131558425419243 -0.92679039743164737 0.36778192592921982
v 11909.439685241123 3908.856865017282 751.50017176049641
vn 0.33543829944141323 0.94075334254255583 -0.049641673650889673
v 11854 3864.1999999999998 848.94000000000005
vn -0.086903931239660906 -0.94605534029538207 0.31213298421294911
v 11921.549598577052 3902.6812141107075 751.48679387267953
vn 0.62391634998083201 0.78037740502515451 -0.041707241011624853
v 11879 3864.0999999999999 848.94000000000005
vn 0.19582918186164217 -0.91723541304105027 0.3468863338253812
v 11929.475440657432 3892.5406855351521 752.42743252335913
vn 0.94511680000356013 0.3058511355895156 0.11493179372842868
v 11887.041891253379 3867.454595078475 849.31298933023754
vn 0.52038962079860374 -0.78221823123495549 0.34253362066918791
v 11900 3882.8000000000002 848.94000000000005
vn 0.75033831890568337 -0.47134868199675239 0.46348983501444485
v 11928.300914737454 3870.9299307641286 751.92844248355402
vn 0.93757373455386117 -0.19176923793443854 0.29013798726945544
v 11904 3893.1999999999998 848.94000000000005
vn 0.84086513302336519 -0.1623841049469511 0.51631117606166144
v 11903.765961923815 3913.0261960529233 848.8538510871831
vn 0.79713397330256908 0.37674902918825637 0.47184488723792012
v 11891.150885727984 3925.9192770442551 849.43884826961585
vn 0.36987664213013699 0.91094865179375428 0.1826576672403217
v 11920.664226967576 3852.2638973126868 751.79363374141712
vn 0.81232285559183293 -0.48126146314765789 0.32942219471690992
v 11849 3927.9000000000001 848.94000000000005
vn -0.089417257429730099 0.94139706325925543 -0.32523241437561951
v 11908.10004364236 3835.5771334970341 750.34356481791519
vn 0.66747027372495216 -0.7123704358165952 0.21682203732095995
v 11836.934562307732 3925.0510908031415 848.60689804281515
vn -0.2253647691969036 0.83549634877277068 -0.50115523741870172
v 11816.683089982529 3919.1283611860699 848.75235232618797
vn -0.52994802512674688 0.62278503630236315 -0.57558134891787893
v 11888 3818.4000000000001 751.51999999999998
vn 0.54928799642259285 -0.79257033034416158 0.26479231190538793
v 11872.090747294911 3810.6288258000855 751.69925418122011
vn 0.35832979002388637 -0.92057534681059006 0.15537307497117825
v 11797 3912.3000000000002 848.94000000000005
vn -0.45093110804667524 0.46625386976379579 -0.76109688261487651
v 11842 3801.4000000000001 751.51999999999998
vn 0.23455281284144622 -0.95041021803051418 0.20421898895880375
v 11821.660072270541 3796.2859737413173 751.348584301301
vn 0.18748794165690799 -0.96202048795596207 0.1984057773509342
v 11782.38609613303 3905.7015704587984 848.94936867360263
vn -0.37737855372412837 0.54485386078555653 -0.74881219112415542
v 11800 3792.0999999999999 751.51999999999998
vn 0.06806736600376434 -0.97452635171953961 0.21369422895696977
v 11790.909600649742 3791.4626002228124 751.44071006954368
vn 0.066475856439660891 -0.97463919160088752 0.21368061846171735
v 11773 3896.3000000000002 848.94000000000005
vn -0.58102829892012109 0.3119706217154869 -0.75171832958924389
v 11748 3784 751.51999999999998
vn 0.16424751583495678 -0.94128136307354493 0.29497821796270768
v 11722.384031814268 3778.157706482777 752.42578282821887
vn 0.32705376773570971 -0.83575470588140144 0.44107811621862247
v 11750.944019681872 3881.730643572726 849.3262998782302
vn -0.22016362525370806 0.90711349744350034 -0.35871030215337463
v 11741.669188715978 3880.1004091436571 848.96283313583035
vn -0.32363446841783527 0.79226528418197373 -0.51727792368509384
v 11734.011548691473 3869.8625914454351 848.92284535246631
vn -0.78769676276229361 0.21601948340448768 -0.57694834493519553
v 11693.005724078335 3765.6860945086228 752.1958072044124
vn 0.30997602102777122 -0.85692082401872771 0.41182710905288322
v 11735 3858.5 848.94000000000005
vn -0.77795077686109171 -0.18825281266914617 -0.59946098063458575
v 11882.096587818429 3925.3792695124316 834.67890069740588
vn 0.055532129087667123 0.97573327573993995 -0.21180358177518385
v 11676 3760.1999999999998 751.51999999999998
vn 0.0025961486214581583 -0.90243795437039287 0.4308120222604237
v 11634.382363615168 3760.0682719560832 751.49485952898976
vn -0.12202586084234075 -0.83874385844726873 0.53067733059051392
v 11861.631327158779 3928.0540356347456 833.59030761746726
vn -0.17919045648554097 0.90660121381041348 -0.38205368657034111
v 11622.961843547317 3765.4888413296412 751.51438062578802
vn -0.4571440465672833 -0.7313715523146278 0.50607803069584145
v 11843.74644470079 3921.4622165606065 834.91957541605143
vn -0.330916004949872 0.7819281464446135 -0.52828304105442137
v 11611.972750738019 3773.8354944209823 751.51795385635569
vn -0.62875912246886956 -0.63149391536920041 0.45373714942007354
v 11822.806455850621 3912.2690924769308 835.44252039862477
vn -0.50088288241542755 0.59013199523997717 -0.63313550389888618
v 11923.514981407865 3909.5567785851581 766.29243704756436
vn 0.69942500119108009 0.6756568801963686 0.23300739892150979
v 11819 3903.6999999999998 835.01999999999998
vn -0.48790429570757166 0.36927047085337245 -0.79094166509662844
v 11769.234227496789 3887.5047868631073 848.9399772250963
vn -0.5621548307046863 -0.79321010525895219 -0.23409330454002175
v 11818.787401973521 3881.8116196189098 835.04108821257466
vn 0.17190193958936748 0.05580941034084138 -0.98353191757198266
v 11929.943058323597 3898.9333584642468 765.29916928983391
vn 0.89900309794324129 0.33485033354323995 0.28225641536453339
v 11822 3876.6999999999998 835.01999999999998
vn -0.39894792102403692 -0.46456143719450155 -0.79058410519209033
v 11930.212221306972 3881.9966147785672 765.41947191294844
vn 0.90393929984391319 -0.095763973618170573 0.41680091597134766
v 11833.911552395915 3870.2761071784062 821.16186938649355
vn -0.90353422886168111 -0.42254149725135909 -0.071306243596944777
v 11927.302951017718 3868.6906110551417 765.58472836616932
vn 0.84108109174093093 -0.27766289969666852 0.46420460063200758
v 11838.604249554743 3864.5204511416605 835.17227999271859
vn -0.54707580728365646 -0.78530901730272162 0.28982375407818006
v 11878.450411521404 3864.2334458528812 835.01590962199111
vn 0.23540232578014675 -0.8940498010690543 0.38113081510904129
v 11917 3847.0999999999999 765.42999999999995
vn 0.75843570073515287 -0.48775917783019129 0.43228031680009826
v 11907.472854864882 3834.9258874659163 765.28848286008429
vn 0.5968721056241324 -0.68637138991272872 0.41549729799011154
v 11895 3872.0999999999999 835.01999999999998
vn 0.46438981367946786 -0.7972135002124805 0.38573661484193417
v 11896 3827.4000000000001 765.42999999999995
vn 0.51018532974401776 -0.77056971817312903 0.38201209241144768
v 11871.745932758191 3816.4575464031977 765.53593318071682
vn 0.35240191792603726 -0.77603911285483307 0.52304510662230086
v 11906.312025520483 3882.889613751755 835.57670383338518
vn 0.75902903056956961 -0.38804153632721927 0.52277977852766133
v 11856 3810.8000000000002 765.42999999999995
vn 0.26887770433547492 -0.83589510897173203 0.47852288023502187
v 11911.02699158133 3902.9995849784827 832.94626307914405
vn 0.9336128337468792 0.2097967883382191 0.29043481930734621
v 11830.18443026483 3806.6786545655787 765.60230124531256
vn 0.14317270272598473 -0.8737512238173023 0.46482295131792212
v 11909.202157103593 3912.1813784702899 834.19671911173282
vn 0.83996231127853072 0.52322578417818166 0.14386832313874873
v 11806.319999750194 3803.8015033264887 765.54339884833223
vn 0.10191787322633632 -0.8888673353970149 0.44668513203511861
v 11834.095946379861 3893.2439629054365 821.36048608161082
vn -0.93835100893970702 0.19174150934533771 -0.28763271304878696
v 11836.23332606861 3862.4535073271136 821.60468896378495
vn -0.74245032091702967 -0.57904051547868285 0.33686733650560557
v 11773.270346277663 3799.176571460278 765.57812897456938
vn 0.21493988970312483 -0.93281460445224362 0.28923650795674588
v 11843.323991444006 3855.746353026213 821.10003185519599
vn -0.44325884212134553 -0.86169562675454703 0.24698632697647935
v 11855.033511570426 3852.2825740075109 821.12874064994378
vn -0.007274058779260812 -0.97608718395762795 0.21725767508316876
v 11890.039079466324 3852.2547527955635 821.11272458444876
vn 0.45471771430265545 -0.88118897443647382 0.1293746174137895
v 11910.373189694445 3865.5774887718158 821.13395757933597
vn 0.68551366297572414 -0.72056469940337287 0.10419948103197231
v 11749 3792.5 765.42999999999995
vn 0.25697289554747876 -0.93918916499703864 0.22779078845754436
v 11727.065591833307 3783.8817131846126 762.69019482202566
vn 0.31625108484854642 -0.90013039677582674 0.29958391167135529
v 11915.99993906167 3875.5518606753321 821.09627762105902
vn 0.91885183088791345 -0.35385659448880846 0.17463339718024157
v 11915.997193987318 3898.9835330500391 821.14823319405241
vn 0.92911233817281846 0.21369627566803648 0.30180153217081107
v 11903.651157562701 3913.6300053662021 807.21148446925577
vn 0.23386218817145091 0.96883639005806654 0.081636549675465936
v 11680.266497344419 3766.9001448298213 764.62211124041187
vn 0.26249851746045699 -0.86035962951728084 0.43689339229147139
v 11895.671784003021 3925.4960218340457 835.17292171173904
vn 0.40341732097404076 0.90890045738337244 -0.10561450518950655
v 11884 3920.6999999999998 821.10000000000002
vn 0.09720900216598205 0.90222337683127063 -0.42017066555992827
v 11869.934369706423 3921.9502985971421 821.20929005231551
vn -0.26082597566661481 0.89636345599399103 -0.35847226556048484
v 11657.447221611419 3760.0029987485259 765.2081998316944
vn 0.0015031132700562232 -0.92136436636316055 0.3886971122181242
v 11853 3910.3000000000002 821.10000000000002
vn -0.3115848034522169 0.89189598878317033 -0.32777500736043641
v 11628.731455681567 3760.1952643450159 765.37536541056591
vn -0.38176752006056991 -0.83303950072353661 0.4003732644184464
v 11841.905761849943 3904.3666706199037 821.47096469127837
vn -0.59462758377585512 0.69627784425085537 -0.40201393037837613
v 11615.782460675622 3766.8554232592469 765.35100767947506
vn -0.58730396180838385 -0.70780053735632065 0.39254611928062672
v 11912.979830051519 3906.9570546259943 808.39590535241757
vn 0.77783184526493765 0.56616320972927769 0.2728311573863661
v 11605 3777.5999999999999 765.42999999999995
vn -0.72676851091954364 -0.52731078800235487 0.4401714034238533
v 11593.858648816118 3799.5212277821984 765.43356383883452
vn -0.88882870562272043 0.041276107201067572 0.45637683446398242
v 11861 3914 807.19000000000005
vn -0.021973153439363329 0.99920498717881712 0.033265208926293213
v 11854.215906946909 3912.5236415919962 807.58288860540779
vn -0.31017424382673781 0.91010138593974266 -0.27478610914140239
v 11596.653732325276 3825.9343531705931 765.45634777741043
vn -0.71423422643611612 0.35549849903797631 0.60290155661513167
v 11841 3905.8000000000002 807.19000000000005
vn -0.64780582691992439 0.75880484187895203 0.06754866800797471
v 11825.866831812216 3891.8101046018819 808.04852091101236
vn -0.89596688286652393 0.39462360701935745 0.20375365908242316
v 11825.435275704371 3874.4738129808029 807.74990988253012
vn -0.94308646473623081 -0.087229677633314434 0.32090326170250461
v 11605.947999905402 3835.6313415906675 765.42515012605475
vn -0.37066080304210036 0.76216915557102616 0.53076242084791014
v 11829.358510628059 3861.7818416284117 807.49506717449913
vn -0.71511831094505063 -0.64682498757330986 0.26499667319022169
v 11621 3840.6999999999998 765.42999999999995
vn -0.32917242426199661 0.9021855492404236 0.27875930450342884
v 11653 3848.9000000000001 765.42999999999995
vn -0.28276146741435343 0.95744934248521552 0.057764254693623819
v 11662.674971449058 3852.0785287211311 765.43310834293982
vn -0.32323037272895744 0.94483572449530517 -0.052986600786716666
v 11839 3856.4000000000001 807.19000000000005
vn -0.37396820961830601 -0.92586249778673979 -0.054096334321079013
v 11687 3860.4000000000001 765.42999999999995
vn -0.2421502281936225 0.96860091277449001 -0.056351918851101246
v 11709 3865.9000000000001 765.42999999999995
vn -0.18997278548525232 0.98023943947982306 -0.055145100083840437
v 11769 3866 765.42999999999995
vn -0.0016604399772044442 0.9962639863235726 -0.086344151473893169
v 11784 3866.6999999999998 765.42999999999995
vn -0.21579995637565549 0.97630639525014873 -0.016006293197533727
v 11799.722795230395 3870.2772651177165 763.2031825379363
vn -0.45467899811295731 0.88887694350593904 0.056256448328497577
v 11878.477410627496 3855.9808476512408 807.23138301030576
vn 0.24513661729992328 -0.94112752757226259 -0.23278104670370242
v 11821.628570182911 3888.0765791662739 767.6354298994529
vn -0.56553948550684252 0.81433545946534702 0.1304716436242683
v 11888.821499253578 3861.19473346838 806.83288517527035
vn 0.49844423936777205 -0.86531263608222619 0.052795663434716103
v 11901.88150064906 3870.7952892945873 807.45982395593899
vn 0.64347005308582972 -0.76532794863290365 0.014812893811510189
v 11845.529739639838 3903.7552631578487 763.12273644743618
vn -0.41370223251178584 0.90398480385085189 0.10799044967728076
v 11915.7768039818 3884.9546629451415 807.36785577689898
vn 0.86267789659658145 -0.50507669993322069 -0.026160541054520262
v 11915.952203287467 3899.9750131605542 807.34196890484327
vn 0.9544307848755561 0.17014143571181284 0.24518109375674357
v 11830 3860.6999999999998 793.26999999999998
vn -0.52802888391158498 -0.40914119787385445 0.74416999264780448
v 11878.588999847219 3914.1135819690317 766.30267919045946
vn -0.14296262780125946 0.98972808698547488 2.9736021677398908e-05
v 11838.876958522211 3856.3816931001047 793.2758611450821
vn -0.19188701848942988 -0.42806256728435366 0.88314314277197759
v 11880 3856 793.26999999999998
vn 0.16323182545820075 -0.85136503652124296 0.49853078716039817
v 11906.768737181785 3913.1128068449129 764.98649410774317
vn 0.27929393370507355 0.95393085174120751 0.10959392634558032
v 11907.050621755829 3860.665681147173 792.53555414448601
vn 0.68223674904630227 -0.71798907242845755 0.13800257288926224
v 11909.808997350674 3904.2959592852121 779.2030470620283
vn 0.80379638221707539 0.59340776215289093 0.042173495840863558
v 11918.474697573858 3874.5975938861629 792.93681520961763
vn 0.89429322257619559 -0.44713972541860925 -0.01748422165421842
v 11912.198687376487 3893.2986328580946 779.4457470201437
vn 0.99203292941881716 0.046324920214371547 0.1171523312437798
v 11921 3884.8000000000002 793.26999999999998
vn 0.98371398341730065 -0.1232055554582131 -0.13087089032133772
v 11912.012753823043 3875.1171508204261 779.23591983759536
vn 0.94169964475195378 -0.26908822466462284 0.20197352901032728
v 11922.01057883387 3907.9691225433799 793.26919084885321
vn 0.92138948799714948 0.373020233074497 -0.1090748235176133
v 11899.480124754185 3850.7995348064896 779.11837528366732
vn 0.60346765723675511 -0.72075027314094287 0.34109504604499657
v 11912.88185471026 3918.903607348991 793.2429205358801
vn 0.55279597121517599 0.82839789025365784 -0.090407685688545972
v 11884.039790282193 3836.6185994419138 779.41114700216713
vn 0.396216510826646 -0.57784000633420629 0.71352183122035073
v 11904 3923.3000000000002 793.26999999999998
vn 0.22963439098484878 0.97155860092414603 -0.05780944081491949
v 11875 3831 779.35000000000002
vn 0.26887218588163087 -0.52656223906581989 0.80649857783459478
v 11858 3822.9000000000001 779.35000000000002
vn 0.2138664132260355 -0.54896391683678347 0.80802213788054567
v 11878.505311935411 3924.0232379561776 793.19452321735662
vn -0.02296150113610813 0.99874224833257419 -0.044572310476023259
v 11856.911170006761 3916.0602213873876 793.17503978530499
vn -0.36552846393139582 0.90836910802901083 -0.20311205191847528
v 11838.595757004565 3816.1044851871807 779.30836025644248
vn 0.18201661003781139 -0.64073173942843331 0.74587719616526527
v 11821.489465917 3811.3180445381659 779.37111143264804
vn 0.164665522736436 -0.70954006136266767 0.68515557864137544
v 11850 3909.6999999999998 793.26999999999998
vn -0.71201644329893532 0.69314620654759385 -0.11216470398754809
v 11801.316958424493 3806.5894334825102 779.32233055940753
vn 0.21793167501971142 -0.79874023181178422 0.56082067286108495
v 11843.169502268611 3900.6579257817111 780.75222307777585
vn -0.31017424382673781 0.91010138593974266 -0.27478610914140239
v 11759 3794.4000000000001 779.35000000000002
vn 0.20192604608398393 -0.79373746117326072 0.57376538292503776
v 11742 3791.3000000000002 779.35000000000002
vn 0.14356509734696912 -0.78729246932211183 0.59963291318309631
v 11695 3779.5 779.35000000000002
vn 0.18286607064598581 -0.72836485765772896 0.66033675827999572
v 11674.925560483332 3774.2825888151697 779.34978736907817
vn 0.12010520846293937 -0.55580417867236387 0.82259130427595273
v 11846 3907.9000000000001 793.26999999999998
vn -0.09138489840003329 0.91091613971109076 -0.40234386631121927
v 11835.522138705439 3898.6138176152631 792.28469491111537
vn -0.73113373876331611 0.64989218855434694 -0.2075658914610401
v 11643.618820376292 3774.8963599949466 779.42020304608991
vn -0.030814847591948663 -0.40321249418608673 0.91458740954603124
v 11830 3890.4000000000001 793.26999999999998
vn -0.83875395950254339 0.51268874183583568 0.18341769111400805
v 11636.142761757867 3780.1332895481974 779.39196372796823
vn -0.19849236173407844 -0.25403366965776097 0.94660851306833238
v 11823.855865908987 3870.6322240704294 793.02067427651127
vn -0.86614997052930331 0.30372141009567116 0.39690998173588954
v 11628.494801479237 3793.9665278334433 779.36394618152849
vn 0.87562374897869111 0.16663722658795016 0.45333771621119096
v 11826 3864 793.26999999999998
vn -0.69706041505340688 -0.23804392666176957 0.67634448821958948
v 11899.89715431792 3911.757463094069 779.38874818659338
vn 0.36190583563500123 0.91092381839154035 -0.19809584352102791
v 11629 3807 779.35000000000002
vn -0.26368745945931743 0.0025719575353095009 0.96460474224333337
v 11631.610246520044 3812.2579607004477 779.33843163846223
vn -0.23171365013484943 0.19650897838892448 0.95272924052625041
v 11875.952850785123 3911.9094758997276 779.282860432294
vn -0.066622714084205892 0.96048257403336312 -0.27024921636574473
v 11858 3907.1999999999998 779.35000000000002
vn -0.42055557932794041 0.87251871195101993 -0.24868474418724146
v 11640.473819746738 3817.6170368524672 779.3556335120893
vn -0.15179903556135407 0.31825440360106022 0.93577304267176675
v 11833.4386240565 3893.3849490817474 782.29248794605405
vn -0.6761453954014065 0.73667871639827087 -0.011483600623132063
v 11678.529158333045 3833.7498567771408 779.43565178370363
vn -0.14135561715024667 0.46805627212260936 0.87231984708979238
v 11817 3884.8000000000002 779.35000000000002
vn -0.65938439209919708 0.68380387295665512 0.31244917472358752
v 11803 3876.1999999999998 779.35000000000002
vn -0.7566147665496098 0.49612484718580574 0.42590401623363483
v 11783 3864.6999999999998 779.35000000000002
vn -0.68240381191317856 0.43022238408305513 0.59096001363904094
v 11777.378316551452 3861.363531823476 779.29980184432588
vn -0.42872728522489856 0.7010074166804604 0.56989605777077956
v 11772.675346338121 3858.3958253149717 779.25962226486081
vn -0.28342978120817935 0.27092299968904454 0.91992841426046501
v 11735.617268926264 3848.0532943817561 779.1398791646094
vn -0.1806031235035796 0.67810607785969979 0.71242870446837392

# 3022 facets
# ------------------------------------------

f  5 115 3
f  3 113 5
f  4 1 34
f  115 5 1395
f  10 52 103
f  104 107 108
f  6 4 34
f  34 39 6
f  41 86 71
f  6 39 40
f  7 6 40
f  9 7 40
f  61 101 1130
f  61 80 101
f  80 94 101
f  40 44 9
f  80 95 94
f  51 47 8
f  11 9 44
f  44 46 11
f  47 51 15
f  11 46 13
f  38 65 50
f  38 12 65
f  13 46 48
f  13 48 16
f  75 62 489
f  37 2 1127
f  36 2 37
f  17 16 48
f  17 48 119
f  17 119 20
f  2 58 1127
f  119 51 20
f  2 18 58
f  2 36 18
f  14 42 45
f  21 20 51
f  21 51 53
f  22 21 53
f  22 53 55
f  22 55 56
f  1193 22 56
f  1193 56 57
f  76 93 63
f  59 1193 57
f  1193 59 60
f  23 1193 60
f  63 69 76
f  88 632 722
f  3 1380 113
f  24 23 60
f  24 60 64
f  3 1396 1380
f  51 8 53
f  25 24 64
f  25 64 67
f  10 99 52
f  12 214 65
f  70 25 67
f  26 25 70
f  123 42 14
f  27 26 70
f  27 70 72
f  28 27 72
f  29 28 72
f  29 72 73
f  30 29 73
f  30 73 74
f  58 18 54
f  31 30 74
f  36 1127 18
f  36 37 1127
f  78 31 74
f  32 31 78
f  32 78 79
f  33 32 79
f  12 38 214
f  81 33 79
f  35 33 81
f  35 81 34
f  1 35 34
f  1321 86 41
f  105 106 34
f  215 123 14
f  8 47 53
f  83 98 49
f  39 34 106
f  38 50 171
f  109 39 106
f  39 109 40
f  58 54 1124
f  58 1124 1127
f  80 61 476
f  44 40 109
f  109 110 44
f  113 1308 118
f  46 44 110
f  110 111 46
f  113 1313 1308
f  69 63 1246
f  113 1380 1313
f  48 46 111
f  111 114 48
f  50 65 171
f  69 1246 76
f  116 48 114
f  119 48 116
f  116 117 119
f  61 1130 476
f  76 92 93
f  77 632 88
f  97 95 80
f  83 482 98
f  122 51 119
f  89 77 88
f  63 93 92
f  52 99 242
f  51 122 15
f  68 1066 983
f  983 66 68
f  101 94 97
f  95 97 94
f  1223 1321 41
f  1315 1438 120
f  53 181 129
f  55 53 129
f  1315 120 112
f  131 55 129
f  113 1276 5
f  56 55 131
f  56 131 82
f  57 56 82
f  115 1396 3
f  113 118 1276
f  59 57 82
f  59 82 84
f  59 84 60
f  198 121 204
f  204 121 205
f  205 121 206
f  60 84 85
f  60 85 64
f  206 121 209
f  209 121 174
f  174 121 177
f  67 64 85
f  85 87 67
f  177 121 178
f  178 121 182
f  182 121 186
f  186 121 187
f  70 67 87
f  87 90 70
f  187 121 189
f  70 90 91
f  72 70 91
f  189 121 191
f  191 121 123
f  123 121 42
f  42 121 197
f  73 72 91
f  73 91 96
f  73 96 74
f  197 121 198
f  125 141 124
f  126 141 125
f  127 141 126
f  128 141 127
f  130 141 128
f  74 96 100
f  78 74 100
f  132 141 130
f  102 78 100
f  133 141 132
f  133 134 141
f  79 78 102
f  102 105 79
f  136 141 134
f  81 79 105
f  81 105 34
f  138 141 136
f  82 131 183
f  82 183 135
f  139 141 138
f  144 141 139
f  137 82 135
f  84 82 137
f  144 124 141
f  147 173 145
f  140 84 137
f  148 173 147
f  142 84 140
f  85 84 142
f  85 142 143
f  149 173 148
f  151 173 149
f  87 85 143
f  153 173 151
f  154 173 153
f  146 87 143
f  154 157 173
f  160 173 157
f  90 87 146
f  160 164 173
f  91 90 146
f  164 166 173
f  150 91 146
f  168 173 166
f  170 173 168
f  145 173 170
f  150 152 91
f  235 209 236
f  236 209 239
f  91 152 96
f  239 209 241
f  241 209 324
f  324 209 243
f  209 174 243
f  152 155 96
f  174 249 243
f  100 96 155
f  155 156 100
f  177 249 174
f  102 100 156
f  249 177 250
f  177 178 250
f  178 182 250
f  105 102 156
f  105 156 158
f  106 105 158
f  106 158 159
f  182 252 250
f  159 161 106
f  186 252 182
f  186 254 252
f  109 106 161
f  109 161 162
f  110 109 162
f  110 162 163
f  110 163 111
f  186 187 254
f  254 187 256
f  114 111 163
f  187 189 256
f  256 189 258
f  165 114 163
f  116 114 165
f  259 258 189
f  117 116 165
f  191 259 189
f  117 165 167
f  119 117 167
f  191 262 259
f  191 123 262
f  169 119 167
f  262 123 264
f  123 266 264
f  122 119 169
f  122 169 38
f  122 38 172
f  123 268 266
f  123 212 268
f  175 122 172
f  123 213 212
f  15 122 175
f  15 175 176
f  213 123 215
f  47 15 176
f  45 42 216
f  42 217 216
f  53 47 220
f  197 217 42
f  220 179 53
f  217 197 219
f  53 179 181
f  197 198 219
f  297 219 198
f  198 204 297
f  205 297 204
f  183 129 181
f  129 183 131
f  205 222 297
f  205 206 222
f  224 222 206
f  209 224 206
f  135 183 185
f  224 209 227
f  185 188 135
f  227 209 228
f  228 209 229
f  137 135 188
f  209 231 229
f  188 190 137
f  231 209 232
f  140 137 190
f  232 209 235
f  355 268 270
f  142 140 190
f  142 190 192
f  142 192 143
f  270 268 271
f  192 193 143
f  271 268 273
f  143 193 146
f  273 268 276
f  276 268 278
f  193 194 146
f  278 268 279
f  146 194 150
f  279 268 281
f  150 194 195
f  152 150 195
f  195 196 152
f  281 268 282
f  268 286 282
f  268 212 286
f  212 288 286
f  152 196 199
f  155 152 199
f  156 155 199
f  199 200 156
f  212 213 288
f  158 156 200
f  158 200 159
f  213 290 288
f  161 159 200
f  161 200 201
f  162 161 201
f  162 201 202
f  162 202 203
f  213 215 290
f  215 291 290
f  163 162 203
f  14 291 215
f  203 207 163
f  45 291 14
f  163 207 208
f  163 208 165
f  292 291 45
f  45 216 292
f  165 208 210
f  167 165 210
f  210 211 167
f  216 217 292
f  169 167 211
f  211 245 169
f  217 294 292
f  217 219 294
f  38 169 245
f  38 245 214
f  296 294 219
f  38 171 172
f  297 296 219
f  222 300 297
f  224 300 222
f  171 218 172
f  224 304 300
f  175 172 218
f  175 218 176
f  224 227 304
f  306 304 227
f  47 176 218
f  47 218 220
f  227 228 306
f  307 306 228
f  180 179 220
f  179 180 181
f  229 307 228
f  181 180 184
f  183 181 184
f  184 185 183
f  307 229 308
f  180 248 221
f  184 180 221
f  229 311 308
f  223 184 221
f  184 223 185
f  229 231 311
f  231 316 311
f  231 232 316
f  185 223 188
f  446 316 232
f  188 223 225
f  188 225 190
f  235 446 232
f  192 190 225
f  192 225 226
f  235 317 446
f  193 192 226
f  235 236 317
f  239 317 236
f  230 193 226
f  194 193 230
f  239 450 317
f  319 450 239
f  233 194 230
f  195 194 233
f  195 233 234
f  195 234 196
f  241 319 239
f  321 319 241
f  199 196 234
f  324 321 241
f  200 199 234
f  324 362 321
f  237 200 234
f  201 200 237
f  201 237 238
f  202 201 238
f  243 326 324
f  203 202 238
f  329 326 243
f  243 249 329
f  249 331 329
f  207 203 238
f  208 207 238
f  238 240 208
f  249 332 331
f  249 250 332
f  210 208 240
f  210 240 242
f  332 250 334
f  211 210 242
f  211 242 244
f  245 211 244
f  244 43 245
f  250 252 334
f  252 336 334
f  252 254 336
f  65 214 245
f  254 339 336
f  256 339 254
f  256 341 339
f  171 65 247
f  218 171 247
f  247 248 218
f  258 341 256
f  220 218 248
f  258 342 341
f  180 220 248
f  253 248 251
f  221 248 253
f  259 342 258
f  253 255 221
f  342 259 343
f  221 255 223
f  259 262 343
f  264 343 262
f  223 255 257
f  225 223 257
f  264 346 343
f  226 225 257
f  266 346 264
f  266 347 346
f  266 268 347
f  268 348 347
f  226 257 260
f  226 260 230
f  268 349 348
f  268 350 349
f  233 230 260
f  233 260 234
f  350 268 351
f  351 268 353
f  237 234 260
f  237 260 261
f  237 261 238
f  353 268 354
f  354 268 355
f  238 261 263
f  357 355 402
f  238 263 240
f  355 270 402
f  240 263 265
f  242 240 265
f  402 270 403
f  267 242 265
f  270 271 403
f  269 242 267
f  271 406 403
f  271 273 406
f  272 242 269
f  273 276 406
f  274 242 272
f  242 274 275
f  406 276 408
f  52 242 275
f  276 515 408
f  244 242 99
f  244 99 43
f  277 43 99
f  245 43 277
f  276 518 515
f  276 410 518
f  65 245 277
f  65 277 280
f  247 65 280
f  247 280 314
f  247 314 246
f  276 278 410
f  248 247 246
f  246 251 248
f  413 410 278
f  278 279 413
f  417 413 279
f  246 284 285
f  246 285 251
f  281 417 279
f  418 417 281
f  251 285 287
f  251 287 253
f  281 282 418
f  282 286 418
f  255 253 287
f  287 289 255
f  286 288 418
f  257 255 289
f  257 289 320
f  288 423 418
f  288 290 423
f  290 531 423
f  320 293 257
f  290 533 531
f  290 291 533
f  260 257 293
f  260 293 295
f  291 424 533
f  261 260 295
f  295 325 261
f  291 292 424
f  261 325 298
f  261 298 263
f  424 292 426
f  263 298 299
f  265 263 299
f  292 294 426
f  299 301 265
f  294 427 426
f  267 265 301
f  301 302 267
f  294 296 427
f  267 302 269
f  297 427 296
f  297 430 427
f  269 302 272
f  297 300 430
f  272 302 303
f  274 272 303
f  300 431 430
f  275 274 303
f  303 305 275
f  300 304 431
f  433 431 304
f  103 275 305
f  275 103 52
f  306 433 304
f  433 306 436
f  306 307 436
f  309 99 10
f  99 309 310
f  307 439 436
f  312 99 310
f  277 99 312
f  312 313 277
f  307 308 439
f  440 439 308
f  277 313 314
f  280 277 314
f  441 440 308
f  308 311 441
f  311 442 441
f  314 284 246
f  316 442 311
f  442 316 443
f  316 446 443
f  283 314 377
f  283 284 314
f  284 283 315
f  446 317 450
f  284 315 285
f  450 319 359
f  319 361 359
f  285 315 318
f  287 285 318
f  319 321 361
f  361 321 362
f  320 287 318
f  289 287 320
f  326 362 324
f  363 362 326
f  329 363 326
f  329 365 363
f  329 331 365
f  320 322 293
f  331 367 365
f  293 322 323
f  293 323 295
f  331 332 367
f  332 368 367
f  325 295 323
f  332 334 368
f  371 368 334
f  372 371 334
f  327 298 325
f  298 327 299
f  334 336 372
f  301 299 327
f  301 327 328
f  302 301 328
f  336 374 372
f  330 302 328
f  336 339 374
f  374 339 376
f  303 302 330
f  330 333 303
f  339 341 376
f  303 333 356
f  303 356 305
f  376 341 378
f  305 356 335
f  103 305 335
f  341 342 378
f  337 103 335
f  342 381 378
f  342 343 381
f  103 337 10
f  343 383 381
f  10 337 338
f  385 383 343
f  340 10 338
f  343 346 385
f  346 347 385
f  309 10 340
f  310 309 340
f  347 104 385
f  347 348 104
f  344 310 340
f  344 345 310
f  348 386 104
f  348 349 386
f  312 310 345
f  312 345 373
f  313 312 373
f  313 373 377
f  314 313 377
f  349 388 386
f  283 379 380
f  283 380 315
f  349 350 388
f  350 390 388
f  350 351 390
f  315 380 382
f  315 382 318
f  390 351 392
f  353 392 351
f  318 382 384
f  353 393 392
f  320 318 384
f  354 393 353
f  393 354 396
f  387 320 384
f  387 322 320
f  399 396 354
f  389 322 387
f  322 389 323
f  354 355 399
f  357 399 355
f  323 389 391
f  325 323 391
f  457 452 450
f  450 359 457
f  458 457 359
f  394 325 391
f  325 394 395
f  327 325 395
f  359 361 458
f  397 327 395
f  327 397 398
f  328 327 398
f  361 362 458
f  400 328 398
f  362 460 458
f  330 328 400
f  400 401 330
f  362 363 460
f  401 352 330
f  363 365 460
f  464 460 365
f  333 330 352
f  333 352 434
f  365 367 464
f  333 434 356
f  368 464 367
f  368 465 464
f  356 437 358
f  335 356 358
f  371 465 368
f  358 360 335
f  475 465 371
f  371 372 475
f  337 335 360
f  337 360 444
f  372 374 475
f  364 337 444
f  374 376 475
f  366 337 364
f  337 366 338
f  376 80 475
f  477 80 376
f  376 378 477
f  369 338 366
f  338 369 340
f  478 477 378
f  381 478 378
f  480 478 381
f  344 340 369
f  345 344 369
f  369 370 345
f  381 383 480
f  383 385 480
f  385 486 480
f  373 345 370
f  488 486 385
f  385 108 488
f  385 104 108
f  373 375 377
f  104 490 107
f  104 386 490
f  386 492 490
f  386 388 492
f  388 390 492
f  390 493 492
f  283 377 379
f  390 392 493
f  495 493 392
f  428 401 425
f  401 428 429
f  392 393 495
f  352 401 429
f  393 496 495
f  432 352 429
f  393 396 496
f  399 496 396
f  352 432 434
f  499 496 399
f  499 399 500
f  399 504 500
f  356 434 435
f  399 357 504
f  437 356 435
f  357 506 504
f  357 402 506
f  402 403 506
f  438 358 437
f  358 438 360
f  403 508 506
f  509 508 403
f  403 406 509
f  62 360 438
f  511 509 406
f  444 360 62
f  513 511 406
f  406 408 513
f  515 513 408
f  410 519 518
f  520 519 410
f  445 364 444
f  410 413 520
f  447 364 445
f  364 447 366
f  413 523 520
f  413 417 523
f  369 366 447
f  369 447 448
f  369 448 370
f  417 524 523
f  448 449 370
f  417 526 524
f  417 418 526
f  373 370 449
f  449 451 373
f  418 527 526
f  451 375 373
f  375 451 501
f  528 527 418
f  375 501 453
f  377 375 453
f  423 528 418
f  379 377 453
f  379 453 455
f  379 455 380
f  528 423 531
f  533 424 538
f  404 380 455
f  380 404 382
f  424 426 538
f  382 404 405
f  382 405 384
f  538 426 539
f  426 427 539
f  542 539 427
f  407 384 405
f  544 542 427
f  387 384 407
f  427 430 544
f  387 407 409
f  387 409 389
f  430 548 544
f  430 431 548
f  391 389 409
f  409 411 391
f  431 552 548
f  431 433 552
f  394 391 411
f  394 411 412
f  395 394 412
f  554 552 433
f  412 414 395
f  433 436 554
f  395 414 415
f  397 395 415
f  397 415 416
f  398 397 416
f  439 554 436
f  554 439 556
f  439 440 556
f  419 398 416
f  400 398 419
f  400 419 420
f  401 400 420
f  401 420 421
f  401 421 422
f  440 441 556
f  442 556 441
f  425 401 422
f  453 454 455
f  558 556 442
f  442 443 558
f  559 558 443
f  404 455 456
f  443 446 559
f  446 450 559
f  405 404 456
f  456 459 405
f  450 452 559
f  643 561 452
f  405 459 461
f  407 405 461
f  461 462 407
f  452 457 643
f  409 407 462
f  409 462 463
f  562 643 457
f  457 458 562
f  563 562 458
f  411 409 463
f  411 463 466
f  412 411 466
f  466 467 412
f  458 460 563
f  412 467 468
f  414 412 468
f  415 414 468
f  415 468 416
f  460 566 563
f  468 469 416
f  567 566 460
f  419 416 469
f  420 419 469
f  420 469 470
f  421 420 470
f  421 470 471
f  421 471 422
f  460 464 567
f  568 567 464
f  422 471 425
f  464 465 568
f  465 571 568
f  428 425 471
f  428 471 472
f  428 472 429
f  1127 571 465
f  465 572 1127
f  429 472 432
f  465 475 572
f  432 472 473
f  432 473 474
f  572 475 573
f  476 573 475
f  475 80 476
f  80 477 97
f  479 432 474
f  575 97 477
f  481 432 479
f  432 481 482
f  434 432 482
f  434 482 483
f  483 435 434
f  477 478 575
f  435 483 484
f  437 435 484
f  437 484 485
f  438 437 485
f  438 485 546
f  478 480 575
f  480 576 575
f  438 546 487
f  62 438 487
f  480 579 576
f  489 62 487
f  480 486 579
f  486 580 579
f  488 580 486
f  488 107 580
f  62 491 444
f  488 108 107
f  444 491 445
f  490 586 107
f  447 445 491
f  490 492 586
f  492 587 586
f  448 447 491
f  448 491 494
f  492 493 587
f  449 448 494
f  493 588 587
f  494 497 449
f  493 589 588
f  449 497 498
f  451 449 498
f  493 495 589
f  495 496 589
f  501 451 498
f  499 589 496
f  500 589 499
f  501 454 453
f  504 589 500
f  454 502 503
f  455 454 503
f  504 506 589
f  505 455 503
f  505 456 455
f  508 589 506
f  590 589 508
f  508 509 590
f  507 456 505
f  459 456 507
f  591 590 509
f  511 591 509
f  511 592 591
f  510 459 507
f  513 592 511
f  461 459 510
f  461 510 512
f  462 461 512
f  592 513 593
f  514 462 512
f  462 514 463
f  515 593 513
f  593 515 518
f  519 593 518
f  463 514 516
f  466 463 516
f  466 516 517
f  467 466 517
f  519 595 593
f  468 467 517
f  519 520 595
f  520 596 595
f  521 468 517
f  468 521 522
f  469 468 522
f  520 523 596
f  469 522 704
f  469 704 525
f  596 523 599
f  523 524 599
f  470 469 525
f  470 525 620
f  471 470 620
f  471 620 529
f  472 471 529
f  472 529 530
f  473 472 530
f  524 653 599
f  474 473 530
f  530 532 474
f  524 602 653
f  524 526 602
f  526 604 602
f  526 527 604
f  527 609 604
f  479 474 532
f  532 534 479
f  527 528 609
f  479 534 535
f  481 479 535
f  481 535 537
f  481 537 98
f  482 481 98
f  528 612 609
f  528 531 612
f  540 482 83
f  483 482 540
f  483 540 541
f  614 612 531
f  543 483 541
f  484 483 543
f  614 531 533
f  545 484 543
f  485 484 545
f  485 545 546
f  533 538 614
f  538 617 614
f  619 617 538
f  487 546 547
f  547 549 487
f  538 539 619
f  489 487 549
f  549 75 489
f  624 619 539
f  542 624 539
f  62 75 491
f  624 542 628
f  542 544 628
f  491 75 550
f  494 491 550
f  550 551 494
f  630 628 544
f  544 548 630
f  630 548 631
f  497 494 551
f  497 551 553
f  498 497 553
f  498 553 597
f  633 631 548
f  548 552 633
f  498 597 555
f  501 498 555
f  501 555 502
f  454 501 502
f  502 600 601
f  552 554 633
f  503 502 601
f  601 603 503
f  633 554 635
f  636 635 554
f  503 603 605
f  503 605 505
f  554 556 636
f  505 605 606
f  507 505 606
f  606 607 507
f  637 636 556
f  556 558 637
f  507 607 608
f  510 507 608
f  558 641 637
f  558 559 641
f  610 510 608
f  510 610 512
f  561 641 559
f  512 610 611
f  514 512 611
f  559 452 561
f  1103 1101 643
f  643 562 1103
f  516 514 611
f  562 1105 1103
f  517 516 611
f  517 611 615
f  615 616 517
f  1106 1105 562
f  563 1106 562
f  1106 563 1108
f  521 517 616
f  521 616 704
f  521 704 522
f  563 566 1108
f  566 1110 1108
f  1110 566 1113
f  566 1114 1113
f  566 567 1114
f  567 1120 1114
f  1121 1120 567
f  620 525 704
f  567 568 1121
f  568 1122 1121
f  621 529 620
f  529 621 530
f  568 571 1122
f  530 621 532
f  571 1124 1122
f  534 532 621
f  534 621 622
f  535 534 622
f  537 535 622
f  537 622 623
f  571 1127 1124
f  625 537 623
f  537 625 626
f  537 626 627
f  572 1128 1127
f  629 537 627
f  572 573 1128
f  1130 1128 573
f  536 537 629
f  573 476 1130
f  557 537 536
f  97 575 101
f  101 575 1169
f  560 537 557
f  1169 575 1171
f  576 1171 575
f  576 1132 1171
f  564 537 560
f  537 564 565
f  576 579 1132
f  579 1135 1132
f  579 580 1135
f  569 537 565
f  537 569 570
f  580 1074 1135
f  580 107 1074
f  1074 107 1076
f  574 537 570
f  1076 107 1077
f  107 618 1077
f  98 537 574
f  574 49 98
f  586 618 107
f  586 613 618
f  540 83 49
f  540 49 577
f  540 577 541
f  586 659 613
f  541 577 578
f  586 587 659
f  543 541 578
f  587 588 659
f  578 581 543
f  659 588 661
f  543 581 582
f  545 543 582
f  545 582 583
f  546 545 583
f  546 583 584
f  584 547 546
f  584 585 547
f  588 589 661
f  549 547 585
f  549 585 666
f  661 589 664
f  75 549 666
f  664 589 669
f  589 671 669
f  550 75 666
f  589 672 671
f  670 550 666
f  551 550 670
f  672 589 673
f  589 590 673
f  590 674 673
f  594 551 670
f  553 551 594
f  590 591 674
f  553 594 754
f  553 754 597
f  591 678 674
f  591 592 678
f  555 597 598
f  592 644 678
f  600 555 598
f  502 555 600
f  632 77 536
f  592 593 644
f  595 644 593
f  634 536 77
f  595 646 644
f  557 536 634
f  557 634 729
f  595 596 646
f  646 596 648
f  596 649 648
f  638 557 729
f  557 638 560
f  596 599 649
f  653 649 599
f  638 639 560
f  602 654 653
f  564 560 639
f  564 639 640
f  564 640 565
f  602 604 654
f  654 604 656
f  604 609 656
f  642 565 640
f  656 609 657
f  609 613 657
f  642 645 565
f  609 612 613
f  612 618 613
f  569 565 645
f  569 645 647
f  612 614 618
f  570 569 647
f  617 618 614
f  617 1077 618
f  650 570 647
f  617 619 1077
f  619 1079 1077
f  570 650 574
f  624 1079 619
f  650 651 574
f  1079 624 1080
f  49 574 651
f  49 651 652
f  1081 1080 624
f  624 628 1081
f  577 49 652
f  577 652 655
f  1084 1081 628
f  578 577 655
f  1087 1084 628
f  628 630 1087
f  1088 1087 630
f  658 578 655
f  630 631 1088
f  581 578 658
f  581 658 660
f  582 581 660
f  631 1091 1088
f  662 582 660
f  583 582 662
f  583 662 663
f  631 633 1091
f  584 583 663
f  584 663 665
f  585 584 665
f  585 665 666
f  1092 1091 633
f  1096 1092 633
f  633 635 1096
f  1096 635 1097
f  667 668 666
f  635 636 1097
f  637 1097 636
f  637 1099 1097
f  670 666 668
f  637 641 1099
f  561 1099 641
f  561 1101 1099
f  561 643 1101
f  678 725 675
f  678 682 725
f  594 670 750
f  594 750 754
f  678 644 682
f  646 682 644
f  646 686 682
f  646 648 686
f  597 754 676
f  597 676 677
f  677 598 597
f  686 648 738
f  648 739 738
f  679 598 677
f  600 598 679
f  600 679 680
f  648 649 739
f  601 600 680
f  739 649 687
f  683 601 680
f  653 687 649
f  603 601 683
f  683 684 603
f  689 687 653
f  605 603 684
f  605 684 685
f  653 654 689
f  654 690 689
f  688 605 685
f  606 605 688
f  654 656 690
f  656 691 690
f  694 691 656
f  692 606 688
f  607 606 692
f  607 692 693
f  656 657 694
f  608 607 693
f  695 694 657
f  657 613 695
f  696 608 693
f  610 608 696
f  610 696 697
f  611 610 697
f  697 698 611
f  613 659 695
f  659 699 695
f  659 661 699
f  664 699 661
f  700 611 698
f  615 611 700
f  616 615 700
f  701 699 664
f  702 616 700
f  616 702 704
f  701 664 703
f  664 669 703
f  669 706 703
f  706 669 707
f  669 709 707
f  620 704 705
f  669 671 709
f  671 718 709
f  708 620 705
f  621 620 708
f  671 723 718
f  710 621 708
f  621 710 711
f  621 711 712
f  622 621 712
f  622 712 713
f  622 713 714
f  622 714 623
f  671 672 723
f  623 714 715
f  625 623 715
f  625 715 716
f  626 625 716
f  626 716 717
f  627 626 717
f  672 681 723
f  672 673 681
f  719 627 717
f  627 719 629
f  674 681 673
f  629 719 720
f  720 721 629
f  674 675 681
f  629 721 632
f  536 629 632
f  722 632 812
f  674 678 675
f  681 724 723
f  681 675 724
f  724 675 725
f  682 726 725
f  727 77 89
f  727 877 77
f  728 726 682
f  77 877 634
f  682 686 728
f  634 877 729
f  728 686 738
f  744 742 739
f  739 687 744
f  638 729 730
f  638 730 731
f  639 638 731
f  639 731 732
f  639 732 640
f  747 744 687
f  640 732 642
f  689 747 687
f  748 747 689
f  645 642 732
f  732 733 645
f  689 690 748
f  645 733 734
f  645 734 647
f  690 691 748
f  734 735 647
f  691 751 748
f  650 647 735
f  650 735 736
f  651 650 736
f  652 651 736
f  736 737 652
f  691 694 751
f  751 694 752
f  655 652 737
f  695 752 694
f  695 753 752
f  753 695 757
f  757 695 758
f  658 655 737
f  695 777 758
f  658 737 740
f  658 740 660
f  695 699 777
f  662 660 740
f  662 740 741
f  662 741 663
f  777 699 780
f  699 701 780
f  665 663 741
f  665 741 743
f  666 665 743
f  743 667 666
f  667 743 893
f  667 893 745
f  668 667 745
f  745 746 668
f  701 762 780
f  784 762 701
f  701 703 784
f  703 763 784
f  749 670 668
f  706 763 703
f  706 766 763
f  670 749 750
f  766 706 767
f  767 706 768
f  706 771 768
f  706 707 771
f  707 718 771
f  709 718 707
f  771 718 801
f  718 804 801
f  755 676 754
f  676 755 756
f  723 804 718
f  677 676 756
f  723 807 804
f  724 807 723
f  679 677 756
f  679 756 759
f  679 759 680
f  724 809 807
f  725 809 724
f  680 759 760
f  683 680 760
f  683 760 761
f  725 726 809
f  684 683 761
f  810 809 726
f  764 684 761
f  684 764 765
f  726 728 810
f  728 813 810
f  769 684 765
f  684 769 770
f  728 738 813
f  738 815 813
f  815 738 739
f  774 684 770
f  684 774 685
f  742 815 739
f  815 742 817
f  685 774 775
f  688 685 775
f  775 776 688
f  817 742 819
f  742 820 819
f  742 744 820
f  822 820 744
f  692 688 776
f  692 776 778
f  692 778 693
f  825 822 744
f  744 747 825
f  696 693 778
f  696 778 779
f  697 696 779
f  747 826 825
f  781 697 779
f  697 781 698
f  747 748 826
f  748 830 826
f  748 751 830
f  831 830 751
f  751 752 831
f  786 698 781
f  700 698 786
f  786 787 700
f  835 831 752
f  752 753 835
f  702 700 787
f  753 757 835
f  787 790 702
f  835 757 772
f  757 758 772
f  704 702 790
f  704 790 792
f  792 705 704
f  758 773 772
f  792 793 705
f  777 773 758
f  705 793 708
f  762 782 780
f  762 783 782
f  710 708 793
f  710 793 795
f  710 795 796
f  784 783 762
f  711 710 796
f  711 796 798
f  712 711 798
f  713 712 798
f  713 798 799
f  714 713 799
f  715 714 799
f  715 799 800
f  716 715 800
f  763 785 784
f  716 800 717
f  763 788 785
f  717 800 802
f  719 717 802
f  719 802 803
f  766 788 763
f  720 719 803
f  720 803 805
f  721 720 805
f  721 805 806
f  766 789 788
f  632 721 806
f  632 806 808
f  766 767 789
f  767 791 789
f  811 632 808
f  632 811 812
f  794 791 767
f  867 812 865
f  767 768 794
f  722 812 867
f  867 870 722
f  794 768 797
f  892 797 768
f  768 771 892
f  892 771 801
f  835 772 834
f  722 874 88
f  772 866 834
f  88 874 89
f  869 866 772
f  772 773 869
f  871 869 773
f  773 777 871
f  777 780 871
f  727 89 874
f  727 874 876
f  727 876 877
f  780 782 871
f  782 872 871
f  729 877 878
f  878 730 729
f  730 878 879
f  731 730 879
f  732 731 879
f  732 879 880
f  733 732 880
f  733 880 881
f  734 733 881
f  735 734 881
f  735 881 882
f  736 735 882
f  783 872 782
f  884 736 882
f  737 736 884
f  884 885 737
f  783 873 872
f  873 783 784
f  784 785 873
f  737 885 887
f  875 873 785
f  740 737 887
f  740 887 889
f  740 889 890
f  740 890 741
f  785 788 875
f  788 789 875
f  743 741 890
f  791 875 789
f  893 743 890
f  883 875 791
f  791 794 883
f  883 794 886
f  895 745 893
f  745 895 746
f  794 797 886
f  746 895 896
f  668 746 896
f  749 668 896
f  749 896 897
f  749 897 750
f  886 797 888
f  797 891 888
f  892 891 797
f  897 899 750
f  801 894 892
f  754 750 899
f  899 755 754
f  755 899 900
f  755 900 756
f  801 898 894
f  898 801 901
f  837 901 801
f  756 900 962
f  756 962 903
f  759 756 903
f  759 903 963
f  759 963 905
f  759 905 906
f  760 759 906
f  801 804 837
f  908 760 906
f  760 908 761
f  838 837 804
f  804 807 838
f  839 838 807
f  764 761 908
f  764 908 910
f  765 764 910
f  910 911 765
f  807 809 839
f  840 839 809
f  911 814 765
f  809 810 840
f  810 813 840
f  816 765 814
f  769 765 816
f  840 813 844
f  818 769 816
f  770 769 818
f  813 815 844
f  815 848 844
f  815 849 848
f  815 817 849
f  818 821 770
f  849 817 850
f  854 850 817
f  774 770 821
f  774 821 823
f  775 774 823
f  775 823 824
f  817 819 854
f  855 854 819
f  776 775 824
f  820 855 819
f  776 824 827
f  778 776 827
f  778 827 828
f  778 828 829
f  779 778 829
f  820 857 855
f  820 822 857
f  822 825 857
f  832 779 829
f  781 779 832
f  832 833 781
f  825 858 857
f  825 826 858
f  826 860 858
f  826 830 860
f  860 830 862
f  830 831 862
f  786 781 833
f  786 833 836
f  862 831 863
f  864 863 831
f  787 786 836
f  834 864 831
f  831 835 834
f  837 949 901
f  837 902 949
f  841 787 836
f  787 841 790
f  837 838 902
f  790 841 842
f  792 790 842
f  792 842 843
f  838 904 902
f  793 792 843
f  843 845 793
f  839 904 838
f  793 845 846
f  795 793 846
f  795 846 847
f  795 847 796
f  839 907 904
f  840 907 839
f  907 840 909
f  798 796 847
f  840 844 909
f  851 798 847
f  799 798 851
f  799 851 852
f  799 852 853
f  799 853 800
f  844 912 909
f  913 912 844
f  844 848 913
f  802 800 853
f  802 853 856
f  802 856 803
f  848 915 913
f  848 849 915
f  805 803 856
f  849 916 915
f  806 805 856
f  849 850 916
f  806 856 859
f  806 859 808
f  850 854 916
f  855 916 854
f  855 918 916
f  811 808 859
f  811 859 861
f  855 857 918
f  812 811 861
f  922 918 857
f  857 858 922
f  865 812 861
f  858 927 922
f  858 860 927
f  911 965 814
f  860 862 927
f  814 965 816
f  862 929 927
f  816 965 818
f  863 929 862
f  864 929 863
f  818 965 821
f  864 931 929
f  823 821 965
f  823 965 824
f  864 834 931
f  965 967 824
f  866 932 834
f  827 824 967
f  827 967 968
f  828 827 968
f  828 968 969
f  828 969 829
f  866 933 932
f  866 936 933
f  866 869 936
f  832 829 969
f  832 969 971
f  832 971 833
f  938 936 869
f  869 871 938
f  871 872 938
f  938 872 940
f  941 940 872
f  975 833 971
f  833 975 836
f  872 873 941
f  873 875 941
f  975 976 836
f  875 944 941
f  66 944 875
f  875 883 66
f  883 886 66
f  841 836 976
f  841 976 979
f  842 841 979
f  66 886 946
f  981 842 979
f  843 842 981
f  888 946 886
f  888 891 946
f  948 946 891
f  984 843 981
f  845 843 984
f  891 892 948
f  986 845 984
f  846 845 986
f  892 894 948
f  988 846 986
f  846 988 847
f  894 898 948
f  898 901 948
f  948 901 949
f  949 902 952
f  952 902 954
f  847 988 991
f  955 954 902
f  851 847 991
f  902 904 955
f  904 907 955
f  995 851 991
f  852 851 995
f  955 907 957
f  853 852 995
f  907 958 957
f  907 909 958
f  995 999 853
f  958 909 959
f  909 912 959
f  959 912 961
f  912 913 961
f  856 853 999
f  999 1002 856
f  913 964 961
f  915 964 913
f  915 916 964
f  856 1002 1004
f  859 856 1004
f  1004 1005 859
f  916 918 964
f  859 1005 1006
f  861 859 1006
f  966 964 918
f  922 966 918
f  1006 1008 861
f  970 966 922
f  922 927 970
f  865 861 1008
f  1008 1009 865
f  927 972 970
f  927 929 972
f  1046 972 929
f  867 865 1009
f  1009 1012 867
f  929 931 1046
f  867 1012 868
f  1046 931 834
f  870 867 868
f  932 1046 834
f  914 870 868
f  932 973 1046
f  932 933 973
f  933 936 973
f  936 974 973
f  917 870 914
f  977 974 936
f  919 870 917
f  870 919 920
f  920 722 870
f  722 920 874
f  936 938 977
f  874 920 921
f  876 874 921
f  938 978 977
f  923 876 921
f  877 876 923
f  877 923 924
f  924 878 877
f  878 924 925
f  878 925 926
f  879 878 926
f  940 978 938
f  928 879 926
f  940 980 978
f  880 879 928
f  880 928 930
f  941 980 940
f  941 982 980
f  881 880 930
f  944 982 941
f  934 881 930
f  881 934 935
f  882 881 935
f  982 944 983
f  935 937 882
f  944 66 983
f  66 946 68
f  884 882 937
f  884 937 939
f  1069 68 946
f  885 884 939
f  946 948 1069
f  948 985 1069
f  942 885 939
f  887 885 942
f  942 943 887
f  948 949 985
f  985 949 952
f  889 887 943
f  889 943 945
f  889 945 890
f  954 987 952
f  954 1007 987
f  945 947 890
f  954 1031 1007
f  955 1031 954
f  893 890 947
f  955 1032 1031
f  947 950 893
f  957 1032 955
f  895 893 950
f  895 950 951
f  957 1036 1032
f  896 895 951
f  896 951 953
f  897 896 953
f  1015 1036 957
f  957 958 1015
f  958 1037 1015
f  956 897 953
f  899 897 956
f  958 959 1037
f  899 956 1112
f  900 899 1112
f  1038 1037 959
f  1112 960 900
f  959 961 1038
f  962 900 960
f  1040 1038 961
f  961 964 1040
f  966 1040 964
f  963 903 962
f  966 1042 1040
f  966 970 1042
f  970 1043 1042
f  965 905 963
f  905 965 906
f  970 972 1043
f  972 1030 1043
f  908 906 965
f  972 1044 1030
f  910 908 965
f  910 965 911
f  1046 1044 972
f  1041 1045 868
f  973 1053 1046
f  974 1053 973
f  1053 974 1056
f  914 868 1045
f  1045 1047 914
f  974 977 1056
f  977 1059 1056
f  917 914 1047
f  1047 1048 917
f  977 978 1059
f  917 1048 1049
f  919 917 1049
f  919 1049 1051
f  920 919 1051
f  920 1051 921
f  1059 978 1061
f  921 1051 1052
f  923 921 1052
f  978 980 1061
f  1054 923 1052
f  923 1054 1055
f  924 923 1055
f  1061 980 1063
f  1057 924 1055
f  925 924 1057
f  925 1057 1058
f  980 982 1063
f  925 1058 926
f  1065 1063 982
f  926 1058 1060
f  982 1066 1065
f  1062 926 1060
f  982 983 1066
f  1064 926 1062
f  1066 68 1068
f  1069 1068 68
f  1067 926 1064
f  985 1072 1069
f  985 952 1072
f  1070 926 1067
f  926 1070 1071
f  952 987 1072
f  1073 926 1071
f  127 126 989
f  1075 926 1073
f  989 990 127
f  990 128 127
f  1078 926 1075
f  990 992 128
f  128 992 130
f  992 993 130
f  1082 926 1078
f  926 1082 1083
f  928 926 1083
f  993 994 130
f  1083 1085 928
f  994 132 130
f  930 928 1085
f  1085 1086 930
f  994 996 132
f  997 132 996
f  133 132 997
f  997 998 133
f  1000 133 998
f  934 930 1086
f  934 1086 1089
f  935 934 1089
f  1089 1090 935
f  1000 1001 133
f  937 935 1090
f  1003 133 1001
f  1003 1007 133
f  133 1007 134
f  1093 937 1090
f  937 1093 939
f  1007 1010 134
f  136 134 1010
f  939 1093 1094
f  942 939 1094
f  942 1094 1095
f  943 942 1095
f  1010 138 136
f  1010 1011 138
f  1011 139 138
f  1098 943 1095
f  945 943 1098
f  1011 1015 139
f  1021 139 1015
f  1100 945 1098
f  947 945 1100
f  144 139 1021
f  1100 1102 947
f  1024 144 1021
f  144 1024 124
f  1024 1025 124
f  947 1102 1104
f  950 947 1104
f  1025 125 124
f  1025 1030 125
f  951 950 1104
f  1104 1107 951
f  126 125 1030
f  1030 989 126
f  1109 951 1107
f  951 1109 953
f  987 1007 1003
f  1007 1031 1010
f  1031 1032 1010
f  953 1109 1111
f  953 1111 956
f  1011 1010 1032
f  956 1111 1112
f  1032 1036 1011
f  1011 1036 1015
f  1037 1021 1015
f  1038 1021 1037
f  1013 960 1112
f  1038 1040 1021
f  960 1013 1014
f  1014 962 960
f  1040 1024 1021
f  962 1014 963
f  1040 1042 1024
f  963 1014 1016
f  963 1016 965
f  1042 1025 1024
f  967 965 1016
f  967 1016 1017
f  968 967 1017
f  968 1017 1018
f  968 1018 969
f  1042 1043 1025
f  969 1018 1019
f  969 1019 971
f  1025 1043 1030
f  989 1030 1044
f  989 1044 1046
f  971 1019 1020
f  975 971 1020
f  976 975 1020
f  1046 1053 989
f  1020 1022 976
f  1056 989 1053
f  1056 990 989
f  979 976 1022
f  1022 1023 979
f  1059 990 1056
f  979 1023 981
f  990 1059 992
f  1059 1061 992
f  981 1023 984
f  993 992 1061
f  984 1023 1196
f  1061 1063 993
f  986 984 1196
f  994 993 1063
f  986 1196 1026
f  986 1026 988
f  996 994 1063
f  1063 1065 996
f  988 1026 1027
f  988 1027 991
f  1065 1066 996
f  1027 1028 991
f  1066 997 996
f  1068 997 1066
f  995 991 1028
f  1028 1029 995
f  997 1068 998
f  1029 1203 995
f  1068 1000 998
f  1069 1000 1068
f  1069 1072 1000
f  999 995 1203
f  1000 1072 1001
f  1072 987 1001
f  1033 999 1203
f  987 1003 1001
f  1002 999 1033
f  1033 1034 1002
f  1135 1074 1173
f  1004 1002 1034
f  1004 1034 1035
f  1074 1076 1173
f  1174 1173 1076
f  1076 1077 1174
f  1005 1004 1035
f  1005 1035 1039
f  1006 1005 1039
f  1176 1174 1077
f  1077 1079 1176
f  1008 1006 1039
f  1008 1039 1041
f  1008 1041 1009
f  1079 1080 1176
f  1178 1176 1080
f  1080 1081 1178
f  1012 1009 1041
f  1179 1178 1081
f  1081 1084 1179
f  868 1012 1041
f  1013 1112 1172
f  1084 1087 1179
f  1175 1013 1172
f  1013 1175 1014
f  1087 1181 1179
f  1087 1088 1181
f  1014 1175 1177
f  1088 1183 1181
f  1016 1014 1177
f  1185 1183 1088
f  1180 1016 1177
f  1088 1091 1185
f  1017 1016 1180
f  1017 1180 1182
f  1018 1017 1182
f  1091 1092 1185
f  1184 1018 1182
f  1019 1018 1184
f  1092 1186 1185
f  1019 1184 1271
f  1096 1186 1092
f  1020 1019 1271
f  1271 1188 1020
f  1096 1187 1186
f  1096 1097 1187
f  1022 1020 1188
f  1022 1188 1190
f  1189 1187 1097
f  1097 1099 1189
f  1099 1101 1189
f  1023 1022 1190
f  1023 1190 1194
f  1103 1189 1101
f  1023 1194 1196
f  1103 1191 1189
f  1105 1191 1103
f  1105 1192 1191
f  1026 1196 1197
f  1026 1197 1198
f  1027 1026 1198
f  1027 1198 1199
f  1028 1027 1199
f  1028 1199 1200
f  1028 1200 1201
f  1029 1028 1201
f  1105 1106 1192
f  1029 1201 1203
f  1137 1192 1106
f  1106 1108 1137
f  1137 1108 1139
f  1108 1110 1139
f  1203 1204 1205
f  1033 1203 1205
f  1034 1033 1205
f  1034 1205 1206
f  1034 1206 1035
f  1110 1141 1139
f  1110 1113 1141
f  1141 1113 1144
f  1035 1206 1207
f  1039 1035 1207
f  1207 1208 1039
f  1145 1144 1113
f  1039 1208 1209
f  1039 1209 1041
f  1113 1114 1145
f  1114 1147 1145
f  1114 1120 1147
f  1120 1149 1147
f  1152 1149 1120
f  1041 1209 1045
f  1120 1121 1152
f  1047 1045 1209
f  1047 1209 1212
f  1121 1155 1152
f  1048 1047 1212
f  1048 1212 1214
f  1049 1048 1214
f  1049 1214 1050
f  1051 1049 1050
f  1121 1122 1155
f  1115 1051 1050
f  1052 1051 1115
f  1115 1116 1052
f  1122 1158 1155
f  1054 1052 1116
f  1054 1116 1055
f  1122 1124 1158
f  1057 1055 1116
f  1057 1116 1058
f  54 1158 1124
f  1060 1058 1116
f  1116 1117 1060
f  1127 1128 18
f  1060 1117 1118
f  1060 1118 1062
f  1128 1161 18
f  1062 1118 1119
f  1130 1161 1128
f  1130 1165 1161
f  1167 1165 1130
f  1123 1062 1119
f  1130 101 1167
f  1125 1062 1123
f  1062 1125 1064
f  1167 101 1169
f  1173 1171 1132
f  1064 1125 1067
f  1132 1135 1173
f  1192 1137 1193
f  1070 1067 1125
f  1070 1125 1126
f  1137 1139 1193
f  1139 22 1193
f  1129 1070 1126
f  1141 22 1139
f  1131 1070 1129
f  1141 21 22
f  1133 1070 1131
f  1070 1133 1134
f  1070 1134 1136
f  1141 1144 21
f  1138 1070 1136
f  1071 1070 1138
f  21 1144 20
f  1144 1145 20
f  1140 1071 1138
f  1071 1140 1073
f  1145 1147 20
f  1147 17 20
f  1075 1073 1140
f  1147 1149 17
f  1149 1152 17
f  1075 1140 1142
f  1075 1142 1078
f  17 1152 16
f  1155 16 1152
f  1142 1143 1078
f  1155 13 16
f  1155 1158 13
f  11 13 1158
f  1082 1078 1143
f  1082 1143 1146
f  1158 54 11
f  1083 1082 1146
f  1146 1148 1083
f  11 54 9
f  1085 1083 1148
f  54 18 9
f  1086 1085 1148
f  18 7 9
f  1148 1150 1086
f  18 1161 7
f  1089 1086 1150
f  1089 1150 1151
f  1161 6 7
f  1090 1089 1151
f  1151 1153 1090
f  1161 1165 6
f  1153 1154 1090
f  1165 4 6
f  1165 1167 4
f  1156 1090 1154
f  1093 1090 1156
f  1094 1093 1156
f  1094 1156 1157
f  1095 1094 1157
f  1167 1169 4
f  1157 1159 1095
f  1169 1 4
f  1 1169 1171
f  1095 1159 1160
f  1095 1160 1098
f  1173 1 1171
f  1173 35 1
f  1098 1160 1162
f  1100 1098 1162
f  1162 1163 1100
f  1174 35 1173
f  1102 1100 1163
f  1163 1164 1102
f  1174 33 35
f  32 33 1174
f  1104 1102 1164
f  1164 1166 1104
f  1174 1176 32
f  1176 31 32
f  1176 1178 31
f  1107 1104 1166
f  1178 1179 31
f  1107 1166 1168
f  1107 1168 1109
f  1179 30 31
f  1179 1181 30
f  1109 1168 1170
f  1111 1109 1170
f  1181 29 30
f  1112 1111 1170
f  1170 1172 1112
f  1181 28 29
f  1183 28 1181
f  1304 1305 1050
f  1183 27 28
f  26 27 1183
f  1115 1050 1305
f  1115 1305 1307
f  1116 1115 1307
f  1183 1185 26
f  1117 1116 1307
f  1117 1307 1309
f  1118 1117 1309
f  1118 1309 1310
f  1118 1310 1119
f  25 26 1185
f  1185 1186 25
f  1310 1215 1119
f  1186 1187 25
f  1119 1215 1123
f  24 25 1187
f  1125 1123 1215
f  1125 1215 1126
f  1187 1189 24
f  1191 24 1189
f  1126 1215 1216
f  1126 1216 1129
f  1191 23 24
f  1131 1129 1216
f  1216 1217 1131
f  1191 1192 23
f  1133 1131 1217
f  1133 1217 1218
f  1134 1133 1218
f  1134 1218 1219
f  1136 1134 1219
f  1193 23 1192
f  1221 1136 1219
f  76 1195 157
f  1223 1136 1221
f  1195 160 157
f  41 1136 1223
f  1195 1202 160
f  164 160 1202
f  1202 1210 164
f  1138 1136 41
f  41 71 1138
f  1210 1211 164
f  1211 166 164
f  1213 166 1211
f  1138 71 1226
f  1138 1226 1140
f  1213 1220 166
f  1220 168 166
f  1142 1140 1226
f  1142 1226 1228
f  1142 1228 1143
f  1220 1222 168
f  1222 1224 168
f  170 168 1224
f  1143 1228 1230
f  1146 1143 1230
f  1224 1225 170
f  1227 170 1225
f  1227 1229 170
f  1148 1146 1230
f  1148 1230 1233
f  1233 1234 1148
f  145 170 1229
f  1229 1231 145
f  1150 1148 1234
f  1150 1234 1236
f  145 1231 147
f  1231 1232 147
f  1150 1236 1151
f  148 147 1232
f  1232 1235 148
f  1151 1236 1240
f  1153 1151 1240
f  1153 1240 1154
f  148 1235 149
f  1154 1240 1241
f  1156 1154 1241
f  1156 1241 1242
f  1157 1156 1242
f  1242 1243 1157
f  149 1237 151
f  1159 1157 1243
f  1159 1243 1244
f  1159 1244 1160
f  1237 1238 151
f  1160 1244 1245
f  1162 1160 1245
f  1238 153 151
f  154 153 1238
f  1163 1162 1245
f  1163 1245 1248
f  1164 1163 1248
f  1248 1249 1164
f  1238 1239 154
f  154 1239 157
f  1166 1164 1249
f  1239 76 157
f  1195 76 1246
f  1348 1166 1249
f  1246 1247 1195
f  1168 1166 1348
f  1247 1250 1195
f  1250 1202 1195
f  1251 1202 1250
f  1256 1168 1348
f  1170 1168 1256
f  1170 1256 1257
f  1251 1210 1202
f  1251 1252 1210
f  1211 1210 1252
f  1252 1253 1211
f  1261 1170 1257
f  1172 1170 1261
f  1253 1254 1211
f  1261 1263 1172
f  1213 1211 1254
f  1254 1255 1213
f  1213 1255 1220
f  1175 1172 1263
f  1255 1258 1220
f  1222 1220 1258
f  1177 1175 1263
f  1258 1259 1222
f  1263 1266 1177
f  1259 1260 1222
f  1180 1177 1266
f  1266 1267 1180
f  1260 1224 1222
f  1262 1224 1260
f  1225 1224 1262
f  1182 1180 1267
f  1262 1264 1225
f  1182 1267 1270
f  1182 1270 1184
f  1265 1225 1264
f  1184 1270 1271
f  1225 1265 1227
f  1265 1268 1227
f  1227 1268 1229
f  1268 1269 1229
f  1188 1271 1272
f  1269 1231 1229
f  1269 1273 1231
f  1231 1273 1232
f  1273 1274 1232
f  1277 1188 1272
f  1188 1277 1190
f  1274 1235 1232
f  1274 149 1235
f  1274 1237 149
f  1237 1274 1275
f  1277 1280 1190
f  1275 1238 1237
f  1194 1190 1280
f  1280 1281 1194
f  1276 1238 1275
f  1194 1281 1282
f  1196 1194 1282
f  1276 1239 1238
f  1197 1196 1282
f  1198 1197 1282
f  1198 1282 1284
f  1276 1278 1239
f  1199 1198 1284
f  1199 1284 1286
f  1199 1286 1287
f  1200 1199 1287
f  1200 1287 1288
f  1201 1200 1288
f  1288 1289 1201
f  1278 76 1239
f  1201 1289 1290
f  1203 1201 1290
f  1290 1204 1203
f  1204 1290 1291
f  1205 1204 1291
f  1278 1279 76
f  1279 1283 76
f  1294 1205 1291
f  1206 1205 1294
f  1283 1285 76
f  1292 76 1285
f  1207 1206 1294
f  1207 1294 1297
f  1208 1207 1297
f  1208 1297 1298
f  1209 1208 1298
f  1293 76 1292
f  1295 76 1293
f  1298 1300 1209
f  1295 1296 76
f  1212 1209 1300
f  1212 1300 1301
f  92 76 1296
f  1299 1302 1264
f  1302 1265 1264
f  1214 1212 1301
f  1214 1301 1304
f  1050 1214 1304
f  1265 1302 1268
f  1215 1310 112
f  1302 1303 1268
f  1318 1215 112
f  1216 1215 1318
f  1303 1269 1268
f  1321 1216 1318
f  1217 1216 1321
f  1218 1217 1321
f  1218 1321 1219
f  1273 1269 1303
f  1219 1321 1221
f  1303 1306 1273
f  1221 1321 1223
f  1274 1273 1306
f  1306 1275 1274
f  118 1308 1276
f  71 86 1226
f  1308 1278 1276
f  1226 86 1322
f  1226 1322 1228
f  1308 1313 1278
f  1228 1322 1323
f  1230 1228 1323
f  1314 1278 1313
f  1314 1279 1278
f  1283 1279 1314
f  1326 1230 1323
f  1314 1316 1283
f  1283 1316 1285
f  1316 1317 1285
f  1233 1230 1326
f  1233 1326 1329
f  1234 1233 1329
f  1317 1292 1285
f  1293 1292 1317
f  1317 1319 1293
f  1332 1234 1329
f  1234 1332 1236
f  1293 1319 1295
f  1320 1296 1295
f  92 1296 1320
f  1236 1332 1333
f  1240 1236 1333
f  1320 63 92
f  63 1324 1246
f  1336 1240 1333
f  1241 1240 1336
f  1241 1336 1337
f  1242 1241 1337
f  1324 1325 1246
f  1339 1242 1337
f  1243 1242 1339
f  1243 1339 1340
f  1244 1243 1340
f  1244 1340 1341
f  1244 1341 1245
f  1325 1247 1246
f  1341 1342 1245
f  1327 1247 1325
f  1247 1327 1250
f  1248 1245 1342
f  1327 1328 1250
f  1328 1251 1250
f  1249 1248 1342
f  1328 1330 1251
f  1251 1330 1252
f  1342 1347 1249
f  1330 1253 1252
f  1249 1347 1348
f  1253 1330 1254
f  1330 1331 1254
f  1331 1255 1254
f  1255 1331 1258
f  1259 1258 1331
f  1331 1334 1259
f  1256 1348 1350
f  1334 1260 1259
f  1334 1335 1260
f  1257 1256 1350
f  1350 1353 1257
f  1335 1338 1260
f  1343 1260 1338
f  1343 1262 1260
f  1264 1262 1343
f  1257 1353 1355
f  1261 1257 1355
f  1264 1343 1299
f  63 1320 1344
f  1357 1261 1355
f  1261 1357 1263
f  1344 1324 63
f  1344 1345 1324
f  1325 1324 1345
f  1345 1346 1325
f  1360 1263 1357
f  1266 1263 1360
f  1325 1346 1327
f  1349 1327 1346
f  1349 1328 1327
f  1267 1266 1360
f  1360 1364 1267
f  1349 1330 1328
f  1349 1351 1330
f  1351 1352 1330
f  1270 1267 1364
f  1270 1364 1366
f  1271 1270 1366
f  1352 1331 1330
f  1272 1271 1366
f  1352 1354 1331
f  1354 1356 1331
f  1366 1369 1272
f  1356 1334 1331
f  1356 1358 1334
f  1369 1370 1272
f  1335 1334 1358
f  1277 1272 1370
f  1358 1359 1335
f  1359 1338 1335
f  1359 1361 1338
f  1280 1277 1370
f  1280 1370 1372
f  1281 1280 1372
f  1281 1372 1373
f  1361 1362 1338
f  1282 1281 1373
f  1373 1375 1282
f  1338 1362 1343
f  1282 1375 1376
f  1282 1376 1284
f  1362 1363 1343
f  1299 1343 1363
f  1284 1376 1378
f  1286 1284 1378
f  1287 1286 1378
f  1287 1378 1379
f  1288 1287 1379
f  1365 1302 1299
f  1289 1288 1379
f  1365 1303 1302
f  1365 1367 1303
f  1383 1289 1379
f  1290 1289 1383
f  1367 1368 1303
f  1303 1368 1306
f  1386 1290 1383
f  1290 1386 1291
f  1368 1371 1306
f  1371 1374 1306
f  1291 1386 1387
f  1291 1387 1294
f  1374 1275 1306
f  1374 1276 1275
f  1297 1294 1387
f  1374 1377 1276
f  1298 1297 1387
f  1377 5 1276
f  1298 1387 1389
f  1300 1298 1389
f  1300 1389 1301
f  1377 1395 5
f  1313 1380 1314
f  1304 1301 1389
f  1305 1304 1389
f  1316 1314 1380
f  1389 1391 1305
f  1380 1381 1316
f  1317 1316 1381
f  1307 1305 1391
f  1391 1311 1307
f  1381 1382 1317
f  1309 1307 1311
f  1309 1311 1312
f  1382 1319 1317
f  1384 1319 1382
f  1310 1309 1312
f  1310 1312 1315
f  1384 1295 1319
f  112 1310 1315
f  1384 1320 1295
f  1311 1391 1437
f  1311 1437 1438
f  1311 1438 1312
f  1384 1344 1320
f  1385 1363 1428
f  1363 1385 1299
f  1315 1312 1438
f  1385 1388 1299
f  1365 1299 1388
f  1390 1365 1388
f  1367 1365 1390
f  1392 1367 1390
f  1441 112 120
f  1367 1392 1368
f  1318 112 1441
f  1394 1368 1392
f  1394 1371 1368
f  1321 1318 1441
f  1394 115 1371
f  1371 115 1374
f  1321 1441 1445
f  86 1321 1445
f  115 1377 1374
f  1322 86 1445
f  1322 1445 1447
f  1322 1447 1323
f  1377 115 1395
f  1447 1448 1323
f  1380 1396 1381
f  1323 1448 1326
f  1381 1396 1382
f  1396 1384 1382
f  1329 1326 1448
f  1448 1449 1329
f  1384 1396 1344
f  1344 1396 1345
f  1345 1396 1346
f  1332 1329 1449
f  1332 1449 1451
f  1333 1332 1451
f  1451 1452 1333
f  1396 1349 1346
f  1398 1349 1396
f  1336 1333 1452
f  1337 1336 1452
f  1452 1453 1337
f  1398 1351 1349
f  1339 1337 1453
f  1340 1339 1453
f  1340 1453 1454
f  1341 1340 1454
f  1341 1454 1455
f  1351 1398 1400
f  1342 1341 1455
f  1455 1457 1342
f  1400 1402 1351
f  1402 1352 1351
f  1354 1352 1402
f  1402 1403 1354
f  1403 1356 1354
f  1358 1356 1403
f  1460 1342 1457
f  1347 1342 1460
f  1403 1406 1358
f  1406 1359 1358
f  1347 1460 1348
f  1406 1409 1359
f  1361 1359 1409
f  1348 1460 1464
f  1464 1350 1348
f  1409 1411 1361
f  1362 1361 1411
f  1411 1413 1362
f  1413 1428 1362
f  1467 1350 1464
f  1353 1350 1467
f  1428 1363 1362
f  1415 1398 1396
f  1393 1353 1467
f  1355 1353 1393
f  1415 1400 1398
f  1400 1416 1402
f  1416 1418 1402
f  1419 1402 1418
f  1397 1355 1393
f  1357 1355 1397
f  1403 1402 1419
f  1419 1420 1403
f  1397 1399 1357
f  1406 1403 1420
f  1420 1421 1406
f  1360 1357 1399
f  1399 1401 1360
f  1421 1409 1406
f  1421 1424 1409
f  1424 1425 1409
f  1409 1425 1411
f  1411 1425 1436
f  1364 1360 1401
f  1401 1404 1364
f  1411 1436 1413
f  1366 1364 1404
f  1404 1405 1366
f  1413 1436 1426
f  1413 1426 1428
f  1405 1407 1366
f  1429 1430 1385
f  1369 1366 1407
f  1369 1407 1408
f  1370 1369 1408
f  1385 1430 1388
f  1430 1432 1388
f  1410 1370 1408
f  1372 1370 1410
f  1372 1410 1483
f  1372 1483 1412
f  1373 1372 1412
f  1388 1432 1390
f  1432 1434 1390
f  1414 1373 1412
f  1375 1373 1414
f  1390 1434 1392
f  1434 1415 1392
f  1376 1375 1414
f  1414 1417 1376
f  1415 1394 1392
f  115 1394 1415
f  1396 115 1415
f  1385 1428 1426
f  1426 1429 1385
f  1378 1376 1417
f  1378 1417 1422
f  1378 1422 1423
f  1379 1378 1423
f  1426 1439 1429
f  1429 1439 1430
f  1439 1432 1430
f  1439 1440 1432
f  1434 1432 1440
f  1440 1442 1434
f  1383 1379 1423
f  1423 1427 1383
f  1442 1415 1434
f  1442 1443 1415
f  1444 1415 1443
f  1444 1400 1415
f  1386 1383 1427
f  1444 1416 1400
f  1431 1386 1427
f  1446 1416 1444
f  1387 1386 1431
f  1431 1433 1387
f  1450 1416 1446
f  1416 1450 1418
f  1389 1387 1433
f  1433 1435 1389
f  1418 1450 1419
f  1450 1456 1419
f  1391 1389 1435
f  1456 1420 1419
f  1391 1435 1437
f  1467 1469 1393
f  1456 1458 1420
f  1459 1420 1458
f  1459 1421 1420
f  1461 1421 1459
f  1393 1469 1471
f  1393 1471 1397
f  1421 1461 1424
f  1425 1424 1461
f  1399 1397 1471
f  1461 1462 1425
f  1401 1399 1471
f  1471 1473 1401
f  1436 1425 1462
f  1463 1465 1446
f  1465 1450 1446
f  1401 1473 1475
f  1404 1401 1475
f  1405 1404 1475
f  1456 1450 1465
f  1465 1466 1456
f  1477 1405 1475
f  1407 1405 1477
f  1408 1407 1477
f  1456 1466 1458
f  1477 1479 1408
f  1468 1459 1458
f  1408 1479 1480
f  1410 1408 1480
f  1410 1480 1483
f  1470 1459 1468
f  1459 1470 1461
f  1470 1472 1461
f  1472 1462 1461
f  1484 1412 1483
f  1472 1474 1462
f  1414 1412 1484
f  1436 1462 1474
f  1474 1476 1436
f  1486 1414 1484
f  1476 1426 1436
f  1417 1414 1486
f  1476 1478 1426
f  1478 1481 1426
f  1439 1426 1481
f  1482 1439 1481
f  1440 1439 1482
f  1488 1417 1486
f  1422 1417 1488
f  1422 1488 1489
f  1422 1489 1423
f  1485 1440 1482
f  1440 1485 1487
f  1492 1440 1487
f  1423 1489 1490
f  1427 1423 1490
f  1427 1490 1491
f  1492 1442 1440
f  1492 1493 1442
f  1443 1442 1493
f  1493 1495 1443
f  1495 1497 1443
f  1431 1427 1491
f  1491 1494 1431
f  1443 1497 1444
f  1446 1444 1497
f  1433 1431 1494
f  1494 1496 1433
f  1497 1499 1446
f  1435 1433 1496
f  1499 1463 1446
f  1478 1476 1500
f  1437 1435 1496
f  1437 1496 1498
f  1481 1478 1500
f  1437 1498 1438
f  1500 1503 1481
f  1482 1481 1503
f  120 1438 1498
f  1498 19 120
f  1503 1504 1482
f  1501 19 1498
f  120 19 1501
f  120 1501 1502
f  120 1502 1441
f  1504 1485 1482
f  1504 1487 1485
f  1493 1492 1487
f  1441 1502 1445
f  1487 1506 1493
f  1495 1493 1506
f  1447 1445 1502
f  1508 1495 1506
f  1505 1447 1502
f  1448 1447 1505
f  1495 1508 1497
f  1507 1448 1505
f  1448 1507 1449
f  1508 1509 1497
f  1509 1499 1497
f  1451 1449 1507
f  1509 1510 1499
f  1510 1463 1499
f  1510 1511 1463
f  1512 1463 1511
f  1452 1451 1507
f  1452 1507 1513
f  1512 1465 1463
f  1513 1465 1512
f  1453 1452 1513
f  1453 1513 1512
f  1507 1465 1513
f  1511 1453 1512
f  1454 1453 1511
f  1505 1465 1507
f  1510 1454 1511
f  1455 1454 1510
f  1510 1509 1455
f  1502 1465 1505
f  1455 1509 1508
f  1455 1508 1457
f  1501 1465 1502
f  1508 1506 1457
f  1501 1498 1465
f  1496 1465 1498
f  1460 1457 1506
f  1494 1465 1496
f  1506 1487 1460
f  1491 1465 1494
f  1490 1465 1491
f  1487 1504 1460
f  1490 1489 1465
f  1460 1504 1503
f  1460 1503 1464
f  1489 1488 1465
f  1488 1486 1465
f  1484 1465 1486
f  1464 1503 1500
f  1467 1464 1500
f  1483 1465 1484
f  1480 1465 1483
f  1480 1479 1465
f  1469 1467 1500
f  1469 1500 1476
f  1476 1474 1469
f  1479 1466 1465
f  1479 1477 1466
f  1475 1466 1477
f  1471 1469 1474
f  1474 1472 1471
f  1475 1458 1466
f  1471 1472 1470
f  1473 1471 1470
f  1458 1475 1468
f  1475 1473 1468
f  1468 1473 1470

# End of Wavefront obj format #
